sample,case,file,xi_t_Outer,xi_t_Plate,xi_t_Inner,xi_t_Patch1,xi_t_Patch2,xi_d_sec00,xi_d_sec01,xi_d_sec02,xi_d_sec03,xi_d_sec04,xi_d_sec05,xi_d_sec06,xi_d_sec07,xi_d_sec08,xi_d_sec09,xi_d_sec10,xi_d_sec11,xi_d_sec12,xi_d_sec13,xi_d_sec14,xi_d_sec15,xi_d_sec16,t_Outer,t_Plate,t_Inner,t_Patch1,t_Patch2,d_sec00,d_sec01,d_sec02,d_sec03,d_sec04,d_sec05,d_sec06,d_sec07,d_sec08,d_sec09,d_sec10,d_sec11,d_sec12,d_sec13,d_sec14,d_sec15,d_sec16
0,nominal,final_section_v1_21_0_x1.3_post.csv,0.000000,0.000000,0.000000,0.000000,0.000000,0.000000,0.000000,0.000000,0.000000,0.000000,0.000000,0.000000,0.000000,0.000000,0.000000,0.000000,0.000000,0.000000,0.000000,0.000000,0.000000,0.000000,2.498733,1.332731,2.496771,0.817696,0.726143,27.965209,29.956193,31.710180,33.474545,34.463510,34.893864,35.205567,35.432092,35.625997,35.938745,36.232949,36.213079,35.747312,35.022399,34.146588,33.147864,31.989385
1,sample,bpillar_sample_001.csv,-0.572899,-0.278627,-0.506224,0.700283,0.279855,0.540869,0.414961,-0.987254,-0.658642,-0.648452,0.609994,0.756175,-0.451348,-0.112337,-0.310647,-0.197254,0.105511,-0.151074,0.240387,0.336050,-0.697497,0.154881,2.355580,1.295597,2.370378,0.874958,0.746464,29.477761,31.199257,28.579581,31.269772,32.228715,37.022369,37.867725,33.832873,35.225786,34.822318,35.518238,36.595168,35.207262,35.864292,35.294084,30.835809,32.484840
2,sample,bpillar_sample_002.csv,-0.236111,0.274358,-0.253740,-0.512758,0.095904,0.267046,-0.982376,-0.757413,0.042699,0.189106,0.195903,-0.968110,-0.084942,-0.176421,-0.516695,0.409987,0.305059,0.258004,-0.095749,0.196764,-0.092813,0.660748,2.439735,1.369295,2.433417,0.775768,0.733107,28.712008,27.013368,29.308410,33.617476,35.115234,35.577444,31.797282,35.131124,34.997479,34.081810,37.718454,37.317792,36.669609,34.687062,34.818470,32.840209,34.103078
3,sample,bpillar_sample_003.csv,-0.202682,-0.501048,-0.695904,0.633456,0.083227,0.819856,0.869713,0.668335,-0.101986,-0.739688,0.890466,0.945697,-0.490878,-0.216377,0.879591,-0.221512,-0.119302,-0.877674,0.100874,-0.501856,-0.269480,0.336607,2.448088,1.265954,2.323019,0.869494,0.732186,30.257953,32.561522,33.829481,33.133151,31.914284,38.001043,38.534947,33.692810,34.855133,39.099884,35.430344,35.781049,32.609863,35.375684,32.432920,32.254596,33.066170
4,sample,bpillar_sample_004.csv,-0.261464,-0.350864,-0.215442,0.107729,0.748941,0.356876,-0.783117,-0.912496,0.602504,-0.481505,0.048102,0.137217,0.641076,0.735269,0.283204,-0.102047,-0.512690,0.740519,-0.823430,-0.169334,-0.150044,-0.416078,2.433400,1.285970,2.442980,0.826505,0.780527,28.963220,27.610271,28.816637,35.491400,32.804075,35.061710,35.688646,37.703559,38.245466,36.956546,35.863204,34.356469,38.394470,32.138551,33.568370,32.650501,30.658378
5,sample,bpillar_sample_005.csv,0.865236,-0.497483,0.976429,0.120156,0.348635,-0.295822,-0.542624,-0.278305,-0.091390,-0.432292,0.026593,-0.290363,0.351936,0.401759,0.510289,0.464356,-0.695430,-0.561954,-0.725609,0.288010,0.476695,0.262486,2.714932,1.266430,2.740563,0.827521,0.751459,27.137937,28.330699,30.827671,33.168620,32.973681,34.986655,34.183329,36.679074,37.057304,37.772660,37.915449,33.694711,33.738478,32.481142,35.130043,34.728005,32.829062
6,sample,bpillar_sample_006.csv,-0.779809,0.130151,-0.744473,-0.442233,0.141170,-0.093690,0.037161,0.547845,0.304521,-0.367476,-0.602106,0.235003,-0.928575,-0.292617,-0.384466,-0.464316,0.723846,-0.545119,0.751084,-0.412846,0.899319,0.433209,2.303879,1.350076,2.310893,0.781535,0.736394,27.703203,30.067514,33.447407,34.493916,33.197059,32.792884,36.032908,32.141955,34.583520,34.557024,34.550597,38.834349,33.798658,37.652877,32.736860,36.128915,33.375193
7,sample,bpillar_sample_007.csv,0.552123,0.148960,0.306188,0.769073,-0.101233,0.893510,0.714048,0.283093,0.068512,-0.059402,-0.408252,0.971029,-0.778704,-0.343003,0.058792,-0.627670,-0.028374,0.569842,0.968783,0.269833,-0.134574,-0.252680,2.636693,1.352583,2.573219,0.880583,0.718792,30.463928,32.095210,32.607875,33.703887,34.258789,33.469314,38.624131,32.672980,34.404016,36.150035,33.958716,36.110327,37.784343,38.415310,35.067974,32.701780,31.181077
8,sample,bpillar_sample_008.csv,-0.409067,0.144186,0.803870,-0.328980,0.730443,0.666912,-0.045882,-0.453612,0.703657,0.721655,0.417067,0.733549,-0.730219,0.342444,-0.157028,0.954629,0.216172,0.083649,0.776363,-0.029124,0.348007,-0.111319,2.396518,1.351947,2.697479,0.790796,0.779184,29.830242,29.818747,30.271770,35.830005,36.950584,36.349173,37.788069,32.844772,36.845989,35.374407,39.691852,36.995904,36.046335,37.741410,34.047139,34.301432,31.633283
9,sample,bpillar_sample_009.csv,-0.052944,0.068868,-0.561812,0.755639,-0.253297,-0.121966,-0.794680,0.224306,-0.958592,0.207200,0.320559,-0.087281,-0.272987,-0.867922,-0.509772,0.710535,-0.566033,0.036766,0.944793,-0.011740,-0.749656,-0.536623,2.485503,1.341909,2.356499,0.879485,0.707750,27.624129,27.575635,32.421459,30.265702,35.177592,36.012419,34.898291,34.464844,32.533940,34.106687,38.807426,34.163300,35.878739,38.331292,34.106499,30.662915,30.272760
10,sample,bpillar_sample_010.csv,0.810057,-0.548439,0.906397,-0.201908,0.385786,0.951600,0.366649,0.710070,0.767861,0.816807,-0.327520,0.889074,-0.288484,0.254238,-0.409674,0.073771,0.739425,-0.313474,-0.285625,0.427586,-0.735479,-0.136204,2.701144,1.259638,2.723077,0.801186,0.754157,30.626378,31.054534,33.961826,36.044924,37.278515,33.751021,38.335603,34.409934,36.531746,34.466429,36.500244,38.890765,34.626726,34.022071,35.606649,30.709909,31.553676
11,sample,bpillar_sample_011.csv,0.954406,0.372947,-0.798173,-0.645356,-0.288324,0.341439,-0.730528,-0.200751,0.963335,-0.298665,0.924806,-0.788759,0.095781,0.712954,-0.147963,-0.904107,-0.679488,-0.674112,-0.396292,-0.697284,0.796863,0.954177,2.737213,1.382434,2.297485,0.764926,0.705207,28.920051,27.767809,31.073596,36.699264,33.434204,38.120868,32.428695,35.771465,38.165968,35.406986,32.957104,33.752446,33.337542,33.634489,31.765600,35.789296,35.041738
12,sample,bpillar_sample_012.csv,0.671931,-0.759115,-0.138582,-0.174498,-0.458171,0.498074,-0.256434,0.717788,-0.310650,0.287690,-0.389710,0.202307,0.763096,-0.137069,-0.823739,0.355435,-0.352846,0.732510,-0.074999,-0.704775,-0.396007,0.025191,2.666630,1.231561,2.462170,0.803428,0.692873,29.358083,29.188014,33.986299,32.434659,35.454991,33.534015,35.917802,38.135902,35.137674,32.978331,37.520796,34.935316,38.365839,34.759735,31.740020,31.835185,32.069971
13,sample,bpillar_sample_013.csv,-0.479974,-0.070787,-0.457962,-0.623770,-0.975234,0.858214,0.245913,-0.922937,0.745306,0.605459,0.548755,0.775128,-0.318337,0.980714,0.340761,-0.819462,-0.652457,-0.603621,0.075910,-0.946806,0.000476,-0.046665,2.378800,1.323297,2.382428,0.766691,0.655327,30.365223,30.692855,28.783531,35.969423,36.550135,36.808683,37.934448,34.304157,39.119887,37.163398,33.263795,33.850332,33.589530,35.288254,30.913568,33.149442,31.840105
14,sample,bpillar_sample_014.csv,0.696148,-0.559975,0.910899,0.350687,-0.813604,0.833649,-0.517317,-0.896357,-0.600203,-0.023442,0.201844,0.423312,0.666852,-0.452754,-0.449517,-0.518343,0.942205,-0.134129,-0.879382,0.212515,0.336865,-0.847512,2.672681,1.258101,2.724201,0.846372,0.667064,30.296525,28.406508,28.867817,31.465391,34.382719,35.598177,36.695861,37.794890,34.013014,34.323238,34.354838,39.625094,35.267837,31.942594,34.872255,34.264501,29.278247
15,sample,bpillar_sample_015.csv,-0.434877,-0.437870,0.822889,-0.783102,0.175686,0.566627,-0.561186,-0.725642,0.168806,0.468612,-0.917003,-0.624578,0.537196,-0.702191,0.107872,0.665885,0.050747,0.522260,-0.084152,-0.220696,0.181012,-0.094968,2.390068,1.274374,2.702227,0.753662,0.738900,29.549794,28.275094,29.409156,34.039614,36.078510,31.694087,33.006703,37.335491,33.124372,36.326423,38.645647,36.396851,37.614252,34.727679,33.392986,33.747880,31.685589
16,sample,bpillar_sample_016.csv,-0.681280,-0.385841,-0.541793,-0.666943,0.408218,-0.876265,-0.105093,0.489638,-0.028983,0.858131,-0.364628,0.285505,0.785653,-0.986886,-0.938274,-0.619631,-0.822209,-0.981824,-0.476121,0.155347,0.086954,-0.162364,2.328499,1.281308,2.361497,0.763161,0.755785,25.514714,29.641373,33.262832,33.377525,37.420931,33.621538,36.210702,38.215827,32.110117,32.566706,33.987842,33.235607,32.237554,33.354910,34.677045,33.436099,31.469991
17,sample,bpillar_sample_017.csv,0.545989,0.170114,-0.060525,0.180987,0.197715,0.430205,-0.413589,-0.582885,0.180342,0.127633,0.427982,-0.147332,-0.487401,0.458441,0.906018,0.147259,0.885664,-0.388483,-0.190267,-0.825032,-0.438874,-0.755182,2.635161,1.355402,2.481659,0.832496,0.740500,29.168285,28.717238,29.861842,34.078231,34.903378,36.387260,34.686878,33.705128,37.259241,39.194860,36.766513,39.420340,34.358590,34.356040,31.329384,31.693091,29.573604
18,sample,bpillar_sample_018.csv,-0.232408,-0.095582,-0.622329,-0.429807,-0.309602,0.826288,-0.992951,-0.226945,0.621213,-0.199122,0.632464,0.066710,0.621694,0.592962,0.869943,-0.499703,-0.443037,-0.961203,-0.762629,0.094586,0.992320,0.629924,2.440660,1.319992,2.341389,0.782551,0.703661,30.275941,26.981690,30.990534,35.554027,33.777266,37.100775,35.440425,37.634886,37.738482,39.065209,34.422377,34.608706,32.311270,32.351490,34.469566,36.437193,34.004472
19,sample,bpillar_sample_019.csv,-0.870116,-0.344024,-0.574162,-0.181570,0.164532,0.134186,-0.241328,0.531638,0.345465,-0.464201,-0.735517,-0.022408,0.523813,-0.283998,-0.552885,-0.423414,-0.970193,-0.429119,-0.354861,-0.636503,0.379602,0.852315,2.281314,1.286882,2.353416,0.802849,0.738090,28.340463,29.233266,33.396013,34.630972,32.863711,32.327362,35.126680,37.288072,34.614227,33.951747,34.698797,32.699711,34.213326,33.779591,31.973148,34.406165,34.715888
20,sample,bpillar_sample_020.csv,-0.333202,0.459272,0.009252,-0.126821,0.809871,0.324718,-0.400313,-0.816013,-0.889568,0.807874,-0.062255,-0.721494,0.532302,-0.329900,-0.027180,0.926875,-0.262604,0.825599,0.515548,0.541195,0.857224,0.537209,2.415474,1.393939,2.499081,0.807326,0.784951,28.873289,28.757008,29.122588,30.496757,37.247729,34.676633,32.665506,37.318151,34.450694,35.841063,39.591290,35.262109,38.698605,36.827971,35.994582,35.989379,33.707884
21,sample,bpillar_sample_021.csv,-0.154796,-0.367967,0.661341,0.632563,0.318633,-0.478066,0.162466,0.993032,-0.984904,-0.309920,0.938110,0.413354,0.691302,-0.366954,0.723000,-0.551441,0.288541,0.343811,-0.263864,-0.160001,-0.713797,0.440495,2.460053,1.283691,2.661892,0.869421,0.749280,26.628287,30.442880,34.859103,30.177625,33.395415,38.167291,36.660802,37.881519,34.318685,38.537117,34.234915,37.257976,36.976345,34.098284,33.600237,30.781779,33.398501
22,sample,bpillar_sample_022.csv,0.317365,-0.833016,-0.104942,-0.560556,0.511402,-0.073988,-0.483648,0.329804,-0.404721,0.853900,-0.590941,0.878352,0.156430,0.327366,-0.403488,0.574095,0.244698,-0.653960,0.970722,-0.952686,0.663446,0.048413,2.578034,1.221712,2.470569,0.771860,0.763278,27.758300,28.507367,32.755995,32.119760,37.406350,32.831841,38.297856,35.986355,36.792272,34.488660,38.313066,37.099207,33.409582,38.422101,30.893490,35.347048,32.144255
23,sample,bpillar_sample_023.csv,0.055550,-0.036478,0.429086,-0.679044,-0.334330,0.973446,0.730166,0.134182,0.721183,-0.793842,0.904990,0.806553,0.970868,0.490048,0.515284,-0.982062,-0.402736,-0.165467,-0.881922,-0.675082,0.065330,-0.384301,2.512613,1.327869,2.603903,0.762171,0.701866,30.687470,32.143492,32.135674,35.888672,31.727652,38.051724,38.045082,38.872082,37.371844,37.790610,32.674648,34.754649,35.155811,31.933697,31.841413,33.364418,30.760029
24,sample,bpillar_sample_024.csv,-0.270946,-0.005246,0.104818,-0.769650,-0.757647,0.594418,0.382653,0.349166,-0.615098,0.772962,-0.610440,0.105619,-0.156812,-0.884884,0.896326,0.559113,-0.282215,0.855204,0.292841,-0.271333,0.605039,0.897619,2.431030,1.332031,2.522941,0.754762,0.671127,29.627510,31.102476,32.817393,31.415533,37.127406,32.763803,35.577403,34.876475,32.473510,39.160029,38.258779,35.191093,38.804438,36.047998,33.220078,35.153440,34.860811
25,sample,bpillar_sample_025.csv,0.968874,-0.799394,0.474815,0.763214,-0.387584,0.415087,0.987290,-0.128192,0.581944,0.908392,0.231006,0.656018,-0.073578,-0.191756,0.134283,0.961267,-0.077261,0.621067,-0.004601,-0.818447,0.757375,-0.982358,2.740828,1.226193,2.615321,0.880104,0.697999,29.126009,32.913737,31.303682,35.422575,37.594149,35.699934,37.515116,35.171391,34.942848,36.421342,39.715904,35.933294,37.967458,35.006285,31.351869,35.658399,28.846883
26,sample,bpillar_sample_026.csv,-0.512424,0.481008,0.281658,-0.712269,0.542101,0.549451,0.621024,-0.075980,0.207300,0.541358,0.689236,-0.951035,-0.760765,-0.000105,0.791878,0.856733,-0.993060,0.099061,0.131466,-0.925355,-0.129433,0.745349,2.370692,1.396836,2.567094,0.759454,0.765507,29.501759,31.816545,31.469246,34.168474,36.329220,37.298875,31.857396,32.736543,35.625624,38.784654,39.337145,32.616905,36.101430,35.482824,30.986816,32.718820,34.373709
27,sample,bpillar_sample_027.csv,-0.666557,-0.222344,0.754297,-0.551611,0.636350,-0.017942,-0.095646,0.521403,-0.985101,0.319163,-0.669141,0.514678,-0.700740,0.152641,0.620706,-0.714119,0.492764,-0.883664,-0.508940,-0.578275,0.060578,0.003076,2.332178,1.303098,2.685101,0.772591,0.772351,27.915034,29.669673,33.363560,30.176964,35.563459,32.558973,37.017518,32.949222,36.169796,38.169486,33.645487,37.997530,32.588451,33.239971,32.171974,33.348666,31.999225
28,sample,bpillar_sample_028.csv,-0.981686,-0.193308,0.943183,0.486405,0.479341,-0.928469,-0.037791,0.298587,0.205677,-0.097920,0.636359,-0.945197,-0.938540,-0.123459,-0.132382,0.005967,0.690218,-0.837006,0.724111,-0.832071,0.238785,0.213327,2.253436,1.306968,2.732262,0.857469,0.760950,25.368726,29.842985,32.657005,34.163039,34.126045,37.114367,31.877948,32.106648,35.186162,35.462980,36.254569,38.712569,32.755242,37.558411,31.305348,33.939387,32.671804
29,sample,bpillar_sample_029.csv,-0.034111,0.496017,-0.315150,0.978849,-0.830900,-0.809937,0.518502,-0.378414,-0.448694,-0.627448,-0.256833,-0.474261,-0.579397,-0.997186,0.487827,0.602135,-0.420069,0.830275,0.955731,0.809402,0.445709,-0.339629,2.490209,1.398836,2.418085,0.897736,0.665808,25.700204,31.509426,30.510222,31.972561,32.301103,33.997673,33.535903,33.379169,32.073424,37.691936,38.414662,34.691879,38.715321,38.369599,36.910420,34.625295,30.902932
30,sample,bpillar_sample_030.csv,-0.857696,-0.815489,0.443825,-0.653300,-0.607968,-0.650253,0.905264,0.589280,0.942440,-0.529420,-0.881665,0.678161,0.037588,0.704224,-0.245192,-0.440325,0.071330,-0.126008,-0.943023,0.324486,-0.014515,-0.708276,2.284417,1.224048,2.607583,0.764276,0.681996,26.146764,32.668019,33.578798,36.629320,32.638942,31.817394,37.593072,35.565275,38.134865,35.057554,34.637521,36.471389,35.296867,31.719707,35.254598,33.099749,29.723655
31,sample,bpillar_sample_031.csv,-0.098314,0.088904,0.700230,-0.851250,-0.145867,-0.204489,-0.473435,0.899841,0.404017,-0.548606,0.853003,-0.316443,-0.966277,-0.577039,0.477204,-0.705000,0.376449,-0.831620,0.364406,0.602010,0.143769,-0.443793,2.474167,1.344579,2.671602,0.748090,0.715551,27.393350,28.537961,34.563593,34.826974,32.572821,37.870322,34.091510,32.008370,33.570239,37.653755,33.678525,37.576317,32.774495,36.298637,36.202248,33.624429,30.569719
32,sample,bpillar_sample_032.csv,0.715196,-0.273308,0.725081,0.360792,0.844168,0.087431,0.825415,0.191594,0.022855,0.039995,0.267032,-0.279531,0.594321,0.574337,-0.302329,-0.033875,0.916456,0.781982,0.259505,-0.095854,-0.027918,0.115276,2.677441,1.296306,2.677807,0.847198,0.787442,28.209712,32.428821,32.317728,33.551052,34.601347,35.825641,34.221464,37.537897,37.672129,34.852212,36.110209,39.531850,38.542689,35.931250,33.819280,33.055321,32.358146
33,sample,bpillar_sample_033.csv,-0.500825,0.239440,0.684821,-0.475213,0.922151,-0.933689,0.450595,0.787568,-0.861404,-0.055226,0.307133,-0.545920,-0.862268,0.029158,-0.893506,0.480601,0.047973,-0.303071,0.740073,-0.898521,-0.353634,0.712010,2.373590,1.364642,2.667755,0.778838,0.793104,25.354129,31.306005,34.207572,30.591034,34.273182,35.965568,33.283624,32.376895,35.729874,32.727598,37.974309,36.386805,34.663916,37.614312,31.078445,31.975645,34.267062
34,sample,bpillar_sample_034.csv,0.200967,-0.540239,-0.146864,-0.137366,-0.946273,-0.814154,-0.016965,0.089163,0.668268,0.089361,-0.817703,0.270007,-0.115620,0.994555,0.233720,-0.825536,0.961484,-0.778445,-0.358187,0.840140,-0.053830,-0.209594,2.548949,1.260731,2.460102,0.806464,0.657430,25.688409,29.905372,31.992918,35.711542,34.771480,32.040582,36.156143,35.022426,39.169199,36.778704,33.241787,39.694907,32.964580,33.767944,37.015380,32.969430,31.318905
35,sample,bpillar_sample_035.csv,-0.924652,0.758793,-0.291133,0.445961,0.419433,-0.089911,0.609199,-0.841634,-0.637013,0.648664,-0.124906,-0.199238,0.819881,0.090918,0.441654,0.107477,0.975636,0.119155,-0.445429,0.721129,-0.465791,0.200415,2.267687,1.433857,2.424082,0.854162,0.756600,27.713771,31.781122,29.041343,31.342174,36.699032,34.458017,34.504137,38.337103,35.949902,37.525995,36.622369,39.746156,36.173259,33.462399,36.608998,31.603867,32.630500
36,sample,bpillar_sample_036.csv,0.701703,-0.079178,0.990717,-0.152173,0.111104,0.055219,-0.374769,-0.542913,-0.409915,0.428763,-0.793246,0.631986,0.164744,-0.927942,-0.387118,0.603215,0.262712,-0.102870,0.378419,-0.803452,-0.265916,-0.777524,2.674069,1.322178,2.744130,0.805253,0.734211,28.119630,28.833527,29.988595,32.102372,35.941178,32.125921,37.430509,36.015816,32.320111,34.547492,38.418573,37.164439,35.379578,36.347715,31.403072,32.266408,29.502134
37,sample,bpillar_sample_037.csv,0.133039,0.048293,-0.605687,-0.097837,0.801035,-0.662099,-0.862285,-0.621351,-0.717014,0.180925,-0.190652,0.966121,0.900540,0.297583,-0.994035,-0.568384,0.347074,0.054644,-0.207112,0.589028,-0.528967,0.480138,2.531976,1.339167,2.345544,0.809696,0.784310,26.113634,27.373116,29.739866,31.074373,35.087041,34.228605,38.606849,38.622895,36.686166,32.366307,34.173528,37.469940,35.942651,34.297043,36.157918,31.394452,33.525316
38,sample,bpillar_sample_038.csv,0.057279,-0.890682,0.919734,0.236805,0.024951,-0.536129,-0.594625,0.247928,-0.798839,-0.105773,-0.266038,-0.496418,-0.785066,0.556417,0.689436,0.342062,0.353406,0.196976,-0.203465,-0.734866,-0.638502,0.383330,2.513045,1.214027,2.726407,0.837060,0.727955,26.465912,28.174923,32.496365,30.800469,34.098979,33.965555,33.457900,32.650438,37.608289,38.416491,37.472341,37.492871,36.451450,34.309816,31.637272,31.031367,33.215633
39,sample,bpillar_sample_039.csv,-0.089270,0.630740,0.478198,-0.247034,-0.154305,-0.010426,0.555645,-0.319770,-0.388600,0.274113,-0.740048,0.435670,0.694328,-0.582331,0.602016,-0.974247,-0.553010,-0.284559,0.867089,-0.871839,0.121221,-0.249527,2.476426,1.416791,2.616166,0.797496,0.714938,27.936051,31.620693,30.696185,32.173725,35.408199,32.311549,36.739366,37.892242,33.551384,38.102316,32.702965,34.210461,34.730090,38.059153,31.169554,33.549685,31.191163
40,sample,bpillar_sample_040.csv,0.251714,0.298193,0.742366,-0.944491,0.467154,-0.679772,0.628763,-0.290197,-0.685615,-0.913367,-0.567805,0.180767,0.800992,-0.715708,-0.905338,-0.760064,-0.518754,-0.460172,-0.404554,0.055358,-0.073282,-0.793600,2.561629,1.372472,2.682122,0.740466,0.760065,26.064212,31.839727,30.789960,31.179480,31.315725,32.912572,35.841969,38.270174,33.076215,32.685073,33.479014,34.334511,34.102320,33.605555,34.335615,32.904949,29.450708
41,sample,bpillar_sample_041.csv,0.280880,-0.237042,0.880876,0.214055,-0.126830,-0.911099,0.705570,0.542065,-0.177740,-0.157567,-0.014262,0.637329,0.835722,-0.751032,-0.726650,-0.526179,-0.842223,0.727991,-0.819543,0.515820,0.763882,0.803189,2.568917,1.301139,2.716705,0.835199,0.716933,25.417301,32.069812,33.429079,32.879567,33.920479,34.844097,37.449321,38.393232,32.950371,33.327255,34.326447,33.163129,38.349686,32.152161,35.907937,35.679969,34.558736
42,sample,bpillar_sample_042.csv,-0.369698,0.073259,0.056053,0.436005,0.236220,0.989185,0.568381,0.700991,-0.162425,0.333136,0.705207,0.221736,-0.711314,0.519466,0.246283,0.047146,0.297644,0.019397,0.123393,-0.406687,0.827795,0.292356,2.406355,1.342494,2.510766,0.853348,0.743296,30.731484,31.658845,33.933035,32.930835,35.611614,37.354603,35.986201,32.911757,37.476646,36.823857,36.403772,37.290939,35.816652,35.454550,32.757891,35.891829,32.924614
43,sample,bpillar_sample_043.csv,0.801069,0.134053,0.073315,0.814069,-0.500351,0.978197,-0.307900,0.316063,0.230272,0.613523,0.537941,0.325280,0.909043,0.230287,0.632702,0.512594,0.121034,0.603557,0.937540,-0.191629,-0.894393,0.118945,2.698898,1.350596,2.515076,0.884262,0.689810,30.700758,29.033843,32.712422,34.245369,36.577926,36.770949,36.350733,38.653023,36.446418,38.212597,38.090227,36.651381,37.904865,38.305888,33.492240,30.183141,32.369883
44,sample,bpillar_sample_044.csv,-0.149736,0.613577,-0.235032,-0.167558,-0.200711,-0.441120,0.680895,-0.022441,-0.356992,0.622857,-0.899198,0.674882,-0.824756,-0.335553,-0.021006,-0.884612,0.998153,0.304818,-0.546472,-0.782938,-0.874223,0.805509,2.461318,1.414504,2.438088,0.803995,0.711568,26.731607,31.995895,31.639019,32.279531,36.610094,31.756214,37.581527,32.509810,34.430556,35.863251,33.027740,39.827699,36.836954,33.108524,31.473123,30.250003,34.566159
45,sample,bpillar_sample_045.csv,-0.197406,-0.207014,-0.494802,-0.107071,-0.435732,-0.751357,-0.821373,-0.556801,0.737336,0.948549,-0.728182,0.623599,-0.152294,-0.680760,-0.721687,0.277470,-0.849983,-0.901973,0.803179,-0.758906,0.558129,0.730876,2.449406,1.305141,2.373230,0.808941,0.694503,25.864024,27.495672,29.944555,35.942742,37.732543,32.352957,37.400981,34.892484,33.200721,33.345093,37.238305,33.135030,32.523002,37.835326,31.555181,34.997944,34.327413
46,sample,bpillar_sample_046.csv,-0.634680,0.118727,0.181416,0.259057,-0.213871,-0.446960,-0.958338,-0.640120,-0.953733,0.824356,-0.673749,-0.767093,-0.972703,-0.469647,0.861584,0.161139,-0.691473,-0.679200,0.192897,-0.236897,-0.454016,-0.310455,2.340143,1.348554,2.542066,0.838879,0.710613,26.715276,27.085378,29.680349,30.281968,37.304528,32.542894,32.504974,31.985603,33.952833,39.035170,36.816802,33.709044,33.319356,35.697970,33.337664,31.642897,30.996257
47,sample,bpillar_sample_047.csv,0.250097,-0.976911,0.508437,0.114675,-0.658153,-0.284074,-0.213620,0.561444,0.226840,0.657545,-0.769763,0.015304,-0.869921,0.270239,-0.371577,-0.283776,-0.086196,-0.370771,-0.866043,-0.258091,-0.792268,-0.235797,2.561225,1.202535,2.623716,0.827073,0.678352,27.170791,29.316268,33.490528,34.233880,36.729642,32.207865,35.259444,32.349779,36.588752,34.603343,35.204746,35.900938,34.421907,31.989309,33.265293,30.521665,31.235085
48,sample,bpillar_sample_048.csv,-0.420841,0.944451,0.782433,0.189836,0.972023,-0.618786,0.845399,0.846520,0.263813,-0.142413,-0.433164,-0.284770,-0.690564,0.057153,0.148869,-0.349088,0.404450,0.069628,-0.034765,0.992404,-0.217453,0.164346,2.393576,1.458601,2.692126,0.833219,0.796726,26.234760,32.488686,34.394510,34.357646,33.972704,33.382386,34.203017,32.985280,35.829612,36.473762,34.968102,37.677716,35.996213,34.900643,37.535310,32.427054,32.515118
49,sample,bpillar_sample_049.csv,0.295793,-0.410237,0.457303,-0.707641,-0.185487,0.206865,0.023849,0.258359,-0.607065,-0.595047,-0.480511,0.642080,0.712077,-0.190881,0.446060,-0.010272,0.698766,-0.232938,-0.278551,-0.002858,0.039633,0.362241,2.572643,1.278057,2.610949,0.759833,0.712674,28.543711,30.027636,32.529443,31.442422,32.412771,33.217174,37.466046,37.955132,34.945964,37.541831,36.195729,38.743525,34.914621,34.046848,34.136829,33.279239,33.148172
50,sample,bpillar_sample_050.csv,0.322764,-0.524555,0.492778,-0.235128,-0.918881,-0.365411,0.545953,-0.413196,-0.369295,-0.272418,0.535103,-0.694277,-0.119365,0.782951,-0.543397,0.538239,-0.482841,0.376010,0.952909,0.289886,0.716358,-0.193863,2.579383,1.262822,2.619806,0.798470,0.659419,26.943329,31.591661,30.399929,32.238347,33.524662,36.761045,32.761326,35.009158,38.415338,33.985844,38.183149,34.464563,37.091448,38.359716,35.136451,35.522439,31.369231
51,sample,bpillar_sample_051.csv,0.020849,0.737383,-0.025197,-0.072293,-0.427129,-0.252962,0.317105,-0.677217,0.123139,0.725248,0.617577,0.507502,-0.855796,0.964777,0.467605,0.523132,0.815257,0.466270,0.035953,0.452238,-0.659633,0.743986,2.503942,1.431004,2.490479,0.811785,0.695127,27.257796,30.906120,29.562712,33.886748,36.962969,37.048828,36.992257,32.399828,39.063110,37.619259,38.128411,39.165374,37.414101,35.148317,35.690825,30.961323,34.369350
52,sample,bpillar_sample_052.csv,-0.356347,0.816677,0.797361,0.069763,-0.464285,0.692264,0.074531,-0.281761,-0.738898,-0.069682,-0.259625,0.149038,-0.467831,0.050313,-0.622647,0.033033,0.504630,0.417177,-0.293206,0.114977,-0.333717,-0.599644,2.409691,1.441572,2.695853,0.823401,0.692429,29.901138,30.179460,30.816710,31.001117,34.223362,33.987932,35.730264,33.774471,35.805243,33.701031,36.352639,38.040500,37.238607,33.995522,34.539196,32.041664,30.071160
53,sample,bpillar_sample_053.csv,0.718834,-0.878519,-0.432386,0.710067,-0.964757,0.461394,-0.622670,-0.965131,0.415903,0.565155,-0.225002,0.192849,-0.563135,0.534213,-0.255223,-0.001367,0.276009,0.708838,0.495261,0.380783,-0.172623,0.371010,2.678350,1.215648,2.388814,0.875758,0.656088,29.255507,28.090910,28.649733,34.866762,36.411234,34.108744,35.884502,33.436786,37.529185,35.021506,36.227997,37.212594,38.281217,36.756924,35.446832,32.575655,33.176224
54,sample,bpillar_sample_054.csv,0.001290,-0.155101,0.558752,-0.397588,-0.749207,-0.048815,0.532745,0.055231,0.056163,0.713310,0.397310,0.293200,0.347103,0.133900,0.953131,0.193452,0.397558,0.110408,0.732151,-0.071691,-0.067862,0.760240,2.499055,1.312060,2.636278,0.785186,0.671740,27.828695,31.552094,31.885318,33.662549,36.921827,36.280231,36.237795,36.661952,36.103028,39.364180,36.933883,37.652758,36.141993,37.586569,33.901786,32.922916,34.421345
55,sample,bpillar_sample_055.csv,-0.217514,-0.784308,0.392958,-0.416817,0.695150,0.123974,0.335754,0.321656,0.538510,0.629029,-0.580693,-0.983411,0.312223,0.138972,0.679594,-0.999131,-0.575445,-0.256051,0.466876,0.024517,0.838939,0.911076,2.444382,1.228203,2.594883,0.783613,0.776621,28.311903,30.961985,32.730157,35.277184,36.631364,32.867600,31.743414,36.538363,36.121099,38.381121,32.612801,34.129217,34.831998,36.657513,34.230304,35.928767,34.903861
56,sample,bpillar_sample_056.csv,0.301557,0.636338,-0.190006,0.399510,-0.247315,0.173399,-0.548069,0.292494,0.859854,0.959890,-0.032555,-0.540080,-0.632033,-0.533070,-0.542930,0.594243,0.252082,0.136591,0.717769,-0.882386,0.737425,-0.156431,2.574084,1.417537,2.449330,0.850364,0.708184,28.450122,28.314388,32.637684,36.352868,37.771628,34.780267,33.304185,33.192666,33.726882,33.987522,38.386066,37.125944,36.235590,37.536200,31.133539,35.592269,31.488972
57,sample,bpillar_sample_057.csv,-0.067357,-0.981837,-0.336660,-0.090166,0.311836,-0.610111,-0.566328,-0.852822,-0.857610,0.317621,-0.402061,-0.391321,0.056572,0.738176,0.346236,-0.295497,-0.000720,-0.348105,-0.736719,0.400520,0.982145,-0.413276,2.481902,1.201878,2.412714,0.810323,0.748787,26.259019,28.259691,29.005867,30.603733,35.558145,33.490917,33.827900,35.632540,38.255822,37.183075,35.162275,36.210472,34.502932,32.442231,35.514226,36.403467,30.667342
58,sample,bpillar_sample_058.csv,-0.968408,-0.200295,0.936128,0.062847,0.948612,-0.988542,-0.871371,0.235070,0.255264,0.381004,-0.023903,0.441699,0.563207,-0.388776,-0.731837,-0.307722,-0.341933,-0.823676,0.180252,-0.060743,0.493242,0.127980,2.256753,1.306037,2.730500,0.822835,0.795026,25.200732,27.345898,32.455592,34.329031,35.776585,34.810456,36.760594,37.427654,34.240943,33.308613,35.117981,34.974835,32.802891,35.653686,33.939171,34.782855,32.398785
59,sample,bpillar_sample_059.csv,-0.622766,-0.906691,0.520784,0.171022,-0.911289,-0.635338,0.194067,0.150895,0.640728,-0.426320,-0.245060,0.006654,0.614501,-0.101398,-0.073694,0.755481,0.808403,-0.055811,-0.561436,0.186670,-0.800059,-0.882578,2.343120,1.211893,2.626798,0.831681,0.659970,26.188472,30.537544,32.188672,35.619353,32.994263,34.038756,35.228994,37.609397,35.264755,35.673899,38.970278,39.140556,35.547802,33.056117,34.784003,30.495840,29.166073
60,sample,bpillar_sample_060.csv,-0.529655,0.625074,0.064293,-0.716479,-0.654392,0.956873,-0.709214,0.860082,0.270510,-0.955935,0.287187,-0.468100,0.775435,-0.277907,-0.231019,-0.492952,-0.239519,0.871250,-0.026878,-0.189388,-0.967235,-0.488522,2.366386,1.416036,2.512823,0.759110,0.678625,30.641125,27.831658,34.437516,34.380065,31.169022,35.895970,33.557595,38.179621,34.635925,35.108490,34.446838,35.345708,38.861796,34.928267,33.499891,29.941686,30.426632
61,sample,bpillar_sample_061.csv,-0.280007,0.411610,0.120293,0.853866,-0.477354,-0.336272,-0.026571,-0.799579,0.376755,-0.938824,-0.964516,0.610567,-0.733633,0.893382,-0.176331,0.991332,0.521107,0.999558,-0.062369,0.366997,0.993334,-0.974076,2.428766,1.387587,2.526805,0.887517,0.691480,27.024817,29.876595,29.174699,34.735716,31.227992,31.528294,37.355103,32.832677,38.808760,35.305032,39.824839,38.100167,39.320464,34.803967,35.399756,36.440554,28.873377
62,sample,bpillar_sample_062.csv,-0.740155,0.906391,0.898099,0.997100,0.586344,0.348483,-0.647964,0.078297,0.090333,-0.450486,0.057970,0.648995,0.754474,-0.692869,-0.460727,-0.373993,-0.538404,0.406634,-0.024505,-0.924694,0.583607,-0.127669,2.313788,1.453528,2.721005,0.899229,0.768720,28.939750,28.015139,31.958463,33.776931,32.910977,35.096144,37.490389,38.105351,33.157581,34.282951,34.877861,34.263353,37.200919,34.936579,30.989073,35.082397,31.580978
63,sample,bpillar_sample_063.csv,0.431976,0.848101,0.001193,-0.966824,-0.937695,-0.034143,0.490872,0.271100,-0.810782,0.775626,0.317298,-0.609945,-0.273600,0.832760,0.028724,0.883654,-0.774909,0.165826,0.553358,0.689431,0.572597,0.287997,2.606672,1.445760,2.497068,0.738639,0.658053,27.869728,31.426657,32.569844,30.760490,37.136588,36.001038,33.058221,34.462669,38.592786,36.041975,39.434690,33.406896,36.340097,36.960391,36.500757,35.045903,32.910669
64,sample,bpillar_sample_064.csv,0.970751,0.685594,-0.783212,0.322255,0.148400,-0.514164,-0.706159,0.140259,0.481556,0.353652,-0.952297,0.300505,0.657700,-0.619558,0.496278,-0.641570,0.165329,0.755240,0.167147,-0.839141,-0.322868,0.223234,2.741297,1.424102,2.301221,0.844047,0.736919,26.527337,27.840808,32.154945,35.086530,35.682318,31.570933,36.263512,37.762460,33.418759,37.722307,33.908351,36.811785,38.447092,35.607790,31.281209,32.077626,32.703498
65,sample,bpillar_sample_065.csv,0.445598,0.225888,0.360258,-0.617178,-0.288757,0.249014,0.098869,0.642889,0.937139,-0.814397,0.184041,0.905801,0.550120,-0.043897,0.594310,0.514877,0.641290,-0.210522,-0.624686,-0.556337,0.254020,-0.474153,2.610076,1.362835,2.586719,0.767230,0.705175,28.661583,30.252367,33.748794,36.611577,31.656813,35.536054,38.394490,37.381281,35.469611,38.074621,38.098500,38.535386,34.994754,32.834600,32.246885,33.989885,30.472600
66,sample,bpillar_sample_066.csv,0.208086,-0.334351,-0.892130,-0.629163,0.045260,0.456854,0.394993,0.029646,-0.050605,0.640616,0.013424,0.383930,0.288065,0.752336,0.501593,0.262097,-0.903238,0.700817,-0.640777,-0.140902,-0.602086,0.546117,2.550728,1.288171,2.274026,0.766250,0.729429,29.242810,31.139442,31.804188,33.305145,36.671297,34.940706,36.557213,36.452766,38.306271,37.741407,37.182603,32.942178,38.252544,32.778244,33.665456,31.152077,33.736380
67,sample,bpillar_sample_067.csv,0.933437,0.587924,-0.110189,-0.659297,0.631643,-0.976384,-0.532986,-0.787485,0.353038,0.163642,-0.229933,0.275668,-0.838082,-0.018023,-0.977496,0.447416,-0.462301,0.316025,0.827177,0.180874,-0.619535,0.274428,2.731973,1.411085,2.469259,0.763786,0.772009,25.234731,28.359571,29.213051,34.656324,35.027479,34.091540,36.176072,32.462591,35.561787,32.425748,37.854070,34.538945,36.877016,37.919372,34.764212,31.094239,32.867263
68,sample,bpillar_sample_068.csv,0.428016,-0.936058,-0.637580,0.270235,-0.087289,-0.721496,0.673887,0.180680,0.242597,0.984325,-0.977341,-0.822442,0.196934,0.883088,0.936771,-0.145134,0.091429,-0.787654,-0.579677,0.496841,0.300443,-0.344863,2.605682,1.207979,2.337582,0.839793,0.719804,25.947530,31.974902,32.283118,34.286628,37.855840,31.483542,32.310113,36.129870,38.772088,39.305382,35.707085,36.544172,32.931661,32.992232,35.843129,34.143767,30.886190
69,sample,bpillar_sample_069.csv,-0.373761,0.714412,-0.530764,-0.515674,0.711154,0.750705,0.277567,-0.000264,0.196774,0.434746,0.793262,-0.690879,-0.751194,-0.570459,-0.602758,0.089420,-0.320843,-0.801068,-0.773644,0.764310,0.394514,0.941009,2.405340,1.427943,2.364251,0.775530,0.777783,30.064570,30.787679,31.709344,34.133236,35.961797,37.661863,32.773288,32.770455,33.593681,33.772508,36.556945,35.051208,32.883709,32.312913,36.756444,34.455595,34.999615
70,sample,bpillar_sample_070.csv,-0.853599,-0.134335,-0.937191,0.464609,-0.905582,0.843743,-0.282780,-0.195331,0.151159,0.704724,-0.526377,-0.892165,0.002556,-0.160181,-0.803783,-0.561944,0.266764,0.576987,0.307409,-0.349758,-0.787829,-0.295005,2.285441,1.314827,2.262776,0.855687,0.660385,30.324755,29.109092,31.090781,33.980544,36.892236,33.057130,32.064651,35.441151,35.055338,33.050050,34.196860,37.179114,37.809886,36.099018,32.952282,30.536379,31.045683
71,sample,bpillar_sample_071.csv,-0.645654,-0.793302,0.320554,-0.392884,0.026309,-0.778053,0.796435,0.157855,-0.099441,0.296454,0.658589,-0.173237,-0.417655,0.959465,-0.705078,0.244912,0.898558,-0.601754,-0.998137,-0.661231,0.683923,0.988909,2.337401,1.227005,2.576806,0.785570,0.728053,25.789368,32.342009,32.210740,33.141670,35.485195,37.191936,34.595678,33.952253,39.044187,33.404782,37.120336,39.467036,33.596202,31.526683,31.888710,35.414922,35.152842
72,sample,bpillar_sample_072.csv,0.582281,0.020300,0.576885,-0.899932,-0.373126,0.997922,-0.420726,-0.116635,0.508275,0.238212,0.750608,0.395493,0.088486,-0.408972,0.154683,-0.862997,-0.863054,-0.240446,0.596449,0.995406,-0.559550,-0.716925,2.644229,1.335436,2.640806,0.744109,0.699049,30.755918,28.695857,31.340327,35.175972,35.284470,37.513024,36.597923,35.745616,34.168993,36.494657,33.106058,33.087695,34.887782,37.111307,37.545560,31.293077,29.695986
73,sample,bpillar_sample_073.csv,0.985967,0.933011,-0.264132,-0.866106,0.443963,-0.824848,0.067658,0.166402,0.851543,0.586765,0.381483,-0.072080,0.582684,-0.323555,0.637423,-0.639006,0.238292,-0.906146,0.668663,0.146737,0.267671,0.511169,2.745099,1.457076,2.430823,0.746875,0.758381,25.658505,30.158869,32.237842,36.325047,36.485707,36.225007,34.951807,37.496662,34.473300,38.229565,33.917641,37.076009,32.508085,37.364218,34.647643,34.035135,33.624582
74,sample,bpillar_sample_074.csv,-0.313030,0.266251,0.834192,0.499684,-0.420161,-0.886794,-0.312826,0.369550,0.761904,0.219851,-0.426466,-0.435152,0.105028,-0.350156,-0.503351,-0.723455,0.528437,0.715503,-0.913077,-0.417791,-0.540336,0.081105,2.420515,1.368215,2.705049,0.858555,0.695633,25.485271,29.019086,32.882029,36.024984,35.221192,33.405760,33.673589,35.804229,34.378533,34.129764,33.611660,38.126712,38.305044,31.824585,32.719975,31.356765,32.248834
75,sample,bpillar_sample_075.csv,0.623425,-0.086871,-0.520256,0.888513,-0.953744,0.944805,0.739365,-0.562675,0.711950,-0.989322,-0.067252,0.799055,0.151630,-0.020846,-0.918314,0.891471,0.192397,-0.373297,0.201999,0.707841,-0.760331,-0.120712,2.654510,1.321153,2.366875,0.890350,0.656888,30.607376,32.171050,29.925928,35.857764,31.053960,34.659197,38.018687,35.969349,35.551731,32.638440,39.463011,36.909809,34.412875,35.729848,36.563624,30.627528,31.603233
76,sample,bpillar_sample_076.csv,0.688544,-0.771637,-0.585366,-0.958244,0.546595,0.879042,0.656106,0.065099,0.984670,-0.656304,0.977771,0.057348,0.229874,0.690102,-0.355311,-0.200742,-0.757571,-0.431910,-0.598236,0.400896,-0.818407,0.410136,2.670781,1.229892,2.350618,0.739341,0.765834,30.423469,31.921636,31.916611,36.770683,32.201655,38.305686,35.407463,36.246585,38.084554,34.661803,35.505601,33.469680,34.203350,32.927232,35.515510,30.435021,33.301384
77,sample,bpillar_sample_077.csv,-0.697408,0.532786,-0.400439,0.207462,0.875690,-0.208816,-0.460559,0.837119,0.631763,-0.899766,-0.988699,-0.453069,-0.406486,-0.958083,0.970192,0.285570,0.315560,0.844827,0.832833,0.372813,0.366158,-0.515278,2.324469,1.403737,2.396790,0.834660,0.789731,27.381249,28.576533,34.364700,35.589343,31.362599,31.443912,33.610510,33.991829,32.212731,39.425492,37.267654,37.355818,38.767340,37.939181,35.419618,34.361600,30.341041
78,sample,bpillar_sample_078.csv,-0.468895,-0.731791,-0.380141,-0.183969,-0.120439,-0.723887,0.644508,-0.516625,0.684491,0.923684,0.213990,-0.999886,0.809668,0.652733,0.413687,0.632294,0.416731,-0.915560,-0.301215,0.817137,0.200672,-0.809361,2.381568,1.235203,2.401858,0.802653,0.717397,25.940842,31.886894,30.071952,35.765848,37.646847,35.640557,31.685411,38.300914,37.951423,37.425484,38.523936,37.722190,32.474433,33.967474,36.936831,33.813050,29.400288
79,sample,bpillar_sample_079.csv,-0.616404,-0.627356,0.702852,-0.193760,0.334701,-0.599782,-0.659956,0.058946,-0.544247,0.097939,-0.980263,-0.426931,0.016991,-0.648777,0.543490,-0.921861,-0.722807,-0.688826,0.595305,0.126577,0.010573,0.532802,2.344710,1.249121,2.672257,0.801853,0.750447,26.287905,27.979215,31.897098,31.652704,34.801043,31.473346,33.702532,35.492297,33.314664,37.891981,32.892773,33.595573,33.284944,37.107302,34.578805,33.182911,33.693787
80,sample,bpillar_sample_080.csv,0.854803,0.096376,-0.992855,-0.970121,0.869500,-0.320063,-0.615637,-0.872108,0.994585,0.229024,0.721837,-0.324391,0.515406,0.100518,-0.675794,0.175184,-0.603287,-0.040588,-0.810091,-0.888668,0.527880,-0.648149,2.712325,1.345575,2.248878,0.738370,0.789281,27.070147,28.111978,28.944711,36.803873,35.252808,37.412632,34.063532,37.258285,35.984101,33.510026,36.867693,34.028390,35.602220,32.185267,31.112091,34.897672,29.915996
81,sample,bpillar_sample_081.csv,-0.354697,0.599639,-0.769660,-0.025627,-0.266261,-0.993412,0.030483,-0.769771,-0.494035,0.936084,0.327595,0.038744,-0.327982,0.561080,0.170311,0.752069,0.615536,0.942716,-0.610083,-0.319141,0.210193,0.101215,2.410103,1.412646,2.304604,0.815601,0.706809,25.187112,30.047508,29.269222,31.820785,37.689584,36.036968,35.341967,34.269984,37.624900,36.550820,38.957919,38.442125,39.117267,32.885741,33.056831,33.844609,32.313165
82,sample,bpillar_sample_082.csv,-0.909071,-0.989585,-0.710516,-0.295757,0.056419,0.033238,0.640326,0.638873,-0.999561,0.347913,-0.286802,0.500084,0.573321,-0.504375,-0.429599,-0.210953,0.746200,-0.630804,-0.513719,0.478997,0.167665,-0.743164,2.271580,1.200846,2.319371,0.793512,0.730240,28.058160,31.874365,33.736059,30.128561,35.662539,33.893101,36.966141,37.463488,33.829112,34.394820,35.468606,38.915298,33.492356,33.223234,35.782200,33.703636,29.612048
83,sample,bpillar_sample_083.csv,0.877553,0.670878,0.623664,-0.799085,-0.415080,0.278747,-0.926281,0.722908,0.248704,0.682535,-0.047172,0.154628,0.134416,0.321933,0.066961,-0.594450,-0.411938,0.489870,-0.850167,0.546047,0.305905,0.255776,2.718009,1.422141,2.652485,0.752355,0.696002,28.744730,27.181406,34.002536,34.307071,36.815766,34.729262,35.749945,35.908358,36.772914,36.179396,34.079080,34.721324,37.498466,32.044912,36.011151,34.161873,32.807597
84,sample,bpillar_sample_084.csv,0.501311,0.702339,0.405787,-0.920725,0.610719,0.678318,-0.145040,-0.678691,0.313031,-0.729433,0.965745,0.688455,-0.528475,0.805291,-0.093892,-0.917451,-0.020868,0.101732,-0.536879,0.421056,-0.048298,-0.963843,2.623997,1.426334,2.598086,0.742409,0.770490,29.862139,29.521708,29.558038,34.522401,31.949627,38.263721,37.629312,33.559596,38.494926,35.601308,32.908754,36.137511,36.110975,33.142119,35.584348,32.987768,28.906110
85,sample,bpillar_sample_085.csv,0.540571,-0.700356,-0.861106,-0.477124,-0.085559,-0.057822,0.235821,0.408217,-0.920815,-0.850030,-0.054695,0.541638,0.269499,0.377991,-0.604881,0.681809,0.606321,0.031835,0.805249,-0.488772,-0.198825,0.389632,2.633807,1.239392,2.281772,0.778682,0.719930,27.803509,30.662622,33.004642,30.392160,31.534009,34.703011,37.112436,36.386983,36.972627,33.764878,38.703344,38.408754,35.861113,37.842574,32.477598,32.488801,33.235794
86,sample,bpillar_sample_086.csv,-0.910307,-0.128360,0.640396,-0.820385,0.906336,-0.390461,0.891497,0.964421,0.749204,0.929855,-0.157482,-0.405183,-0.638623,-0.843429,0.251664,-0.436263,-0.988108,-0.405220,-0.271498,0.876792,0.031268,-0.839968,2.271271,1.315624,2.656663,0.750614,0.791956,26.873276,32.626780,34.768378,35.982473,37.668117,34.344347,33.779097,33.169317,32.621197,36.843193,34.652241,32.634837,34.298761,34.071548,37.140534,33.251510,29.302380
87,sample,bpillar_sample_087.csv,-0.830585,0.251800,0.432560,-0.582553,-0.615354,-0.275723,0.482794,-0.831973,-0.846744,-0.356961,-0.152103,-0.684948,-0.551001,0.237776,-0.529677,-0.743211,-0.431090,0.931175,0.679925,-0.860519,-0.857102,-0.678715,2.291192,1.366289,2.604771,0.770061,0.681459,27.194144,31.402459,29.071979,30.640109,33.233297,34.363116,32.794170,33.479781,36.473098,34.035153,33.540077,34.651968,39.076014,37.403661,31.208209,30.306755,29.818217
88,sample,bpillar_sample_088.csv,-0.940993,-0.808056,0.808160,0.907710,-0.019776,-0.394207,0.211220,-0.549839,-0.579450,-0.244544,-0.958684,0.852996,0.569855,-0.143766,-0.013365,0.811697,-0.363020,-0.638720,0.315887,0.058406,0.228108,-0.827334,2.263604,1.225039,2.698550,0.891919,0.724707,26.862801,30.588927,29.966631,31.534863,33.620725,31.548646,38.208588,37.451209,35.113817,35.890712,39.173967,34.898472,33.464059,36.128712,34.346025,33.903994,29.342794
89,sample,bpillar_sample_089.csv,-0.021108,0.318633,0.154882,0.918186,-0.783433,-0.421935,0.668695,-0.665799,-0.502143,-0.074355,0.114951,0.332896,0.501261,0.408421,0.812879,-0.654500,0.560144,0.902415,-0.721803,0.430713,0.886646,0.140968,2.493458,1.375196,2.535441,0.892776,0.669254,26.785257,31.959350,29.598919,31.793645,34.207256,35.294971,36.377547,37.208164,37.081039,38.860131,33.861504,38.241534,38.973205,32.494472,35.617326,36.086908,32.440334
90,sample,bpillar_sample_090.csv,-0.574408,0.009770,0.169773,-0.353391,0.999181,-0.469810,0.949891,0.626234,0.133056,-0.181574,-0.621607,0.524930,0.462029,0.595622,-0.957095,0.978826,0.391690,0.837634,0.543657,-0.471188,0.968073,0.340988,2.355203,1.334033,2.539159,0.788800,0.798698,26.651377,32.801703,33.695978,33.919943,33.837742,32.724835,37.053613,37.069156,37.747959,32.499065,39.779523,37.631509,38.741629,36.926416,32.537641,36.356819,33.080184
91,sample,bpillar_sample_091.csv,0.041841,-0.481654,-0.221448,0.871573,-0.777156,0.473371,-0.948686,0.356269,-0.429411,-0.603542,0.180969,0.493434,0.070074,0.469205,-0.141974,-0.012449,-0.223173,-0.323266,0.603159,-0.969892,0.923465,-0.528492,2.509188,1.268539,2.441480,0.888964,0.669710,29.289002,27.114292,32.839914,32.037110,32.383491,35.525336,36.942731,35.680379,37.297586,35.428509,36.187841,35.404900,34.591724,37.134807,30.834737,36.208952,30.298772
92,sample,bpillar_sample_092.csv,0.836574,0.804200,0.197575,0.881166,0.347843,0.564569,0.586025,0.766918,-0.561434,0.116537,0.100407,0.340173,-0.678882,-0.004846,-0.082785,0.789745,0.008583,0.602826,0.473031,0.586862,0.148176,-0.767754,2.707770,1.439909,2.546100,0.889749,0.751401,29.544037,31.711699,34.142089,31.595170,34.865136,35.244223,36.403166,33.026670,35.608732,35.641227,39.094428,36.244162,37.902252,36.679067,36.150522,33.639038,29.533389
93,sample,bpillar_sample_093.csv,0.474694,-0.025065,-0.728722,0.570952,0.037524,-0.701894,-0.165380,-0.370943,-0.121136,-0.438276,-0.109653,-0.003855,0.377798,-0.422349,-0.981470,-0.888201,-0.147577,0.638976,0.997731,-0.763110,-0.681021,-0.033531,2.617346,1.329390,2.314826,0.864383,0.728868,26.002348,29.460778,30.533914,33.069048,32.953055,34.511242,35.191994,36.770708,34.121338,32.411466,33.014736,35.678658,38.031480,38.516692,31.540826,30.890424,31.882122
94,sample,bpillar_sample_094.csv,0.391267,-0.332463,-0.761608,0.597813,0.726281,0.618161,0.886915,-0.315907,-0.941987,-0.515946,0.670975,-0.588395,-0.498860,0.868792,0.042666,-0.263258,0.507848,0.211769,-0.583143,0.604815,0.658057,-0.901886,2.596500,1.288422,2.306615,0.866579,0.778881,29.693909,32.613052,30.708434,30.321285,32.685377,37.235155,33.134087,33.664527,38.721155,36.092083,35.279087,38.052154,36.504329,32.980094,36.211826,35.329181,29.104307
95,sample,bpillar_sample_095.csv,0.882148,-0.861501,0.843362,0.942087,0.915846,-0.983497,0.488068,0.925934,0.094696,0.421382,0.620173,0.819338,0.992667,-0.661988,-0.212118,0.639825,-0.215735,-0.814332,0.637692,-0.230818,0.463732,0.397370,2.719158,1.217916,2.707339,0.894730,0.792646,25.214838,31.418258,34.646334,33.791536,35.915738,37.057885,38.090093,38.949319,33.267600,35.176418,38.551222,35.431838,32.836295,37.255751,33.358422,34.685037,33.260548
96,sample,bpillar_sample_096.csv,0.505855,-0.251003,0.840308,-0.344377,0.180860,0.062306,0.401791,0.577303,0.159447,-0.975632,0.880613,-0.882310,0.337336,-0.923143,-0.688673,0.993535,-0.662823,-0.752726,0.359952,0.487874,0.285626,-0.665140,2.625132,1.299279,2.706576,0.789537,0.739276,28.139450,31.159804,33.540818,34.008287,31.101138,37.966663,32.099344,36.627343,32.337209,33.463740,39.832819,33.812794,33.056517,36.283037,35.812512,34.094652,29.861644
97,sample,bpillar_sample_097.csv,-0.660210,0.889725,0.557133,0.510999,0.068174,-0.846908,-0.378780,0.385350,-0.814513,-0.618606,-0.632003,0.002952,0.493904,-0.457090,0.318256,0.020155,-0.429775,0.058067,-0.958240,-0.386427,-0.189443,-0.357330,2.333764,1.451307,2.635874,0.859481,0.731093,25.596813,28.821511,32.932131,30.748000,32.331576,32.688560,35.215959,37.182099,33.997568,37.082519,36.305976,34.656732,35.954887,31.666412,32.827072,32.519902,30.846307
98,sample,bpillar_sample_098.csv,0.601437,0.576399,-0.331340,-0.264547,0.491004,-0.403013,0.912057,-0.106336,0.219264,-0.376039,-0.832933,-0.348565,-0.094553,0.107461,-0.091676,0.797120,-0.453078,-0.446835,-0.783756,0.232346,-0.478728,-0.996695,2.649016,1.409549,2.414043,0.796064,0.761797,26.838174,32.688369,31.372988,34.208522,33.167546,31.987440,33.978426,35.097071,36.008838,35.609271,39.121151,34.572344,34.149998,32.277498,34.939970,31.560985,28.801017
99,sample,bpillar_sample_099.csv,-0.815006,0.879455,-0.829321,-0.307645,0.580365,0.080512,0.285397,-0.941516,0.282240,-0.859895,0.072231,-0.779881,-0.815297,0.608312,-0.992459,0.291640,0.519792,-0.027434,0.529900,-0.612400,0.893411,-0.582411,2.295084,1.449938,2.289708,0.792540,0.768286,28.190362,30.811133,28.724616,34.419331,31.500011,35.145905,32.459951,32.543324,37.793169,32.371972,37.289646,38.095406,35.649242,36.878236,32.055449,36.109330,30.126289
100,sample,bpillar_sample_100.csv,0.530818,0.333534,-0.757042,-0.036164,-0.094472,-0.027856,0.127463,0.127396,0.544702,0.248612,-0.720770,0.418358,-0.170243,-0.201973,-0.765900,-0.112519,0.678552,0.587198,-0.226303,0.625137,-0.196009,-0.481257,2.631370,1.377182,2.307755,0.814739,0.719283,27.887309,30.338023,32.114154,35.297908,35.320315,32.378819,36.678419,34.828887,34.906450,33.186196,35.825260,38.670326,37.846387,34.229831,36.281218,32.498138,30.449873
101,sample,bpillar_sample_101.csv,-0.303031,0.002706,-0.049208,0.345909,0.793846,0.420754,0.813789,0.878011,-0.476782,0.675251,-0.941541,-0.613448,0.943906,-0.070462,0.666066,0.803265,-0.589522,0.349700,-0.387436,-0.602989,-0.993037,-0.023016,2.423013,1.333091,2.484484,0.845981,0.783788,29.141855,32.393993,34.494369,31.878540,36.790661,31.608464,33.045887,38.776550,35.374969,38.332504,39.143416,34.078240,36.997395,33.665506,32.087584,29.856160,31.915757
102,sample,bpillar_sample_102.csv,-0.807826,0.562905,-0.954168,-0.300362,0.532052,0.111428,-0.602306,0.782767,0.400628,0.448658,-0.860106,0.860614,0.310719,0.464459,-0.896749,0.382774,-0.498769,0.140740,0.526552,0.962030,0.100168,0.066351,2.296879,1.407751,2.258537,0.793136,0.764778,28.276820,28.151913,34.192349,34.815627,36.009742,31.892623,38.235407,36.533034,37.280679,32.715942,37.619853,34.406884,36.250419,36.866510,37.431593,33.479899,32.201638
103,sample,bpillar_sample_103.csv,0.819218,-0.371891,-0.441220,-0.910536,-0.708607,-0.673964,0.179943,0.981033,0.949496,-0.889679,0.297494,0.978348,-0.899000,-0.260072,0.839844,0.256725,-0.958719,0.076373,0.448808,0.969521,-0.827171,-0.373911,2.703433,1.283168,2.386608,0.743242,0.674688,26.080453,30.495234,34.821054,36.652940,31.397364,35.931935,38.649896,32.246748,34.699466,38.957038,37.163139,32.741263,36.020325,36.594232,37.457171,30.405970,30.793268
104,sample,bpillar_sample_104.csv,0.824846,0.510039,0.819393,0.789034,0.049539,-0.002005,-0.678898,0.925084,0.556741,-0.220942,0.739746,-0.233263,-0.453320,0.034056,0.121519,-0.472584,-0.231995,-0.394026,-0.649173,0.914009,0.083234,-0.064399,2.704840,1.400705,2.701354,0.882215,0.729740,27.959603,27.922472,34.643639,35.338212,33.702066,37.475124,34.384352,33.825886,35.747325,36.375468,34.520639,35.372954,34.338775,32.748841,37.267615,33.423769,31.783376
105,sample,bpillar_sample_105.csv,-0.581464,-0.244184,-0.295991,-0.933324,-0.150324,0.291738,-0.677125,-0.051490,-0.156087,-0.692511,-0.871774,-0.975976,-0.993799,-0.938336,0.264864,0.872997,-0.390616,-0.094844,-0.908748,-0.305406,0.055275,0.553621,2.353440,1.300188,2.422868,0.741379,0.715227,28.781060,27.927783,31.546905,32.952051,32.076875,31.851909,31.769588,31.910853,32.283081,36.890634,39.396076,34.798539,35.408270,31.839746,33.103730,33.331090,33.760386
106,sample,bpillar_sample_106.csv,0.357555,0.362316,0.024033,-0.796727,-0.978979,0.233101,0.187345,-0.436524,-0.640639,-0.004498,0.588548,-0.270552,0.010782,0.477500,0.702635,-0.547309,-0.164945,0.338562,-0.426847,-0.713483,-0.527984,0.569856,2.588076,1.381018,2.502771,0.752548,0.655055,28.617081,30.517406,30.325956,31.330036,34.448008,36.947535,34.253073,35.470296,37.327140,38.463926,34.249888,35.615763,36.957579,33.527478,31.710288,31.397709,33.812318
107,sample,bpillar_sample_107.csv,0.141336,-0.028101,0.519087,-0.834285,0.363579,0.896133,-0.912494,-0.695033,-0.678749,-0.838373,-0.448102,-0.526368,0.717183,0.193630,0.333136,0.763477,-0.378659,-0.664896,0.432612,0.332063,-0.474069,-0.606848,2.534049,1.328986,2.626375,0.749477,0.752544,30.471262,27.222709,29.506217,31.202463,31.574182,33.330262,33.352458,37.973220,36.315822,37.135993,38.999251,34.841839,33.370486,36.537511,35.280470,31.576426,30.048115
108,sample,bpillar_sample_108.csv,0.233139,-0.232671,-0.956024,-0.726327,0.680917,-0.957081,-0.131970,-0.161378,0.920659,-0.341746,0.369763,-0.812289,-0.321398,-0.671997,-0.581494,0.942168,0.442264,-0.057367,0.171018,-0.450777,-0.777084,0.718744,2.556988,1.301722,2.258073,0.758305,0.775587,25.288713,29.560860,31.198446,36.556411,33.285733,36.184111,32.345856,34.293312,33.231939,33.848928,39.646702,37.814653,35.542242,35.621344,32.607338,30.571998,34.288602
109,sample,bpillar_sample_109.csv,0.342053,0.832220,-0.360194,-0.492847,-0.733950,-0.835140,0.798326,0.017116,0.782376,0.595689,0.242159,0.092864,0.440434,0.813572,0.101085,0.673289,0.711917,-0.753781,0.443803,0.739923,-0.406735,0.795898,2.584202,1.443643,2.406838,0.777396,0.672848,25.629724,32.347673,31.764455,36.093512,36.516463,35.738849,35.532499,36.992641,38.524429,36.302032,38.672472,38.791152,33.052746,36.576703,36.673171,31.799626,34.535414
110,sample,bpillar_sample_110.csv,0.796188,0.305366,0.547950,0.244952,0.125574,-0.309950,-0.724973,0.170518,-0.020711,0.875223,-0.808528,-0.046956,-0.606057,-0.726108,0.831996,-0.941923,-0.102939,-0.948870,0.904778,-0.743893,0.469527,0.892579,2.697679,1.373428,2.633581,0.837726,0.735261,27.098426,27.784448,32.250897,33.405217,37.479835,32.072596,35.040254,33.284705,33.039165,38.928836,32.820083,35.840305,32.355359,38.191150,31.606446,34.704245,34.844691
111,sample,bpillar_sample_111.csv,0.113153,-0.311616,-0.388585,-0.531983,0.483458,-0.490721,-0.497284,-0.428568,-0.734174,0.402113,0.932114,0.530417,0.206212,-0.092553,-0.420225,0.434062,0.760681,-0.115690,-0.793046,0.528419,-0.557256,0.017273,2.527007,1.291201,2.399750,0.774196,0.761249,26.592897,28.466519,30.351183,31.016930,35.849333,38.146370,37.072929,36.162745,35.296268,34.428509,37.805684,38.967741,35.333753,32.244962,35.950958,31.300680,32.044641
112,sample,bpillar_sample_112.csv,-0.127229,-0.646128,0.452751,0.660309,0.648347,0.255859,-0.190896,-0.217576,-0.438025,-0.541799,0.019385,-0.515304,-0.298255,-0.965168,0.551316,-0.799561,0.661889,0.285818,0.378129,-0.356020,-0.757119,-0.057414,2.466941,1.246619,2.609812,0.871689,0.773222,28.680723,29.384342,31.020243,32.008277,32.596280,34.961505,33.391411,34.375313,32.187489,37.920105,33.335903,38.609982,36.769035,36.346698,32.930900,30.638176,31.805722
113,sample,bpillar_sample_113.csv,-0.782871,0.112891,0.295879,0.420472,0.965926,-0.456373,0.507700,-0.177846,-0.418760,0.010456,-0.092650,-0.256646,-0.923539,0.262571,0.857132,-0.068483,-0.098412,-0.991884,0.711557,-0.312072,-0.448986,0.515707,2.303114,1.347776,2.570645,0.852078,0.796283,26.688952,31.477068,31.146228,32.072766,34.499545,34.570571,34.302031,32.159802,36.561434,39.019172,35.984814,35.856700,32.201593,37.514444,33.080969,31.659573,33.639099
114,sample,bpillar_sample_114.csv,-0.492669,0.444941,-0.616122,0.332793,0.264282,0.602609,-0.879284,0.446026,0.039256,-0.751072,0.386002,0.048722,0.917553,0.766249,-0.049730,0.934038,0.379267,-0.505864,0.285395,-0.180363,-0.382589,0.501200,2.375628,1.392029,2.342939,0.844909,0.745334,29.650418,27.322193,33.124536,33.605951,31.875052,36.240774,35.377095,38.683176,38.355835,35.760021,39.617243,37.586521,33.938986,36.021922,33.530711,31.879665,33.592691
115,sample,bpillar_sample_115.csv,-0.113397,-0.598107,0.585754,-0.217303,0.758585,0.019522,0.752023,0.557208,-0.381315,0.363664,0.160417,-0.155331,-0.394546,-0.149032,-0.437340,-0.390538,-0.932264,-0.064892,0.616867,-0.109763,0.191513,-0.216756,2.470398,1.253019,2.643020,0.799927,0.781227,28.019801,32.208967,33.477096,32.198110,35.716823,35.453620,34.658715,34.034135,35.095056,34.367001,34.817913,32.837066,35.515343,37.182816,33.771785,33.782690,31.295997
116,sample,bpillar_sample_116.csv,0.755278,0.503553,-0.943941,0.373602,0.778558,-0.708215,-0.942556,0.817895,-0.972213,0.046145,-0.342076,-0.640185,-0.593565,-0.223952,0.540919,0.439882,-0.455358,-0.491662,-0.319337,-0.301380,0.023811,0.494040,2.687456,1.399841,2.261090,0.848246,0.782677,25.984670,27.132654,34.303739,30.220107,34.622542,33.700228,32.951759,33.328967,34.828145,37.882740,37.826773,34.564086,33.989753,33.904004,33.117476,33.226793,33.569789
117,sample,bpillar_sample_117.csv,-0.211544,0.836273,0.409853,-0.909962,-0.790795,0.116507,0.266523,-0.625690,-0.623464,0.941726,-0.460710,-0.420999,0.481783,0.989157,-0.839727,0.216374,-0.818169,-0.771946,0.146776,0.140828,0.326463,0.595343,2.445873,1.444183,2.599101,0.743289,0.668720,28.291023,30.754595,29.726105,31.387528,37.709029,33.286268,33.723417,37.139149,39.149968,32.920873,37.016934,33.250237,32.987812,35.536443,34.627469,34.230018,33.893850
118,sample,bpillar_sample_118.csv,-0.844718,0.643664,0.715714,-0.545460,0.371245,-0.465830,-0.449690,0.474255,-0.321138,-0.924534,0.842915,0.900810,-0.834876,-0.254306,0.290604,-0.869753,-0.474952,-0.358900,0.865060,-0.093285,0.348645,-0.524490,2.287660,1.418514,2.675468,0.773094,0.753101,26.662506,28.609092,33.214052,32.399548,31.277242,37.835120,38.376918,32.473953,34.720006,36.983139,33.081577,34.493133,34.464340,38.052046,33.828050,34.303548,30.311574
119,sample,bpillar_sample_119.csv,0.010329,-0.820277,0.214349,0.523238,0.502629,0.764480,-0.226392,0.042463,0.462569,-0.035223,-0.504678,0.032786,0.319145,-0.642436,-0.038372,0.658078,-0.749338,-0.168700,0.838321,-0.519002,0.592075,0.318015,2.501314,1.223410,2.550289,0.860481,0.762641,30.103094,29.278008,31.844830,35.022975,34.342119,33.132848,35.320990,36.562891,33.337253,35.800842,38.617360,33.499497,35.144256,37.958399,32.374373,35.110465,33.006694
120,sample,bpillar_sample_120.csv,0.121096,-0.603563,0.399193,-0.362014,-0.803921,-0.131085,-0.466237,-0.299301,-0.790228,-0.111914,0.733621,-0.535129,-0.412225,0.450532,-0.525275,-0.151442,0.874591,0.248506,-0.173380,-0.937535,-0.110321,0.867421,2.528991,1.252292,2.596440,0.788095,0.667767,27.598627,28.559525,30.761091,30.829291,34.077816,37.453753,33.321614,33.971494,37.231062,34.050973,35.684230,39.380243,36.635655,34.415181,30.945225,32.782174,34.764210
121,sample,bpillar_sample_121.csv,-0.929310,0.771408,-0.207330,-0.888766,-0.134199,-0.592605,-0.581352,0.464027,-0.715001,-0.983010,0.552003,0.162397,0.967855,0.826178,0.808303,-0.789620,0.414599,-0.858125,-0.448943,0.711607,-0.703222,0.876141,2.266523,1.435539,2.445005,0.745022,0.716398,26.307978,28.214682,33.181617,31.081111,31.075713,36.820017,35.777294,38.861406,38.569340,38.843684,33.371924,37.714471,32.679746,33.450093,36.576481,30.816833,34.792107
122,sample,bpillar_sample_122.csv,0.219396,0.660718,-0.079899,-0.277490,-0.207660,0.004433,0.082284,-0.350528,-0.334044,-0.908175,-0.713266,-0.937606,-0.056874,0.111082,0.161472,-0.396135,0.587182,0.912533,-0.384547,0.892218,0.229018,0.053681,2.553554,1.420787,2.476822,0.795006,0.711064,27.977605,30.202684,30.598651,32.356349,31.333620,32.405003,31.904671,35.230574,36.021738,36.519055,34.797634,38.339446,39.009372,33.675625,37.193208,33.907008,32.161107
123,sample,bpillar_sample_123.csv,-0.725189,-0.662483,-0.815763,-0.490035,-0.576723,-0.685508,-0.962654,0.348181,-0.458804,-0.231977,-0.178401,-0.643736,0.450350,-0.889528,0.942829,-0.185486,-0.289486,-0.000387,-0.697814,-0.512932,-0.727540,-0.990833,2.317527,1.244439,2.293093,0.777626,0.684265,26.048172,27.072448,32.814269,31.938719,33.664035,34.271353,32.939258,37.027775,32.456965,39.327154,35.560880,35.164760,35.745930,32.578489,32.395101,30.736223,28.819772
124,sample,bpillar_sample_124.csv,0.017949,0.524969,-0.424039,0.155530,-0.318794,-0.106483,0.938825,-0.593531,-0.242509,-0.384247,0.491518,0.127097,-0.248314,-0.611582,-0.225975,-0.991657,0.146275,0.934983,-0.930059,0.554410,0.511634,-0.903227,2.503217,1.402695,2.390898,0.830414,0.702994,27.667428,32.768555,29.828082,32.662757,33.139258,36.608959,35.653019,34.552263,33.447177,35.126618,32.639885,36.742784,39.089626,31.765108,36.039710,34.843821,29.100017
125,sample,bpillar_sample_125.csv,0.337016,-0.105380,-0.240099,0.287082,0.007051,-0.179054,0.931413,-0.343530,-0.034373,-0.572034,0.342689,-0.558652,-0.524769,0.854332,0.790179,-0.794957,-0.549405,-0.695703,0.235003,-0.628857,0.700896,0.966090,2.582944,1.318686,2.436823,0.841171,0.726655,27.464482,32.746351,30.620840,33.359484,32.492080,36.089639,33.238801,33.572728,38.669640,38.778549,33.352585,34.223515,33.260361,35.845436,31.999256,35.471183,35.079848
126,sample,bpillar_sample_126.csv,-0.971053,-0.398958,-0.568975,-0.366128,-0.884178,0.741168,-0.778935,-0.147555,0.383773,0.012848,0.729117,-0.498273,0.792279,0.683183,-0.458717,-0.764719,0.804377,-0.850579,-0.168201,-0.385229,-0.649069,0.839876,2.256092,1.279560,2.354711,0.787758,0.661939,30.037901,27.622801,31.242281,34.759207,34.507789,37.438034,33.451368,38.239304,38.059906,34.290174,33.462149,39.125977,32.706723,34.433318,32.831162,30.996340,34.676096
127,sample,bpillar_sample_127.csv,-0.874658,0.188307,-0.681243,0.673213,0.938859,0.698096,-0.815517,-0.843725,-0.263934,-0.674541,0.505012,0.788259,-0.512018,-0.754147,0.985739,0.653435,0.336692,0.179243,-0.666065,0.909706,0.441806,-0.949366,2.280179,1.357827,2.326680,0.872745,0.794318,29.917450,27.513214,29.034712,32.591038,32.138806,36.656046,37.980677,33.617905,32.939273,39.481367,38.600536,37.432344,36.388057,32.689680,37.252921,34.612358,28.952420
128,sample,bpillar_sample_128.csv,0.400800,-0.290731,0.686061,-0.842520,0.960938,-0.698818,0.524182,-0.332514,-0.200532,-0.497335,0.650597,0.883370,-0.161063,0.775539,-0.860285,0.822701,-0.778995,-0.724116,0.220170,0.655205,0.651382,0.457125,2.598882,1.293984,2.668064,0.748804,0.795921,26.010951,31.526441,30.655774,32.803275,32.749518,37.164049,38.315521,34.861414,38.388931,32.846989,39.213839,33.392099,33.158792,35.793487,36.383890,35.307057,33.451700
129,sample,bpillar_sample_129.csv,-0.553357,0.012964,-0.134217,0.388320,0.250456,-0.924948,-0.059301,0.105551,0.728864,-0.706166,-0.516195,-0.167789,-0.013560,-0.895885,0.955584,0.185261,-0.622303,-0.338498,0.082970,0.842964,0.292701,-0.638377,2.360464,1.334458,2.463260,0.849449,0.744330,25.378574,29.778550,32.044885,35.914384,32.029813,33.092658,34.614858,35.384046,32.434319,39.372993,36.904206,33.959527,34.537274,35.312979,37.025020,34.118107,29.947256
130,sample,bpillar_sample_130.csv,0.743317,0.741577,-0.158179,0.196682,-0.300403,0.780197,-0.851836,-0.864884,-0.696539,0.462777,0.137341,0.590131,-0.380782,-0.440304,0.571882,-0.046241,-0.853596,0.892500,0.897476,-0.912901,-0.424934,0.297047,2.684468,1.431563,2.457277,0.833779,0.704329,30.147046,27.404418,28.967618,31.142912,36.058401,35.373100,37.283156,34.082902,34.057371,37.994016,36.065404,33.121945,38.937760,38.165575,31.029341,31.739300,32.939618
131,sample,bpillar_sample_131.csv,0.661421,-0.018619,-0.008891,-0.741630,-0.763747,0.672490,0.103975,-0.794113,0.458884,-0.942814,-0.933700,0.375369,0.292232,-0.094787,0.382267,-0.587816,-0.126224,-0.182893,-0.000559,0.820530,-0.107045,-0.591141,2.664004,1.330249,2.494551,0.757053,0.670684,29.845842,30.267661,29.192032,35.010638,31.214241,31.635825,36.527074,36.467533,35.288308,37.312565,34.103118,35.755983,35.093518,35.020441,36.948419,32.793034,30.098363
132,sample,bpillar_sample_132.csv,-0.650420,-0.556187,-0.931774,0.368981,-0.769034,-0.906974,0.159997,-0.982143,0.659435,0.111065,0.377186,-0.921520,-0.039240,-0.058942,0.186739,0.834039,0.672549,-0.810983,-0.365692,0.790141,0.958751,0.404580,2.336210,1.258606,2.264128,0.847868,0.670300,25.428837,30.435482,28.595787,35.681975,34.846279,36.210012,31.961304,35.293057,35.416011,36.609862,39.254918,38.648586,32.848266,33.741659,36.844649,36.325918,33.283611
133,sample,bpillar_sample_133.csv,0.492516,0.764312,-0.465271,0.548488,-0.449974,0.525332,-0.176866,0.336113,-0.216884,-0.415768,-0.379392,0.711277,0.958913,-0.802882,0.075347,-0.048708,-0.208512,0.920163,0.927737,0.972402,-0.282432,-0.262138,2.621799,1.434593,2.380603,0.862546,0.693468,29.434310,29.426370,32.776000,32.748535,33.030628,33.570019,37.709657,38.829721,32.765651,36.209534,36.056465,35.457994,39.036647,38.271557,37.467010,32.211664,31.150820
134,sample,bpillar_sample_134.csv,-0.520162,0.314749,-0.630186,-0.078947,0.089361,-0.767917,0.923771,-0.730980,-0.110654,-0.663037,-0.303904,-0.413320,-0.654360,0.949902,-0.442332,0.312306,0.362685,0.268208,0.414655,-0.210276,-0.356997,-0.497812,2.368758,1.374678,2.339428,0.811241,0.732632,25.817712,32.723460,29.392229,33.104134,32.178452,33.833424,33.750449,33.113556,39.010117,34.349060,37.364527,37.526475,36.706083,36.474620,33.428568,31.964496,30.396915
135,sample,bpillar_sample_135.csv,-0.465408,-0.146085,-0.306124,-0.603813,-0.701834,0.431417,0.417954,-0.643943,-0.014896,-0.265111,-0.322085,0.316539,0.072703,-0.743723,0.396083,-0.854524,0.840199,0.588323,-0.303957,-0.083331,0.246902,-0.570417,2.382439,1.313262,2.420338,0.768323,0.675180,29.171674,31.208225,29.668224,33.424680,33.549844,33.769983,36.319959,35.689693,32.976408,37.362218,33.136758,39.255697,37.850407,33.957870,33.862040,33.966292,30.164657
136,sample,bpillar_sample_136.csv,-0.758921,-0.762167,-0.077833,0.338367,-0.849841,-0.566830,0.561251,-0.042231,0.803708,0.549038,0.874329,0.548031,0.047357,0.801274,-0.335982,0.121506,0.632376,0.767313,0.029439,-0.036929,0.417241,-0.504394,2.309098,1.231154,2.477337,0.845364,0.664432,26.380057,31.637486,31.576265,36.164922,36.355686,37.944737,37.134942,35.599888,38.480614,34.731268,36.673201,38.503107,38.490251,35.125502,34.020488,34.530929,30.375859
137,sample,bpillar_sample_137.csv,0.282797,0.341494,0.605820,0.861375,-0.385680,-0.743483,0.770997,-0.535207,-0.663559,0.056166,-0.167454,0.738926,0.327917,0.015800,0.767081,-0.253372,-0.736478,-0.294041,0.340362,0.947006,-0.806675,-0.181753,2.569396,1.378243,2.648030,0.888131,0.698137,25.886044,32.265806,30.013029,31.253312,34.657079,34.309551,37.806998,36.593970,35.682285,38.695538,35.314906,33.546067,34.696195,36.214427,37.380288,30.473908,31.407969
138,sample,bpillar_sample_138.csv,-0.292838,0.471968,-0.521735,-0.732390,-0.893421,-0.237453,0.775837,0.796444,0.932264,0.988896,-0.577523,0.913357,0.603841,-0.479830,0.716472,0.096583,-0.143975,0.045942,-0.855695,-0.165358,0.434227,0.310457,2.425560,1.395631,2.366505,0.757809,0.661268,27.301168,32.280304,34.235718,36.595258,37.871591,32.878664,38.421091,37.571628,33.916556,38.513655,36.582899,35.691700,35.911541,32.025549,33.581945,34.587233,32.982516
139,sample,bpillar_sample_139.csv,-0.381002,-0.717662,-0.884257,-0.860987,-0.006773,-0.869190,-0.557321,-0.746031,0.881939,0.202926,0.520903,0.239736,-0.067663,-0.543634,0.392208,-0.837874,-0.109051,-0.620562,0.346835,0.310607,0.742149,-0.324933,2.403530,1.237086,2.275992,0.747294,0.725651,25.534500,28.286670,29.344502,36.426795,35.162863,36.711494,36.049571,35.192347,33.689247,37.348291,33.197086,35.818172,33.528969,36.237098,35.207205,35.607929,30.949945
140,sample,bpillar_sample_140.csv,-0.284483,0.434544,0.128217,-0.778873,0.606703,0.392528,-0.082588,0.946764,0.897974,-0.586242,0.246935,-0.107391,0.877381,0.283614,-0.172934,-0.531124,-0.175987,-0.505309,-0.183446,-0.559629,0.046350,-0.920081,2.427648,1.390644,2.528783,0.754008,0.770198,29.062920,29.708789,34.712386,36.480473,32.443114,35.755517,34.827491,38.540835,36.636402,35.317241,34.308529,35.575776,33.940970,34.379926,32.235645,33.301505,29.046101
141,sample,bpillar_sample_141.csv,-0.559731,-0.517759,0.769605,-0.004889,0.101496,0.243309,0.896158,0.756368,0.564740,-0.854322,0.002165,0.460236,-0.547834,0.065369,-0.948687,0.733251,-0.327347,-0.515455,0.255564,-0.150091,-0.234146,0.032370,2.358871,1.263727,2.688923,0.817297,0.733513,28.645628,32.640742,34.108638,35.364987,31.519215,34.901418,36.825853,33.491003,35.858882,32.529284,38.889734,35.027654,33.904700,35.917446,33.634077,32.371720,32.092934
142,sample,bpillar_sample_142.csv,0.765434,-0.901501,0.134889,0.310471,0.303365,0.223652,-0.198289,0.435122,-0.486431,0.058499,-0.510843,0.573247,0.922543,0.911127,0.408052,-0.062182,-0.643310,-0.382436,-0.014516,0.802083,0.611635,-0.267096,2.689994,1.212585,2.530449,0.843083,0.748172,28.590658,29.362195,33.089961,31.846239,34.665119,33.111335,37.223716,38.700855,38.871977,37.405233,36.007645,33.883454,34.380205,34.971562,36.885427,35.175304,31.134961
143,sample,bpillar_sample_143.csv,0.483082,0.865586,0.279793,0.623198,-0.695166,0.734427,-0.749919,0.010661,0.605967,-0.292356,-0.008550,0.369632,-0.792791,-0.595308,-0.571644,-0.029326,0.852252,-0.552535,-0.114534,-0.988443,0.425319,-0.662298,2.619442,1.448090,2.566629,0.868655,0.675664,30.019049,27.709720,31.743987,35.502993,33.455947,34.864028,36.506879,32.623069,33.505152,33.884328,36.126692,39.299347,33.772149,34.621274,30.771392,34.557706,29.870735
144,sample,bpillar_sample_144.csv,0.414050,0.971871,0.329199,0.665654,0.788861,-0.893460,-0.249568,-0.063550,-0.648343,-0.947877,0.091168,-0.853431,0.128631,0.360123,0.609452,-0.772104,-0.155605,0.368635,-0.050682,-0.846021,-0.210741,-0.091033,2.602193,1.462255,2.578964,0.872127,0.783426,25.466629,29.208581,31.508662,31.304247,31.196792,35.211985,32.201014,35.887859,36.908973,38.129040,33.435387,35.649585,37.065085,34.844900,31.257716,32.449303,31.698176
145,sample,bpillar_sample_145.csv,0.640986,0.989746,0.539231,-0.457105,0.942893,0.177495,0.146153,0.699418,0.280663,0.789018,0.956493,-0.862476,0.383523,-0.233094,-0.045250,-0.607660,0.425738,-0.483894,0.059286,-0.332032,-0.577852,-0.543502,2.658898,1.464637,2.631404,0.780319,0.794610,28.461578,30.394010,33.928047,34.414051,37.182743,38.231439,32.169170,36.790996,34.795575,35.776122,34.031217,37.754806,34.017520,35.230033,33.012811,31.232408,30.250755
146,sample,bpillar_sample_146.csv,-0.445490,-0.924908,0.162172,-0.026985,-0.601372,-0.111205,-0.296577,-0.242541,0.083994,0.391256,-0.242374,0.559260,-0.676574,0.444672,0.921377,-0.665421,-0.784093,-0.279428,0.695052,0.083679,-0.223999,-0.365836,2.387417,1.209465,2.537261,0.815490,0.682475,27.654221,29.067760,30.941077,33.755710,35.811916,34.048128,37.174474,33.034850,37.210187,39.250059,33.821931,33.373635,34.748431,37.456638,34.432323,32.405354,30.819097
147,sample,bpillar_sample_147.csv,0.071098,0.896395,0.090799,0.096134,-0.493778,0.069662,-0.071920,0.852783,-0.397791,0.796185,0.994445,-0.225671,-0.662820,0.618826,0.195874,-0.938830,0.857827,-0.716202,0.104131,0.351173,0.258633,-0.817388,2.516498,1.452196,2.519441,0.825557,0.690288,28.160021,29.740749,34.414370,32.142958,37.207443,38.363867,34.411080,33.083583,37.830626,36.642693,32.831292,39.319535,33.187084,35.387093,35.345722,34.005178,29.374610
148,sample,bpillar_sample_148.csv,-0.752775,-0.073526,-0.669868,-0.749613,-0.331488,0.802561,-0.173874,-0.894177,0.698697,-0.195506,0.064334,-0.739229,-0.230045,-0.507300,-0.279437,0.114146,-0.945734,-0.745040,0.766977,-0.138429,-0.257297,-0.010482,2.310634,1.322932,2.329520,0.756401,0.702072,30.209588,29.435333,28.874730,35.813403,33.789728,35.118352,32.603069,34.616994,33.818692,34.934483,36.646534,32.788286,33.083996,37.708536,33.673901,32.294980,31.955853
149,sample,bpillar_sample_149.csv,0.916125,0.260480,-0.168394,0.926551,0.983661,0.903502,0.995435,-0.509668,-0.758045,0.152463,0.831054,-0.804743,-0.133979,0.627473,-0.594529,-0.246884,-0.617061,-0.466552,-0.894240,-0.721180,0.187349,-0.774091,2.727648,1.367446,2.454727,0.893460,0.797571,30.491870,32.938138,30.094015,30.937024,34.988951,37.793732,32.372424,34.957375,37.861433,33.802084,35.338414,33.978510,34.079515,31.890557,31.684005,33.768886,29.513115
150,sample,bpillar_sample_150.csv,0.262722,-0.778436,0.142693,0.847873,-0.725640,-0.864169,-0.021370,-0.185957,0.391413,-0.886307,0.035799,-0.759037,-0.343289,0.291286,0.002691,-0.576261,-0.037253,0.299175,-0.330410,0.455563,0.541423,0.038644,2.564380,1.228986,2.532398,0.887027,0.673451,25.548543,29.892176,31.120506,34.784783,31.408984,35.018780,32.533334,34.215747,36.663733,35.948416,34.144985,36.078175,36.816783,33.865226,35.702181,34.942565,32.113006
151,sample,bpillar_sample_151.csv,-0.046072,0.557356,0.063074,0.827842,-0.838016,0.401156,-0.478339,0.948404,0.847278,-0.033261,0.473746,-0.117726,-0.884939,0.165706,-0.104123,-0.780772,0.153695,0.785915,-0.778128,-0.533359,-0.831187,0.845817,2.487220,1.407011,2.512519,0.885389,0.665291,29.087050,28.523272,34.717588,36.310769,34.348879,36.546947,34.791105,32.296569,36.216342,35.564539,33.403981,36.769656,38.556749,32.297208,32.325349,30.392657,34.695100
152,sample,bpillar_sample_152.csv,-0.429084,0.176411,-0.017392,0.490907,-0.073574,0.966795,-0.800532,0.885055,0.515006,0.501164,-0.924468,0.750901,0.636910,-0.632600,-0.330542,0.570007,0.433632,-0.473048,-0.659298,0.027320,-0.393200,0.956461,2.391516,1.356241,2.492428,0.857838,0.720800,30.668871,27.558102,34.516704,35.198503,36.190695,31.668039,37.849155,37.688798,33.372296,34.750817,38.298252,37.783395,34.056292,32.713378,34.239875,31.844490,35.049044
153,sample,bpillar_sample_153.csv,0.080360,-0.949140,-0.485766,0.279201,-0.057145,0.440862,0.475187,0.623119,0.505073,0.029733,0.410424,0.401797,0.361435,-0.554740,0.889755,0.306053,-0.562854,0.327147,-0.255513,-0.279281,0.018157,0.007604,2.518812,1.206236,2.375486,0.840526,0.721993,29.198089,31.379672,33.686101,35.165253,34.565979,36.325991,36.620114,36.712732,33.649680,39.136414,37.341871,34.174812,36.916777,34.127532,33.192938,33.208049,32.013708
154,sample,bpillar_sample_154.csv,-0.993837,0.796033,-0.844009,-0.538386,-0.362446,0.281158,0.600261,-0.650723,-0.566627,0.755860,0.975134,-0.346558,-0.045925,0.312879,-0.626496,0.963594,-0.522287,-0.116999,-0.418792,-0.995640,-0.862550,-0.055246,2.250399,1.438820,2.286041,0.773673,0.699824,28.751474,31.754346,29.646727,31.577785,37.068468,38.296483,33.985490,35.269369,36.740659,33.687196,39.724334,34.321717,35.329071,33.555691,30.746817,30.288696,31.812658
155,sample,bpillar_sample_155.csv,0.592101,-0.417951,-0.821561,0.958575,0.457655,-0.347194,0.857990,0.598059,0.636658,0.078107,-0.300091,-0.662212,-0.104379,0.352865,0.124374,0.199784,-0.256873,0.385401,-0.836975,-0.648501,0.816060,-0.102312,2.646683,1.277029,2.291646,0.896079,0.759375,26.994274,32.526404,33.606635,35.605728,34.732695,33.846730,32.874210,35.062255,36.883115,36.385730,36.956824,35.282864,37.125016,32.091111,31.932178,35.852930,31.662096
156,sample,bpillar_sample_156.csv,-0.254662,0.351665,0.248746,0.251083,-0.261473,0.373984,0.199383,0.822773,-0.271533,-0.082954,0.765072,-0.012239,0.707320,0.249996,0.699929,-0.088284,-0.300900,0.220227,-0.462105,-0.525415,-0.518266,-0.184719,2.435099,1.379598,2.558877,0.838227,0.707156,29.011063,30.553469,34.319210,32.565599,34.177622,37.563495,35.162479,37.938275,36.516632,38.454200,35.913070,35.123429,36.534564,33.403997,32.352476,31.429924,31.398479
157,sample,bpillar_sample_157.csv,0.906987,0.547747,0.786558,-0.413627,-0.402678,-0.838232,-0.881660,0.258561,-0.275342,-0.350735,0.801727,-0.247258,-0.372073,-0.875753,0.964493,-0.022071,-0.727297,0.448873,-0.749091,0.018146,-0.882451,-0.078772,2.725364,1.405731,2.693156,0.783874,0.696903,25.621076,27.315074,32.530081,32.552850,33.254754,37.691398,34.335082,34.113758,32.506041,39.405012,36.152979,33.579312,37.351912,32.398904,34.208551,30.222729,31.737397
158,sample,bpillar_sample_158.csv,-0.601173,-0.566456,0.892979,0.035876,-0.641190,-0.553494,-0.209641,-0.499161,0.574211,0.399109,-0.207027,-0.601550,0.724933,-0.427901,0.802173,-0.489734,-0.272845,0.986087,-0.628995,-0.807183,0.170096,-0.959605,2.348516,1.257237,2.719727,0.820630,0.679583,26.417352,29.328187,30.127331,35.396691,35.838978,34.171466,33.087775,38.000680,34.101557,38.821653,34.458500,35.225024,39.272309,32.819507,31.390333,33.711695,28.919669
159,sample,bpillar_sample_159.csv,0.731458,0.789112,0.201399,-0.990293,0.216204,0.755848,-0.270816,0.746306,-0.585309,-0.753291,-0.688321,-0.359454,0.248646,-0.981354,0.522993,0.424579,0.707284,0.470693,-0.741146,0.134182,0.848290,-0.202468,2.681504,1.437898,2.547055,0.736720,0.741842,30.078955,29.144930,34.076730,31.515248,31.867403,32.492047,33.940089,36.313098,32.129826,37.818315,37.771325,38.774371,37.429914,32.426728,34.604773,35.959764,31.341701
160,sample,bpillar_sample_160.csv,0.666080,-0.120694,-0.118934,0.231851,-0.170328,-0.612700,-0.348765,0.799353,-0.749620,-0.321419,-0.561236,0.075872,-0.197290,0.841932,-0.261870,-0.682116,0.459988,0.130098,-0.245704,0.898353,0.134124,-0.466396,2.665168,1.316645,2.467075,0.836655,0.713775,26.251781,28.911426,34.244943,30.965226,33.355786,32.935494,35.472679,34.733052,38.625465,34.997615,33.761441,37.878837,36.212376,34.161885,37.214157,33.592455,30.497412
161,sample,bpillar_sample_161.csv,-0.524608,0.929202,0.114432,-0.315811,-0.398808,0.719711,-0.402478,-0.171983,0.370179,0.763751,0.055535,-0.259742,-0.903951,0.005225,-0.213672,-0.715463,-0.874044,0.239934,0.301841,0.864756,0.942951,-0.915269,2.367647,1.456568,2.525342,0.791873,0.697184,29.977895,28.750523,31.164818,34.713703,37.095663,35.087649,34.291129,32.229206,35.644613,35.170834,33.640616,33.047898,36.605010,36.079517,37.099433,36.273546,29.061495
162,sample,bpillar_sample_162.csv,0.154381,-0.846844,-0.976580,-0.527450,0.815179,-0.944833,-0.990218,-0.132844,-0.349986,0.358206,-0.094536,-0.815497,-0.306706,-0.213391,-0.712482,0.404531,0.113770,0.790436,-0.117334,0.950790,0.409485,0.056720,2.537308,1.219869,2.252941,0.774567,0.785337,25.322963,26.989877,31.288928,32.302981,35.698012,34.563990,32.334562,34.345370,34.865769,33.378175,37.698684,36.625074,38.572908,34.611467,37.393212,34.505221,32.170829
163,sample,bpillar_sample_163.csv,0.309722,0.653242,0.222355,-0.761554,0.823471,-0.155002,0.056528,-0.763846,0.755859,-0.089253,-0.642186,0.191007,-0.281707,0.335907,0.993953,-0.418792,0.867616,-0.894759,0.143152,-0.375448,-0.159184,0.644953,2.576124,1.419790,2.552288,0.755424,0.785939,27.531743,30.125529,29.288011,36.004748,34.155914,32.653028,35.878019,34.433945,36.822701,39.510887,34.715541,39.354983,32.548788,35.523751,32.864560,32.620204,34.052549
164,sample,bpillar_sample_164.csv,0.037654,-0.325707,0.601660,0.453851,0.715478,-0.143562,-0.719384,0.583015,0.409342,-0.969020,-0.495157,-0.832259,-0.699936,0.727677,-0.480907,0.472558,0.788870,-0.972026,0.322210,0.250386,0.631052,-0.620504,2.508141,1.289323,2.646991,0.854807,0.778097,27.563735,27.801192,33.558931,34.844798,31.123927,33.166069,32.275552,32.952073,38.218418,34.210424,37.945165,39.069821,32.272581,36.150855,35.001570,35.239668,30.004430
165,sample,bpillar_sample_165.csv,-0.084253,0.059416,-0.596939,-0.043099,-0.571756,-0.753588,-0.906039,0.902930,-0.462577,-0.526867,-0.473992,0.555184,-0.032929,-0.299788,0.367772,-0.899438,0.133458,0.810119,0.156200,-0.424846,-0.586815,-0.425185,2.477680,1.340649,2.347729,0.814172,0.684625,25.857783,27.242044,34.573388,31.926088,32.647740,33.239924,37.160125,35.315418,34.557973,37.260471,32.974019,36.696372,38.643272,35.569450,32.695884,31.202697,30.629244
166,sample,bpillar_sample_166.csv,-0.076222,0.608384,-0.402690,-0.060176,0.701857,0.163661,-0.696792,-0.807226,-0.866203,0.272106,-0.084242,-0.874094,-0.365739,-0.464156,0.378100,0.065748,0.184093,-0.306430,-0.611514,0.573021,0.696813,0.672678,2.479687,1.413812,2.396228,0.812776,0.777108,28.422890,27.868869,29.150453,30.574970,35.401283,34.599911,32.128270,34.136204,33.972394,37.297590,36.471174,36.879738,34.651908,32.880732,36.103257,35.457650,34.141242
167,sample,bpillar_sample_167.csv,-0.544767,0.080034,-0.322915,-0.002405,0.853286,-0.361235,-0.768410,-0.658751,-0.210598,0.079191,-0.747405,-0.326569,-0.572991,0.416357,0.225442,0.487647,-0.013308,0.505802,-0.237341,0.008080,-0.718396,-0.610676,2.362610,1.343397,2.416146,0.817500,0.788104,26.955007,27.654330,29.621270,32.769577,34.736428,32.285877,34.055863,33.401865,37.109312,36.748955,37.999837,36.164888,37.555417,34.191176,34.174178,30.766536,30.035871
168,sample,bpillar_sample_168.csv,-0.335119,-0.701127,0.096195,-0.109437,0.379478,-0.433143,0.297401,0.520336,0.889957,-0.125003,0.863223,0.995396,0.216217,0.157999,-0.119478,-0.661260,-0.981997,0.627747,0.481075,0.251460,0.115037,0.725872,2.414995,1.239289,2.520788,0.808748,0.753698,26.753916,30.847093,33.360175,36.453635,34.032706,37.905982,38.709914,36.198194,36.188883,35.509355,33.837010,32.656967,37.991340,36.707240,35.005237,33.529188,34.311406
169,sample,bpillar_sample_169.csv,-0.104119,0.856072,-0.689254,-0.207769,-0.223542,-0.575992,0.955307,-0.340423,0.838046,-0.712777,0.681702,0.342216,0.748449,-0.787344,-0.946589,-0.239917,0.173101,-0.244719,-0.045970,0.759236,-0.592680,-0.354889,2.472716,1.446822,2.324680,0.800707,0.709911,26.354434,32.817928,30.630693,36.279864,32.007028,37.272584,36.410359,38.084003,32.821004,32.536822,35.363659,36.839930,34.872508,34.861400,36.739118,31.183257,30.854118
170,sample,bpillar_sample_170.csv,0.650819,0.487789,-0.647129,-0.978858,0.304679,0.576755,-0.642207,-0.231220,0.006576,0.263927,0.141130,0.826267,-0.363064,-0.712529,0.199038,0.686126,-0.203039,-0.846360,0.400819,-0.445603,0.500454,-0.279358,2.661355,1.397740,2.335197,0.737655,0.748267,29.578116,28.032385,30.976978,33.496559,35.373094,35.386319,38.114485,34.145682,33.087542,36.654064,38.718987,35.477811,32.721802,36.426163,32.625007,34.806761,31.095735
171,sample,bpillar_sample_171.csv,-0.674667,-0.216400,-0.344588,-0.873691,0.398360,-0.784946,-0.110652,-0.359478,0.832490,-0.409935,-0.778827,-0.747503,0.395744,-0.854543,-0.166450,-0.176666,0.285908,0.674525,0.486437,0.660093,-0.040327,0.078562,2.330151,1.303890,2.410735,0.746255,0.755070,25.770091,29.624722,30.570268,36.261268,33.050731,32.176234,32.573939,36.834297,32.581604,35.340544,35.592836,37.248441,38.158560,36.726018,36.400578,33.014188,32.240698
172,sample,bpillar_sample_172.csv,-0.881304,0.285896,-0.877712,0.536480,-0.111633,-0.562119,0.373782,0.892688,0.614395,-0.483408,0.987281,0.142616,0.770021,-0.486087,-0.756905,0.774480,-0.598680,-0.093252,0.629887,0.510756,-0.670806,0.604696,2.278518,1.370833,2.277626,0.861564,0.718037,26.393231,31.075901,34.540910,35.531205,32.797515,38.338870,35.707656,38.160440,33.894264,33.218524,39.039118,34.045075,35.413960,37.228414,35.890645,30.924287,33.923771
173,sample,bpillar_sample_173.csv,-0.010537,-0.709931,0.857379,-0.224080,-0.274032,0.650483,-0.805585,-0.441167,0.425593,0.304134,0.897784,-0.790742,0.844521,0.633995,-0.774249,0.081437,0.988922,-0.790407,-0.980022,0.410071,0.904833,-0.579549,2.496100,1.238116,2.710838,0.799373,0.706244,29.784299,27.542965,30.311230,34.899197,35.511662,38.026578,32.421715,38.424408,37.884669,33.156190,36.528020,39.794270,32.921818,31.590128,35.546839,36.147194,30.135444
174,sample,bpillar_sample_174.csv,0.776465,0.380761,-0.872311,0.592407,0.887735,-0.796872,-0.051427,-0.780275,-0.628414,-0.827295,0.508916,-0.725304,-0.471932,0.226227,-0.665706,-0.617018,-0.489419,-0.701526,-0.532868,0.346234,-0.411785,-0.283285,2.692750,1.383476,2.278975,0.866137,0.790605,25.736740,29.802136,29.235914,31.370957,31.612362,36.669668,32.652094,33.759940,36.431955,33.546282,33.997310,34.440741,33.239544,33.156168,35.328858,31.782884,31.083173
175,sample,bpillar_sample_175.csv,-0.485339,-0.179921,0.038618,0.228312,0.931598,-0.064630,0.805446,-0.263128,-0.539805,-0.810381,0.354059,-0.372894,-0.773967,0.929412,-0.266196,-0.746046,-0.881481,0.227695,-0.343633,-0.588119,0.576688,-0.512683,2.377459,1.308752,2.506413,0.836365,0.793790,27.784470,32.369001,30.875796,31.667573,31.670652,36.129314,33.892773,32.689765,38.937119,34.982071,33.529805,33.020965,36.561259,33.818914,32.138362,35.059462,30.349345
176,sample,bpillar_sample_176.csv,0.894202,-0.048930,0.983899,-0.339133,0.881502,-0.503226,0.829415,0.651865,-0.071202,-0.122384,-0.350431,-0.217867,0.650348,-0.833931,0.007662,0.611372,-0.701043,-0.072278,-0.473671,-0.647131,0.277623,0.484985,2.722170,1.326210,2.742428,0.789965,0.790153,26.557928,32.440803,33.777256,33.236201,34.041733,33.671076,34.438554,37.736411,32.655036,35.966280,38.448132,33.674387,35.488938,33.363491,31.936857,34.068126,33.540821
177,sample,bpillar_sample_177.csv,-0.190268,-0.667859,-0.968723,-0.499691,0.896982,0.072630,0.854354,-0.926382,0.361275,0.515518,0.257034,0.085489,-0.849406,0.310585,0.111501,0.241786,0.018364,-0.566345,-0.194418,-0.367566,0.375560,-0.327289,2.451190,1.243723,2.254903,0.776837,0.791277,28.168319,32.515512,28.772605,34.683896,36.240166,35.790754,35.506537,32.422468,36.732487,36.339465,37.109012,36.279579,33.722782,34.341501,32.891475,34.392766,30.942407
178,sample,bpillar_sample_178.csv,-0.791149,0.729549,-0.914562,0.752345,0.593398,0.097167,0.134112,-0.086071,0.000814,-0.641881,0.771868,-0.059533,0.055198,-0.305377,-0.649183,-0.454636,0.596354,-0.616588,0.753769,0.169841,-0.977379,0.652208,2.301046,1.429960,2.268426,0.879215,0.769232,28.236938,30.357941,31.437246,33.477271,32.251361,37.587209,34.995976,35.627669,34.538062,33.605664,34.585667,38.372660,33.543176,37.662278,34.726535,29.908062,34.075757
179,sample,bpillar_sample_179.csv,0.197210,0.159626,0.610628,0.687184,-0.051046,-0.146199,0.611842,-0.396534,-0.230189,-0.310879,0.360264,-0.039273,-0.600756,0.494677,-0.878584,0.695043,0.951928,0.882068,0.012813,-0.435098,0.708054,-0.553583,2.548010,1.354004,2.649230,0.873887,0.722436,27.556361,31.789039,30.452764,32.703998,33.392110,36.150964,35.067304,33.303488,37.388334,32.781224,38.751295,39.660304,38.900467,35.067274,32.660877,35.494910,30.218508
180,sample,bpillar_sample_180.csv,0.221898,-0.621516,-0.792996,0.134209,0.992305,-0.734451,-0.512387,-0.827063,-0.703721,-0.873591,-0.201494,0.350998,0.820335,0.586456,0.430221,-0.097446,-0.915234,0.445285,-0.218761,-0.960146,-0.145435,0.137174,2.554179,1.249899,2.298778,0.828670,0.798198,25.911302,28.421276,29.087549,31.118872,31.452807,34.190773,36.441277,38.338711,37.715306,37.484905,35.879874,32.898736,37.339085,34.256246,30.868016,32.665778,32.428196
181,sample,bpillar_sample_181.csv,-0.018530,-0.403788,0.015479,0.902154,0.769209,-0.136252,0.699473,-0.309048,0.115241,-0.869979,0.458228,0.872289,-0.340303,-0.731440,0.036838,0.618826,0.654122,-0.005932,0.272052,0.919522,-0.313519,0.087505,2.494102,1.278917,2.500635,0.891465,0.781999,27.584178,32.051548,30.730183,33.860309,31.465257,36.492797,38.276509,34.226327,33.020169,36.071138,38.475138,38.581856,35.726108,35.975191,37.286441,32.108615,32.269307
182,sample,bpillar_sample_182.csv,0.940400,-0.746041,-0.177859,0.966857,0.561401,-0.247316,0.424062,0.094502,0.805668,0.226403,0.120043,-0.671193,0.990128,0.210712,0.779559,0.221310,-0.131996,0.749784,0.578826,0.465851,0.313891,-0.687725,2.733713,1.233304,2.452363,0.896756,0.766909,27.273585,31.226521,32.009849,36.171482,35.243772,35.312739,32.842595,38.940322,36.376681,38.740383,37.034821,35.735081,38.427587,37.049588,35.737311,34.188345,29.789394
183,sample,bpillar_sample_183.csv,0.183696,0.699348,-0.980668,-0.257600,-0.000937,0.191109,0.118792,0.870455,-0.067887,-0.393277,0.513146,0.047766,0.184849,0.568424,0.243143,-0.174218,0.327140,0.280187,-0.591847,0.576713,-0.867318,0.597455,2.544633,1.425935,2.251920,0.796632,0.726075,28.499648,30.312047,34.470409,33.247297,33.108140,36.684430,35.373730,36.087051,37.651064,36.812569,35.601705,37.397752,36.748906,32.949608,36.115867,30.272890,33.900607
184,sample,bpillar_sample_184.csv,0.033595,0.235632,-0.278283,0.481981,-0.549137,0.532984,0.504510,-0.603127,0.468565,0.801276,-0.927934,-0.240498,-0.537754,0.662651,-0.785193,-0.536966,0.488427,0.199867,0.646179,0.632667,0.930019,-0.671898,2.507127,1.364134,2.427290,0.857108,0.686268,29.455709,31.467512,29.797654,35.043045,37.224987,31.655944,34.358880,33.526718,37.986757,33.116859,34.287363,37.981823,36.461784,37.285475,36.306929,36.230678,29.840025
185,sample,bpillar_sample_185.csv,0.269739,-0.940498,-0.810708,0.726103,0.569221,0.047128,-0.091057,0.441051,-0.554361,0.024702,0.644134,-0.364101,-0.257838,0.919571,0.738071,0.643765,-0.934928,-0.442512,0.541451,0.123155,0.219453,-0.401250,2.566133,1.207388,2.294355,0.877069,0.767477,28.097004,29.683420,33.108761,31.618845,34.548641,37.141497,33.923730,34.518519,38.902061,38.591280,38.565500,32.827418,34.165452,36.918691,34.567119,33.875304,30.705811
186,sample,bpillar_sample_186.csv,-0.031298,0.824410,-0.064260,-0.568778,0.222599,-0.232789,0.219537,-0.577976,-0.174045,-0.802457,-0.171570,0.791285,0.083455,-0.124921,-0.358922,0.844502,-0.671523,-0.577352,0.624053,0.391851,-0.606190,0.197800,2.490912,1.442602,2.480726,0.771188,0.742307,27.314209,30.613842,29.877407,32.891936,31.697962,34.295190,37.991332,35.727791,35.180952,34.648824,39.292830,33.781286,33.683433,37.207984,35.484626,31.138473,32.622136
187,sample,bpillar_sample_187.csv,-0.607132,0.246687,0.031664,0.140521,0.138561,-0.222176,-0.319125,0.372027,-0.932665,0.551631,-0.333570,0.724013,0.303073,0.071181,0.081568,-0.955049,-0.316695,-0.762303,-0.337450,0.236423,0.869745,0.707827,2.347026,1.365607,2.504677,0.829187,0.736204,27.343890,29.000217,32.889884,30.352490,36.364625,33.729910,37.754495,36.505945,35.879585,36.231889,32.772524,35.066228,33.022282,33.840567,34.953893,36.030885,34.253680
188,sample,bpillar_sample_188.csv,0.449601,-0.836353,-0.547570,-0.815197,0.014733,0.366233,-0.522711,0.810977,-0.508648,-0.717836,-0.213662,0.764497,0.629269,-0.400634,-0.697818,0.494405,-0.640353,0.642485,0.857061,0.034113,0.880143,0.884963,2.611076,1.221267,2.360055,0.751038,0.727213,28.989386,28.390351,34.281802,31.771868,31.989595,34.148314,37.897021,37.661725,34.198697,33.430873,38.024326,33.894163,38.044023,38.024032,34.263072,36.065351,34.820327
189,sample,bpillar_sample_189.csv,-0.136365,0.415802,-0.707125,0.009061,0.670303,0.884973,-0.434186,-0.029708,0.534078,0.255447,0.212566,-0.553638,-0.744147,0.863161,0.087367,-0.413320,0.833952,-0.046866,0.915405,-0.227417,0.125720,0.783076,2.464659,1.388146,2.320218,0.818437,0.774817,30.440053,28.655536,31.615977,35.262347,35.343870,35.635590,33.256455,32.795424,38.701096,36.252731,34.735370,39.233076,35.579779,38.228369,33.370036,33.564600,34.494397
190,sample,bpillar_sample_190.csv,0.527488,0.811289,0.996133,-0.116457,-0.681086,-0.484682,-0.889367,-0.111758,-0.590220,0.689538,-0.291447,-0.478643,0.673213,0.509416,-0.201531,-0.129202,-0.890365,-0.942929,0.108736,0.637586,-0.668613,-0.944118,2.630538,1.440854,2.745482,0.808174,0.676686,26.609787,27.291987,31.355792,31.498811,36.839900,33.876894,33.520477,37.817428,37.440842,35.214469,35.764814,32.988795,32.376593,35.403220,36.323726,30.931555,28.969208
191,sample,bpillar_sample_191.csv,-0.762545,0.914037,-0.412636,0.558884,-0.350642,0.910989,-0.327296,0.113658,0.322871,0.408767,-0.890230,0.170532,0.139559,-0.668974,0.051707,-0.829778,-0.247587,0.494375,0.582159,0.797169,-0.435641,-0.391805,2.308193,1.454547,2.393745,0.863396,0.700681,30.512809,28.975737,32.070591,34.555341,35.872265,31.787507,35.805934,35.926578,33.242711,36.124574,33.226417,35.316491,37.514571,37.061258,36.868648,31.703807,30.736023
192,sample,bpillar_sample_192.csv,-0.589569,-0.580687,0.364996,0.530106,-0.487896,0.928158,0.978106,0.934742,-0.474135,-0.339139,-0.757449,0.446711,0.202083,0.129088,-0.491368,-0.690104,0.767908,0.389099,-0.988024,0.929416,0.938144,-0.749587,2.351415,1.255341,2.587902,0.861043,0.690715,30.560823,32.886227,34.674263,31.887400,33.294718,32.250832,36.778238,36.148114,36.085887,34.172830,33.732498,38.993912,37.138235,31.562101,37.320226,36.257612,29.591504
193,sample,bpillar_sample_193.csv,-0.225885,-0.610573,0.418179,-0.597405,0.362755,0.484116,0.718340,0.499307,0.972763,0.998808,-0.441543,0.566360,0.367410,-0.837756,-0.815128,-0.132677,-0.969626,0.501220,-0.498745,-0.464306,-0.905688,0.236504,2.442290,1.251358,2.601180,0.768847,0.752484,29.319048,32.108067,33.293492,36.730826,37.905754,33.353149,37.199470,36.733904,32.641408,33.009278,35.752221,32.701766,37.539040,33.275673,32.561141,30.145701,32.745946
194,sample,bpillar_sample_194.csv,-0.396347,-0.671576,0.339881,-0.430764,-0.542120,0.730200,0.169154,0.737797,0.013704,0.492544,-0.485398,-0.903181,0.433568,-0.407320,-0.129598,0.228619,0.966902,0.515587,-0.234573,0.087394,-0.978600,0.425728,2.399696,1.243228,2.581631,0.782473,0.686777,30.007229,30.462913,34.049748,33.520420,36.160991,33.200121,32.025869,36.968314,34.174880,35.472986,37.061304,39.714528,37.590399,34.200867,34.445009,29.904013,33.351263
195,sample,bpillar_sample_195.csv,0.829816,-0.506162,-0.851919,-0.017409,0.829794,-0.545791,-0.831064,-0.422323,0.958666,0.488025,-0.422227,-0.957937,-0.387434,0.615795,-0.932313,-0.734511,0.206375,0.691991,0.786615,-0.348086,-0.947738,0.232299,2.706081,1.265273,2.284066,0.816273,0.786398,26.438891,27.466641,30.370987,36.683635,36.145415,33.420552,31.833094,34.059331,37.819829,32.588130,33.571599,36.960428,38.220996,37.777314,32.957994,30.006314,32.732493
196,sample,bpillar_sample_196.csv,0.787182,-0.856628,0.047320,-0.696323,0.840518,-0.196351,0.325047,0.199012,-0.518006,-0.680706,0.912368,-0.870046,0.950160,0.381563,-0.884098,-0.269709,0.025796,0.171262,0.659539,-0.750229,-0.911607,0.696654,2.695428,1.218565,2.508585,0.760758,0.787177,27.416110,30.929909,32.341251,31.740543,32.117558,38.077467,32.142520,38.798709,36.985355,32.761409,35.255714,36.306496,36.359528,37.332264,31.584812,30.126080,34.217938
197,sample,bpillar_sample_197.csv,0.237081,0.036617,-0.365807,0.654355,-0.193712,0.706497,0.463965,-0.876137,-0.728037,0.291416,-0.133920,-0.066668,-0.984973,-0.372333,-0.681433,0.128173,-0.185794,-0.872389,-0.692572,-0.980394,-0.010321,0.766345,2.557973,1.337611,2.405437,0.871203,0.712077,29.940943,31.346054,28.931934,31.037475,35.467831,34.426566,34.970860,31.942127,34.299524,33.489761,36.697359,35.540263,32.628758,32.596847,30.798878,33.113651,34.440874
198,sample,bpillar_sample_198.csv,0.487346,-0.463999,0.667543,0.410771,-0.874567,0.869749,-0.344653,-0.494173,-0.830403,0.964598,0.165282,-0.986901,0.510393,-0.764424,0.746033,-0.449434,0.128864,-0.416361,-0.803481,0.102725,0.751703,-0.316796,2.620507,1.270892,2.663441,0.851285,0.662637,30.397479,28.923745,30.143149,30.694809,37.787852,35.470596,31.731126,37.240522,32.902661,38.619893,34.604516,36.679735,34.258934,32.208415,34.497358,35.639600,30.975974
199,sample,bpillar_sample_199.csv,-0.888846,0.403425,-0.095409,-0.267264,0.861975,0.587275,0.459806,0.681239,-0.765028,0.530589,0.577917,0.487410,-0.954499,-0.034861,-0.749435,-0.676356,0.906071,0.649935,-0.755218,-0.770368,0.517728,-0.706633,2.276634,1.386496,2.472949,0.795842,0.788735,29.607536,31.333596,33.870401,30.913647,36.292106,36.910440,36.921520,32.050104,35.501803,33.245369,33.782311,39.494239,38.070656,32.377446,31.516045,34.864023,29.728909
200,sample,bpillar_sample_200.csv,0.179643,0.330089,0.315722,-0.951188,0.513968,0.642467,0.730911,0.743865,0.108342,-0.133329,0.084513,0.694668,-0.667762,-0.912751,-0.346900,-0.277017,0.064905,-0.142929,0.418278,0.276754,-0.689046,0.829219,2.543621,1.376723,2.575599,0.739918,0.763464,29.761881,32.145724,34.068988,33.837215,34.004012,35.188761,37.651187,33.066074,32.374230,34.692032,35.229235,36.448120,35.236381,36.487309,35.091609,30.863825,34.642004
201,sample,bpillar_sample_201.csv,-0.161519,-0.915089,0.085355,-0.992695,-0.235466,0.327597,-0.501342,-0.245370,-0.313356,-0.287556,0.584020,-0.849485,-0.438279,-0.970511,0.979445,0.133454,-0.191414,-0.712432,-0.948687,0.299612,-0.569743,-0.642342,2.458373,1.210774,2.518082,0.736524,0.709045,28.881342,28.454362,30.932109,32.425599,33.472490,36.931735,32.214906,33.879177,32.168454,39.458749,36.716492,35.519909,33.200561,31.699869,35.169661,31.259287,29.934571
202,sample,bpillar_sample_202.csv,0.927368,-0.649271,-0.169164,0.745132,0.623514,-0.262006,0.355074,-0.567870,-0.004443,0.871868,-0.639889,0.926875,-0.943549,0.048639,-0.470164,-0.319663,-0.052964,-0.014853,0.350354,0.221219,-0.958174,-0.867110,2.730457,1.246200,2.454534,0.878625,0.771419,27.232503,31.019859,29.909455,33.459674,37.468272,32.661042,38.468682,32.088900,35.799277,34.249036,35.074715,36.021281,35.694216,36.249423,34.901976,29.971723,29.215552
203,sample,bpillar_sample_203.csv,0.982560,-0.356507,-0.781064,-0.758719,-0.852816,0.611744,0.433236,0.429576,-0.281216,0.373379,0.128286,-0.507375,-0.917143,0.719845,0.021036,0.456994,0.664465,0.698585,0.570888,-0.689576,0.639224,-0.938382,2.744248,1.285218,2.301757,0.755656,0.664216,29.675963,31.254003,33.072375,32.533187,35.750305,35.341503,33.419324,32.182461,38.190516,36.014346,37.888773,38.619311,38.244565,37.021788,31.791919,35.266756,28.987558
204,sample,bpillar_sample_204.csv,-0.320384,0.449278,0.592340,0.722612,0.554859,-0.646903,0.054773,0.280328,0.436708,0.138427,0.340137,-0.187083,-0.808868,-0.174722,0.842993,0.141580,0.144273,-0.641205,-0.933905,0.217539,-0.544303,-0.694150,2.418677,1.392607,2.644664,0.876784,0.766434,26.156132,30.120271,32.599106,34.936406,34.940577,36.080732,34.546930,32.566104,35.003531,38.968357,36.745934,36.735535,33.455176,31.751641,34.889410,31.343616,29.768842
205,sample,bpillar_sample_205.csv,-0.896840,0.665478,-0.468784,0.469756,-0.367699,0.838043,0.442024,0.122414,-0.130980,0.568036,-0.542847,-0.566856,-0.874782,-0.562249,-0.634281,0.062100,0.894133,0.531890,0.883596,0.680669,-0.021126,0.781043,2.274636,1.421421,2.379726,0.856108,0.699443,30.308813,31.280329,32.098356,33.036096,36.421161,32.999661,33.209917,32.332556,33.622929,33.659220,36.457956,39.451009,37.648678,38.116966,36.470841,33.077835,34.487892
206,sample,bpillar_sample_206.csv,0.075179,-0.871748,0.352585,-0.634255,-0.166051,0.398689,-0.576999,0.989241,-0.531262,0.574136,-0.121017,0.121859,0.183385,0.084825,-0.740653,0.419694,0.099572,0.954710,0.795363,-0.493426,0.821467,0.610726,2.517518,1.216550,2.584803,0.765834,0.714085,29.080152,28.227724,34.847080,31.696170,36.442185,34.471588,35.634580,36.081865,35.928194,33.276932,37.753624,36.573660,39.160142,37.807951,32.461706,35.870852,33.943060
207,sample,bpillar_sample_207.csv,0.092036,0.924649,0.967977,0.576396,-0.821966,0.855457,-0.334391,-0.970354,-0.908445,-0.995559,-0.997638,-0.454930,0.867382,-0.518801,0.736083,0.818297,-0.307418,0.290212,-0.410215,-0.128321,-0.988681,0.935248,2.521730,1.455961,2.738452,0.864828,0.666456,30.357512,28.954485,28.633172,30.433567,31.032465,31.412721,33.603959,38.505407,33.777717,38.584133,39.197880,35.099825,36.784742,33.585729,33.708416,29.870597,34.981184
208,sample,bpillar_sample_208.csv,0.900693,-0.589875,0.735365,0.054839,-0.632100,-0.297903,0.973816,-0.252061,0.058677,-0.558066,-0.279041,0.831113,-0.615335,0.277862,-0.806189,0.040009,0.449272,0.770715,-0.106691,0.498428,-0.326277,0.450487,2.723792,1.254116,2.680375,0.822180,0.680243,27.132117,32.873375,30.910889,33.670964,32.540218,33.920184,38.131546,33.251833,36.615908,33.041403,36.377914,37.840032,38.502410,34.648742,35.848550,32.066327,33.430465
209,sample,bpillar_sample_209.csv,0.636620,0.750321,-0.653023,-0.674187,-0.932497,0.517723,-0.274877,-0.956378,0.589001,-0.553680,0.278872,-0.339865,-0.642038,-0.595737,0.649208,-0.079379,-0.338569,-0.259076,0.048803,0.522141,-0.940736,0.215288,2.657807,1.432728,2.333726,0.762568,0.658430,29.413033,29.132766,28.677489,35.446199,32.555334,35.866955,34.009053,33.157219,33.503625,38.271918,35.945335,34.987015,34.821187,35.193319,35.929520,30.029524,32.678078
210,sample,bpillar_sample_210.csv,-0.718342,-0.305937,-0.374524,0.028455,-0.517194,0.185134,-0.069131,-0.463717,0.676541,0.910381,-0.764111,0.922302,-0.142800,0.174000,-0.295652,0.923076,-0.833140,0.800433,0.274913,-0.069307,-0.294424,-0.016627,2.319238,1.291957,2.403261,0.820023,0.688587,28.482941,29.749102,30.239724,35.739234,37.601001,32.227585,38.452582,34.926123,36.245891,34.876208,39.577528,33.196024,38.608644,35.985209,33.909928,32.171910,31.936195
211,sample,bpillar_sample_211.csv,0.375516,-0.483292,-0.039976,0.552100,0.270407,0.142610,-0.686815,-0.211844,-0.328439,-0.149861,-0.357936,0.606285,-0.023905,0.877413,-0.780133,-0.366060,0.542288,0.613826,-0.376369,0.727326,-0.837591,-0.929340,2.592564,1.268321,2.486790,0.862841,0.745778,28.364020,27.898756,31.038418,32.375109,33.947037,33.644888,37.340028,35.347392,38.751868,33.135044,34.906605,38.176870,37.941576,33.704263,36.630158,30.371428,29.016483
212,sample,bpillar_sample_212.csv,0.748103,-0.994287,0.147854,0.974677,0.686691,-0.664701,-0.631700,0.458245,0.820008,0.523316,-0.798175,0.463697,-0.516930,-0.360341,-0.008843,-0.311618,0.634809,0.009952,0.332422,-0.476367,-0.933205,0.623770,2.685664,1.200219,2.533686,0.897395,0.776007,26.106358,28.063861,33.163282,36.219483,36.267039,32.108723,36.838039,33.600503,34.342246,35.906965,35.103866,38.511919,35.782886,36.186622,32.519956,30.054491,33.984787
213,sample,bpillar_sample_213.csv,0.149280,0.887494,0.207017,-0.848711,-0.345157,0.448972,0.260397,-0.947689,0.439001,0.972195,-0.654896,0.990105,0.175266,0.434695,0.323061,0.582943,0.777204,-0.919611,0.887920,-0.020865,0.977315,-0.860057,2.536034,1.451010,2.548458,0.748297,0.701080,29.220769,30.736243,28.705040,34.944081,37.814036,32.608680,38.691288,36.053097,37.174640,37.099786,38.345124,39.027575,32.459950,38.132110,34.075341,36.387456,29.238115
214,sample,bpillar_sample_214.csv,-0.403791,0.204521,0.752613,-0.689956,0.424842,0.220494,-0.356404,0.660045,0.031515,0.440443,-0.378028,-0.733896,-0.802023,-0.237400,-0.238674,-0.401427,-0.583642,-0.590061,-0.963781,0.041517,-0.275289,0.150982,2.397836,1.359988,2.684681,0.761279,0.756993,28.581824,28.888542,33.803196,33.580041,35.981430,33.574778,32.621845,32.590355,34.780237,35.080980,34.778462,34.099531,33.638003,31.647008,34.288356,32.235340,32.472367
215,sample,bpillar_sample_215.csv,-0.992251,-0.741344,0.258503,0.807744,0.762539,0.785354,-0.261262,-0.616190,0.296499,-0.599705,0.782926,-0.081629,0.405333,0.907191,0.456812,-0.117784,0.717975,-0.995781,-0.065517,0.854798,0.950134,-0.799947,2.250796,1.233930,2.561313,0.883745,0.781514,30.161469,29.173551,29.756232,34.467062,32.396717,37.625797,34.918187,36.868273,38.857957,37.580470,35.806183,38.813088,32.187662,34.792941,37.065431,36.297354,29.430405
216,sample,bpillar_sample_216.csv,-0.304966,-0.048099,-0.748021,0.205772,-0.180707,0.809598,-0.970607,0.605641,0.489650,-0.404155,0.480293,0.961187,-0.215808,0.846349,0.016946,-0.969064,-0.176930,0.663412,0.227675,0.768347,-0.923979,0.666545,2.422530,1.326320,2.310007,0.834522,0.713021,30.229268,27.048625,33.630677,35.113627,33.070650,36.569791,38.589480,34.667440,38.641201,35.999645,32.721744,35.572360,38.118831,35.819771,36.770232,30.085070,34.121621
217,sample,bpillar_sample_217.csv,0.626120,-0.633562,0.241253,0.090231,-0.741291,-0.508871,-0.234655,0.494474,-0.188022,0.693492,0.439690,-0.033339,0.468183,0.550306,0.473017,-0.359995,0.478483,-0.353072,-0.496947,0.782247,-0.239867,-0.833815,2.655183,1.248294,2.557006,0.825074,0.672315,26.542140,29.253255,33.278166,32.845150,36.853526,36.428111,35.088194,37.090962,37.586517,37.638711,34.928579,37.945812,34.485175,33.281971,36.817694,32.352755,29.322063
218,sample,bpillar_sample_218.csv,0.724738,0.589583,0.187796,0.733926,-0.985442,0.935714,0.295561,0.769993,-0.343256,-0.459489,0.665796,0.218797,0.227508,0.542230,0.211144,0.700899,0.732803,0.966357,0.209634,0.261906,0.557250,0.176572,2.679825,1.411306,2.543659,0.877709,0.654586,30.581951,30.841581,34.151842,32.325509,32.879949,37.217082,35.975854,36.238201,37.557744,36.697569,38.772513,38.866786,39.201779,35.756587,35.040907,34.995029,32.554226
219,sample,bpillar_sample_219.csv,-0.690834,0.981003,0.671137,0.518685,-0.039858,0.017440,0.841026,0.507809,-0.084499,-0.774294,0.814827,0.210184,0.279468,-0.827350,-0.791007,0.365287,0.557238,0.970716,-0.974342,0.885213,-0.346087,0.924442,2.326112,1.463472,2.664338,0.860109,0.723249,28.013981,32.475587,33.320452,33.191687,31.795022,37.737111,35.945531,36.422307,32.678481,33.095965,37.556493,38.231009,39.217363,31.610019,37.169288,32.000660,34.946619
220,sample,bpillar_sample_220.csv,-0.535771,-0.528671,-0.922526,-0.406311,-0.959759,-0.428778,-0.203289,-0.004868,0.187514,0.670004,-0.530307,-0.700614,-0.888786,0.943498,-0.286865,0.532118,-0.809549,0.232438,-0.454705,-0.051816,0.108537,-0.397681,2.364858,1.262273,2.266437,0.784472,0.656451,26.766123,29.347216,31.694743,34.102241,36.772577,33.043418,32.739015,32.282938,38.987302,34.907787,38.160969,33.281454,36.578217,33.429914,33.969655,33.507640,30.717229
221,sample,bpillar_sample_221.csv,0.098802,0.722767,-0.715510,0.012268,0.597984,-0.952155,-0.147664,-0.392020,-0.254162,0.333446,-0.038855,-0.144450,0.734284,-0.540735,0.925891,0.358057,-0.626957,0.425616,0.818623,-0.776929,-0.363770,0.171972,2.523420,1.429056,2.318124,0.818699,0.769565,25.302487,29.513849,30.467077,32.623749,35.612681,34.758285,34.697023,38.033816,33.699575,39.266282,37.530295,33.942674,37.268774,37.889414,31.493640,31.942043,32.539511
222,sample,bpillar_sample_222.csv,-0.825250,-0.263234,-0.895537,0.315565,-0.440043,0.198728,0.012159,0.412899,-0.883579,-0.186824,0.224970,-0.487789,-0.985067,0.528064,0.351315,-0.597302,-0.792013,-0.525956,-0.863030,0.934338,-0.374552,0.270641,2.292525,1.297649,2.273176,0.843500,0.694189,28.520955,29.992615,33.019491,30.516804,33.819647,35.678871,33.488278,31.941794,37.507277,37.201327,34.068747,33.344956,33.867159,31.999860,37.337034,31.906304,32.855149
223,sample,bpillar_sample_223.csv,0.922447,0.101904,0.464146,0.607486,0.231219,0.632696,-0.665204,-0.743715,-0.877156,-0.386623,0.295804,-0.301226,0.884465,0.694573,-0.318252,0.390910,0.079062,-0.929314,0.879973,0.442652,0.459885,-0.228461,2.729227,1.346312,2.612657,0.867370,0.742933,29.734556,27.963494,29.351848,30.538304,33.131072,35.926039,34.145084,38.565937,38.100482,34.794986,37.649333,36.499388,32.425263,38.104278,35.658094,34.672286,31.258553
224,sample,bpillar_sample_224.csv,0.682305,0.031525,-0.126140,0.128168,-0.472500,0.481450,-0.003281,-0.691440,0.295323,0.482862,0.945551,-0.627626,-0.584220,-0.166798,0.643267,-0.478960,-0.663049,0.655965,0.005241,-0.102893,0.596495,0.324981,2.669222,1.336932,2.465276,0.828177,0.691833,29.311595,29.946364,29.517612,34.463126,36.127621,38.193255,32.995975,33.362080,35.031762,38.250565,34.497536,33.811974,38.092213,35.040756,33.795244,35.125119,33.028980
225,sample,bpillar_sample_225.csv,-0.059012,0.685271,0.625790,0.645104,-0.530867,-0.381455,0.310627,0.238296,0.523931,-0.331881,0.694450,0.250752,0.242952,0.976901,0.275670,-0.156419,-0.738280,-0.226802,0.043509,0.613836,-0.117430,-0.785298,2.483987,1.424059,2.653016,0.870446,0.687594,26.898461,30.886712,32.465820,35.228381,33.319731,37.317069,36.088353,36.292922,39.106303,36.929470,35.666195,33.539540,34.936554,35.174777,36.242630,32.758609,29.477265
226,sample,bpillar_sample_226.csv,0.959704,-0.298316,-0.090405,0.076887,0.328880,0.261324,-0.637483,0.611339,0.906910,-0.786649,-0.074537,0.095423,-0.752848,0.935797,0.912528,0.863094,-0.398534,0.979474,0.847562,-0.905227,-0.898586,-0.875027,2.738537,1.292973,2.474199,0.823983,0.750024,28.696006,28.046535,33.648748,36.510384,31.752440,34.633774,35.541510,32.764594,38.959867,39.218255,39.360195,34.769864,39.248668,37.990765,31.055547,30.169242,29.190227
227,sample,bpillar_sample_227.csv,-0.455405,0.220233,0.371332,0.778055,0.253773,-0.414701,-0.124361,-0.905000,-0.137055,-0.239145,-0.707344,-0.773864,0.977769,0.796756,-0.366661,0.054893,0.939704,-0.586482,0.126808,0.663785,0.692248,0.909723,2.384939,1.362082,2.589484,0.881318,0.744570,26.805488,29.583655,28.840410,33.015760,33.639333,32.425668,32.481133,38.896531,38.464518,34.621011,36.431843,39.616038,33.650797,35.466510,36.413187,35.442519,34.899534
228,sample,bpillar_sample_228.csv,-0.345298,-0.458979,0.267604,-0.052238,-0.043272,-0.901563,-0.900983,-0.158652,0.823198,-0.505110,0.777555,-0.927204,0.031536,0.020393,0.218483,-0.344588,0.037980,-0.189935,-0.157227,-0.011149,0.789575,0.184432,2.412452,1.271561,2.563585,0.813425,0.723001,25.443969,27.257191,31.207092,36.230164,32.722724,37.607055,31.941291,35.543831,35.698649,36.723946,34.984406,36.350616,35.068347,34.471754,34.108517,35.765138,32.579371
229,sample,bpillar_sample_229.csv,0.363435,-0.444233,-0.420196,0.582887,-0.068023,0.152853,0.139141,-0.364641,0.163020,0.144569,0.432014,0.582953,0.427234,-0.697826,-0.061783,-0.332370,-0.364414,0.325426,0.068968,-0.975440,-0.847357,-0.140056,2.589545,1.273526,2.391857,0.865359,0.721204,28.392667,30.373006,30.553898,34.020246,34.961744,36.401326,37.257887,36.945872,33.139921,35.716706,35.028674,34.893423,36.910624,35.263943,30.815791,30.339057,31.541354
230,sample,bpillar_sample_230.csv,-0.387487,-0.470181,0.345077,0.703065,0.450094,0.333811,0.593555,0.309858,-0.149132,-0.509307,0.870827,-0.913221,0.459130,-0.525206,-0.189288,0.398269,0.569814,0.877301,-0.093251,0.162245,-0.419972,0.415766,2.401910,1.270068,2.582928,0.875186,0.758826,28.898719,31.734256,32.692746,32.975331,32.708258,37.932517,31.990519,37.058886,33.754899,35.258467,37.675993,38.276553,38.883426,34.695813,34.700600,31.755746,33.319394
231,sample,bpillar_sample_231.csv,-0.142817,-0.881326,-0.838482,-0.887344,0.646842,-0.084836,0.340906,-0.936190,-0.192601,0.891404,0.452392,0.256235,-0.199039,-0.079412,-0.966422,0.272939,-0.047266,-0.196973,-0.311253,0.866798,0.529730,-0.733632,2.463047,1.215274,2.287421,0.745138,0.773113,27.727963,30.977418,28.741504,32.829822,37.535602,36.472433,36.107656,34.726854,35.343086,32.465545,37.221888,36.041915,35.043185,33.932318,37.106407,34.903805,29.642540
232,sample,bpillar_sample_232.csv,0.603718,0.956248,-0.349902,0.084224,-0.013391,-0.532905,0.225681,0.026070,0.795853,-0.761583,0.168987,-0.128323,0.859732,-0.494784,-0.642345,0.908677,0.548712,0.431148,0.985718,0.072991,-0.306638,-0.729443,2.649585,1.460173,2.409408,0.824583,0.725171,26.474930,30.632247,31.792848,36.138628,31.838829,35.483525,34.753799,38.478304,33.863282,33.630239,39.525353,38.200136,37.288550,38.474620,34.395828,32.131426,29.655940
233,sample,bpillar_sample_233.csv,-0.627156,-0.166254,0.929533,-0.463972,-0.871354,0.505703,0.362680,0.038106,-0.225680,-0.637669,-0.909840,-0.379808,-0.179742,-0.266208,-0.323088,-0.333575,0.461787,-0.655538,0.091648,-0.200373,-0.740818,0.587316,2.342023,1.310573,2.728854,0.779757,0.662870,29.379417,31.042645,31.831014,32.719093,32.265878,31.719082,33.868432,34.795229,34.677604,34.777608,35.024310,37.885352,33.403940,35.343374,33.462382,30.692212,33.868172
234,sample,bpillar_sample_234.csv,0.383990,0.428880,-0.671251,0.615062,-0.863210,-0.022587,0.329451,0.217724,-0.793474,-0.930801,0.407260,0.482644,-0.050895,-0.314292,-0.069310,0.502041,-0.951343,-0.326296,-0.135049,-0.334521,0.862616,-0.455447,2.594681,1.389889,2.329175,0.867990,0.663462,27.902045,30.943102,32.400587,30.818428,31.255642,36.314951,36.904742,35.251760,34.506302,35.689652,38.051992,32.767972,34.580892,34.549426,33.004311,36.007252,30.532438
235,sample,bpillar_sample_235.csv,0.162242,0.863169,0.231775,0.879448,-0.624906,-0.526158,-0.921067,0.570136,-0.916502,-0.280133,0.484012,0.718266,0.557761,0.393619,0.307291,-0.929055,0.225165,0.400581,0.691043,-0.295059,-0.181424,0.522889,2.539273,1.447768,2.554640,0.889608,0.680766,26.493796,27.197026,33.518091,30.406595,33.498073,36.582770,37.734262,37.408358,37.028303,37.043111,32.866708,37.028470,37.179283,37.442597,33.139062,32.546484,33.662076
236,sample,bpillar_sample_236.csv,0.460181,-0.378386,-0.194229,-0.592183,0.671531,-0.374566,-0.123283,0.833759,0.690159,0.107855,-0.854158,0.778783,-0.956220,-0.634379,0.418800,0.302563,0.322940,0.018270,-0.130223,-0.535806,0.325450,-0.889762,2.613719,1.282302,2.448276,0.769274,0.774906,26.917726,29.586884,34.354046,35.784820,34.835215,31.913375,37.947318,32.044003,33.365958,37.443860,37.329224,37.382543,35.812624,34.566328,32.316994,34.226663,29.143091
237,sample,bpillar_sample_237.csv,-0.768578,-0.692704,0.534511,0.990407,0.154136,0.108150,0.692302,-0.452267,0.567277,0.174407,0.709121,-0.707984,0.744284,0.367635,0.887440,0.740527,-0.005317,-0.268787,-0.834993,0.983669,0.077228,0.367967,2.306686,1.240412,2.630226,0.898681,0.737335,28.267654,32.030065,30.276034,35.373480,35.064576,37.368263,32.713069,38.069246,36.935734,39.128094,38.916098,36.193826,34.786469,32.098055,37.505483,33.403860,33.166490
238,sample,bpillar_sample_238.csv,0.996783,-0.576781,0.949368,-0.242017,-0.676362,0.923353,-0.765611,-0.014979,-0.965637,0.637056,-0.843324,-0.666357,0.412720,0.675328,-0.914735,0.210369,0.794577,-0.025716,-0.524598,-0.873162,-0.243702,-0.626238,2.747802,1.255861,2.733806,0.797907,0.677029,30.547385,27.662714,31.662680,30.242120,36.659028,31.951180,32.859618,36.894444,38.031919,32.651302,36.995179,39.090485,35.655383,33.185132,31.165038,32.340043,29.986090
239,sample,bpillar_sample_239.csv,0.331130,-0.448447,0.864795,-0.144213,0.184376,-0.766190,-0.842329,-0.096376,0.650827,-0.002545,0.600922,0.264276,0.684100,0.755311,0.138875,-0.300172,-0.083569,0.858370,0.650459,-0.122681,0.801172,0.471552,2.581473,1.272965,2.712690,0.805904,0.739531,25.822541,27.432897,31.404569,35.653159,34.454738,36.990713,36.135967,37.856000,38.316866,36.437846,35.145338,35.910450,38.815755,37.300463,33.727673,35.803580,33.497851
240,sample,bpillar_sample_240.csv,0.571300,0.540241,-0.202799,-0.284778,-0.997376,-0.355781,-0.366924,-0.408045,0.877592,-0.578574,-0.616300,0.022508,-0.619486,-0.433638,0.583601,0.544101,-0.711389,0.559424,0.022760,-0.566072,-0.616164,0.862321,2.641485,1.404730,2.446136,0.794410,0.653719,26.970260,28.857027,30.416262,36.412243,32.469541,32.743355,35.284808,33.237124,34.081118,38.036133,38.204387,33.636921,37.747104,35.102110,32.213646,31.105412,34.747898
241,sample,bpillar_sample_241.csv,-0.181218,0.289626,-0.552434,-0.452248,-0.032293,0.660766,0.879293,-0.477488,-0.926478,0.070307,-0.394890,0.391915,-0.719097,0.666083,-0.192730,-0.164481,-0.276961,0.476835,-0.566400,-0.618200,0.670497,0.244799,2.453451,1.371330,2.358841,0.780716,0.723798,29.813055,32.590219,30.196057,30.373203,34.705813,33.515938,36.585326,32.884182,37.998985,35.246097,35.636988,35.210116,37.451871,33.038729,32.035645,35.370420,32.772483
242,sample,bpillar_sample_242.csv,-0.706496,0.461922,-0.267848,0.839789,-0.687178,0.555059,0.946505,-0.086994,-0.139115,-0.475355,-0.311595,-0.651044,-0.354521,-0.795853,-0.845891,0.913043,0.824161,0.812985,-0.551990,-0.797520,0.160044,0.984912,2.322198,1.394292,2.429895,0.886365,0.676244,29.517443,32.791562,31.434319,33.008865,32.825268,33.806588,32.913529,34.175952,32.790692,32.898719,39.541174,39.197620,38.653517,33.089196,31.423330,33.678377,35.140058
243,sample,bpillar_sample_243.csv,0.466969,-0.961437,-0.451246,-0.063907,0.077975,-0.805103,0.251063,-0.140096,-0.821358,-0.736521,-0.454227,0.840402,-0.426402,-0.078033,0.675081,0.974332,0.059168,0.415606,0.918980,0.751944,0.543830,0.561482,2.615416,1.204597,2.384105,0.812471,0.731805,25.713721,30.708282,31.265932,30.725086,31.925200,33.308889,38.164249,33.921261,35.347996,38.364902,39.763243,36.427344,37.232992,38.240886,36.714220,34.950546,33.785532
244,sample,bpillar_sample_244.csv,-0.709015,0.388344,0.502352,0.935265,0.740691,-0.582894,0.386473,-0.066846,0.445722,-0.258040,-0.553458,-0.393359,-0.090998,-0.768385,-0.490582,-0.845110,0.369963,-0.198619,-0.921602,-0.264099,0.780780,0.679844,2.321569,1.384486,2.622197,0.894173,0.779928,26.335133,31.113920,31.498211,34.966580,33.574212,32.962636,33.820724,35.109667,32.888549,34.175655,33.170865,37.552831,35.037304,31.794730,33.244779,35.735983,34.164164
245,sample,bpillar_sample_245.csv,0.771360,-0.677929,-0.043426,0.916480,0.414044,-0.044937,-0.009906,0.687903,0.989645,0.195818,0.565485,-0.839831,0.853957,-0.382267,-0.561044,0.326596,0.849604,0.160382,0.675049,0.736499,0.642997,0.826924,2.691475,1.242381,2.485928,0.892637,0.756208,27.839541,29.926517,33.891534,36.787337,35.138368,36.867059,32.248895,38.457840,34.264133,33.922424,37.416303,39.289758,36.320634,37.386584,36.661481,35.279263,34.634662
246,sample,bpillar_sample_246.csv,0.560116,-0.966121,-0.905431,0.954074,0.286892,-0.967164,0.109771,0.970219,-0.672516,-0.775682,0.822964,-0.097284,-0.436999,0.772585,-0.868827,0.018320,-0.062708,-0.969606,0.391331,-0.250788,0.767916,-0.238216,2.638690,1.203973,2.270705,0.895711,0.746975,25.260513,30.285026,34.786762,31.223328,31.790236,37.765505,34.863074,33.883712,38.378409,32.816289,36.299327,35.985993,32.281233,36.392936,33.290231,35.693341,31.227346
247,sample,bpillar_sample_247.csv,0.864695,-0.140771,-0.244274,0.046546,-0.898358,0.296221,-0.291765,-0.485051,0.788328,-0.017869,0.565617,0.935715,0.023678,-0.941430,0.296465,0.320877,0.591768,-0.536891,0.428026,0.670442,0.362418,0.774878,2.714797,1.313970,2.435781,0.821502,0.660909,28.793596,29.082176,30.172074,36.113438,34.401927,36.867520,38.499806,35.515987,32.272059,37.004204,37.395582,38.356052,33.828072,36.521448,36.435918,34.349203,34.468170
248,sample,bpillar_sample_248.csv,-0.802231,-0.189835,-0.285665,0.025752,0.525630,0.640244,-0.756588,-0.526264,0.129234,-0.222645,-0.824407,0.847339,0.930411,-0.780536,0.770831,0.728142,0.027100,0.910042,0.398243,-0.457602,0.811660,0.999282,2.298277,1.307431,2.425447,0.819802,0.764311,29.755666,27.689744,30.041388,33.907151,33.696199,32.017190,38.188673,38.728734,32.845261,38.709014,38.871221,36.311217,39.000466,36.417143,32.584032,35.838344,35.186028
249,sample,bpillar_sample_249.csv,0.399900,0.394860,-0.733338,0.161362,-0.811451,0.314997,0.789213,0.207063,-0.044270,0.836439,0.836465,-0.898769,0.417031,-0.903387,-0.577162,-0.507590,-0.868683,0.264531,-0.489648,0.694516,-0.769893,-0.852301,2.598657,1.385355,2.313673,0.830891,0.667220,28.846106,32.320376,32.366782,33.326354,37.346173,37.812614,32.041401,36.909721,32.407590,33.864498,34.393801,33.067311,36.692939,33.307535,36.518123,30.595834,29.262928
250,sample,bpillar_sample_250.csv,0.848578,0.051994,0.483774,-0.926930,0.122268,0.714592,-0.739933,0.421739,0.140448,0.885501,0.149679,-0.131505,-0.243158,0.498826,-0.397114,0.835325,-0.065562,0.547837,0.705861,-0.283490,-0.646604,0.328746,2.710770,1.339660,2.617558,0.741902,0.735021,29.963579,27.739634,33.047523,33.944687,37.515257,35.416152,34.742594,34.570531,37.403114,34.511568,39.259578,35.975657,37.705684,37.494495,33.178567,31.004509,33.041025
251,sample,bpillar_sample_251.csv,-0.121427,0.363466,-0.499055,0.385413,-0.586290,-0.327614,0.003868,0.084208,0.870569,0.834692,0.107856,-0.207767,-0.185891,0.217694,0.754945,0.182467,0.578223,-0.482250,0.499607,0.471364,0.730193,0.972865,2.468391,1.381171,2.372168,0.849211,0.683570,27.049030,29.967780,31.977204,36.388736,37.340150,35.270214,34.474111,34.773441,36.401554,38.651922,36.894081,38.307004,34.023397,36.772142,35.756135,35.568297,35.101520
252,sample,bpillar_sample_252.csv,0.126881,0.168124,0.712475,0.403562,0.659774,-0.171079,0.969676,0.399293,0.331192,0.160657,0.004877,-0.109099,0.830568,-0.605361,0.577215,0.870593,0.921086,-0.153915,0.249197,0.313710,0.625274,0.692292,2.530437,1.355137,2.674659,0.850695,0.774052,27.486783,32.860972,32.976345,34.583194,35.017189,34.910880,34.821479,38.374967,33.469340,38.013185,39.387365,39.548616,35.197108,35.895149,35.217800,35.220512,34.203985
253,sample,bpillar_sample_253.csv,-0.732439,0.778003,0.872128,-0.319924,0.295042,0.310020,0.236003,0.962233,-0.059174,-0.163637,-0.138836,-0.176927,-0.211760,0.430042,0.273201,0.153561,-0.804845,-0.731488,0.559220,-0.045989,-0.490956,-0.173443,2.315716,1.436417,2.714521,0.791536,0.747567,28.832185,30.663168,34.761438,33.276461,33.899559,34.409412,34.582684,34.681782,37.158066,36.920594,36.789347,33.298488,33.132439,36.980923,33.989552,31.520448,31.434553
254,sample,bpillar_sample_254.csv,-0.961407,-0.171150,-0.594569,0.293526,0.432248,0.159497,-0.424326,-0.702765,-0.441486,0.591929,-0.678779,-0.586355,0.259760,-0.026942,-0.828188,-0.812421,0.182942,-0.933330,-0.708196,0.204103,0.389756,-0.436011,2.258503,1.309921,2.348320,0.841698,0.757530,28.411246,28.685074,29.481699,31.996692,36.503504,32.525343,33.141272,36.352475,35.530013,32.962342,33.289308,36.875568,32.410909,32.542126,34.843529,34.439823,30.594611
255,sample,bpillar_sample_255.csv,0.101798,0.517584,0.303332,-0.154907,-0.312337,0.605173,-0.444403,-0.882979,0.494960,-0.169613,0.260479,-0.193788,-0.004658,-0.248468,0.529916,0.779176,-0.376144,0.958116,-0.707101,-0.665115,-0.161715,-0.448599,2.524169,1.401711,2.572506,0.805030,0.703463,29.657587,28.624930,28.910237,35.131401,33.878965,35.802774,34.523326,35.415589,34.740804,37.843198,39.056135,34.850947,39.172319,32.545961,31.875447,32.611813,30.554343
256,sample,bpillar_sample_256.csv,0.580187,0.212428,0.646196,0.795235,-0.591304,0.794745,-0.936991,0.480343,-0.780300,0.459936,-0.656438,0.472019,0.390095,0.188567,0.715332,-0.878951,0.474263,0.151903,0.189734,-0.587197,0.406119,0.096360,2.643706,1.361042,2.658111,0.882722,0.683206,30.187728,27.149325,33.233356,30.862527,36.048610,32.603297,36.867338,36.814279,36.297785,38.509559,33.048251,37.930532,36.290323,35.686892,32.141509,34.494063,32.297635
257,sample,bpillar_sample_257.csv,0.520127,-0.929437,0.875170,0.683115,-0.510858,-0.314225,-0.154170,0.672223,-0.250336,0.742258,0.758337,-0.304469,0.122501,-0.861435,0.657227,0.898833,0.926778,-0.216410,-0.684118,-0.680344,0.488147,-0.153310,2.628699,1.208862,2.715280,0.873554,0.689047,27.086472,29.494357,33.841813,32.636555,37.021590,37.539993,34.133666,35.866139,32.557049,38.300736,39.489687,39.569227,34.973706,32.626455,31.823444,34.765967,31.498956
258,sample,bpillar_sample_258.csv,-0.838966,-0.722949,0.567851,-0.812284,-0.559677,0.774369,0.573628,-0.998393,-0.842197,-0.207828,0.949159,-0.051659,-0.226505,0.898628,0.178119,0.551651,-0.923524,0.458761,-0.673317,0.067756,-0.507291,0.637701,2.289097,1.236381,2.638550,0.751276,0.685502,30.130748,31.674562,28.544258,30.655330,33.747260,38.205846,35.023698,34.629537,38.827450,36.578884,38.231744,32.868716,37.387259,32.664280,34.377952,31.466302,34.029350
259,sample,bpillar_sample_259.csv,0.168985,-0.110614,-0.988850,-0.383155,0.475363,-0.857119,-0.389569,-0.712411,0.914011,0.506629,-0.877376,0.112907,0.489061,0.179536,0.564793,-0.218979,-0.496868,-0.532319,0.983943,0.560933,-0.631919,0.467697,2.540957,1.317989,2.249878,0.786366,0.760661,25.568259,28.789191,29.451113,36.534155,36.209533,31.832359,35.603063,37.164937,36.265613,37.968540,35.439525,34.413768,33.844413,38.468403,36.061983,31.053187,33.485519
260,sample,bpillar_sample_260.csv,-0.934242,0.996774,-0.030234,0.441078,0.208996,-0.215598,0.762243,-0.473421,-0.377661,-0.693960,0.463689,0.356053,0.112279,0.388533,0.822615,0.338313,0.621677,0.541736,0.459615,0.356372,-0.096154,0.577165,2.265291,1.465574,2.489222,0.853763,0.741319,27.362285,32.239581,30.208953,32.210341,32.071881,36.511852,36.459072,35.829922,37.010185,38.895121,37.458758,38.464363,37.683875,36.632082,35.363476,32.829133,33.835699
261,sample,bpillar_sample_261.csv,-0.168683,0.969143,0.763779,0.427161,-0.636162,-0.630851,-0.845556,-0.600268,0.333889,0.748859,-0.106513,0.701544,0.892820,0.643173,-0.615349,-0.383827,-0.896216,0.356613,0.771868,-0.604668,-0.503842,0.817378,2.456583,1.461891,2.687469,0.852625,0.679949,26.201020,27.423227,29.806720,34.592222,37.044341,34.522200,37.675391,38.595540,37.917367,33.727258,34.842230,32.967603,37.022110,37.725665,32.081853,31.477736,34.604128
262,sample,bpillar_sample_262.csv,0.419904,-0.282376,-0.658898,0.148483,-0.238649,0.504779,0.046767,-0.039544,-0.296989,-0.828570,-0.696625,0.663468,-0.476709,-0.817028,-0.658076,-0.697197,-0.761776,-0.085519,-0.432272,-0.852087,-0.489795,-0.562997,2.603655,1.295098,2.332259,0.829838,0.708814,29.376834,30.096288,31.584787,32.480386,31.607966,32.463071,37.541345,33.743014,32.715253,33.573702,33.706798,33.454453,35.441604,33.508479,31.237002,31.524299,30.188392
263,sample,bpillar_sample_263.csv,-0.249092,0.195356,0.257287,0.823258,-0.662982,-0.271144,-0.605836,-0.719976,-0.293638,0.849398,-0.197126,-0.573944,0.938175,-0.805981,-0.115062,-0.077378,0.758770,0.555248,-0.638410,-0.547186,-0.926328,-0.297985,2.436491,1.358766,2.561009,0.885014,0.678001,27.206950,28.141337,29.427124,32.491604,37.390833,34.206015,33.184963,38.756241,32.754611,35.525226,35.952587,38.960818,37.732173,32.786534,32.278133,30.077286,31.036150
264,sample,bpillar_sample_264.csv,-0.446123,-0.429222,-0.476726,0.299035,-0.721667,0.035688,0.753771,0.188883,-0.527029,-0.044663,-0.545635,0.596170,-0.124838,0.198970,0.434942,-0.232559,0.983220,0.184589,-0.895605,0.645227,-0.079372,-0.040248,2.387258,1.275527,2.377743,0.842148,0.673740,28.065011,32.214202,32.309131,31.710339,34.309585,32.989933,37.304417,34.989765,36.334849,37.501872,35.390321,39.773620,36.407167,31.885775,36.349819,32.884762,31.860633
265,sample,bpillar_sample_265.csv,0.348454,-0.056299,0.651592,-0.573970,-0.554688,0.383844,0.543063,0.391895,-0.767972,0.896515,-0.841408,0.949642,-0.265530,-0.952210,-0.854991,0.718992,0.198621,-0.413358,-0.153383,-0.399625,-0.303271,0.353649,2.585802,1.325228,2.659458,0.770763,0.685865,29.038636,31.583002,32.952888,30.903793,37.553216,31.957868,38.548834,34.491264,32.233653,32.866016,38.838070,36.932348,34.269670,34.485214,32.782005,32.142585,33.120686
266,sample,bpillar_sample_266.csv,-0.952593,0.949193,0.382791,0.799879,-0.522892,-0.162131,0.650911,-0.270003,0.072146,0.731665,0.811636,0.306384,0.258042,0.122286,0.359223,0.371159,0.235647,0.092277,-0.145037,0.831984,-0.060637,0.927495,2.260705,1.459232,2.592345,0.883102,0.688174,27.511807,31.906074,30.853995,33.716051,36.985085,37.725974,36.284209,36.346389,36.061652,37.229747,37.577767,37.066428,36.077179,34.514447,36.987529,32.946867,34.956385
267,sample,bpillar_sample_267.csv,0.614869,0.572800,0.959374,-0.376716,0.198737,-0.190423,0.086568,0.914597,-0.898623,-0.615674,-0.788295,-0.443014,0.597198,-0.055088,0.613928,-0.955541,-0.533421,0.685216,0.512581,-0.729519,0.913470,-0.076776,2.652372,1.409069,2.736304,0.786892,0.740574,27.432687,30.215519,34.610385,30.466445,32.341681,32.143199,33.645911,37.548091,35.429742,38.145125,32.770743,34.281397,38.196777,36.817580,31.655531,36.175821,31.743784
