sample,file,xi_t_Outer,xi_t_Plate,xi_t_Inner,xi_t_Patch1,xi_t_Patch2,xi_t_Patch3,xi_t_Patch4,xi_d_sec00,xi_d_sec01,xi_d_sec02,xi_d_sec03,xi_d_sec04,xi_d_sec05,xi_d_sec06,xi_d_sec07,xi_d_sec08,xi_d_sec09,xi_d_sec10,xi_d_sec11,xi_d_sec12,xi_d_sec13,xi_d_sec14,t_Outer,t_Plate,t_Inner,t_Patch1,t_Patch2,t_Patch3,t_Patch4,d_sec00,d_sec01,d_sec02,d_sec03,d_sec04,d_sec05,d_sec06,d_sec07,d_sec08,d_sec09,d_sec10,d_sec11,d_sec12,d_sec13,d_sec14
1,bpillar_sample_001.csv,-0.572899,-0.278627,-0.506224,0.700283,0.279855,0.540869,0.414961,-0.987254,-0.658642,-0.648452,0.609994,0.756175,-0.451348,-0.112337,-0.310647,-0.197254,0.105511,-0.151074,0.240387,0.336050,-0.697497,0.154881,2.356740,2.429676,2.372758,2.674999,2.569927,2.635173,2.603040,72.082762,58.796528,63.987965,67.238489,64.284539,54.809031,55.209057,53.805618,51.177414,50.019079,45.712127,44.235549,40.634078,33.210789,32.846012
2,bpillar_sample_002.csv,-0.236111,0.274358,-0.253740,-0.512758,0.095904,0.267046,-0.982376,-0.757413,0.042699,0.189106,0.195903,-0.968110,-0.084942,-0.176421,-0.516695,0.409987,0.305059,0.258004,-0.095749,0.196764,-0.092813,0.660748,2.440936,2.567884,2.435860,2.371747,2.523940,2.566719,2.253800,73.920998,63.210914,69.718955,64.614276,53.979310,56.912188,54.851233,52.661423,54.347655,51.006778,47.610798,42.783536,40.086504,35.369568,34.482242
3,bpillar_sample_003.csv,-0.202682,-0.501048,-0.695904,0.633456,0.083227,0.819856,0.869713,0.668335,-0.101986,-0.739688,0.890466,0.945697,-0.490878,-0.216377,0.879591,-0.221512,-0.119302,-0.877674,0.100874,-0.501856,-0.269480,0.336607,2.449293,2.374086,2.325351,2.658293,2.520771,2.704919,2.716698,85.323940,62.300238,63.363683,69.015915,65.417221,54.582129,54.628135,60.415088,51.050770,48.906323,42.339736,43.632892,37.340020,34.738851,33.433806
4,bpillar_sample_004.csv,-0.261464,-0.350864,-0.215442,0.107729,0.748941,0.356876,-0.783117,-0.912496,0.602504,-0.481505,0.048102,0.137217,0.641076,0.735269,0.283204,-0.102047,-0.512690,0.740519,-0.823430,-0.169334,-0.150044,-0.416078,2.434598,2.411621,2.445432,2.526864,2.687197,2.589176,2.303601,72.680661,66.734452,65.130303,63.677621,60.585319,61.079516,59.941773,57.103314,51.674467,46.959176,49.850310,39.640164,38.647264,35.165249,30.999243
5,bpillar_sample_005.csv,0.865236,-0.497483,0.976429,0.120156,0.348635,-0.295822,-0.542624,-0.278305,-0.091390,-0.432292,0.026593,-0.290363,0.351936,0.401759,0.510289,0.464356,-0.695430,-0.561954,-0.725609,0.288010,0.476695,0.262486,2.716268,2.374976,2.743314,2.529971,2.587121,2.426004,2.363709,77.752845,62.366930,65.467045,63.541310,58.029881,59.419858,58.079578,58.364330,54.631501,46.054671,43.805100,40.062722,40.445218,37.402762,33.194061
6,bpillar_sample_006.csv,-0.779809,0.130151,-0.744473,-0.442233,0.141170,-0.093690,0.037161,0.547845,0.304521,-0.367476,-0.602106,0.235003,-0.928575,-0.292617,-0.384466,-0.464316,0.723846,-0.545119,0.751084,-0.412846,0.899319,0.433209,2.305013,2.531842,2.313213,2.389378,2.535256,2.476536,2.508616,84.360281,64.858883,65.910548,59.557074,61.169740,52.069755,54.202438,53.395699,49.783161,53.079641,43.883235,46.441617,37.689946,38.911571,33.746265
7,bpillar_sample_007.csv,0.552123,0.148960,0.306188,0.769073,-0.101233,0.893510,0.714048,0.283093,0.068512,-0.059402,-0.408252,0.971029,-0.778704,-0.343003,0.058792,-0.627670,-0.028374,0.569842,0.968783,0.269833,-0.134574,-0.252680,2.637991,2.536543,2.575802,2.692196,2.474656,2.723332,2.677792,82.242832,63.373393,68.018542,60.785578,65.568620,52.930012,53.921104,55.857135,48.930334,49.356388,49.058138,47.382013,40.373758,35.220478,31.527754
8,bpillar_sample_008.csv,-0.409067,0.144186,0.803870,-0.328980,0.730443,0.666912,-0.045882,-0.453612,0.703657,0.721655,0.417067,0.733549,-0.730219,0.342444,-0.157028,0.954629,0.216172,0.083649,0.776363,-0.029124,0.348007,-0.111319,2.397697,2.535350,2.700187,2.417690,2.682572,2.666684,2.487861,76.350762,67.371130,73.362921,66.015857,64.149316,53.208313,57.748385,54.658676,57.191078,50.566815,46.801556,46.550814,39.198470,36.943335,31.984987
9,bpillar_sample_009.csv,-0.052944,0.068868,-0.561812,0.755639,-0.253297,-0.121966,-0.794680,0.224306,-0.958592,0.207200,0.320559,-0.087281,-0.272987,-0.867922,-0.509772,0.710535,-0.566033,0.036766,0.944793,-0.011740,-0.749656,-0.536623,2.486727,2.516525,2.358865,2.688838,2.436641,2.469467,2.300712,81.772659,56.908575,69.842764,65.404259,59.243606,55.832819,50.990151,52.699861,55.916729,46.695149,46.583955,47.278383,39.266812,33.024579,30.609338
10,bpillar_sample_010.csv,0.810057,-0.548439,0.906397,-0.201908,0.385786,0.951600,0.366649,0.710070,0.767861,0.816807,-0.327520,0.889074,-0.288484,0.254238,-0.409674,0.073771,0.739425,-0.313474,-0.285625,0.427586,-0.735479,-0.136204,2.702474,2.362241,2.725811,2.449457,2.596409,2.737854,2.590966,85.657738,67.775242,74.014005,61.297202,65.078813,55.743866,57.255876,53.255716,52.592364,53.156752,44.958376,41.963327,40.993934,33.075192,31.904496
11,bpillar_sample_011.csv,0.954406,0.372947,-0.798173,-0.645356,-0.288324,0.341439,-0.730528,-0.200751,0.963335,-0.298665,0.924806,-0.788759,0.095781,0.712954,-0.147963,-0.904107,-0.679488,-0.674112,-0.396292,-0.697284,0.796863,0.954177,2.738561,2.592524,2.299792,2.338598,2.427884,2.585317,2.316745,78.373110,69.005597,66.381382,69.233538,55.051202,57.949536,59.817177,54.709015,47.487134,46.133584,43.284536,41.485277,36.571735,38.545794,35.431339
12,bpillar_sample_012.csv,0.671931,-0.759115,-0.138582,-0.174498,-0.458171,0.498074,-0.256434,0.717788,-0.310650,0.287690,-0.389710,0.202307,0.763096,-0.137069,-0.823739,0.355435,-0.352846,0.732510,-0.074999,-0.704775,-0.396007,0.025191,2.667943,2.309586,2.464642,2.456310,2.385423,2.624475,2.435237,85.719462,60.986863,70.393520,60.903085,60.974335,61.779908,55.070959,50.956385,54.062853,47.750357,49.813135,42.873173,36.542284,34.287137,32.426531
13,bpillar_sample_013.csv,-0.479974,-0.070787,-0.457962,-0.623770,-0.975234,0.858214,0.245913,-0.922937,0.745306,0.605459,0.548755,0.775128,-0.318337,0.980714,0.340761,-0.819462,-0.652457,-0.603621,0.075910,-0.946806,0.000476,-0.046665,2.379971,2.481621,2.384820,2.343995,2.256159,2.714508,2.560790,72.597161,67.633278,72.567856,66.850401,64.397809,55.572507,61.312245,57.422931,47.929039,46.267376,43.611709,43.525055,35.590790,35.702618,32.194109
14,bpillar_sample_014.csv,0.696148,-0.559975,0.910899,0.350687,-0.813604,0.833649,-0.517317,-0.896357,-0.600203,-0.023442,0.201844,0.423312,0.666852,-0.452754,-0.449517,-0.518343,0.942205,-0.134129,-0.879382,0.212515,0.336865,-0.847512,2.673997,2.359358,2.726936,2.587602,2.296566,2.708367,2.370034,72.809744,59.164351,68.264597,64.651930,62.295175,61.227472,53.308290,53.034466,49.501098,54.160448,45.790776,39.398469,40.148426,36.903559,29.603768
15,bpillar_sample_015.csv,-0.434877,-0.437870,0.822889,-0.783102,0.175686,0.566627,-0.561186,-0.725642,0.168806,0.468612,-0.917003,-0.624578,0.537196,-0.702191,0.107872,0.665885,0.050747,0.522260,-0.084152,-0.220696,0.181012,-0.094968,2.391245,2.389876,2.704940,2.304163,2.543885,2.641613,2.359069,74.175099,64.004659,71.631475,57.561485,56.032432,60.483249,51.915529,56.129682,55.683625,49.748015,48.837296,42.833633,38.445344,36.347148,32.037875
16,bpillar_sample_016.csv,-0.681280,-0.385841,-0.541793,-0.666943,0.408218,-0.876265,-0.105093,0.489638,-0.028983,0.858131,-0.364628,0.285505,0.785653,-0.986886,-0.938274,-0.619631,-0.822209,-0.981824,-0.476121,0.155347,0.086954,-0.162364,2.329645,2.402879,2.363868,2.333202,2.602017,2.280896,2.473062,83.894751,62.759734,74.296763,61.062040,61.471565,61.909387,50.325897,50.320365,48.972301,45.427157,41.856342,41.140440,39.923681,36.011353,31.819880
17,bpillar_sample_017.csv,0.545989,0.170114,-0.060525,0.180987,0.197715,0.430205,-0.413589,-0.582885,0.180342,0.127633,0.427982,-0.147332,-0.487401,0.458441,0.906018,0.147259,0.885664,-0.388483,-0.190267,-0.825032,-0.438874,-0.755182,2.636458,2.541830,2.484150,2.545179,2.549392,2.607508,2.395959,75.316852,64.077270,69.298330,66.085030,58.884710,54.602084,58.396071,60.561839,52.976024,53.880586,44.610235,42.375249,36.069519,34.134098,29.902408
18,bpillar_sample_018.csv,-0.232408,-0.095582,-0.622329,-0.429807,-0.309602,0.826288,-0.992951,-0.226945,0.621213,-0.199122,0.632464,0.066710,0.621694,0.592962,0.869943,-0.499703,-0.443037,-0.961203,-0.762629,0.094586,0.992320,0.629924,2.441861,2.475424,2.343740,2.392484,2.422565,2.706527,2.251157,78.163613,66.852209,67.062509,67.380886,60.163936,60.968266,59.147182,60.361510,49.598413,47.303939,41.952053,39.902808,39.684811,39.243593,34.382540
19,bpillar_sample_019.csv,-0.870116,-0.344024,-0.574162,-0.181570,0.164532,0.134186,-0.241328,0.531638,0.345465,-0.464201,-0.735517,-0.022408,0.523813,-0.283998,-0.552885,-0.423414,-0.970193,-0.429119,-0.354861,-0.636503,0.379602,0.852315,2.282437,2.413331,2.355778,2.454542,2.541096,2.533504,2.439012,84.230656,65.116590,65.248707,58.711613,59.631321,60.406431,54.250565,52.460457,49.996700,44.694683,44.421628,41.664248,36.810684,37.056134,35.101865
20,bpillar_sample_020.csv,-0.333202,0.459272,0.009252,-0.126821,0.809871,0.324718,-0.400313,-0.816013,-0.889568,0.807874,-0.062255,-0.721494,0.532302,-0.329900,-0.027180,0.926875,-0.262604,0.825599,0.515548,0.541195,0.857224,0.537209,2.416663,2.614100,2.501589,2.468229,2.702429,2.581136,2.399277,73.452322,57.343027,73.952881,62.978260,55.453214,60.455158,53.994261,55.379729,57.046181,48.197025,50.245190,45.424165,41.440562,38.761288,34.082654
21,bpillar_sample_021.csv,-0.154796,-0.367967,0.661341,0.632563,0.318633,-0.478066,0.162466,0.993032,-0.984904,-0.309920,0.938110,0.413354,0.691302,-0.366954,0.723000,-0.551441,0.288541,0.343811,-0.263864,-0.160001,-0.713797,0.440495,2.461264,2.407347,2.664565,2.658070,2.579621,2.380444,2.539934,87.920830,56.742964,66.304370,69.317849,62.235659,61.367810,53.787365,59.545530,49.328302,50.925020,48.009055,42.057329,38.683953,33.152598,33.769832
22,bpillar_sample_022.csv,0.317365,-0.833016,-0.104942,-0.560556,0.511402,-0.073988,-0.483648,0.329804,-0.404721,0.853900,-0.590941,0.878352,0.156430,0.327366,-0.403488,0.574095,0.244698,-0.653960,0.970722,-0.952686,0.663446,0.048413,2.579303,2.291116,2.473049,2.359798,2.627813,2.481462,2.378449,82.616418,60.394759,74.267814,59.627826,65.014733,58.297658,57.664196,53.290066,55.204417,50.708011,43.378069,47.390388,35.567674,38.069484,32.501641
23,bpillar_sample_023.csv,0.055550,-0.036478,0.429086,-0.679044,-0.334330,0.973446,0.730166,0.134182,0.721183,-0.793842,0.904990,0.806553,0.970868,0.490048,0.515284,-0.982062,-0.402736,-0.165467,-0.881922,-0.675082,0.065330,-0.384301,2.513850,2.490196,2.606518,2.330176,2.416383,2.743316,2.681821,81.051859,67.481442,62.993138,69.107961,64.585623,62.972516,58.572553,58.392067,47.080151,47.503417,45.645325,39.387496,36.659018,35.934152,31.102025
24,bpillar_sample_024.csv,-0.270946,-0.005246,0.104818,-0.769650,-0.757647,0.594418,0.382653,0.349166,-0.615098,0.772962,-0.610440,0.105619,-0.156812,-0.884884,0.896326,0.559113,-0.282215,0.855204,0.292841,-0.271333,0.605039,0.897619,2.432227,2.498002,2.525474,2.307526,2.310555,2.648560,2.594966,82.771276,59.070601,73.713990,59.504258,60.396472,56.499658,50.895438,60.508021,55.126196,48.099959,50.382600,44.462135,38.246275,37.860965,35.248400
25,bpillar_sample_025.csv,0.968874,-0.799394,0.474815,0.763214,-0.387584,0.415087,0.987290,-0.128192,0.581944,0.908392,0.231006,0.656018,-0.073578,-0.191756,0.134283,0.961267,-0.077261,0.621067,-0.004601,-0.818447,0.757375,-0.982358,2.742177,2.299520,2.617947,2.690731,2.403069,2.603728,2.746084,78.953427,66.605040,74.640676,64.836737,63.685948,56.977420,54.765610,56.276346,57.225735,49.114416,49.295889,43.177270,36.095406,38.404816,29.167608
26,bpillar_sample_026.csv,-0.512424,0.481008,0.281658,-0.712269,0.542101,0.549451,0.621024,-0.075980,0.207300,0.541358,0.689236,-0.951035,-0.760765,-0.000105,0.791878,0.856733,-0.993060,0.099061,0.131466,-0.925355,-0.129433,0.745349,2.371859,2.619532,2.569671,2.321870,2.635487,2.637319,2.654542,79.371010,64.246954,72.129244,67.740667,54.081359,53.032982,55.835719,59.928011,56.679989,44.581501,46.873090,43.765040,35.675121,35.238830,34.755882
27,bpillar_sample_027.csv,-0.666557,-0.222344,0.754297,-0.551611,0.636350,-0.017942,-0.095646,0.521403,-0.985101,0.319163,-0.669141,0.514678,-0.700740,0.152641,0.620706,-0.714119,0.492764,-0.883664,-0.508940,-0.578275,0.060578,0.003076,2.333326,2.443742,2.687797,2.362034,2.659049,2.495473,2.475423,84.148805,56.741721,70.608876,59.132254,62.841223,53.377522,56.688595,58.977485,48.479010,51.935858,42.311936,40.998672,37.039593,35.917186,32.354998
28,bpillar_sample_028.csv,-0.981686,-0.193308,0.943183,0.486405,0.479341,-0.928469,-0.037791,0.298587,0.205677,-0.097920,0.636359,-0.945197,-0.938540,-0.123459,-0.132382,0.005967,0.690218,-0.837006,0.724111,-0.832071,0.238785,0.213327,2.254545,2.450999,2.735005,2.621531,2.619798,2.267845,2.489883,82.366747,64.236735,67.754986,67.405572,54.116248,52.012557,55.146954,54.795535,52.238376,52.913190,42.528493,46.325101,36.041847,36.553405,33.035055
29,bpillar_sample_029.csv,-0.034111,0.496017,-0.315150,0.978849,-0.830900,-0.809937,0.518502,-0.378414,-0.448694,-0.627448,-0.256833,-0.474261,-0.579397,-0.997186,0.487827,0.602135,-0.420069,0.830275,0.955731,0.809402,0.445709,-0.339629,2.491435,2.623283,2.420512,2.744639,2.292242,2.297477,2.628919,76.952181,60.117981,64.131687,61.745162,56.930806,54.074033,50.268387,58.239600,55.350805,47.417622,50.266893,47.325632,42.494965,37.292142,31.246517
30,bpillar_sample_030.csv,-0.857696,-0.815489,0.443825,-0.653300,-0.607968,-0.650253,0.905264,0.589280,0.942440,-0.529420,-0.881665,0.678161,0.037588,0.704224,-0.245192,-0.440325,0.071330,-0.126008,-0.943023,0.324486,-0.014515,-0.708276,2.285542,2.295497,2.610201,2.336612,2.347974,2.337398,2.725583,84.691672,68.874082,64.802442,57.785429,63.818287,57.615510,59.768429,54.169092,49.908408,49.849895,45.828468,39.123556,40.588618,35.649097,30.054128
31,bpillar_sample_031.csv,-0.098314,0.088904,0.700230,-0.851250,-0.145867,-0.204489,-0.473435,0.899841,0.404017,-0.548606,0.853003,-0.316443,-0.966277,-0.577039,0.477204,-0.705000,0.376449,-0.831620,0.364406,0.602010,0.143769,-0.443793,2.475384,2.521533,2.674284,2.287126,2.463498,2.448837,2.381001,87.175501,65.485132,64.671164,68.778506,57.874008,51.853347,52.614333,58.180605,48.526614,51.360135,42.553491,44.771276,41.679647,36.214188,30.909599
32,bpillar_sample_032.csv,0.715196,-0.273308,0.725081,0.360792,0.844168,0.087431,0.825415,0.191594,0.022855,0.039995,0.267032,-0.279531,0.594321,0.574337,-0.302329,-0.033875,0.916456,0.781982,0.259505,-0.095854,-0.027918,0.115276,2.678759,2.431005,2.680495,2.590129,2.711003,2.521816,2.705626,81.511032,63.086016,68.698668,65.065040,58.094619,60.811144,59.043187,53.851808,52.030371,54.033001,50.042753,44.318136,38.936136,35.601248,32.717910
33,bpillar_sample_033.csv,-0.500825,0.239440,0.684821,-0.475213,0.922151,-0.933689,0.450595,0.787568,-0.861404,-0.055226,0.307133,-0.545920,-0.862268,0.029158,-0.893506,0.480601,0.047973,-0.303071,0.740073,-0.898521,-0.353634,0.712010,2.374758,2.559157,2.670433,2.381133,2.730498,2.266540,2.611947,86.277553,57.520297,68.047117,65.319171,56.502535,52.450356,55.999108,50.568967,54.716310,49.734285,45.006662,46.394050,35.780613,34.438415,34.648049
34,bpillar_sample_034.csv,0.200967,-0.540239,-0.146864,-0.137366,-0.946273,-0.814154,-0.016965,0.089163,0.668268,0.089361,-0.817703,0.270007,-0.115620,0.994555,0.233720,-0.825536,0.961484,-0.778445,-0.358187,0.840140,-0.053830,-0.209594,2.550203,2.364291,2.462572,2.465592,2.263399,2.296423,2.495088,80.691802,67.148385,69.036455,58.190775,61.378946,56.736099,61.389531,56.828522,47.897328,54.255871,42.800292,41.649882,42.615806,35.508742,31.667114
35,bpillar_sample_035.csv,-0.924652,0.758793,-0.291133,0.445961,0.419433,-0.089911,0.609199,-0.841634,-0.637013,0.648664,-0.124906,-0.199238,0.819881,0.090918,0.441654,0.107477,0.975636,0.119155,-0.445429,0.721129,-0.465791,0.200415,2.268803,2.688959,2.426515,2.611420,2.604821,2.477481,2.651587,73.247409,58.932664,72.863481,62.581220,58.574487,62.105854,56.343956,57.983197,52.768330,54.325919,46.966351,41.273019,42.147938,34.038003,32.993292
36,bpillar_sample_036.csv,0.701703,-0.079178,0.990717,-0.152173,0.111104,0.055219,-0.374769,-0.542913,-0.409915,0.428763,-0.793246,0.631986,0.164744,-0.927942,-0.387118,0.603215,0.262712,-0.102870,0.378419,-0.803452,-0.265916,-0.777524,2.675386,2.479524,2.746885,2.461891,2.527739,2.513763,2.405661,75.636545,60.362065,71.358813,58.345763,63.542318,58.345384,50.655017,53.380971,55.356440,50.797171,45.935858,44.831810,36.154356,34.751573,29.830144
37,bpillar_sample_037.csv,0.133039,0.048293,-0.605687,-0.097837,0.801035,-0.662099,-0.862285,-0.621351,-0.717014,0.180925,-0.190652,0.966121,0.900540,0.297583,-0.994035,-0.568384,0.347074,0.054644,-0.207112,0.589028,-0.528967,0.480138,2.533222,2.511383,2.347899,2.475474,2.700220,2.334436,2.283815,75.009207,58.429119,69.662981,62.164570,65.539282,62.568834,57.497897,50.010718,49.239851,51.214736,46.666935,42.302481,41.628610,33.812458,33.898057
38,bpillar_sample_038.csv,0.057279,-0.890682,0.919734,0.236805,0.024951,-0.536129,-0.594625,0.247928,-0.798839,-0.105773,-0.266038,-0.496418,-0.785066,0.556417,0.689436,0.342062,0.353406,0.196976,-0.203465,-0.734866,-0.638502,0.383330,2.514282,2.276704,2.729144,2.559133,2.506202,2.365928,2.350712,81.961586,57.914098,67.701250,61.686829,56.798387,52.893494,58.943132,59.359145,53.993035,51.246079,47.327546,42.318236,36.423990,33.421409,33.584930
39,bpillar_sample_039.csv,-0.089270,0.630740,0.478198,-0.247034,-0.154305,-0.010426,0.555645,-0.319770,-0.388600,0.274113,-0.740048,0.435670,0.694328,-0.582331,0.602016,-0.974247,-0.553010,-0.284559,0.867089,-0.871839,0.121221,-0.249527,2.477645,2.656955,2.618792,2.438176,2.461388,2.497352,2.638202,77.421212,60.496230,70.300619,58.682893,62.369029,61.385182,52.584780,58.873698,47.120952,46.759610,45.092581,46.942724,35.885507,36.133688,31.537952
40,bpillar_sample_040.csv,0.251714,0.298193,0.742366,-0.944491,0.467154,-0.679772,0.628763,-0.290197,-0.685615,-0.913367,-0.567805,0.180767,0.800992,-0.715708,-0.905338,-0.760064,-0.518754,-0.460172,-0.404554,0.055358,-0.073282,-0.793600,2.562890,2.573841,2.684815,2.263817,2.616751,2.330018,2.656477,77.657730,58.626751,62.175284,59.774447,60.845601,61.997429,51.840053,50.503258,48.239143,46.929163,44.277501,41.449589,39.530593,35.439294,29.778146
41,bpillar_sample_041.csv,0.280880,-0.237042,0.880876,0.214055,-0.126830,-0.911099,0.705570,0.542065,-0.177740,-0.157567,-0.014262,0.637329,0.835722,-0.751032,-0.726650,-0.526179,-0.842223,0.727991,-0.819543,0.515820,0.763882,0.803189,2.570181,2.440069,2.719432,2.553445,2.468257,2.272187,2.675673,84.314054,61.823424,67.346849,63.282401,63.574254,62.196782,51.642819,51.495524,49.460189,45.328093,49.792163,39.656952,41.340808,38.428047,34.942966
42,bpillar_sample_042.csv,-0.369698,0.073259,0.056053,0.436005,0.236220,0.989185,0.568381,0.700991,-0.162425,0.333136,0.705207,0.221736,-0.711314,0.519466,0.246283,0.047146,0.297644,0.019397,0.123393,-0.406687,0.827795,0.292356,2.407539,2.517623,2.513286,2.608931,2.559018,2.747250,2.641385,85.585121,61.919822,70.704486,67.841879,61.090451,53.316829,58.736809,56.898290,52.453360,50.970075,46.503342,43.730167,37.714159,38.656224,33.290675
43,bpillar_sample_043.csv,0.801069,0.134053,0.073315,0.814069,-0.500351,0.978197,-0.307900,0.316063,0.230272,0.613523,0.537941,0.325280,0.909043,0.230287,0.632702,0.512594,0.121034,0.603557,0.937540,-0.191629,-0.894393,0.118945,2.700227,2.532817,2.517601,2.703445,2.374878,2.744504,2.422374,82.506519,64.391541,72.623033,66.781871,61.709284,62.617642,57.122141,59.044099,54.883333,50.095912,49.214619,47.247050,38.559615,32.507852,32.729777
44,bpillar_sample_044.csv,-0.149736,0.613577,-0.235032,-0.167558,-0.200711,-0.441120,0.680895,-0.022441,-0.356992,0.622857,-0.899198,0.674882,-0.824756,-0.335553,-0.021006,-0.884612,0.998153,0.304818,-0.546472,-0.782938,-0.874223,0.805509,2.462529,2.652665,2.440536,2.458045,2.449787,2.389680,2.669506,79.799206,60.695176,72.686900,57.674316,63.798688,52.665678,53.962700,55.414012,47.588913,54.437373,47.828074,40.836544,36.235005,32.579864,34.950471
45,bpillar_sample_045.csv,-0.197406,-0.207014,-0.494802,-0.107071,-0.435732,-0.751357,-0.821373,-0.556801,0.737336,0.948549,-0.728182,0.623599,-0.152294,-0.680760,-0.721687,0.277470,-0.849983,-0.901973,0.803179,-0.758906,0.558129,0.730876,2.450612,2.447574,2.375612,2.473166,2.391033,2.312122,2.294040,75.525468,67.583110,74.915448,58.758097,63.492192,56.525593,52.035191,51.523087,53.655818,45.289687,42.226959,46.666652,36.329480,37.693493,34.709072
46,bpillar_sample_046.csv,-0.634680,0.118727,0.181416,0.259057,-0.213871,-0.446960,-0.958338,-0.640120,-0.953733,0.824356,-0.673749,-0.767093,-0.972703,-0.469647,0.861584,0.161139,-0.691473,-0.679200,0.192897,-0.236897,-0.454016,-0.310455,2.341295,2.528987,2.544618,2.564695,2.446497,2.388220,2.259808,74.859095,56.939159,74.065654,59.103053,55.180693,51.816466,53.213969,60.315096,53.048484,46.074261,43.260922,44.030406,38.381652,34.080039,31.340880
47,bpillar_sample_047.csv,0.250097,-0.976911,0.508437,0.114675,-0.658153,-0.284074,-0.213620,0.561444,0.226840,0.657545,-0.769763,0.015304,-0.869921,0.270239,-0.371577,-0.283776,-0.086196,-0.370771,-0.866043,-0.258091,-0.792268,-0.235797,2.562486,2.255152,2.626350,2.528601,2.335428,2.428941,2.445937,84.469042,64.369937,72.924255,58.494586,59.856702,52.406427,57.345221,53.467269,50.725711,49.070191,44.692444,39.456087,38.298331,32.872450,31.582362
48,bpillar_sample_048.csv,-0.420841,0.944451,0.782433,0.189836,0.972023,-0.618786,0.845399,0.846520,0.263813,-0.142413,-0.433164,-0.284770,-0.690564,0.057153,0.148869,-0.349088,0.404450,0.069628,-0.034765,0.992404,-0.217453,0.164346,2.394754,2.735361,2.694829,2.547391,2.742966,2.345264,2.710621,86.749044,64.602655,67.450539,60.627704,58.063303,53.435935,56.155427,56.357342,50.384735,51.498730,46.736479,43.046971,43.214401,34.924592,32.876627
49,bpillar_sample_049.csv,0.295793,-0.410237,0.457303,-0.707641,-0.185487,0.206865,0.023849,0.258359,-0.607065,-0.595047,-0.480511,0.642080,0.712077,-0.190881,0.446060,-0.010272,0.698766,-0.232938,-0.278551,-0.002858,0.039633,0.362241,2.573910,2.396782,2.613570,2.323028,2.453593,2.551674,2.505289,82.045013,59.121161,64.353395,60.327651,63.602647,61.487062,54.770493,58.007665,52.153595,52.955500,45.332170,41.993887,39.301731,35.842413,33.516719
50,bpillar_sample_050.csv,0.322764,-0.524555,0.492778,-0.235128,-0.918881,-0.365411,0.545953,-0.413196,-0.369295,-0.272418,0.535103,-0.694277,-0.119365,0.782951,-0.543397,0.538239,-0.482841,0.376010,0.952909,0.289886,0.716358,-0.193863,2.580652,2.368210,2.622436,2.441153,2.270247,2.408607,2.635780,76.674002,60.617737,66.560982,66.763883,55.615878,56.714604,60.208013,52.513141,55.017222,47.106922,48.158502,47.313442,40.452595,38.258384,31.717999
51,bpillar_sample_051.csv,0.020849,0.737383,-0.025197,-0.072293,-0.427129,-0.252962,0.317105,-0.677217,0.123139,0.725248,0.617577,0.507502,-0.855796,0.964777,0.467605,0.523132,0.815257,0.466270,0.035953,0.452238,-0.659633,0.743986,2.505175,2.683608,2.492980,2.481860,2.393183,2.436719,2.578583,74.562393,63.717226,73.387511,67.286542,62.798338,52.487507,61.223260,58.127303,54.938353,53.532094,48.577426,43.352455,41.090845,33.345970,34.751474
52,bpillar_sample_052.csv,-0.356347,0.816677,0.797361,0.069763,-0.464285,0.692264,0.074531,-0.281761,-0.738898,-0.069682,-0.259625,0.149038,-0.467831,0.050313,-0.622647,0.033033,0.504630,0.417177,-0.293206,0.114977,-0.333717,-0.599644,2.410877,2.703426,2.698560,2.517373,2.383894,2.673021,2.517956,77.725199,58.291375,67.948203,61.727470,60.655969,54.714419,56.117234,52.073064,52.379683,51.994590,48.349570,41.930581,39.764976,34.509519,30.405497
53,bpillar_sample_053.csv,0.718834,-0.878519,-0.432386,0.710067,-0.964757,0.461394,-0.622670,-0.965131,0.415903,0.565155,-0.225002,0.192849,-0.563135,0.534213,-0.255223,-0.001367,0.276009,0.708838,0.495261,0.380783,-0.172623,0.371010,2.679668,2.279744,2.391212,2.677445,2.258778,2.615305,2.343702,72.259697,65.559944,72.292077,61.946885,60.917805,54.167372,58.819152,54.113392,52.200088,50.862991,49.703264,45.336534,40.809937,35.084638,33.545084
54,bpillar_sample_054.csv,0.001290,-0.155101,0.558752,-0.397588,-0.749207,-0.048815,0.532745,0.055231,0.056163,0.713310,0.397310,0.293200,0.347103,0.133900,0.953131,0.193452,0.397558,0.110408,0.732151,-0.071691,-0.067862,0.760240,2.500285,2.460548,2.638925,2.400539,2.312665,2.487755,2.632479,80.420416,63.295665,73.305825,65.890649,61.517558,59.392120,56.583949,60.823464,53.217183,51.464617,46.925756,46.359831,39.031126,35.458645,34.804047
55,bpillar_sample_055.csv,-0.217514,-0.784308,0.392958,-0.416817,0.695150,0.123974,0.335754,0.321656,0.538510,0.629029,-0.580693,-0.983411,0.312223,0.138972,0.679594,-0.999131,-0.575445,-0.256051,0.466876,0.024517,0.838939,0.911076,2.445585,2.303290,2.597488,2.395731,2.673749,2.530951,2.583244,82.551251,66.331661,72.729131,59.692771,53.887862,59.191906,56.612273,59.304492,46.991037,46.648563,45.224895,45.213919,39.409348,38.696008,35.291928
56,bpillar_sample_056.csv,0.301557,0.636338,-0.190006,0.399510,-0.247315,0.173399,-0.548069,0.292494,0.859854,0.959890,-0.032555,-0.540080,-0.632033,-0.533070,-0.542930,0.594243,0.252082,0.136591,0.717769,-0.882386,0.737425,-0.156431,2.575351,2.658354,2.451789,2.599808,2.438136,2.543307,2.362348,82.318017,68.354269,74.993048,63.166477,56.537439,53.771899,52.859837,52.515734,55.309601,50.744555,47.047280,46.297705,35.844043,38.333592,31.839072
57,bpillar_sample_057.csv,-0.067357,-0.981837,-0.336660,-0.090166,0.311836,-0.610111,-0.566328,-0.852822,-0.857610,0.317621,-0.402061,-0.391321,0.056572,0.738176,0.346236,-0.295497,-0.000720,-0.348105,-0.736719,0.400520,0.982145,-0.413276,2.483124,2.253921,2.415136,2.477392,2.577922,2.347433,2.357784,73.157932,57.544175,70.598325,60.824812,57.426502,57.724480,59.958004,57.453335,50.664515,49.493269,44.797644,40.014729,40.887527,39.207269,31.008307
58,bpillar_sample_058.csv,-0.968408,-0.200295,0.936128,0.062847,0.948612,-0.988542,-0.871371,0.235070,0.255264,0.381004,-0.023903,0.441699,0.563207,-0.388776,-0.731837,-0.307722,-0.341933,-0.823676,0.180252,-0.060743,0.493242,0.127980,2.257864,2.449253,2.733241,2.515644,2.737114,2.252827,2.281544,81.858750,64.548850,71.032023,63.221304,62.405066,60.632552,53.665521,51.466721,50.600693,47.804373,42.590360,43.975784,39.074166,37.461837,32.759001
59,bpillar_sample_059.csv,-0.622766,-0.906691,0.520784,0.171022,-0.911289,-0.635338,0.194067,0.150895,0.640728,-0.426320,-0.245060,0.006654,0.614501,-0.101398,-0.073694,0.755481,0.808403,-0.055811,-0.561436,0.186670,-0.800059,-0.882578,2.344273,2.272703,2.629436,2.542687,2.272145,2.341126,2.547832,81.185530,66.975040,65.507909,61.819775,59.805010,60.926974,55.270132,55.121435,56.151379,53.498172,46.154275,40.771904,40.046821,32.844636,29.490347
60,bpillar_sample_060.csv,-0.529655,0.625074,0.064293,-0.716479,-0.654392,0.956873,-0.709214,0.860082,0.270510,-0.955935,0.287187,-0.468100,0.775435,-0.277907,-0.231019,-0.492952,-0.239519,0.871250,-0.026878,-0.189388,-0.967235,-0.488522,2.367551,2.655539,2.515346,2.320818,2.336368,2.739173,2.322072,86.857513,64.644808,61.884015,65.192769,56.967631,61.850734,54.284573,54.247796,49.633658,48.311290,50.457072,43.081041,38.568424,32.247801,30.764921
61,bpillar_sample_061.csv,-0.280007,0.411610,0.120293,0.853866,-0.477354,-0.336272,-0.026571,-0.799579,0.376755,-0.938824,-0.964516,0.610567,-0.733633,0.893382,-0.176331,0.991332,0.521107,0.999558,-0.062369,0.366997,0.993334,-0.974076,2.429962,2.602187,2.529342,2.713394,2.380627,2.415892,2.492687,73.583757,65.313540,62.001097,57.260378,63.414309,53.188720,60.824619,54.551482,57.382696,52.076145,51.052593,42.927728,40.755738,39.247213,29.194397
62,bpillar_sample_062.csv,-0.740155,0.906391,0.898099,0.997100,0.586344,0.348483,-0.647964,0.078297,0.090333,-0.450486,0.057970,0.648995,0.754474,-0.692869,-0.460727,-0.373993,-0.538404,0.406634,-0.024505,-0.924694,0.583607,-0.127669,2.314926,2.725849,2.723737,2.749201,2.646548,2.587078,2.337381,80.604900,63.510737,65.342550,63.740159,63.643972,61.730417,51.967578,52.972216,50.254709,46.831903,48.300636,43.091294,35.677719,37.784450,31.932101
63,bpillar_sample_063.csv,0.431976,0.848101,0.001193,-0.966824,-0.937695,-0.034143,0.490872,0.271100,-0.810782,0.775626,0.317298,-0.609945,-0.273600,0.832760,0.028724,0.883654,-0.774909,0.165826,0.553358,0.689431,0.572597,0.287997,2.607955,2.711280,2.499575,2.258234,2.265544,2.491423,2.622013,82.146911,57.838924,73.732220,65.383589,56.119889,55.829295,60.486125,55.690168,56.820539,45.661279,47.182969,45.587494,42.023321,37.745145,33.276576
64,bpillar_sample_064.csv,0.970751,0.685594,-0.783212,0.322255,0.148400,-0.514164,-0.706159,0.140259,0.481556,0.353652,-0.952297,0.300505,0.657700,-0.619558,0.496278,-0.641570,0.165329,0.755240,0.167147,-0.839141,-0.322868,0.223234,2.742647,2.670664,2.303531,2.580495,2.537063,2.371419,2.322836,81.100464,65.973175,70.844862,57.337817,61.561216,61.174935,52.376920,58.286529,48.857764,50.315156,49.918632,43.919176,36.014055,34.548250,33.067101
65,bpillar_sample_065.csv,0.445598,0.225888,0.360258,-0.617178,-0.288757,0.249014,0.098869,0.642889,0.937139,-0.814397,0.184041,0.905801,0.550120,-0.043897,0.594310,0.514877,0.641290,-0.210522,-0.624686,-0.556337,0.254020,-0.474153,2.611360,2.555770,2.589316,2.345643,2.427776,2.562211,2.524039,85.120433,68.840719,62.852492,64.539106,65.178780,60.557428,55.591200,58.830906,54.895253,52.671012,45.436213,40.498682,37.125839,36.607792,30.811400
66,bpillar_sample_066.csv,0.208086,-0.334351,-0.892130,-0.629163,0.045260,0.456854,0.394993,0.029646,-0.050605,0.640616,0.013424,0.383930,0.288065,0.752336,0.501593,0.262097,-0.903238,0.700817,-0.640777,-0.140902,-0.602086,0.546117,2.551983,2.415748,2.276309,2.342646,2.511279,2.614170,2.598050,80.215791,62.623638,72.808415,63.457859,62.059804,59.053239,60.037072,58.316040,53.575559,45.026092,49.666036,40.429172,38.759039,33.551416,34.111467
67,bpillar_sample_067.csv,0.933437,0.587924,-0.110189,-0.659297,0.631643,-0.976384,-0.532986,-0.787485,0.353038,0.163642,-0.229933,0.275668,-0.838082,-0.018023,-0.977496,0.447416,-0.462301,0.316025,0.827177,0.180874,-0.619535,0.274428,2.733318,2.646254,2.471738,2.335113,2.657872,2.255866,2.366118,73.680486,65.164259,69.544724,61.915639,61.412776,52.589183,55.735668,50.102564,54.543060,47.208588,47.880090,46.770315,40.024036,33.489123,33.232687
68,bpillar_sample_068.csv,0.428016,-0.936058,-0.637580,0.270235,-0.087289,-0.721496,0.673887,0.180680,0.242597,0.984325,-0.977341,-0.822442,0.196934,0.883088,0.936771,-0.145134,0.091429,-0.787654,-0.579677,0.496841,0.300443,-0.344863,2.606965,2.265363,2.339928,2.567490,2.478142,2.319587,2.667755,81.423739,64.469119,75.160247,57.179102,54.849895,58.530150,60.767143,60.732613,51.449518,49.949377,42.757550,40.693107,41.266194,36.773527,31.229589
69,bpillar_sample_069.csv,-0.373761,0.714412,-0.530764,-0.515674,0.711154,0.750705,0.277567,-0.000264,0.196774,0.434746,0.793262,-0.690879,-0.751194,-0.570459,-0.602758,0.089420,-0.320843,-0.801068,-0.773644,0.764310,0.394514,0.941009,2.406524,2.677867,2.366624,2.371018,2.677750,2.687631,2.568701,79.976579,64.180696,71.399749,68.399911,55.636185,53.087920,52.651073,52.183507,52.674063,47.908760,42.695290,39.855226,42.317694,37.109372,35.388748
70,bpillar_sample_070.csv,-0.853599,-0.134335,-0.937191,0.464609,-0.905582,0.843743,-0.282780,-0.195331,0.151159,0.704724,-0.526377,-0.892165,0.002556,-0.160181,-0.803783,-0.561944,0.266764,0.576987,0.307409,-0.349758,-0.787829,-0.295005,2.286566,2.465739,2.265047,2.616082,2.273572,2.710891,2.428652,78.416453,63.893591,73.247075,60.036986,54.433197,57.414429,54.941914,51.067201,49.273471,50.817229,49.091302,44.525064,37.937962,32.888296,31.390855
71,bpillar_sample_071.csv,-0.645654,-0.793302,0.320554,-0.392884,0.026309,-0.778053,0.796435,0.157855,-0.099441,0.296454,0.658589,-0.173237,-0.417655,0.959465,-0.705078,0.244912,0.898558,-0.601754,-0.998137,-0.661231,0.683923,0.988909,2.338552,2.301042,2.579392,2.401715,2.506541,2.305448,2.698383,81.241190,62.316255,70.453489,67.546450,58.729888,55.002425,61.193602,51.615315,53.485840,53.944411,43.620372,38.885478,36.713472,38.142586,35.543678
72,bpillar_sample_072.csv,0.582281,0.020300,0.576885,-0.899932,-0.373126,0.997922,-0.420726,-0.116635,0.508275,0.238212,0.750608,0.395493,0.088486,-0.408972,0.154683,-0.862997,-0.863054,-0.240446,0.596449,0.995406,-0.559550,-0.716925,2.645531,2.504387,2.643457,2.274956,2.406684,2.749435,2.394175,79.045854,66.141353,70.054963,68.129595,62.128914,57.907661,53.552754,56.389628,47.701759,45.224988,45.297323,45.773636,43.226203,33.703275,30.026151
73,bpillar_sample_073.csv,0.985967,0.933011,-0.264132,-0.866106,0.443963,-0.824848,0.067658,0.166402,0.851543,0.586765,0.381483,-0.072080,0.582684,-0.323555,0.637423,-0.639006,0.238292,-0.906146,0.668663,0.146737,0.267671,0.511169,2.746451,2.732502,2.433263,2.283412,2.610953,2.293750,2.516238,81.309546,68.301957,72.439939,65.790352,59.334454,60.744345,54.029691,59.070316,48.871150,50.676304,42.207591,46.085580,39.889831,36.656528,33.998427
74,bpillar_sample_074.csv,-0.313030,0.266251,0.834192,0.499684,-0.420161,-0.886794,-0.312826,0.369550,0.761904,0.219851,-0.426466,-0.435152,0.105028,-0.350156,-0.503351,-0.723455,0.528437,0.715503,-0.913077,-0.417791,-0.540336,0.081105,2.421706,2.565858,2.707765,2.624851,2.394925,2.278264,2.421143,82.934298,67.737750,69.929328,60.670154,57.164543,58.002614,53.881164,52.735520,48.430269,52.112428,49.734201,39.252915,37.670506,33.771869,32.607383
75,bpillar_sample_075.csv,0.623425,-0.086871,-0.520256,0.888513,-0.953744,0.944805,0.739365,-0.562675,0.711950,-0.989322,-0.067252,0.799055,0.151630,-0.020846,-0.918314,0.891471,0.192397,-0.373297,0.201999,0.707841,-0.760331,-0.120712,2.655817,2.477601,2.369251,2.722055,2.261531,2.736156,2.684120,75.478487,67.423326,61.655568,62.946594,64.540814,58.270108,55.719907,50.431204,56.861346,50.449137,44.680717,44.069724,42.095699,32.986466,31.954604
76,bpillar_sample_076.csv,0.688544,-0.771637,-0.585366,-0.958244,0.546595,0.879042,0.656106,0.065099,0.984670,-0.656304,0.977771,0.057348,0.229874,0.690102,-0.355311,-0.200742,-0.757571,-0.431910,-0.598236,0.400896,-0.818407,0.410136,2.672096,2.306457,2.352978,2.260378,2.636611,2.719715,2.663311,80.499342,69.139885,63.934239,69.569195,60.107980,58.719228,59.689577,53.557597,51.159205,45.747094,44.408676,40.612936,40.889006,32.779132,33.671635
77,bpillar_sample_077.csv,-0.697408,0.532786,-0.400439,0.207462,0.875690,-0.208816,-0.460559,0.837119,0.631763,-0.899766,-0.988699,-0.453069,-0.406486,-0.958083,0.970192,0.285570,0.315560,0.844827,0.832833,0.372813,0.366158,-0.515278,2.325613,2.632473,2.399196,2.551797,2.718883,2.447755,2.384219,86.673857,66.918614,62.268350,57.107126,57.057459,55.066537,50.486723,60.918201,53.698107,51.058752,50.334433,46.794748,40.778605,37.008137,30.678378
78,bpillar_sample_078.csv,-0.468895,-0.731791,-0.380141,-0.183969,-0.120439,-0.723887,0.644508,-0.516625,0.684491,0.923684,0.213990,-0.999886,0.809668,0.652733,0.413687,0.632294,0.416731,-0.915560,-0.301215,0.817137,0.200672,-0.809361,2.382740,2.316416,2.404269,2.453942,2.469855,2.318989,2.660412,75.846786,67.250495,74.745305,64.728899,53.789396,62.047227,59.480923,57.827894,55.508255,51.559518,42.163898,41.895986,42.525372,36.417338,29.727166
79,bpillar_sample_079.csv,-0.616404,-0.627356,0.702852,-0.193760,0.334701,-0.599782,-0.659956,0.058946,-0.544247,0.097939,-0.980263,-0.426931,0.016991,-0.648777,0.543490,-0.921861,-0.722807,-0.688826,0.595305,0.126577,0.010573,0.532802,2.345864,2.342517,2.674939,2.451494,2.583638,2.350015,2.334383,80.450127,59.516555,69.095150,57.160584,57.213677,57.497285,52.213771,58.548699,47.394442,45.919167,43.216244,45.768695,39.810577,35.738666,34.068401
80,bpillar_sample_080.csv,0.854803,0.096376,-0.992855,-0.970121,0.869500,-0.320063,-0.615637,-0.872108,0.994585,0.229024,0.721837,-0.324391,0.515406,0.100518,-0.675794,0.175184,-0.603287,-0.040588,-0.810091,-0.888668,0.527880,-0.648149,2.713660,2.523401,2.251135,2.257409,2.717336,2.419944,2.345460,73.003686,69.202293,69.992100,67.947267,57.826512,60.358174,56.397556,51.777933,53.121812,46.510750,46.224929,39.697786,35.819349,37.585497,30.248608
81,bpillar_sample_081.csv,-0.354697,0.599639,-0.769660,-0.025627,-0.266261,-0.993412,0.030483,-0.769771,-0.494035,0.936084,0.327595,0.038744,-0.327982,0.561080,0.170311,0.752069,0.615536,0.942716,-0.610083,-0.319141,0.210193,0.101215,2.411290,2.649182,2.306918,2.493527,2.433400,2.251609,2.506947,73.822160,59.832598,74.830156,65.448844,59.996794,55.517147,58.969166,56.476408,56.133571,52.543541,50.788769,40.561760,38.058329,36.451328,32.672429
82,bpillar_sample_082.csv,-0.909071,-0.989585,-0.710516,-0.295757,0.056419,0.033238,0.640326,0.638873,-0.999561,0.347913,-0.286802,0.500084,0.573321,-0.504375,-0.429599,-0.210953,0.746200,-0.630804,-0.513719,0.478997,0.167665,-0.743164,2.272698,2.251985,2.321700,2.425996,2.514069,2.508268,2.659367,85.088314,56.650709,70.805592,61.555242,62.754005,60.690603,53.020061,53.145070,51.105899,53.190284,43.485541,40.978029,41.196046,36.299497,29.941280
83,bpillar_sample_083.csv,0.877553,0.670878,0.623664,-0.799085,-0.415080,0.278747,-0.926281,0.722908,0.248704,0.682535,-0.047172,0.154628,0.134416,0.321933,0.066961,-0.594450,-0.411938,0.489870,-0.850167,0.546047,0.305905,0.255776,2.719347,2.666987,2.655148,2.300167,2.396195,2.569644,2.267820,85.760415,64.507559,73.095249,63.073844,60.689381,58.171302,57.633856,55.902503,49.103764,47.457867,48.686963,39.524669,41.459637,36.793027,33.172358
84,bpillar_sample_084.csv,0.501311,0.702339,0.405787,-0.920725,0.610719,0.678318,-0.145040,-0.678691,0.313031,-0.729433,0.965745,0.688455,-0.528475,0.805291,-0.093892,-0.917451,-0.020868,0.101732,-0.536879,0.421056,-0.048298,-0.963843,2.625289,2.674850,2.600694,2.269758,2.652642,2.669535,2.463078,74.550603,64.912444,63.433853,69.492981,63.879808,54.366324,60.332749,55.009271,47.417468,49.393544,46.885483,40.877981,40.968259,35.528492,29.227494
85,bpillar_sample_085.csv,0.540571,-0.700356,-0.861106,-0.477124,-0.085559,-0.057822,0.235821,0.408217,-0.920815,-0.850030,-0.054695,0.541638,0.269499,0.377991,-0.604881,0.681809,0.606321,0.031835,0.805249,-0.488772,-0.198825,0.389632,2.635103,2.324272,2.284063,2.380655,2.478575,2.485503,2.558267,83.243551,57.146354,62.608673,63.026167,63.002355,58.946671,57.946865,52.171717,55.766760,52.497929,46.561070,46.675592,37.391458,34.991095,33.605316
86,bpillar_sample_086.csv,-0.910307,-0.128360,0.640396,-0.820385,0.906336,-0.390461,0.891497,0.964421,0.749204,0.929855,-0.157482,-0.405183,-0.638623,-0.843429,0.251664,-0.436263,-0.988108,-0.405220,-0.271498,0.876792,0.031268,-0.839968,2.272389,2.467232,2.659330,2.294842,2.726545,2.402345,2.722143,87.692004,67.657815,74.787534,62.374777,57.343653,53.734075,51.126907,56.928167,49.929618,44.606012,44.532555,42.024353,42.759896,35.812547,29.628170
87,bpillar_sample_087.csv,-0.830585,0.251800,0.432560,-0.582553,-0.615354,-0.275723,0.482794,-0.831973,-0.846744,-0.356961,-0.152103,-0.684948,-0.551001,0.237776,-0.529677,-0.743211,-0.431090,0.931175,0.679925,-0.860519,-0.857102,-0.678715,2.292319,2.562246,2.607386,2.354299,2.346128,2.431029,2.619994,73.324676,57.612572,65.982496,62.408864,55.671635,54.237024,57.163957,52.589332,48.327127,47.363071,50.735207,46.134230,35.930010,32.640988,30.149742
88,bpillar_sample_088.csv,-0.940993,-0.808056,0.808160,0.907710,-0.019776,-0.394207,0.211220,-0.549839,-0.579450,-0.244544,-0.958684,0.852996,0.569855,-0.143766,-0.013365,0.811697,-0.363020,-0.638720,0.315887,0.058406,0.228108,-0.827334,2.264718,2.297355,2.701259,2.726854,2.495020,2.401408,2.552119,75.581148,59.294978,66.751708,57.297341,64.863192,60.670710,55.033567,55.456443,56.444869,47.699997,43.448801,44.561688,39.542577,36.515286,29.669032
89,bpillar_sample_089.csv,-0.021108,0.318633,0.154882,0.918186,-0.783433,-0.421935,0.668695,-0.665799,-0.502143,-0.074355,0.114951,0.332896,0.501261,0.408421,0.812879,-0.654500,0.560144,0.902415,-0.721803,0.430713,0.886646,0.140968,2.494686,2.578950,2.537986,2.729473,2.304109,2.394476,2.666457,74.653714,59.781565,67.916227,64.101261,61.754802,60.276980,58.116777,60.044635,48.790263,52.269369,50.601723,40.079163,41.006226,38.866328,32.801012
90,bpillar_sample_090.csv,-0.574408,0.009770,0.169773,-0.353391,0.999181,-0.469810,0.949891,0.626234,0.133056,-0.181574,-0.621607,0.524930,0.462029,0.595622,-0.957095,0.978826,0.391690,0.837634,0.543657,-0.471188,0.968073,0.340988,2.356363,2.501755,2.541708,2.411588,2.749756,2.382508,2.736737,84.987222,63.779642,67.182580,59.433487,62.902497,60.051788,59.162035,50.215848,57.317401,51.435573,50.301050,45.545588,37.460585,39.157028,33.447976
91,bpillar_sample_091.csv,0.041841,-0.481654,-0.221448,0.871573,-0.777156,0.473371,-0.948686,0.356269,-0.429411,-0.603542,0.180969,0.493434,0.070074,0.469205,-0.141974,-0.012449,-0.223173,-0.323266,0.603159,-0.969892,0.923465,-0.528492,2.510423,2.378933,2.443931,2.717820,2.305678,2.618299,2.262220,82.828078,60.239353,64.295262,64.519640,62.714263,57.801977,58.456169,54.742272,52.142230,48.392194,44.912930,45.802621,35.500032,38.997772,30.635640
92,bpillar_sample_092.csv,0.836574,0.804200,0.197575,0.881166,0.347843,0.564569,0.586025,0.766918,-0.561434,0.116537,0.100407,0.340173,-0.678882,-0.004846,-0.082785,0.789745,0.008583,0.602826,0.473031,0.586862,0.148176,-0.767754,2.709103,2.700308,2.548656,2.720219,2.586924,2.641098,2.645795,86.112394,59.408373,69.222402,64.009095,61.798294,53.502987,55.809244,55.070953,56.330264,49.539316,49.211228,45.240504,41.620095,36.229923,29.861746
93,bpillar_sample_093.csv,0.474694,-0.025065,-0.728722,0.570952,0.037524,-0.701894,-0.165380,-0.370943,-0.121136,-0.438276,-0.109653,-0.003855,0.377798,-0.422349,-0.981470,-0.888201,-0.147577,0.638976,0.997731,-0.763110,-0.681021,-0.033531,2.618634,2.493049,2.317149,2.642667,2.509345,2.324488,2.457994,77.011936,62.179706,65.426094,62.677885,59.742198,59.568304,53.478064,50.080495,47.570175,48.766373,49.379014,47.507059,36.312952,33.269610,32.236594
94,bpillar_sample_094.csv,0.391267,-0.332463,-0.761608,0.597813,0.726281,0.618161,0.886915,-0.315907,-0.941987,-0.515946,0.670975,-0.588395,-0.498860,0.868792,0.042666,-0.263258,0.507848,0.211769,-0.583143,0.604815,0.658057,-0.901886,2.597778,2.416220,2.308930,2.649382,2.681532,2.654496,2.720997,77.452106,57.013089,64.894637,67.624942,56.248680,54.536310,60.687316,55.767592,50.832826,52.010520,47.396203,40.678136,41.690674,38.050242,29.427894
95,bpillar_sample_095.csv,0.882148,-0.861501,0.843362,0.942087,0.915846,-0.983497,0.488068,0.925934,0.094696,0.421382,0.620173,0.819338,0.992667,-0.661988,-0.212118,0.639825,-0.215735,-0.814332,0.637692,-0.230818,0.463732,0.397370,2.720496,2.283997,2.710057,2.735448,2.728922,2.254088,2.621312,87.384187,63.538199,71.308304,67.302992,64.662034,63.097639,52.140008,54.352754,55.547571,48.429014,42.633730,45.951795,38.405551,37.356486,33.630345
96,bpillar_sample_096.csv,0.505855,-0.251003,0.840308,-0.344377,0.180860,0.062306,0.401791,0.577303,0.159447,-0.975632,0.880613,-0.882310,0.337336,-0.923143,-0.688673,0.993535,-0.662823,-0.752726,0.359952,0.487874,0.285626,-0.665140,2.626424,2.436580,2.709293,2.413841,2.545178,2.515535,2.599749,84.595880,63.945755,61.749236,68.953477,54.492091,59.336053,50.681815,51.706413,57.394194,46.216070,42.919661,44.752035,41.230944,36.720629,30.193651
97,bpillar_sample_097.csv,-0.660210,0.889725,0.557133,0.510999,0.068174,-0.846908,-0.378780,0.385350,-0.814513,-0.618606,-0.632003,0.002952,0.493904,-0.457090,0.318256,0.020155,-0.429775,0.058067,-0.958240,-0.386427,-0.189443,-0.357330,2.334913,2.721683,2.638520,2.627679,2.517007,2.288235,2.404659,83.060664,57.815440,64.192189,59.367605,59.782881,60.234754,53.284080,57.297961,52.312447,47.369582,46.682823,39.057821,37.793808,35.024591,31.189262
98,bpillar_sample_098.csv,0.601437,0.576399,-0.331340,-0.264547,0.491004,-0.403013,0.912057,-0.106336,0.219264,-0.376039,-0.832933,-0.348565,-0.094553,0.107461,-0.091676,0.797120,-0.453078,-0.446835,-0.783756,0.232346,-0.478728,-0.996695,2.650320,2.643373,2.416466,2.433798,2.622713,2.399207,2.727281,79.128230,64.322257,65.851951,58.094259,57.682036,56.857022,56.436326,55.021576,56.368769,47.254239,44.339405,39.811545,40.226387,33.991818,29.121232
99,bpillar_sample_099.csv,-0.815006,0.879455,-0.829321,-0.307645,0.580365,0.080512,0.285397,-0.941516,0.282240,-0.859895,0.072231,-0.779881,-0.815297,0.608312,-0.992459,0.291640,0.519792,-0.027434,0.529900,-0.612400,0.893411,-0.582411,2.296214,2.719117,2.292007,2.423024,2.645053,2.520086,2.570658,72.448566,64.718641,62.541171,63.830533,55.104261,52.719969,59.232892,50.019471,53.729794,52.069637,46.285982,45.486162,36.905438,38.890478,30.461239
100,bpillar_sample_100.csv,0.530818,0.333534,-0.757042,-0.036164,-0.094472,-0.027856,0.127463,0.127396,0.544702,0.248612,-0.720770,0.418358,-0.170243,-0.201973,-0.765900,-0.112519,0.678552,0.587198,-0.226303,0.625137,-0.196009,-0.481257,2.632665,2.582674,2.310071,2.490892,2.476346,2.492994,2.531185,80.997582,66.370629,70.126130,58.805066,62.265565,56.422566,54.708563,51.277568,51.619795,52.855451,49.138694,42.219581,41.770566,35.001151,30.788421
101,bpillar_sample_101.csv,-0.303031,0.002706,-0.049208,0.345909,0.793846,0.420754,0.813789,0.878011,-0.476782,0.675251,-0.941541,-0.613448,0.943906,-0.070462,0.666066,0.803265,-0.589522,0.349700,-0.387436,-0.602989,-0.993037,-0.023016,2.424206,2.499989,2.486979,2.586408,2.698423,2.605145,2.702721,87.000906,59.941194,73.045405,57.405979,56.098952,62.817754,55.442869,59.229372,56.400849,46.578887,48.036386,41.523534,36.942435,32.155687,32.270602
102,bpillar_sample_102.csv,-0.807826,0.562905,-0.954168,-0.300362,0.532052,0.111428,-0.602306,0.782767,0.400628,0.448658,-0.860106,0.860614,0.310719,0.464459,-0.896749,0.382774,-0.498769,0.140740,0.526552,0.962030,0.100168,0.066351,2.298009,2.640001,2.260804,2.424844,2.632975,2.527815,2.348792,86.239158,65.463797,71.494942,57.922057,64.908720,59.183274,58.429671,50.550956,54.205582,47.028084,47.066533,45.471700,43.094992,36.058527,32.559662
103,bpillar_sample_103.csv,0.819218,-0.371891,-0.441220,-0.910536,-0.708607,-0.673964,0.179943,0.981033,0.949496,-0.889679,0.297494,0.978348,-0.899000,-0.260072,0.839844,0.256725,-0.958719,0.076373,0.448808,0.969521,-0.827171,-0.373911,2.704764,2.406366,2.389004,2.272305,2.322815,2.331470,2.544302,87.824863,68.918495,62.337372,65.258088,65.612359,52.239518,54.384159,60.194370,53.547514,44.751477,46.767785,45.135867,43.124440,32.747844,31.135633
104,bpillar_sample_104.csv,0.824846,0.510039,0.819393,0.789034,0.049539,-0.002005,-0.678898,0.925084,0.556741,-0.220942,0.739746,-0.233263,-0.453320,0.034056,0.121519,-0.472584,-0.231995,-0.394026,-0.649173,0.914009,0.083234,-0.064399,2.706171,2.626788,2.704066,2.697186,2.512349,2.499457,2.329649,87.377392,66.446411,66.913205,68.060764,58.371139,54.797712,56.026460,56.205464,49.739995,48.348530,44.584508,40.392906,42.906204,35.998074,32.136749
105,bpillar_sample_105.csv,-0.581464,-0.244184,-0.295991,-0.933324,-0.150324,0.291738,-0.677125,-0.051490,-0.156087,-0.692511,-0.871774,-0.975976,-0.993799,-0.938336,0.264864,0.872997,-0.390616,-0.094844,-0.908748,-0.305406,0.055275,0.553621,2.354599,2.438284,2.425301,2.266608,2.462384,2.572892,2.330092,79.566879,61.959716,63.686497,57.848113,53.932295,51.695371,50.596981,57.001471,56.764901,47.563408,45.973111,39.271614,38.112323,35.898256,34.135740
106,bpillar_sample_106.csv,0.357555,0.362316,0.024033,-0.796727,-0.978979,0.233101,0.187345,-0.436524,-0.640639,-0.004498,0.588548,-0.270552,0.010782,0.477500,0.702635,-0.547309,-0.164945,0.338562,-0.426847,-0.713483,-0.527984,0.569856,2.589350,2.589867,2.505284,2.300757,2.255223,2.558233,2.546152,76.487429,58.909842,68.394222,67.102578,58.148280,57.461644,58.502489,59.432439,49.349877,48.680406,47.984690,41.353289,36.508054,33.815967,34.188249
107,bpillar_sample_107.csv,0.141336,-0.028101,0.519087,-0.834285,0.363579,0.896133,-0.912494,-0.695033,-0.678749,-0.838373,-0.448102,-0.526368,0.717183,0.193630,0.333136,0.763477,-0.378659,-0.664896,0.432612,0.332063,-0.474069,-0.606848,2.535296,2.492290,2.629011,2.291367,2.590858,2.723988,2.271266,74.419903,58.669966,62.688432,60.533037,56.619388,61.516366,56.917459,57.380587,56.193126,47.622591,43.327309,45.065907,40.618404,34.008448,30.382196
108,bpillar_sample_108.csv,0.233139,-0.232671,-0.956024,-0.726327,0.680917,-0.957081,-0.131970,-0.161378,0.920659,-0.341746,0.369763,-0.812289,-0.321398,-0.671997,-0.581494,0.942168,0.442264,-0.057367,0.171018,-0.450777,-0.777084,0.718744,2.558246,2.441161,2.260340,2.318356,2.670191,2.260692,2.466344,78.688004,68.736990,66.086604,65.716080,54.910573,55.554938,52.084118,52.301587,57.126022,51.685898,46.147056,43.935893,37.540827,32.926659,34.669829
109,bpillar_sample_109.csv,0.342053,0.832220,-0.360194,-0.492847,-0.733950,-0.835140,0.798326,0.017116,0.782376,0.595689,0.242159,0.092864,0.440434,0.813572,0.101085,0.673289,0.711917,-0.753781,0.443803,0.739923,-0.406735,0.795898,2.585474,2.707311,2.409255,2.376725,2.316479,2.291177,2.698856,80.115578,67.866603,72.501003,64.907413,60.320242,59.927833,60.378989,56.091994,55.722277,53.020598,42.914764,45.114248,42.221821,34.248839,34.919385
110,bpillar_sample_110.csv,0.796188,0.305366,0.547950,0.244952,0.125574,-0.309950,-0.724973,0.170518,-0.020711,0.875223,-0.808528,-0.046956,-0.606057,-0.726108,0.831996,-0.941923,-0.102939,-0.948870,0.904778,-0.743893,0.469527,0.892579,2.699007,2.575634,2.636225,2.561169,2.531357,2.422472,2.318133,81.342472,62.811803,74.413713,58.248916,59.484604,53.921002,51.781985,60.150793,47.289705,48.987316,42.009296,47.105530,36.388501,37.377173,35.232101
111,bpillar_sample_111.csv,0.113153,-0.311616,-0.388585,-0.531983,0.483458,-0.490721,-0.497284,-0.428568,-0.734174,0.402113,0.932114,0.530417,0.206212,-0.092553,-0.420225,0.434062,0.760681,-0.115690,-0.793046,0.528419,-0.557256,0.017273,2.528250,2.421431,2.402159,2.366941,2.620827,2.377280,2.375041,76.551057,58.321108,71.176460,69.279853,62.935288,58.583407,55.319522,53.197124,54.473342,53.261964,45.876360,39.771414,41.390337,33.711464,32.400919
112,bpillar_sample_112.csv,-0.127229,-0.646128,0.452751,0.660309,0.648347,0.255859,-0.190896,-0.217576,-0.438025,-0.541799,0.019385,-0.515304,-0.298255,-0.965168,0.551316,-0.799561,0.661889,0.285818,0.378129,-0.356020,-0.757119,-0.057414,2.468156,2.337825,2.612432,2.665006,2.662048,2.563922,2.451617,78.238544,60.185138,64.717741,63.495633,56.685515,55.687780,50.447161,58.592155,48.032938,52.772971,47.739890,44.830556,37.913344,32.997934,32.159344
113,bpillar_sample_113.csv,-0.782871,0.112891,0.295879,0.420472,0.965926,-0.456373,0.507700,-0.177846,-0.418760,0.010456,-0.092650,-0.256646,-0.923539,0.262571,0.857132,-0.068483,-0.098412,-0.991884,0.711557,-0.312072,-0.448986,0.515707,2.304248,2.527528,2.573225,2.605048,2.741442,2.385867,2.626219,78.556302,60.306397,68.496546,62.785634,58.231390,52.098666,57.302405,60.290375,51.849692,49.009724,41.809650,46.270871,38.086119,34.097999,34.013105
114,bpillar_sample_114.csv,-0.492669,0.444941,-0.616122,0.332793,0.264282,0.602609,-0.879284,0.446026,0.039256,-0.751072,0.386002,0.048722,0.917553,0.766249,-0.049730,0.934038,0.379267,-0.505864,0.285395,-0.180363,-0.382589,0.501200,2.376797,2.610518,2.345291,2.583129,2.566033,2.650608,2.279566,83.545943,63.189244,63.285791,65.818988,60.056427,62.666488,60.114754,55.254506,57.083576,51.374082,44.065433,44.429973,38.603906,34.335042,33.966181
115,bpillar_sample_115.csv,-0.113397,-0.598107,0.585754,-0.217303,0.758585,0.019522,0.752023,0.557208,-0.381315,0.363664,0.160417,-0.155331,-0.394546,-0.149032,-0.437340,-0.390538,-0.932264,-0.064892,0.616867,-0.109763,0.191513,-0.216756,2.471614,2.349828,2.645673,2.445609,2.689607,2.504839,2.687283,84.435163,60.542081,70.913370,64.389393,58.836899,55.135074,55.004163,53.102086,50.168332,44.882423,46.112130,45.861837,38.881455,36.384640,31.643952
116,bpillar_sample_116.csv,0.755278,0.503553,-0.943941,0.373602,0.778558,-0.708215,-0.942556,0.817895,-0.972213,0.046145,-0.342076,-0.640185,-0.593565,-0.223952,0.540919,0.439882,-0.455358,-0.491662,-0.319337,-0.301380,0.023811,0.494040,2.688779,2.625167,2.263360,2.593331,2.694601,2.322907,2.263753,86.520103,56.822844,68.740749,61.204954,55.939159,53.992706,54.585837,58.534421,54.503729,47.242952,44.131347,41.817700,38.128150,35.785927,33.943024
117,bpillar_sample_117.csv,-0.211544,0.836273,0.409853,-0.909962,-0.790795,0.116507,0.266523,-0.625690,-0.623464,0.941726,-0.460710,-0.420999,0.481783,0.989157,-0.839727,0.216374,-0.818169,-0.771946,0.146776,0.140828,0.326463,0.595343,2.447077,2.708324,2.601711,2.272449,2.302268,2.529085,2.565941,74.974500,59.017944,74.868762,60.453138,57.249131,60.165176,61.359392,50.867604,53.336851,45.447154,42.830455,43.831176,39.866604,36.866420,34.270688
118,bpillar_sample_118.csv,-0.844718,0.643664,0.715714,-0.545460,0.371245,-0.465830,-0.449690,0.474255,-0.321138,-0.924534,0.842915,0.900810,-0.834876,-0.254306,0.290604,-0.869753,-0.474952,-0.358900,0.865060,-0.093285,0.348645,-0.524490,2.288786,2.660185,2.678154,2.363572,2.592774,2.383503,2.386936,83.771719,60.920845,62.098878,68.714574,65.148950,52.607588,54.416352,57.144404,47.666484,47.145972,44.747538,46.933958,38.946233,36.945614,30.648583
119,bpillar_sample_119.csv,0.010329,-0.820277,0.214349,0.523238,0.502629,0.764480,-0.226392,0.042463,0.462569,-0.035223,-0.504678,0.032786,0.319145,-0.642436,-0.038372,0.658078,-0.749338,-0.168700,0.838321,-0.519002,0.592075,0.318015,2.502545,2.294300,2.552849,2.630739,2.625619,2.691075,2.442745,80.318300,65.853672,68.183987,60.174502,59.961184,59.231641,52.249176,55.317581,55.642867,45.787847,45.630322,46.818452,37.272615,37.814680,33.373669
120,bpillar_sample_120.csv,0.121096,-0.603563,0.399193,-0.362014,-0.803921,-0.131085,-0.466237,-0.299301,-0.790228,-0.111914,0.733621,-0.535129,-0.412225,0.450532,-0.525275,-0.151442,0.874591,0.248506,-0.173380,-0.937535,-0.110321,0.867421,2.530236,2.348464,2.599046,2.409432,2.298987,2.467188,2.382800,77.584918,57.968292,67.659231,68.021950,56.567027,55.033595,58.351907,52.613775,51.416587,53.825780,47.566712,42.448194,35.627237,35.307063,35.150725
121,bpillar_sample_121.csv,-0.929310,0.771408,-0.207330,-0.888766,-0.134199,-0.592605,-0.581352,0.464027,-0.715001,-0.983010,0.552003,0.162397,0.967855,0.826178,0.808303,-0.789620,0.414599,-0.858125,-0.448943,0.711607,-0.703222,0.876141,2.267639,2.692112,2.447460,2.277748,2.466415,2.351810,2.354029,83.689913,58.441788,61.698755,66.870985,60.735809,62.955220,60.449378,60.019220,48.084839,51.548966,42.430471,41.257840,42.110502,33.190351,35.178932
122,bpillar_sample_122.csv,0.219396,0.660718,-0.079899,-0.277490,-0.207660,0.004433,0.082284,-0.350528,-0.334044,-0.908175,-0.713266,-0.937606,-0.056874,0.111082,0.161472,-0.396135,0.587182,0.912533,-0.384547,0.892218,0.229018,0.053681,2.554811,2.664447,2.479308,2.430562,2.448050,2.501066,2.519894,77.175214,60.839617,62.210814,58.852620,54.161614,57.073297,56.456545,56.427326,50.139112,52.403196,50.648680,41.536015,42.820540,36.518533,32.518680
123,bpillar_sample_123.csv,-0.725189,-0.662483,-0.815763,-0.490035,-0.576723,-0.685508,-0.962654,0.348181,-0.458804,-0.231977,-0.178401,-0.643736,0.450350,-0.889528,0.942829,-0.185486,-0.289486,-0.000387,-0.697814,-0.512932,-0.727540,-0.990833,2.318668,2.333738,2.295395,2.377427,2.355785,2.328584,2.258729,82.763395,60.054349,66.837696,62.242207,55.917937,59.984751,50.869508,60.766253,51.238855,48.063967,46.411518,40.182790,37.296479,33.103533,29.140195
124,bpillar_sample_124.csv,0.017949,0.524969,-0.424039,0.155530,-0.318794,-0.106483,0.938825,-0.593531,-0.242509,-0.384247,0.491518,0.127097,-0.248314,-0.611582,-0.225975,-0.991657,0.146275,0.934983,-0.930059,0.554410,0.511634,-0.903227,2.504450,2.630519,2.393298,2.538815,2.420267,2.473338,2.733971,75.231703,61.415756,65.795788,66.487670,60.524838,55.974438,52.421458,54.275806,47.030060,50.220844,50.752880,39.179555,41.492517,37.527499,29.423557
125,bpillar_sample_125.csv,0.337016,-0.105380,-0.240099,0.287082,0.007051,-0.179054,0.931413,-0.343530,-0.034373,-0.572034,0.342689,-0.558652,-0.524769,0.854332,0.790179,-0.794957,-0.549405,-0.695703,0.235003,-0.628857,0.700896,0.966090,2.584215,2.472975,2.439270,2.571701,2.501727,2.455196,2.732119,77.231180,62.725810,64.510858,65.544503,56.426443,54.387597,60.606578,59.918577,48.056974,46.777451,43.184325,44.212292,36.840742,38.203180,35.469872
126,bpillar_sample_126.csv,-0.971053,-0.398958,-0.568975,-0.366128,-0.884178,0.741168,-0.778935,-0.147555,0.383773,0.012848,0.729117,-0.498273,0.792279,0.683183,-0.458717,-0.764719,0.804377,-0.850579,-0.168201,-0.385229,-0.649069,0.839876,2.257203,2.399601,2.357075,2.408404,2.278923,2.685247,2.304647,78.798565,65.357709,68.512913,67.993403,56.787298,61.947419,59.650947,52.983377,48.214841,53.478245,42.465497,42.470564,37.798516,33.383684,35.061631
127,bpillar_sample_127.csv,-0.874658,0.188307,-0.681243,0.673213,0.938859,0.698096,-0.815517,-0.843725,-0.263934,-0.674541,0.505012,0.788259,-0.512018,-0.754147,0.985739,0.653435,0.336692,0.179243,-0.666065,0.909706,0.441806,-0.949366,2.281301,2.546377,2.329016,2.668232,2.734675,2.674479,2.295504,73.230683,61.280902,63.809456,66.573188,64.476289,54.460784,51.625425,61.004535,55.618626,51.163350,47.245239,40.319936,42.889288,37.278208,29.274319
128,bpillar_sample_128.csv,0.400800,-0.290731,0.686061,-0.842520,0.960938,-0.698818,0.524182,-0.332514,-0.200532,-0.497335,0.650597,0.883370,-0.161063,0.775539,-0.860285,0.822701,-0.778995,-0.724116,0.220170,0.655205,0.651382,0.457125,2.600161,2.426650,2.670743,2.289309,2.740195,2.325257,2.630338,77.319288,61.679971,65.021983,67.495801,65.044721,56.475260,60.166625,50.753443,56.502320,45.641055,43.052451,44.148217,41.888772,38.026413,33.823622
129,bpillar_sample_129.csv,-0.553357,0.012964,-0.134217,0.388320,0.250456,-0.924948,-0.059301,0.105551,0.728864,-0.706166,-0.516195,-0.167789,-0.013560,-0.895885,0.955584,0.185261,-0.622303,-0.338498,0.082970,0.842964,0.292701,-0.638377,2.361625,2.502553,2.465733,2.597010,2.562577,2.268725,2.484507,80.822874,67.529788,63.593058,60.101511,58.762447,57.321920,50.834015,60.837082,53.174422,46.416627,44.842233,43.555551,42.626905,36.745890,30.280215
130,bpillar_sample_130.csv,0.743317,0.741577,-0.158179,0.196682,-0.300403,0.780197,-0.851836,-0.864884,-0.696539,0.462777,0.137341,0.590131,-0.380782,-0.440304,0.571882,-0.046241,-0.853596,0.892500,0.897476,-0.912901,-0.424934,0.297047,2.685789,2.684657,2.459744,2.549102,2.424864,2.695004,2.286426,73.061462,58.557994,71.591551,64.243154,63.292172,55.214075,53.377810,58.706358,51.965813,45.271802,50.555702,47.073986,35.724080,34.183867,33.305847
131,bpillar_sample_131.csv,0.661421,-0.018619,-0.008891,-0.741630,-0.763747,0.672490,0.103975,-0.794113,0.458884,-0.942814,-0.933700,0.375369,0.292232,-0.094787,0.382267,-0.587816,-0.126224,-0.182893,-0.000559,0.820530,-0.107045,-0.591141,2.665315,2.494660,2.497055,2.314530,2.309030,2.668078,2.525315,73.627473,65.830475,61.973794,57.455671,62.008641,59.077163,55.307046,57.653416,49.138400,48.872063,45.564446,43.194731,42.538714,35.318760,30.433002
132,bpillar_sample_132.csv,-0.650420,-0.556187,-0.931774,0.368981,-0.769034,-0.906974,0.159997,-0.982143,0.659435,0.111065,0.377186,-0.921520,-0.039240,-0.058942,0.186739,0.834039,0.672549,-0.810983,-0.365692,0.790141,0.958751,0.404580,2.337360,2.360305,2.266401,2.592176,2.307708,2.273219,2.539317,72.123637,67.092790,69.184963,65.763120,54.257755,57.174519,55.507193,56.567637,56.561510,52.825736,42.649273,41.617462,42.419244,39.123747,33.653664
133,bpillar_sample_133.csv,0.492516,0.764312,-0.465271,0.548488,-0.449974,0.525332,-0.176866,0.336113,-0.216884,-0.415768,-0.379392,0.711277,0.958913,-0.802882,0.075347,-0.048708,-0.208512,0.920163,0.927737,0.972402,-0.282432,-0.262138,2.623090,2.690339,2.382993,2.637051,2.387472,2.631289,2.455124,82.666874,61.577044,65.580110,60.968473,64.016202,62.903891,51.353309,55.949071,51.952933,48.464764,50.684094,47.204705,43.135768,34.692613,31.497161
134,bpillar_sample_134.csv,-0.520162,0.314749,-0.630186,-0.078947,0.089361,-0.767917,0.923771,-0.730980,-0.110654,-0.663037,-0.303904,-0.413320,-0.654360,0.949902,-0.442332,0.312306,0.362685,0.268208,0.414655,-0.210276,-0.356997,-0.497812,2.369924,2.577979,2.341776,2.480197,2.522304,2.307982,2.730209,74.132405,62.245677,63.888171,61.446859,57.295021,53.643742,61.140204,53.074364,53.837690,51.292010,47.658155,44.988337,38.486309,34.426408,30.734874
135,bpillar_sample_135.csv,-0.465408,-0.146085,-0.306124,-0.603813,-0.701834,0.431417,0.417954,-0.643943,-0.014896,-0.265111,-0.322085,0.316539,0.072703,-0.743723,0.396083,-0.854524,0.840199,0.588323,-0.303957,-0.083331,0.246902,-0.570417,2.383612,2.462802,2.422768,2.348984,2.324508,2.607811,2.603789,74.828513,62.848400,66.610978,61.331641,61.657040,57.817067,51.683627,57.730137,47.745994,53.655549,49.143913,41.884139,38.985366,36.582382,30.500033
136,bpillar_sample_136.csv,-0.758921,-0.762167,-0.077833,0.338367,-0.849841,-0.566830,0.561251,-0.042231,0.803708,0.549038,0.874329,0.548031,0.047357,0.801274,-0.335982,0.121506,0.632376,0.767313,0.029439,-0.036929,0.417241,-0.504394,2.310235,2.308824,2.479824,2.584522,2.287507,2.358253,2.639603,79.640929,68.000874,72.181790,68.913656,63.040562,57.671583,60.310319,53.664932,52.841573,52.626892,49.974669,43.324315,39.167787,37.190508,30.713584
137,bpillar_sample_137.csv,0.282797,0.341494,0.605820,0.861375,-0.385680,-0.743483,0.770997,-0.535207,-0.663559,0.056166,-0.167454,0.738926,0.327917,0.015800,0.767081,-0.253372,-0.736478,-0.294041,0.340362,0.947006,-0.806675,-0.181753,2.570661,2.584663,2.650688,2.715271,2.403545,2.314091,2.692026,75.698172,58.765578,68.809320,62.311581,64.181449,59.281989,55.924523,59.790314,50.884437,45.851500,45.048573,44.667411,43.035925,32.821014,31.757168
138,bpillar_sample_138.csv,-0.292838,0.471968,-0.521735,-0.732390,-0.893421,-0.237453,0.775837,0.796444,0.932264,0.988896,-0.577523,0.913357,0.603841,-0.479830,0.716472,0.096583,-0.143975,0.045942,-0.855695,-0.165358,0.434227,0.310457,2.426754,2.617273,2.368881,2.316841,2.276612,2.440596,2.693235,86.348542,68.810034,75.191519,59.712864,65.223938,60.865789,53.157112,59.509278,52.711459,48.784199,46.626543,39.500787,38.662892,37.251149,33.349222
139,bpillar_sample_139.csv,-0.381002,-0.717662,-0.884257,-0.860987,-0.006773,-0.869190,-0.557321,-0.746031,0.881939,0.202926,0.520903,0.239736,-0.067663,-0.543634,0.392208,-0.837874,-0.109051,-0.620562,0.346835,0.310607,0.742149,-0.324933,2.404713,2.319947,2.278277,2.284692,2.498271,2.282664,2.360035,74.012028,68.493274,69.813520,66.673891,61.198028,57.011369,52.800853,57.708619,47.832919,48.957064,43.533079,44.695373,40.534054,38.350458,31.294052
140,bpillar_sample_140.csv,-0.284483,0.434544,0.128217,-0.778873,0.606703,0.392528,-0.082588,0.946764,0.897974,-0.586242,0.246935,-0.107391,0.877381,0.283614,-0.172934,-0.531124,-0.175987,-0.505309,-0.183446,-0.559629,0.046350,-0.920081,2.428843,2.607919,2.531322,2.305220,2.651638,2.598089,2.478687,87.550782,68.594205,64.413640,64.937685,59.123415,62.435898,57.419902,54.570346,49.434371,48.625751,44.068009,42.404711,37.112897,35.866393,29.369041
141,bpillar_sample_141.csv,-0.559731,-0.517759,0.769605,-0.004889,0.101496,0.243309,0.896158,0.756368,0.564740,-0.854322,0.002165,0.460236,-0.547834,0.065369,-0.948687,0.733251,-0.327347,-0.515455,0.255564,-0.150091,-0.234146,0.032370,2.360032,2.369909,2.691623,2.498711,2.525338,2.560785,2.723308,86.028023,66.496756,62.579300,63.386506,62.515850,54.255204,56.201302,50.262542,56.035325,47.876566,44.020916,44.301110,38.722912,34.864996,32.449749
142,bpillar_sample_142.csv,0.765434,-0.901501,0.134889,0.310471,0.303365,0.223652,-0.198289,0.435122,-0.486431,0.058499,-0.510843,0.573247,0.922543,0.911127,0.408052,-0.062182,-0.643310,-0.382436,-0.014516,0.802083,0.611635,-0.267096,2.691318,2.274000,2.532990,2.577549,2.575804,2.555870,2.449769,83.458739,59.880458,68.825282,60.135431,63.191266,62.695129,60.923699,57.796602,51.882589,46.312649,44.638299,43.134443,42.466192,37.884513,31.481125
143,bpillar_sample_143.csv,0.483082,0.865586,0.279793,0.623198,-0.695166,0.734427,-0.749919,0.010661,0.605967,-0.292356,-0.008550,0.369632,-0.792791,-0.595308,-0.571644,-0.029326,0.852252,-0.552535,-0.114534,-0.988443,0.425319,-0.662298,2.620731,2.715650,2.569205,2.655728,2.326175,2.683562,2.311899,80.063956,66.756250,66.424552,63.318600,61.974357,52.849157,52.512321,52.356284,52.054120,53.715210,43.848816,42.702393,35.427103,37.219347,30.202844
144,bpillar_sample_144.csv,0.414050,0.971871,0.329199,0.665654,0.788861,-0.893460,-0.249568,-0.063550,-0.648343,-0.947877,0.091168,-0.853431,0.128631,0.360123,0.609452,-0.772104,-0.155605,0.368635,-0.050682,-0.846021,-0.210741,-0.091033,2.603474,2.742214,2.581553,2.666342,2.697176,2.276597,2.436953,79.470423,58.861351,61.939150,63.950544,54.664688,58.138094,57.847100,58.914990,48.176282,48.726635,48.124273,42.978216,35.987008,34.948555,32.050603
145,bpillar_sample_145.csv,0.640986,0.989746,0.539231,-0.457105,0.942893,0.177495,0.146153,0.699418,0.280663,0.789018,0.956493,-0.862476,0.383523,-0.233094,-0.045250,-0.607660,0.425738,-0.483894,0.059286,-0.332032,-0.577852,-0.543502,2.660207,2.746682,2.634046,2.385660,2.735684,2.544331,2.535856,85.572541,64.708712,73.823857,69.434351,54.610629,59.601170,54.534791,55.279385,49.034799,51.604098,44.167400,43.453244,38.007649,33.637934,30.587088
146,bpillar_sample_146.csv,-0.445490,-0.924908,0.162172,-0.026985,-0.601372,-0.111205,-0.296577,-0.242541,0.083994,0.391256,-0.242374,0.559260,-0.676574,0.444672,0.921377,-0.665421,-0.784093,-0.279428,0.695052,0.083679,-0.223999,-0.365836,2.388592,2.268150,2.539808,2.493187,2.349623,2.472157,2.425204,78.038873,63.470835,71.102171,61.836795,63.107671,53.516238,58.319189,60.647131,48.733244,45.615818,45.116394,46.199572,39.641933,34.901221,31.161750
147,bpillar_sample_147.csv,0.071098,0.896395,0.090799,0.096134,-0.493778,0.069662,-0.071920,0.852783,-0.397791,0.796185,0.994445,-0.225671,-0.662820,0.618826,0.195874,-0.938830,0.857827,-0.716202,0.104131,0.351173,0.258633,-0.817388,2.517737,2.723350,2.521970,2.523966,2.376521,2.517374,2.481353,86.799133,60.438379,73.872897,69.674862,58.416512,53.595186,59.291598,56.618365,47.305855,53.742804,43.089184,43.646964,40.693529,36.624264,29.701203
148,bpillar_sample_148.csv,-0.752775,-0.073526,-0.669868,-0.749613,-0.331488,0.802561,-0.173874,-0.894177,0.698697,-0.195506,0.064334,-0.739229,-0.230045,-0.507300,-0.279437,0.114146,-0.945734,-0.745040,0.766977,-0.138429,-0.257297,-0.010482,2.311772,2.480937,2.331859,2.312535,2.417093,2.700595,2.455871,72.827181,67.339913,67.087252,63.780492,55.347219,56.079301,53.003730,53.978929,52.803149,44.815749,42.955338,46.510267,38.768761,34.782346,32.311145
149,bpillar_sample_149.csv,0.916125,0.260480,-0.168394,0.926551,0.983661,0.903502,0.995435,-0.509668,-0.758045,0.152463,0.831054,-0.804743,-0.133979,0.627473,-0.594529,-0.246884,-0.617061,-0.466552,-0.894240,-0.721180,0.187349,-0.774091,2.728990,2.564415,2.457191,2.731565,2.745876,2.725830,2.748120,75.902434,58.170861,69.468229,68.639407,54.955675,56.630717,59.339882,52.229205,50.918309,46.442573,44.247892,39.334286,36.477794,36.369772,29.841248
150,bpillar_sample_150.csv,0.262722,-0.778436,0.142693,0.847873,-0.725640,-0.864169,-0.021370,-0.185957,0.391413,-0.886307,0.035799,-0.759037,-0.343289,0.291286,0.002691,-0.576261,-0.037253,0.299175,-0.330410,0.455563,0.541423,0.038644,2.565642,2.304758,2.534940,2.711895,2.318557,2.283920,2.493987,78.491426,65.405799,62.360442,63.599653,55.228836,55.429284,57.462737,55.545605,49.198725,49.312441,47.801884,41.769871,41.103920,37.633848,32.470044
151,bpillar_sample_151.csv,-0.046072,0.557356,0.063074,0.827842,-0.838016,0.401156,-0.478339,0.948404,0.847278,-0.033261,0.473746,-0.117726,-0.884939,0.165706,-0.104123,-0.780772,0.153695,0.785915,-0.778128,-0.533359,-0.831187,0.845817,2.488445,2.638614,2.515041,2.706888,2.290463,2.600246,2.379776,87.563902,68.275111,68.197409,66.375047,59.061647,52.320228,56.761545,54.952458,48.131030,50.257573,50.061008,39.835855,37.216173,32.733505,35.080847
152,bpillar_sample_152.csv,-0.429084,0.176411,-0.017392,0.490907,-0.073574,0.966795,-0.800532,0.885055,0.515006,0.501164,-0.924468,0.750901,0.636910,-0.632600,-0.330542,0.570007,0.433632,-0.473048,-0.659298,0.027320,-0.393200,0.956461,2.392693,2.543404,2.494930,2.622656,2.481571,2.741653,2.299249,87.057238,66.183718,71.854212,57.514177,64.253016,61.055604,52.304098,53.695138,55.183071,51.643174,44.217739,40.349165,39.420367,34.297158,35.438726
153,bpillar_sample_153.csv,0.080360,-0.949140,-0.485766,0.279201,-0.057145,0.440862,0.475187,0.623119,0.505073,0.029733,0.410424,0.401797,0.361435,-0.554740,0.889755,0.306053,-0.562854,0.327147,-0.255513,-0.279281,0.018157,0.007604,2.520052,2.262093,2.377871,2.569731,2.485678,2.610172,2.618093,84.962311,66.121198,68.628446,65.973755,62.166587,59.474383,52.738839,60.471533,53.805044,46.710884,47.931713,42.093404,38.215029,35.765739,32.369643
154,bpillar_sample_154.csv,-0.993837,0.796033,-0.844009,-0.538386,-0.362446,0.281158,0.600261,-0.650723,-0.566627,0.755860,0.975134,-0.346558,-0.045925,0.312879,-0.626496,0.963594,-0.522287,-0.116999,-0.418792,-0.995640,-0.862550,-0.055246,2.251507,2.698267,2.288336,2.365340,2.409354,2.570247,2.649353,74.774293,59.375685,73.596971,69.552482,57.694028,57.136144,57.583303,52.051686,57.237881,46.911676,45.870280,41.388086,35.398809,32.621537,32.166357
155,bpillar_sample_155.csv,0.592101,-0.417951,-0.821561,0.958575,0.457655,-0.347194,0.857990,0.598059,0.636658,0.078107,-0.300091,-0.662212,-0.104379,0.352865,0.124374,0.199784,-0.256873,0.385401,-0.836975,-0.648501,0.816060,-0.102312,2.647986,2.394854,2.293946,2.739570,2.614376,2.413161,2.713768,84.761882,66.949421,68.959450,61.471025,55.807511,56.800621,57.806573,56.221319,53.250240,48.225393,48.202086,39.581651,36.763515,38.614330,32.014121
156,bpillar_sample_156.csv,-0.254662,0.351665,0.248746,0.251083,-0.261473,0.373984,0.199383,0.822773,-0.271533,-0.082954,0.765072,-0.012239,0.707320,0.249996,0.699929,-0.088284,-0.300900,0.220227,-0.462105,-0.525415,-0.518266,-0.184719,2.436298,2.587205,2.561446,2.562702,2.434597,2.593453,2.549161,86.559122,61.233071,67.857390,68.221259,59.692094,61.459755,57.232187,59.417411,51.746318,48.007473,47.435459,41.200985,37.247405,33.850662,31.747573
157,bpillar_sample_157.csv,0.906987,0.547747,0.786558,-0.413627,-0.402678,-0.838232,-0.881660,0.258561,-0.275342,-0.350735,0.801727,-0.247258,-0.372073,-0.875753,0.964493,-0.022071,-0.727297,0.448873,-0.749091,0.018146,-0.882451,-0.078772,2.726706,2.636212,2.695860,2.396529,2.399296,2.290404,2.278972,82.046622,61.209099,66.025096,68.453551,58.287498,55.264063,50.946425,60.886555,52.091998,45.896941,48.496681,39.961288,39.384304,32.550489,32.090260
158,bpillar_sample_158.csv,-0.601173,-0.566456,0.892979,0.035876,-0.641190,-0.553494,-0.209641,-0.499161,0.574211,0.399109,-0.207027,-0.601550,0.724933,-0.427901,0.802173,-0.489734,-0.272845,0.986087,-0.628995,-0.807183,0.170096,-0.959605,2.349672,2.357738,2.722457,2.508902,2.339669,2.361587,2.446932,75.986461,66.556369,71.155902,62.060796,56.170060,61.560850,53.447062,59.985179,49.650461,48.146336,50.990071,40.480066,36.139690,36.308176,29.241203
159,bpillar_sample_159.csv,0.731458,0.789112,0.201399,-0.990293,0.216204,0.755848,-0.270816,0.746306,-0.585309,-0.753291,-0.688321,-0.359454,0.248646,-0.981354,0.522993,0.424579,0.707284,0.470693,-0.741146,0.134182,0.848290,-0.202468,2.682824,2.696537,2.549612,2.252366,2.554014,2.688917,2.431642,85.947546,59.258097,63.270604,59.010706,57.616955,58.826979,50.356785,58.434875,54.423835,52.997662,48.597956,39.995607,39.840474,38.729392,31.690164
160,bpillar_sample_160.csv,0.666080,-0.120694,-0.118934,0.231851,-0.170328,-0.612700,-0.348765,0.799353,-0.749620,-0.321419,-0.561236,0.075872,-0.197290,0.841932,-0.261870,-0.682116,0.459988,0.130098,-0.245704,0.898353,0.134124,-0.466396,2.666480,2.469148,2.469552,2.557894,2.457383,2.346786,2.412160,86.371808,58.223890,66.225689,59.816076,60.218691,56.267314,60.537342,54.076478,48.646084,51.773626,47.017140,42.135775,42.844658,36.179752,30.836488
161,bpillar_sample_161.csv,-0.524608,0.929202,0.114432,-0.315811,-0.398808,0.719711,-0.402478,-0.171983,0.370179,0.763751,0.055535,-0.259742,-0.903951,0.005225,-0.213672,-0.715463,-0.874044,0.239934,0.301841,0.864756,0.942951,-0.915269,2.368813,2.731550,2.527877,2.420982,2.400263,2.679883,2.398736,78.603187,65.272149,73.650966,63.724730,58.212883,52.211100,55.865480,54.344126,48.471991,45.170592,47.526925,44.501011,42.712577,39.067341,29.384606
162,bpillar_sample_162.csv,0.154381,-0.846844,-0.976580,-0.527450,0.815179,-0.944833,-0.990218,-0.132844,-0.349986,0.358206,-0.094536,-0.815497,-0.306706,-0.213391,-0.712482,0.404531,0.113770,0.790436,-0.117334,0.950790,0.409485,0.056720,2.538557,2.287660,2.255203,2.368074,2.703756,2.263754,2.251840,78.916216,60.739270,70.876023,62.773683,54.891401,55.639272,54.644804,51.574203,54.319168,50.059955,50.081989,42.690296,43.050804,37.162819,32.528510
163,bpillar_sample_163.csv,0.309722,0.653242,0.222355,-0.761554,0.823471,-0.155002,0.056528,-0.763846,0.755859,-0.089253,-0.642186,0.191007,-0.281707,0.335907,0.993953,-0.418792,0.867616,-0.894759,0.143152,-0.375448,-0.159184,0.644953,2.577392,2.662579,2.554850,2.309550,2.705829,2.461208,2.513456,73.869550,67.699700,67.814290,59.303073,60.906800,55.782763,57.711886,61.050148,50.020826,53.791255,42.260439,43.815521,37.836967,35.132618,34.431151
164,bpillar_sample_164.csv,0.037654,-0.325707,0.601660,0.453851,0.715478,-0.143562,-0.719384,0.583015,0.409342,-0.969020,-0.495157,-0.832259,-0.699936,0.727677,-0.480907,0.472558,0.788870,-0.972026,0.322210,0.250386,0.631052,-0.620504,2.509376,2.417909,2.649649,2.613393,2.678831,2.464068,2.319530,84.641564,65.518646,61.794481,60.234838,54.791224,53.382141,59.899381,52.860151,54.674316,53.401490,41.901819,44.589000,40.297307,37.953834,30.338025
165,bpillar_sample_165.csv,-0.084253,0.059416,-0.596939,-0.043099,-0.571756,-0.753588,-0.906039,0.902930,-0.462577,-0.526867,-0.473992,0.555184,-0.032929,-0.299788,0.367772,-0.899438,0.133458,0.810119,0.156200,-0.424846,-0.586815,-0.425185,2.478900,2.514163,2.350086,2.489159,2.357027,2.311564,2.272879,87.200205,60.030599,64.819911,60.368968,63.083313,57.210744,54.162398,57.572924,47.511507,50.157408,50.173346,43.871887,37.642771,33.605935,30.969786
166,bpillar_sample_166.csv,-0.076222,0.608384,-0.402690,-0.060176,0.701857,0.163661,-0.696792,-0.807226,-0.866203,0.272106,-0.084242,-0.874094,-0.365739,-0.464156,0.378100,0.065748,0.184093,-0.306430,-0.611514,0.573021,0.696813,0.672678,2.480907,2.651367,2.398634,2.484889,2.675426,2.540873,2.325177,73.522602,57.490092,70.286888,62.838921,54.541197,55.300425,53.244626,57.630278,52.550478,50.408035,44.991071,40.555582,41.565679,38.188605,34.520830
167,bpillar_sample_167.csv,-0.544767,0.080034,-0.322915,-0.002405,0.853286,-0.361235,-0.768410,-0.658751,-0.210598,0.079191,-0.747405,-0.326569,-0.572991,0.416357,0.225442,0.487647,-0.013308,0.505802,-0.237341,0.008080,-0.718396,-0.610676,2.363773,2.519316,2.418572,2.499332,2.713282,2.409651,2.307277,74.710087,61.616609,68.966862,58.636269,57.813494,54.110800,58.161089,56.782556,54.753093,49.430963,48.760906,42.171903,39.344731,33.136180,30.369816
168,bpillar_sample_168.csv,-0.335119,-0.701127,0.096195,-0.109437,0.379478,-0.433143,0.297401,0.520336,0.889957,-0.125003,0.863223,0.995396,0.216217,0.157999,-0.119478,-0.661260,-0.981997,0.627747,0.481075,0.251460,0.115037,0.725872,2.416184,2.324079,2.523319,2.472575,2.594832,2.391674,2.573658,84.140267,68.543740,67.569669,68.843269,65.714247,58.640836,56.718510,54.867191,48.754971,44.636260,49.326897,45.275253,40.301529,36.111612,34.692887
169,bpillar_sample_169.csv,-0.104119,0.856072,-0.689254,-0.207769,-0.223542,-0.575992,0.955307,-0.340423,0.838046,-0.712777,0.681702,0.342216,0.748449,-0.787344,-0.946589,-0.239917,0.173101,-0.244719,-0.045970,0.759236,-0.592680,-0.354889,2.473933,2.713272,2.327014,2.447992,2.444079,2.355963,2.738091,77.256030,68.217000,63.547821,67.692919,61.810505,61.695832,51.440064,50.274188,50.954685,50.353625,45.277492,42.998567,42.297746,33.584997,31.197160
170,bpillar_sample_170.csv,0.650819,0.487789,-0.647129,-0.978858,0.304679,0.576755,-0.642207,-0.231220,0.006576,0.263927,0.141130,0.826267,-0.363064,-0.712529,0.199038,0.686126,-0.203039,-0.846360,0.400819,-0.445603,0.500454,-0.279358,2.662665,2.621227,2.337542,2.255225,2.576133,2.644145,2.338820,78.129421,62.983552,70.230920,64.267163,64.703442,55.315779,51.857805,56.635935,55.789299,48.491852,42.485075,44.928570,37.561169,37.487585,31.441463
171,bpillar_sample_171.csv,-0.674667,-0.216400,-0.344588,-0.873691,0.398360,-0.784946,-0.110652,-0.359478,0.832490,-0.409935,-0.778827,-0.747503,0.395744,-0.854543,-0.166450,-0.176666,0.285908,0.674525,0.486437,0.660093,-0.040327,0.078562,2.331298,2.445228,2.413155,2.281516,2.599553,2.303725,2.471673,77.103628,68.182034,65.620023,58.437140,55.297768,59.671317,51.064853,54.606353,51.284900,50.911987,49.544010,45.298414,41.907985,35.556947,32.599156
172,bpillar_sample_172.csv,-0.881304,0.285896,-0.877712,0.536480,-0.111633,-0.562119,0.373782,0.892688,0.614395,-0.483408,0.987281,0.142616,0.770021,-0.486087,-0.756905,0.774480,-0.598680,-0.093252,0.629887,0.510756,-0.670806,0.604696,2.279640,2.570767,2.279913,2.634049,2.472056,2.359431,2.592749,87.118291,66.809297,65.117280,69.629463,60.617590,61.819660,53.122174,51.327520,56.250569,46.533556,45.980498,45.918078,41.320899,33.306081,34.300942
173,bpillar_sample_173.csv,-0.010537,-0.709931,0.857379,-0.224080,-0.274032,0.650483,-0.805585,-0.441167,0.425593,0.304134,0.897784,-0.790742,0.844521,0.633995,-0.774249,0.081437,0.988922,-0.790407,-0.980022,0.410071,0.904833,-0.579549,2.497328,2.321879,2.713560,2.443914,2.431457,2.662576,2.297986,76.450289,65.620932,70.506037,69.062291,55.039352,62.247287,59.376300,51.231204,52.632385,54.391682,42.744770,38.963732,40.925075,38.931258,30.470495
174,bpillar_sample_174.csv,0.776465,0.380761,-0.872311,0.592407,0.887735,-0.796872,-0.051427,-0.780275,-0.628414,-0.827295,0.508916,-0.725304,-0.471932,0.226227,-0.665706,-0.617018,-0.489419,-0.701526,-0.532868,0.346234,-0.411785,-0.283285,2.694076,2.594477,2.281262,2.648031,2.721895,2.300744,2.486475,73.738150,58.986786,62.764237,66.597928,55.430444,54.690879,57.099473,51.833953,48.985944,47.074361,43.157298,40.895309,40.674114,34.230807,31.428762
175,bpillar_sample_175.csv,-0.485339,-0.179921,0.038618,0.228312,0.931598,-0.064630,0.805446,-0.263128,-0.539805,-0.810381,0.354059,-0.372894,-0.773967,0.929412,-0.266196,-0.746046,-0.881481,0.227695,-0.343633,-0.588119,0.576688,-0.512683,2.378630,2.454345,2.508929,2.557010,2.732860,2.483801,2.700635,77.874223,59.544512,62.879968,65.616559,57.536630,52.957204,61.025794,54.052459,48.312326,45.133780,47.470119,41.712750,37.000895,37.759748,30.686774
176,bpillar_sample_176.csv,0.894202,-0.048930,0.983899,-0.339133,0.881502,-0.503226,0.829415,0.651865,-0.071202,-0.122384,-0.350431,-0.217867,0.650348,-0.833931,0.007662,0.611372,-0.701043,-0.072278,-0.473671,-0.647131,0.277623,0.484985,2.723510,2.487084,2.745181,2.415152,2.720336,2.374154,2.706626,85.192219,62.494002,67.587590,61.152009,58.463153,61.132737,51.179942,55.573207,55.399030,46.026891,46.077847,41.151024,36.768902,36.692059,33.913734
177,bpillar_sample_177.csv,-0.190268,-0.667859,-0.968723,-0.499691,0.896982,0.072630,0.854354,-0.926382,0.361275,0.515518,0.257034,0.085489,-0.849406,0.310585,0.111501,0.241786,0.018364,-0.566345,-0.194418,-0.367566,0.375560,-0.327289,2.452396,2.332394,2.257166,2.375014,2.724206,2.518115,2.712859,72.569605,65.216102,71.952433,65.001681,60.276169,52.524183,57.570494,56.149833,53.469523,49.587725,43.784720,42.357316,37.867955,37.041704,31.286431
178,bpillar_sample_178.csv,-0.791149,0.729549,-0.914562,0.752345,0.593398,0.097167,0.134112,-0.086071,0.000814,-0.641881,0.771868,-0.059533,0.055198,-0.305377,-0.649183,-0.454636,0.596354,-0.616588,0.753769,0.169841,-0.977379,0.652208,2.302178,2.681650,2.270703,2.688014,2.648311,2.524250,2.532847,79.290300,62.947286,64.032927,68.264328,59.409438,57.716588,54.131192,51.925707,49.833694,52.448594,43.551524,46.453212,39.980659,32.211587,34.454617
179,bpillar_sample_179.csv,0.197210,0.159626,0.610628,0.687184,-0.051046,-0.146199,0.611842,-0.396534,-0.230189,-0.310879,0.360264,-0.039273,-0.600756,0.494677,-0.878584,0.695043,0.951928,0.882068,0.012813,-0.435098,0.708054,-0.553583,2.549264,2.539209,2.651890,2.671724,2.487203,2.463409,2.652248,76.807262,61.493301,66.297808,65.655878,59.530523,53.951431,58.598398,50.651827,55.835852,54.208574,50.507281,43.252495,37.602467,38.228735,30.554483
180,bpillar_sample_180.csv,0.221898,-0.621516,-0.792996,0.134209,0.992305,-0.734451,-0.512387,-0.827063,-0.703721,-0.873591,-0.201494,0.350998,0.820335,0.586456,0.430221,-0.097446,-0.915234,0.445285,-0.218761,-0.960146,-0.145435,0.137174,2.555436,2.343977,2.301086,2.533484,2.748037,2.316349,2.371266,73.363949,58.512791,62.447451,62.095862,61.862990,62.108458,59.110858,57.919707,51.698486,44.966715,48.480026,42.252161,35.538346,35.181702,32.788739
181,bpillar_sample_181.csv,-0.018530,-0.403788,0.015479,0.902154,0.769209,-0.136252,0.699473,-0.309048,0.115241,-0.869979,0.458228,0.872289,-0.340303,-0.731440,0.036838,0.618826,0.654122,-0.005932,0.272052,0.919522,-0.313519,0.087505,2.495330,2.398394,2.503146,2.725466,2.692264,2.465896,2.674149,77.506961,63.667513,62.472170,66.276702,64.978494,55.446423,51.752212,55.735228,55.437943,52.734527,46.385782,44.372334,42.927879,34.581627,32.628083
182,bpillar_sample_182.csv,0.940400,-0.746041,-0.177859,0.966857,0.561401,-0.247316,0.424062,0.094502,0.805668,0.226403,0.120043,-0.671193,0.990128,0.210712,0.779559,0.221310,-0.131996,0.749784,0.578826,0.465851,0.313891,-0.687725,2.735059,2.312854,2.454825,2.741641,2.640312,2.438130,2.605315,80.734506,68.013210,69.974160,64.133530,55.753840,63.083064,57.012844,59.859605,53.362623,48.843493,49.893307,45.697510,41.144365,36.821537,30.120598
183,bpillar_sample_183.csv,0.183696,0.699348,-0.980668,-0.257600,-0.000937,0.191109,0.118792,0.870455,-0.067887,-0.393277,0.513146,0.047766,0.184849,0.568424,0.243143,-0.174218,0.327140,0.280187,-0.591847,0.576713,-0.867318,0.597455,2.545886,2.674102,2.254181,2.435535,2.499730,2.547735,2.529018,86.940474,62.514867,65.734004,66.624738,60.050715,58.460784,59.010172,56.880849,51.297679,51.116069,47.713755,40.640535,41.580197,32.604514,34.277520
184,bpillar_sample_184.csv,0.033595,0.235632,-0.278283,0.481981,-0.549137,0.532984,0.504510,-0.603127,0.468565,0.801276,-0.927934,-0.240498,-0.537754,0.662651,-0.785193,-0.536966,0.488427,0.199867,0.646179,0.632667,0.930019,-0.671898,2.508361,2.558205,2.429726,2.620425,2.362682,2.633202,2.625422,75.154958,65.891411,73.907729,57.492211,58.327898,54.313061,59.536300,51.170432,49.403874,51.914389,47.340964,45.988457,41.800167,39.021172,30.171792
185,bpillar_sample_185.csv,0.269739,-0.940498,-0.810708,0.726103,0.569221,0.047128,-0.091057,0.441051,-0.554361,0.024702,0.644134,-0.364101,-0.257838,0.919571,0.738071,0.643765,-0.934928,-0.442512,0.541451,0.123155,0.219453,-0.401250,2.567396,2.264253,2.296659,2.681454,2.642267,2.511740,2.476570,83.506155,59.452889,68.594023,67.454843,57.589183,55.919773,60.970849,59.629220,55.568143,44.869235,44.359471,45.536060,39.797123,36.484387,31.047204
186,bpillar_sample_186.csv,-0.031298,0.824410,-0.064260,-0.568778,0.222599,-0.232789,0.219537,-0.577976,-0.174045,-0.802457,-0.171570,0.791285,0.083455,-0.124921,-0.358922,0.844502,-0.671523,-0.577352,0.624053,0.391851,-0.606190,0.197800,2.492138,2.705359,2.483217,2.357742,2.555613,2.441762,2.554198,75.356110,61.846682,62.934190,62.285499,64.494375,57.878786,55.138789,53.537543,56.616136,46.173003,43.733630,45.892879,40.853449,33.536764,32.984835
187,bpillar_sample_187.csv,-0.607132,0.246687,0.031664,0.140521,0.138561,-0.222176,-0.319125,0.372027,-0.932665,0.551631,-0.333570,0.724013,0.303073,0.071181,0.081568,-0.955049,-0.316695,-0.762303,-0.337450,0.236423,0.869745,0.707827,2.348182,2.560968,2.507191,2.535062,2.534604,2.444415,2.419568,82.954109,57.071763,72.199538,61.258862,64.092319,59.139390,56.233749,55.983613,47.221177,47.929290,42.875211,41.739457,40.242416,38.805990,34.634519
188,bpillar_sample_188.csv,0.449601,-0.836353,-0.547570,-0.815197,0.014733,0.366233,-0.522711,0.810977,-0.508648,-0.717836,-0.213662,0.764497,0.629269,-0.400634,-0.697818,0.494405,-0.640353,0.642485,0.857061,0.034113,0.880143,0.884963,2.612361,2.290282,2.362424,2.296139,2.503647,2.591515,2.368686,86.464774,59.740618,63.513209,62.018750,64.334273,61.011745,53.599309,51.655630,54.788378,46.327286,49.395298,46.899404,39.447074,38.843111,35.207466
189,bpillar_sample_189.csv,-0.136365,0.415802,-0.707125,0.009061,0.670303,0.884973,-0.434186,-0.029708,0.534078,0.255447,0.212566,-0.553638,-0.744147,0.863161,0.087367,-0.413320,0.833952,-0.046866,0.915405,-0.227417,0.125720,0.783076,2.465872,2.603235,2.322547,2.502198,2.667537,2.721198,2.390811,79.741090,66.303764,70.172898,64.719879,56.456412,53.128371,60.655877,56.015817,50.049397,53.624629,46.195792,47.151437,38.418922,36.149752,34.877912
190,bpillar_sample_190.csv,0.527488,0.811289,0.996133,-0.116457,-0.681086,-0.484682,-0.889367,-0.111758,-0.590220,0.689538,-0.291447,-0.478643,0.673213,0.509416,-0.201531,-0.129202,-0.890365,-0.942929,0.108736,0.637586,-0.668613,-0.944118,2.631833,2.702080,2.748238,2.470819,2.329695,2.378790,2.277046,79.084859,59.227189,73.143165,61.525807,56.904619,61.263983,58.680693,54.411548,51.532699,45.089809,42.036866,43.666856,41.819505,33.313909,29.291293
191,bpillar_sample_191.csv,-0.762545,0.914037,-0.412636,0.558884,-0.350642,0.910989,-0.327296,0.113658,0.322871,0.408767,-0.890230,0.170532,0.139559,-0.668974,0.051707,-0.829778,-0.247587,0.494375,0.582159,0.797169,-0.435641,-0.391805,2.309329,2.727760,2.396148,2.639650,2.412305,2.727702,2.417526,80.887708,64.974379,71.221991,57.731149,60.784427,58.200819,52.101001,55.817795,47.875181,48.271355,48.707872,45.711905,42.446873,34.145640,31.077752
192,bpillar_sample_192.csv,-0.589569,-0.580687,0.364996,0.530106,-0.487896,0.928158,0.978106,0.934742,-0.474135,-0.339139,-0.757449,0.446711,0.202083,0.129088,-0.491368,-0.690104,0.767908,0.389099,-0.988024,0.929416,0.938144,-0.749587,2.352573,2.354181,2.590500,2.632456,2.377992,2.731994,2.743789,87.454631,59.957853,66.104442,58.572621,62.435018,58.559705,56.557085,52.802063,48.604381,53.297735,48.219249,38.929163,42.966775,39.050180,29.920507
193,bpillar_sample_193.csv,-0.225885,-0.610573,0.418179,-0.597405,0.362755,0.484116,0.718340,0.499307,0.972763,0.998808,-0.441543,0.566360,0.367410,-0.837756,-0.815128,-0.132677,-0.969626,0.501220,-0.498745,-0.464306,-0.905688,0.236504,2.443492,2.346712,2.603792,2.350586,2.590651,2.620985,2.678865,83.972082,69.064943,75.259346,60.574604,63.150106,59.508681,51.158583,51.004203,51.514555,44.697492,48.739643,41.042709,37.487641,32.467529,33.110022
194,bpillar_sample_194.csv,-0.396347,-0.671576,0.339881,-0.430764,-0.542120,0.730200,0.169154,0.737797,0.013704,0.492544,-0.485398,-0.903181,0.433568,-0.407320,-0.129598,0.228619,0.966902,0.515587,-0.234573,0.087394,-0.978600,0.425728,2.400877,2.331465,2.584223,2.392245,2.364436,2.682505,2.541605,85.879493,63.028419,71.795236,60.296681,54.367360,59.888424,53.561981,54.810995,53.400781,54.282689,48.806326,42.183856,39.656538,32.207226,33.722069
195,bpillar_sample_195.csv,0.829816,-0.506162,-0.851919,-0.017409,0.829794,-0.545791,-0.831064,-0.422323,0.958666,0.488025,-0.422227,-0.957937,-0.387434,0.615795,-0.932313,-0.734511,0.206375,0.691991,0.786615,-0.348086,-0.947738,0.232299,2.707413,2.372807,2.286359,2.495581,2.707410,2.363513,2.291618,76.601006,68.976210,71.764311,60.697018,54.040104,55.175892,59.274675,50.353467,48.372547,50.518324,49.625075,46.595099,37.944538,32.317406,33.096419
196,bpillar_sample_196.csv,0.787182,-0.856628,0.047320,-0.696323,0.840518,-0.196351,0.325047,0.199012,-0.518006,-0.680706,0.912368,-0.870046,0.950160,0.381563,-0.884098,-0.269709,0.025796,0.171262,0.659539,-0.750229,-0.911607,0.696654,2.696755,2.285215,2.511104,2.325857,2.710090,2.450871,2.580568,81.570359,59.681719,63.767270,69.154714,54.565388,62.853653,57.966812,50.621209,50.799148,49.624516,47.208198,46.046167,36.363593,32.446397,34.598379
197,bpillar_sample_197.csv,0.237081,0.036617,-0.365807,0.654355,-0.193712,0.706497,0.463965,-0.876137,-0.728037,0.291416,-0.133920,-0.066668,-0.984973,-0.372333,-0.681433,0.128173,-0.185794,-0.872389,-0.692572,-0.980394,-0.010321,0.766345,2.559232,2.508465,2.407852,2.663517,2.451537,2.676580,2.615288,72.971458,58.359739,70.419014,62.524098,59.366800,51.746035,53.757334,51.746621,52.876382,48.577212,42.364269,40.205434,35.458747,35.664071,34.823794
198,bpillar_sample_198.csv,0.487346,-0.463999,0.667543,0.410771,-0.874567,0.869749,-0.344653,-0.494173,-0.830403,0.964598,0.165282,-0.986901,0.510393,-0.764424,0.746033,-0.449434,0.128864,-0.416361,-0.803481,0.102725,0.751703,-0.316796,2.621797,2.383345,2.666115,2.602623,2.281325,2.717392,2.413188,76.026359,57.715426,75.025261,64.420222,53.867003,60.329399,51.568043,59.673431,49.860852,50.134668,44.480845,39.726336,39.716807,38.384569,31.320371
199,bpillar_sample_199.csv,-0.888846,0.403425,-0.095409,-0.267264,0.861975,0.587275,0.459806,0.681239,-0.765028,0.530589,0.577917,0.487410,-0.954499,-0.034861,-0.749435,-0.676356,0.906071,0.649935,-0.755218,-0.770368,0.517728,-0.706633,2.277755,2.600142,2.475432,2.433119,2.715455,2.646775,2.614249,85.427148,58.126907,72.055556,67.035208,62.678256,51.920957,55.641655,51.368999,48.676157,53.981594,49.429878,39.934822,36.284422,37.549257,30.059440
200,bpillar_sample_200.csv,0.179643,0.330089,0.315722,-0.951188,0.513968,0.642467,0.730911,0.743865,0.108342,-0.133329,0.084513,0.694668,-0.667762,-0.912751,-0.346900,-0.277017,0.064905,-0.142929,0.418278,0.276754,-0.689046,0.829219,2.544873,2.581813,2.578185,2.262142,2.628454,2.660572,2.682007,85.928019,63.624089,67.512699,63.908367,63.916943,53.566820,50.739838,53.604306,50.760996,49.818091,45.749935,45.003987,40.400968,33.240962,35.027160
201,bpillar_sample_201.csv,-0.161519,-0.915089,0.085355,-0.992695,-0.235466,0.327597,-0.501342,-0.245370,-0.313356,-0.287556,0.584020,-0.849485,-0.438279,-0.970511,0.979445,0.133454,-0.191414,-0.712432,-0.948687,0.299612,-0.569743,-0.642342,2.459583,2.270604,2.520610,2.251766,2.441098,2.581856,2.374026,78.016255,60.969828,66.457397,67.073883,54.688270,54.884043,50.417327,60.969587,52.903950,48.549392,43.106683,39.099088,40.490830,33.666883,30.267389
202,bpillar_sample_202.csv,0.927368,-0.649271,-0.169164,0.745132,0.623514,-0.262006,0.355074,-0.567870,-0.004443,0.871868,-0.639889,0.926875,-0.943549,0.048639,-0.470164,-0.319663,-0.052964,-0.014853,0.350354,0.221219,-0.958174,-0.867110,2.731801,2.337040,2.456998,2.686211,2.655840,2.434458,2.588073,75.436939,62.914198,74.390757,59.317628,65.304730,51.983805,56.107883,52.919813,50.538351,49.234678,46.344375,44.710575,40.182644,32.280151,29.540376
203,bpillar_sample_203.csv,0.982560,-0.356507,-0.781064,-0.758719,-0.852816,0.611744,0.433236,0.429576,-0.281216,0.373379,0.128286,-0.507375,-0.917143,0.719845,0.021036,0.456994,0.664465,0.698585,0.570888,-0.689576,0.639224,-0.938382,2.745599,2.410211,2.304068,2.310258,2.286763,2.652892,2.607608,83.414384,61.172126,70.979848,64.185769,56.732900,52.135374,59.855650,55.647476,54.593062,52.785722,49.655677,45.663221,36.602036,37.983008,29.309847
204,bpillar_sample_204.csv,-0.320384,0.449278,0.592340,0.722612,0.554859,-0.646903,0.054773,0.280328,0.436708,0.138427,0.340137,-0.187083,-0.808868,-0.174722,0.842993,0.141580,0.144273,-0.641205,-0.933905,0.217539,-0.544303,-0.694150,2.419868,2.611602,2.647319,2.680581,2.638677,2.338235,2.513018,82.220716,65.690897,69.372185,65.528327,58.647133,52.756872,54.860718,60.211860,52.946373,50.210936,43.437267,39.162944,40.168176,33.757708,30.099818
205,bpillar_sample_205.csv,-0.896840,0.665478,-0.468784,0.469756,-0.367699,0.838043,0.442024,0.122414,-0.130980,0.568036,-0.542847,-0.566856,-0.874782,-0.562249,-0.634281,0.062100,0.894133,0.531890,0.883596,0.680669,-0.021126,0.781043,2.275756,2.665637,2.382115,2.617369,2.408041,2.709465,2.609804,80.957736,62.117745,72.311787,59.932614,56.377410,52.378526,52.696913,52.008460,52.531432,53.922505,48.881993,47.014030,41.988878,35.625496,34.871335
206,bpillar_sample_206.csv,0.075179,-0.871748,0.352585,-0.634255,-0.166051,0.398689,-0.576999,0.989241,-0.531262,0.574136,-0.121017,0.121859,0.183385,0.084825,-0.740653,0.419694,0.099572,0.954710,0.795363,-0.493426,0.821467,0.610726,2.518757,2.281436,2.587398,2.341374,2.458452,2.599629,2.355117,87.890506,59.598283,72.353529,62.605865,60.493536,58.452382,56.309934,51.417769,54.398330,49.989681,50.844437,46.632888,37.373161,38.633632,34.320445
207,bpillar_sample_207.csv,0.092036,0.924649,0.967977,0.576396,-0.821966,0.855457,-0.334391,-0.970354,-0.908445,-0.995559,-0.997638,-0.454930,0.867382,-0.518801,0.736083,0.818297,-0.307418,0.290212,-0.410215,-0.128321,-0.988681,0.935248,2.522971,2.730412,2.741201,2.644028,2.294476,2.713819,2.415753,72.217928,57.224211,61.612890,57.050478,57.046339,62.378505,52.939510,59.618177,56.479325,47.975211,47.760283,41.425136,38.808498,32.171236,35.370112
208,bpillar_sample_208.csv,0.900693,-0.589875,0.735365,0.054839,-0.632100,-0.297903,0.973816,-0.252061,0.058677,-0.558066,-0.279041,0.831113,-0.615335,0.277862,-0.806189,0.040009,0.449272,0.770715,-0.106691,0.498428,-0.326277,0.450487,2.725132,2.351885,2.683065,2.513642,2.341941,2.425484,2.742717,77.962734,63.311486,64.606433,61.604428,64.732404,53.867749,57.387782,51.053842,52.416101,51.720587,49.990456,42.736271,41.272435,34.536081,33.802151
209,bpillar_sample_209.csv,0.636620,0.750321,-0.653023,-0.674187,-0.932497,0.517723,-0.274877,-0.956378,0.589001,-0.553680,0.278872,-0.339865,-0.642038,-0.595737,0.649208,-0.079379,-0.338569,-0.259076,0.048803,0.522141,-0.940736,0.215288,2.659115,2.686842,2.336069,2.331391,2.266843,2.629387,2.430627,72.329705,66.649460,64.636444,65.140075,57.734029,53.714475,52.509928,59.135759,51.792807,47.821021,45.210858,43.407961,41.365656,32.342404,33.041399
210,bpillar_sample_210.csv,-0.718342,-0.305937,-0.374524,0.028455,-0.517194,0.185134,-0.069131,-0.463717,0.676541,0.910381,-0.764111,0.922302,-0.142800,0.174000,-0.295652,0.923076,-0.833140,0.800433,0.274913,-0.069307,-0.294424,-0.016627,2.320380,2.422850,2.405673,2.507047,2.370667,2.546241,2.482050,76.269938,67.200454,74.654280,58.530402,65.277397,56.580087,56.807858,53.888886,57.026351,45.373055,50.128387,44.384690,39.040499,34.649797,32.291267
211,bpillar_sample_211.csv,0.375516,-0.483292,-0.039976,0.552100,0.270407,0.142610,-0.686815,-0.211844,-0.328439,-0.149861,-0.357936,0.606285,-0.023905,0.877413,-0.780133,-0.366060,0.542288,0.613826,-0.376369,0.727326,-0.837591,-0.929340,2.593840,2.378523,2.489286,2.637954,2.567565,2.535610,2.327670,78.284385,60.874891,67.399579,61.104447,63.388718,57.262541,60.735452,51.198530,50.296125,52.180984,49.262285,41.571338,42.172300,32.710641,29.339094
212,bpillar_sample_212.csv,0.748103,-0.994287,0.147854,0.974677,0.686691,-0.664701,-0.631700,0.458245,0.820008,0.523316,-0.798175,0.463697,-0.516930,-0.360341,-0.008843,-0.311618,0.634809,0.009952,0.332422,-0.476367,-0.933205,0.623770,2.686986,2.250810,2.536230,2.743596,2.671634,2.333786,2.341446,83.643668,68.103466,72.005788,58.314529,62.536538,54.432592,53.824292,55.481557,50.580354,52.638937,46.459502,44.633116,37.440225,32.369293,34.362636
213,bpillar_sample_213.csv,0.149280,0.887494,0.207017,-0.848711,-0.345157,0.448972,0.260397,-0.947689,0.439001,0.972195,-0.654896,0.990105,0.175266,0.434695,0.323061,0.582943,0.777204,-0.919611,0.887920,-0.020865,0.977315,-0.860057,2.537282,2.721126,2.551017,2.287761,2.413676,2.612199,2.564410,72.399192,65.705327,75.077247,59.222530,65.682627,58.405779,58.263478,57.324641,55.250608,53.343746,42.145094,47.032709,39.230939,39.190025,29.563190
214,bpillar_sample_214.csv,-0.403791,0.204521,0.752613,-0.689956,0.424842,0.220494,-0.356404,0.660045,0.031515,0.440443,-0.378028,-0.733896,-0.802023,-0.237400,-0.238674,-0.401427,-0.583642,-0.590061,-0.963781,0.041517,-0.275289,0.150982,2.399016,2.550429,2.687376,2.327449,2.606173,2.555081,2.410251,85.257645,63.140524,71.438731,60.977118,55.379094,52.796160,54.510750,54.205289,50.111487,46.607987,43.674645,39.033889,39.476183,34.718112,32.833401
215,bpillar_sample_215.csv,-0.992251,-0.741344,0.258503,0.807744,0.762539,0.785354,-0.261262,-0.616190,0.296499,-0.599705,0.782926,-0.081629,0.405333,0.907191,0.456812,-0.117784,0.717975,-0.995781,-0.065517,0.854798,0.950134,-0.799947,2.251904,2.314028,2.563884,2.701864,2.690596,2.696294,2.434030,75.050485,64.808390,64.321521,68.334409,59.277382,59.726358,60.901725,58.067370,51.592307,53.050581,41.791562,42.914129,42.673430,39.092983,29.757618
216,bpillar_sample_216.csv,-0.304966,-0.048099,-0.748021,0.205772,-0.180707,0.809598,-0.970607,0.605641,0.489650,-0.404155,0.480293,0.961187,-0.215808,0.846349,0.016946,-0.969064,-0.176930,0.663412,0.227675,0.768347,-0.923979,0.666545,2.423722,2.487292,2.312326,2.551375,2.454788,2.702355,2.256742,84.822521,66.024125,65.659570,66.416536,65.509796,56.161024,60.562005,55.624762,47.148010,48.621083,49.492427,44.180637,42.333567,32.402228,34.500992
217,bpillar_sample_217.csv,0.626120,-0.633562,0.241253,0.090231,-0.741291,-0.508871,-0.234655,0.494474,-0.188022,0.693492,0.439690,-0.033339,0.468183,0.550306,0.473017,-0.359995,0.478483,-0.353072,-0.496947,0.782247,-0.239867,-0.833815,2.656490,2.340966,2.559573,2.522490,2.314644,2.372743,2.440680,83.933425,61.758709,73.170218,66.159221,59.565987,60.087113,58.909009,58.157359,50.327788,51.865169,44.774589,41.050476,42.388210,34.844570,29.648071
218,bpillar_sample_218.csv,0.724738,0.589583,0.187796,0.733926,-0.985442,0.935714,0.295561,0.769993,-0.343256,-0.459489,0.665796,0.218797,0.227508,0.542230,0.211144,0.700899,0.732803,0.966357,0.209634,0.261906,0.557250,0.176572,2.681144,2.646668,2.546212,2.683410,2.253607,2.733883,2.573199,86.136991,60.781630,65.280947,67.592118,61.072885,58.705646,58.863913,56.703156,55.866423,53.123976,50.898496,44.102705,40.342596,37.690352,32.916170
219,bpillar_sample_219.csv,-0.690834,0.981003,0.671137,0.518685,-0.039858,0.017440,0.841026,0.507809,-0.084499,-0.774294,0.814827,0.210184,0.279468,-0.827350,-0.791007,0.365287,0.557238,0.970716,-0.974342,0.885213,-0.346087,0.924442,2.327257,2.744497,2.667013,2.629601,2.490000,2.504318,2.709528,84.040080,62.410303,63.126896,68.536574,61.021408,59.003897,51.216688,51.138148,54.114289,52.254982,50.918730,38.988266,42.793001,34.465356,35.335162
220,bpillar_sample_220.csv,-0.535771,-0.528671,-0.922526,-0.406311,-0.959759,-0.428778,-0.203289,-0.004868,0.187514,0.670004,-0.530307,-0.700614,-0.888786,0.943498,-0.286865,0.532118,-0.809549,0.232438,-0.454705,-0.051816,0.108537,-0.397681,2.366022,2.367182,2.268712,2.398358,2.260028,2.392766,2.448520,79.939754,64.122417,73.009500,60.012084,55.578003,52.298146,61.104447,53.937679,54.985264,45.489822,47.492137,41.232951,39.109263,36.088405,31.058749
221,bpillar_sample_221.csv,0.098802,0.722767,-0.715510,0.012268,0.597984,-0.952155,-0.147664,-0.392020,-0.254162,0.333446,-0.038855,-0.144450,0.734284,-0.540735,0.925891,0.358057,-0.626957,0.425616,0.818623,-0.776929,-0.363770,0.171972,2.524663,2.679955,2.320451,2.503000,2.649458,2.261923,2.462422,76.843363,61.342409,70.706602,63.126553,58.901932,61.614530,52.817039,60.672197,54.076540,46.393591,48.388737,46.733365,36.258627,34.402225,32.901291
222,bpillar_sample_222.csv,-0.825250,-0.263234,-0.895537,0.315565,-0.440043,0.198728,0.012159,0.412899,-0.883579,-0.186824,0.224970,-0.487789,-0.985067,0.528064,0.351315,-0.597302,-0.792013,-0.525956,-0.863030,0.934338,-0.374552,0.270641,2.293653,2.433523,2.275458,2.578822,2.389955,2.549639,2.502367,83.281001,57.380723,67.146655,64.798484,56.849957,51.745495,58.784816,57.481536,49.088875,45.576618,43.972175,39.469101,42.986127,34.363733,33.220438
223,bpillar_sample_223.csv,0.922447,0.101904,0.464146,0.607486,0.231219,0.632696,-0.665204,-0.743715,-0.877156,-0.386623,0.295804,-0.301226,0.884465,0.694573,-0.318252,0.390910,0.079062,-0.929314,0.879973,0.442652,0.459885,-0.228461,2.730571,2.524782,2.615280,2.651800,2.557768,2.658130,2.333072,74.030556,57.421149,65.779534,65.247380,57.964956,62.476562,59.714542,53.763385,54.248060,49.888165,42.100058,46.998381,41.053163,37.342752,31.606091
224,bpillar_sample_224.csv,0.682305,0.031525,-0.126140,0.128168,-0.472500,0.481450,-0.003281,-0.691440,0.295323,0.482862,0.945551,-0.627626,-0.584220,-0.166798,0.643267,-0.478960,-0.663049,0.655965,0.005241,-0.102893,0.596495,0.324981,2.670536,2.507192,2.467751,2.531974,2.381841,2.620319,2.498508,74.448642,64.800989,71.728982,69.365004,56.014220,54.046348,54.904964,59.102765,49.706708,46.214948,49.457867,43.219788,38.908464,37.830462,33.396202
225,bpillar_sample_225.csv,-0.059012,0.685271,0.625790,0.645104,-0.530867,-0.381455,0.310627,0.238296,0.523931,-0.331881,0.694450,0.250752,0.242952,0.976901,0.275670,-0.156419,-0.738280,-0.226802,0.043509,0.613836,-0.117430,-0.785298,2.485210,2.670584,2.655679,2.661205,2.367249,2.404596,2.576964,81.884546,66.239896,66.154104,67.773711,61.263864,58.794294,61.290956,57.061478,51.390602,45.842580,45.360648,43.385091,41.726139,35.281684,29.804999
226,bpillar_sample_226.csv,0.959704,-0.298316,-0.090405,0.076887,0.328880,0.261324,-0.637483,0.611339,0.906910,-0.786649,-0.074537,0.095423,-0.752848,0.935797,0.912528,0.863094,-0.398534,0.979474,0.847562,-0.905227,-0.898586,-0.875027,2.739885,2.424755,2.476683,2.519154,2.582183,2.565288,2.340000,84.868100,68.650446,63.042352,62.900422,60.335539,53.078426,61.061447,60.597989,56.713201,47.524213,50.959376,46.858373,35.754251,32.492883,29.514769
227,bpillar_sample_227.csv,-0.455405,0.220233,0.371332,0.778055,0.253773,-0.414701,-0.124361,-0.905000,-0.137055,-0.239145,-0.707344,-0.773864,0.977769,0.796756,-0.366661,0.054893,0.939704,-0.586482,0.126808,0.663785,0.692248,0.909723,2.386113,2.554356,2.592083,2.694441,2.563406,2.396285,2.468246,72.740619,62.079507,66.788653,58.890151,55.140221,63.012123,60.285092,53.494568,52.493807,54.148071,43.691256,43.744919,41.922502,38.172309,35.287553
228,bpillar_sample_228.csv,-0.345298,-0.458979,0.267604,-0.052238,-0.043272,-0.901563,-0.900983,-0.158652,0.823198,-0.505110,0.777555,-0.927204,0.031536,0.020393,0.218483,-0.344588,0.037980,-0.189935,-0.157227,-0.011149,0.789575,0.184432,2.413639,2.384600,2.566159,2.486874,2.489146,2.274571,2.274143,78.709809,68.123548,64.968786,68.300371,54.223781,57.580771,55.950170,56.743913,50.408228,49.684820,45.531764,42.517972,39.269134,38.519776,32.941595
229,bpillar_sample_229.csv,0.363435,-0.444233,-0.420196,0.582887,-0.068023,0.152853,0.139141,-0.364641,0.163020,0.144569,0.432014,0.582953,0.427234,-0.697826,-0.061783,-0.332370,-0.364414,0.325426,0.068968,-0.975440,-0.847357,-0.140056,2.590820,2.388285,2.394259,2.645651,2.482959,2.538171,2.534104,77.062341,63.968241,69.414212,66.110577,63.249274,59.852068,51.939899,55.187579,50.472012,47.693097,47.923725,43.495069,35.478220,32.675777,31.892037
230,bpillar_sample_230.csv,-0.387487,-0.470181,0.345077,0.703065,0.450094,0.333811,0.593555,0.309858,-0.149132,-0.509307,0.870827,-0.913221,0.459130,-0.525206,-0.189288,0.398269,0.569814,0.877301,-0.093251,0.162245,-0.419972,0.415766,2.403092,2.381800,2.585521,2.675695,2.612486,2.583410,2.647677,82.456893,62.003488,64.940066,68.891461,54.307351,60.035151,52.903748,54.479531,54.286474,52.317233,50.485157,42.794329,39.950800,34.201580,33.689846
231,bpillar_sample_231.csv,-0.142817,-0.881326,-0.838482,-0.887344,0.646842,-0.084836,0.340906,-0.936190,-0.192601,0.891404,0.452392,0.256235,-0.199039,-0.079412,-0.966422,0.272939,-0.047266,-0.196973,-0.311253,0.866798,0.529730,-0.733632,2.464259,2.279042,2.289717,2.278103,2.661672,2.478750,2.584532,72.491162,61.729889,74.524434,66.239718,61.296634,56.257274,55.392899,50.164056,53.632164,49.262880,45.499095,41.852624,42.720606,37.592103,29.972112
232,bpillar_sample_232.csv,0.603718,0.956248,-0.349902,0.084224,-0.013391,-0.532905,0.225681,0.026070,0.795853,-0.761583,0.168987,-0.128323,0.859732,-0.494784,-0.642345,0.908677,0.548712,0.431148,0.985718,0.072991,-0.306638,-0.729443,2.650890,2.738309,2.411827,2.520988,2.496616,2.366734,2.555733,80.187191,67.951433,63.213872,64.443704,58.998315,62.334598,53.073615,51.963679,56.951174,52.212784,48.414413,47.455166,39.599916,34.606194,29.985660
233,bpillar_sample_233.csv,-0.627156,-0.166254,0.929533,-0.463972,-0.871354,0.505703,0.362680,0.038106,-0.225680,-0.637669,-0.909840,-0.379808,-0.179742,-0.266208,-0.323088,-0.333575,0.461787,-0.655538,0.091648,-0.200373,-0.740818,0.587316,2.343176,2.457761,2.731593,2.383943,2.282129,2.626382,2.589974,80.283451,61.521684,64.061750,57.606879,57.495310,56.368041,54.349895,53.736533,50.465724,51.782531,43.370745,43.593041,38.525240,33.056132,34.244725
234,bpillar_sample_234.csv,0.383990,0.428880,-0.671251,0.615062,-0.863210,-0.022587,0.329451,0.217724,-0.793474,-0.930801,0.407260,0.482644,-0.050895,-0.314292,-0.069310,0.502041,-0.951343,-0.326296,-0.135049,-0.334521,0.862616,-0.455447,2.595959,2.606504,2.331513,2.653694,2.284165,2.494312,2.581669,81.720017,57.947865,62.055992,65.953705,62.649773,57.107617,54.081415,55.145776,54.828241,44.787983,44.898865,42.613774,37.997863,38.780537,30.871904
235,bpillar_sample_235.csv,0.162242,0.863169,0.231775,0.879448,-0.624906,-0.526158,-0.921067,0.570136,-0.916502,-0.280133,0.484012,0.718266,0.557761,0.393619,0.307291,-0.929055,0.225165,0.400581,0.691043,-0.295059,-0.181424,0.522889,2.540522,2.715046,2.557204,2.719789,2.343740,2.368421,2.269123,84.538560,57.173497,66.508190,66.440108,64.057972,60.601292,58.034124,57.237070,47.356884,50.611325,48.272544,46.182254,38.153002,35.053220,34.036337
236,bpillar_sample_236.csv,0.460181,-0.378386,-0.194229,-0.592183,0.671531,-0.374566,-0.123283,0.833759,0.690159,0.107855,-0.854158,0.778783,-0.956220,-0.634379,0.418800,0.302563,0.322940,0.018270,-0.130223,-0.535806,0.325450,-0.889762,2.615006,2.404743,2.450734,2.351891,2.667844,2.406318,2.468516,86.646985,67.286168,69.162997,57.959746,64.419658,51.911073,52.294164,57.856286,53.786822,51.095280,46.498112,42.634621,37.206555,36.862807,29.467109
237,bpillar_sample_237.csv,-0.768578,-0.692704,0.534511,0.990407,0.154136,0.108150,0.692302,-0.452267,0.567277,0.174407,0.709121,-0.707984,0.744284,0.367635,0.887440,0.740527,-0.005317,-0.268787,-0.834993,0.983669,0.077228,0.367967,2.307821,2.326185,2.632866,2.747528,2.538497,2.526995,2.672357,76.361518,66.512727,69.618378,67.866686,55.533957,61.671927,57.889043,60.458676,56.073312,49.470515,45.165782,39.590216,43.180061,35.976631,33.535241
238,bpillar_sample_238.csv,0.996783,-0.576781,0.949368,-0.242017,-0.676362,0.923353,-0.765611,-0.014979,-0.965637,0.637056,-0.843324,-0.666357,0.412720,0.675328,-0.914735,0.210369,0.794577,-0.025716,-0.524598,-0.873162,-0.243702,-0.626238,2.749155,2.355158,2.736551,2.439430,2.330876,2.730793,2.307977,79.858884,56.864233,72.784056,58.028406,55.782739,59.768756,59.607083,50.451078,53.305505,53.429734,46.293956,40.931033,35.880307,34.830879,30.319480
239,bpillar_sample_239.csv,0.331130,-0.448447,0.864795,-0.144213,0.184376,-0.766190,-0.842329,-0.096376,0.650827,-0.002545,0.600922,0.264276,0.684100,0.755311,0.138875,-0.300172,-0.083569,0.858370,0.650459,-0.122681,0.801172,0.471552,2.582744,2.387232,2.715413,2.463881,2.546057,2.308414,2.288803,79.207882,67.038607,68.407585,67.180997,61.344693,61.326470,60.053679,56.301846,50.640110,49.083191,50.397293,46.006944,38.830669,38.561178,33.870287
240,bpillar_sample_240.csv,0.571300,0.540241,-0.202799,-0.284778,-0.997376,-0.355781,-0.366924,-0.408045,0.877592,-0.578574,-0.616300,0.022508,-0.619486,-0.433638,0.583601,0.544101,-0.711389,0.559424,0.022760,-0.566072,-0.616164,0.862321,2.642785,2.634336,2.448592,2.428740,2.250624,2.411015,2.407622,76.715197,68.465911,64.466109,59.467122,59.899760,53.843920,53.415028,58.771435,55.047824,45.975682,49.009788,43.295463,37.087570,33.501157,35.134232
241,bpillar_sample_241.csv,-0.181218,0.289626,-0.552434,-0.452248,-0.032293,0.660766,0.879293,-0.477488,-0.926478,0.070307,-0.394890,0.391915,-0.719097,0.666083,-0.192730,-0.164481,-0.276961,0.476835,-0.566400,-0.618200,0.670497,0.244799,2.454659,2.571700,2.361209,2.386874,2.491891,2.665147,2.719092,76.159801,57.110710,68.906077,60.870255,62.107529,53.272157,59.555465,54.460418,51.348517,48.125960,48.626465,40.750458,36.882637,38.094656,33.136854
242,bpillar_sample_242.csv,-0.706496,0.461922,-0.267848,0.839789,-0.687178,0.555059,0.946505,-0.086994,-0.139115,-0.475355,-0.311595,-0.651044,-0.354521,-0.795853,-0.845891,0.913043,0.824161,0.812985,-0.551990,-0.797520,0.160044,0.984912,2.323341,2.614762,2.432335,2.709875,2.328172,2.638721,2.735891,79.282918,62.066542,65.172380,61.398121,55.874258,55.364815,51.392555,50.833373,56.973970,53.576167,50.186648,40.812705,36.177679,36.272292,35.530752
243,bpillar_sample_243.csv,0.466969,-0.961437,-0.451246,-0.063907,0.077975,-0.805103,0.251063,-0.140096,-0.821358,-0.736521,-0.454227,0.840402,-0.426402,-0.078033,0.675081,0.974332,0.059168,0.415606,0.918980,0.751944,0.543830,0.561482,2.616703,2.259020,2.386498,2.483957,2.519457,2.298686,2.562077,78.858215,57.772354,63.385356,60.494221,64.787921,54.952219,55.400595,59.279432,57.293944,49.789693,48.342278,47.166876,42.269081,37.642444,34.161166
244,bpillar_sample_244.csv,-0.709015,0.388344,0.502352,0.935265,0.740691,-0.582894,0.386473,-0.066846,0.445722,-0.258040,-0.553458,-0.393359,-0.090998,-0.768385,-0.490582,-0.845110,0.369963,-0.198619,-0.921602,-0.264099,0.780780,0.679844,2.322712,2.596372,2.624829,2.733743,2.685134,2.354237,2.595920,79.444065,65.747633,66.659358,59.865370,57.414320,56.877428,51.545926,52.806428,47.795138,51.328033,45.491458,39.216091,38.274713,38.488376,34.544007
245,bpillar_sample_245.csv,0.771360,-0.677929,-0.043426,0.916480,0.414044,-0.044937,-0.009906,0.687903,0.989645,0.195818,0.565485,-0.839831,0.853957,-0.382267,-0.561044,0.326596,0.849604,0.160382,0.675049,0.736499,0.642997,0.826924,2.692800,2.329878,2.488424,2.729047,2.603473,2.488724,2.496852,85.480450,69.171201,69.764886,66.956421,54.745970,62.301446,53.701867,52.415149,53.912292,53.702104,47.157699,46.113167,42.208362,37.996479,35.019737
246,bpillar_sample_246.csv,0.560116,-0.966121,-0.905431,0.954074,0.286892,-0.967164,0.109771,0.970219,-0.672516,-0.775682,0.822964,-0.097284,-0.436999,0.772585,-0.868827,0.018320,-0.062708,-0.969606,0.391331,-0.250788,0.767916,-0.238216,2.639989,2.257849,2.272985,2.738445,2.571686,2.258171,2.526764,87.738372,58.709199,63.117394,68.588141,59.183821,54.891389,60.150134,50.706007,52.302867,49.186446,41.913053,44.887586,38.327042,38.442449,31.574537
247,bpillar_sample_247.csv,0.864695,-0.140771,-0.244274,0.046546,-0.898358,0.296221,-0.291765,-0.485051,0.788328,-0.017869,0.565617,0.935715,0.023678,-0.941430,0.296465,0.320877,0.591768,-0.536891,0.428026,0.670442,0.362418,0.774878,2.716133,2.464130,2.438226,2.511569,2.275378,2.574012,2.426407,76.099311,67.904069,68.302733,66.957259,65.357565,57.535664,50.579706,57.176952,53.882436,52.425894,43.921426,45.046095,41.948672,36.994785,34.851394
248,bpillar_sample_248.csv,-0.802231,-0.189835,-0.285665,0.025752,0.525630,0.640244,-0.756588,-0.526264,0.129234,-0.222645,-0.824407,0.847339,0.930411,-0.780536,0.770831,0.728142,0.027100,0.910042,0.398243,-0.457602,0.811660,0.999282,2.299408,2.451867,2.427882,2.506371,2.631370,2.660017,2.310232,75.769699,63.755589,66.901555,58.148290,64.829384,62.740293,51.478080,59.811136,56.008650,49.630969,50.637118,44.917444,37.513995,38.598620,35.577233
249,bpillar_sample_249.csv,0.399900,0.394860,-0.733338,0.161362,-0.811451,0.314997,0.789213,0.207063,-0.044270,0.836439,0.836465,-0.898769,0.417031,-0.903387,-0.577162,-0.507590,-0.868683,0.264531,-0.489648,0.694516,-0.769893,-0.852301,2.599936,2.598001,2.315996,2.540272,2.297104,2.578706,2.696578,81.634754,62.663517,74.148336,68.673698,54.393728,59.793503,50.792123,52.325645,49.557239,45.197126,47.641088,41.082007,42.043315,32.952331,29.588278
250,bpillar_sample_250.csv,0.848578,0.051994,0.483774,-0.926930,0.122268,0.714592,-0.739933,0.421739,0.140448,0.885501,0.149679,-0.131505,-0.243158,0.498826,-0.397114,0.835325,-0.065562,0.547837,0.705861,-0.283490,-0.646604,0.328746,2.712104,2.512308,2.620186,2.268207,2.530531,2.678603,2.314395,83.351702,63.826168,74.484041,64.321344,58.979294,56.004032,58.621563,53.325463,56.568225,49.172318,48.956008,46.246266,38.198483,33.392483,33.408381
251,bpillar_sample_251.csv,-0.121427,0.363466,-0.499055,0.385413,-0.586290,-0.327614,0.003868,0.084208,0.870569,0.834692,0.107856,-0.207767,-0.185891,0.217694,0.754945,0.182467,0.578223,-0.482250,0.499607,0.471364,0.730193,0.972865,2.469606,2.590155,2.374549,2.596284,2.353394,2.418056,2.500295,80.652169,68.421711,74.136377,64.056297,58.523515,56.332745,57.051827,59.722920,53.159835,52.358854,44.175029,45.355305,41.166037,38.307774,35.491785
252,bpillar_sample_252.csv,0.126881,0.168124,0.712475,0.403562,0.659774,-0.171079,0.969676,0.399293,0.331192,0.160657,0.004877,-0.109099,0.830568,-0.605361,0.577215,0.870593,0.921086,-0.153915,0.249197,0.313710,0.625274,0.692292,2.531682,2.541333,2.677344,2.600821,2.664905,2.457189,2.741682,83.172180,65.026753,69.524294,63.403690,59.113209,62.167192,52.456194,58.735977,56.752350,54.055917,45.698944,44.273608,40.546253,37.933203,34.584271
253,bpillar_sample_253.csv,-0.732439,0.778003,0.872128,-0.319924,0.295042,0.310020,0.236003,0.962233,-0.059174,-0.163637,-0.138836,-0.176927,-0.211760,0.430042,0.273201,0.153561,-0.804845,-0.731488,0.559220,-0.045989,-0.490956,-0.173443,2.316855,2.693760,2.717246,2.419954,2.573723,2.577462,2.558313,87.674499,62.569704,67.305314,62.492945,58.707829,56.184257,58.237502,57.047763,53.008926,45.513105,43.018235,45.612818,39.132170,33.948159,31.784048
254,bpillar_sample_254.csv,-0.961407,-0.171150,-0.594569,0.293526,0.432248,0.159497,-0.424326,-0.702765,-0.441486,0.591929,-0.678779,-0.586355,0.259760,-0.026942,-0.828188,-0.812421,0.182942,-0.933330,-0.708196,0.204103,0.389756,-0.436011,2.259614,2.456537,2.350678,2.573313,2.608025,2.539832,2.393275,74.358063,60.163355,72.475274,59.071177,56.260877,58.890769,55.685868,50.931680,47.965799,50.402336,42.081421,40.137941,40.115354,37.092385,30.934768
255,bpillar_sample_255.csv,0.101798,0.517584,0.303332,-0.154907,-0.312337,0.605173,-0.444403,-0.882979,0.494960,-0.169613,0.260479,-0.193788,-0.004658,-0.248468,0.529916,0.779176,-0.376144,0.958116,-0.707101,-0.665115,-0.161715,-0.448599,2.525412,2.628674,2.575088,2.461207,2.421881,2.651249,2.388257,72.916736,66.057545,67.264425,65.023511,58.607063,57.373020,54.448948,58.473322,56.275088,47.635040,50.860247,40.142671,36.698201,35.123581,30.894051
256,bpillar_sample_256.csv,0.580187,0.212428,0.646196,0.795235,-0.591304,0.794745,-0.936991,0.480343,-0.780300,0.459936,-0.656438,0.472019,0.390095,0.188567,0.715332,-0.878951,0.474263,0.151903,0.189734,-0.587197,0.406119,0.096360,2.645007,2.552405,2.660779,2.698736,2.352140,2.698641,2.265143,83.820406,58.030785,71.572111,59.212753,62.586275,59.638889,56.889191,59.502949,47.618465,51.844284,47.118344,44.016741,37.004519,37.150803,32.656726
257,bpillar_sample_257.csv,0.520127,-0.929437,0.875170,0.683115,-0.510858,-0.314225,-0.154170,0.672223,-0.250336,0.742258,0.758337,-0.304469,0.122501,-0.861435,0.657227,0.898833,0.926778,-0.216410,-0.684118,-0.680344,0.488147,-0.153310,2.629992,2.267018,2.718006,2.670707,2.372251,2.421403,2.460796,85.355043,61.366489,73.503899,68.178576,57.945573,58.102907,51.026369,59.180286,56.899784,54.084089,45.408885,40.241953,36.638331,37.443648,31.849167
258,bpillar_sample_258.csv,-0.838966,-0.722949,0.567851,-0.812284,-0.559677,0.774369,0.573628,-0.998393,-0.842197,-0.207828,0.949159,-0.051659,-0.226505,0.898628,0.178119,0.551651,-0.923524,0.458761,-0.673317,0.067756,-0.507291,0.637701,2.290224,2.318626,2.641199,2.296868,2.360047,2.693547,2.642696,71.993673,57.641193,67.002935,69.387871,59.456497,56.099621,60.853911,56.519771,55.087242,44.925682,48.542575,40.288607,39.579335,33.889842,34.407695
259,bpillar_sample_259.csv,0.168985,-0.110614,-0.988850,-0.383155,0.475363,-0.857119,-0.389569,-0.712411,0.914011,0.506629,-0.877376,0.112907,0.489061,0.179536,0.564793,-0.218979,-0.496868,-0.532319,0.983943,0.560933,-0.631919,0.467697,2.542208,2.471667,2.252136,2.404147,2.618803,2.285682,2.401962,74.280920,68.695142,71.891612,57.812607,60.440032,60.206952,56.838767,58.666995,51.063998,47.037494,43.942642,47.447498,41.518161,33.444909,33.857818
260,bpillar_sample_260.csv,-0.934242,0.996774,-0.030234,0.441078,0.208996,-0.215598,0.762243,-0.473421,-0.377661,-0.693960,0.463689,0.356053,0.112279,0.388533,0.822615,0.338313,0.621677,0.541736,0.459615,0.356372,-0.096154,0.577165,2.266406,2.748438,2.491721,2.610200,2.552212,2.446060,2.689838,76.192328,60.565078,63.676581,66.311309,61.893200,58.044237,58.005728,60.098699,53.973464,52.573935,48.927692,45.182552,40.713969,35.357639,34.211891
261,bpillar_sample_261.csv,-0.168683,0.969143,0.763779,0.427161,-0.636162,-0.630851,-0.845556,-0.600268,0.333889,0.748859,-0.106513,0.701544,0.892820,0.643173,-0.615349,-0.383827,-0.896216,0.356613,0.771868,-0.604668,-0.503842,0.817378,2.457792,2.741532,2.690167,2.606721,2.340926,2.342248,2.287996,75.177824,65.043728,73.549069,62.697785,63.958032,62.524520,59.427546,52.113588,50.203370,45.060844,48.068475,46.531394,36.935837,33.902157,34.988863
262,bpillar_sample_262.csv,0.419904,-0.282376,-0.658898,0.148483,-0.238649,0.504779,0.046767,-0.039544,-0.296989,-0.828570,-0.696625,0.663468,-0.476709,-0.817028,-0.658076,-0.697197,-0.761776,-0.085519,-0.432272,-0.852087,-0.489795,-0.562997,2.604937,2.428739,2.334600,2.537053,2.440302,2.626151,2.511017,79.662424,61.072845,62.755508,58.958080,63.730475,54.663460,51.274320,51.876322,48.567352,45.726281,46.016390,41.329854,35.963160,33.952306,30.524032
263,bpillar_sample_263.csv,-0.249092,0.195356,0.257287,0.823258,-0.662982,-0.271144,-0.605836,-0.719976,-0.293638,0.849398,-0.197126,-0.573944,0.938175,-0.805981,-0.115062,-0.077378,0.758770,0.555248,-0.638410,-0.547186,-0.926328,-0.297985,2.437690,2.548139,2.563580,2.705742,2.334221,2.432174,2.347910,74.220415,61.093937,74.237006,62.123544,56.335047,62.784855,51.336006,54.891714,51.803258,53.252501,48.990401,40.439397,37.161814,32.393844,31.381216
264,bpillar_sample_264.csv,-0.446123,-0.429222,-0.476726,0.299035,-0.721667,0.035688,0.753771,0.188883,-0.527029,-0.044663,-0.545635,0.596170,-0.124838,0.198970,0.434942,-0.232559,0.983220,0.184589,-0.895605,0.645227,-0.079372,-0.040248,2.388433,2.392037,2.380130,2.574690,2.319550,2.508880,2.687720,81.489348,59.624926,68.119393,59.914945,63.328264,56.683187,56.947280,57.945924,50.993100,54.363457,47.270050,39.328387,41.849546,35.417553,32.214865
265,bpillar_sample_265.csv,0.348454,-0.056299,0.651592,-0.573970,-0.554688,0.383844,0.543063,0.391895,-0.767972,0.896515,-0.841408,0.949642,-0.265530,-0.952210,-0.854991,0.718992,0.198621,-0.413358,-0.153383,-0.399625,-0.303271,0.353649,2.587075,2.485242,2.662128,2.356444,2.361294,2.595918,2.635057,83.113016,58.108378,74.559407,58.040552,65.440795,55.875620,50.519513,50.782843,55.960884,50.479945,44.494784,42.534574,37.741922,34.618213,33.488927
266,bpillar_sample_266.csv,-0.952593,0.949193,0.382791,0.799879,-0.522892,-0.162131,0.650911,-0.270003,0.072146,0.731665,0.811636,0.306384,0.258042,0.122286,0.359223,0.371159,0.235647,0.092277,-0.145037,0.831984,-0.060637,0.927495,2.261818,2.736546,2.594947,2.699897,2.369243,2.459426,2.662012,77.819238,63.396265,73.431419,68.516347,61.596352,58.880910,56.519101,57.525451,54.144941,50.663208,46.841603,42.570630,42.583742,35.484441,35.345036
267,bpillar_sample_267.csv,0.614869,0.572800,0.959374,-0.376716,0.198737,-0.190423,0.086568,0.914597,-0.898623,-0.615674,-0.788295,-0.443014,0.597198,-0.055088,0.613928,-0.955541,-0.533421,0.685216,0.512581,-0.729519,0.913470,-0.076776,2.653678,2.642474,2.739051,2.405756,2.549648,2.452353,2.520964,87.293517,57.286032,64.212251,58.377143,57.117555,60.827659,55.528714,58.939845,47.218612,46.856566,49.593630,45.411349,36.445012,38.962090,32.096718
