F0_kN,status,sec,part,point_idx,x0_mm,y0_mm,x_mm,y_mm
105.300,stable,0,Outer,1,0.000,77.176,0.000,77.176
105.300,stable,0,Outer,2,22.952,77.176,22.952,77.176
105.300,stable,0,Outer,3,45.903,77.176,45.903,77.176
105.300,stable,0,Outer,4,68.855,77.179,68.855,77.179
105.300,stable,0,Outer,5,91.792,78.077,91.792,78.077
105.300,stable,0,Outer,6,114.593,85.124,114.593,85.124
105.300,stable,0,Outer,7,137.122,98.200,137.122,98.200
105.300,stable,0,Outer,8,159.711,115.776,159.711,115.776
105.300,stable,0,Outer,9,181.710,136.686,181.710,136.686
105.300,stable,0,Outer,10,203.804,155.760,203.804,155.760
105.300,stable,0,Outer,11,226.449,171.309,226.449,171.309
105.300,stable,0,Outer,12,250.090,183.123,250.090,183.123
105.300,stable,0,Outer,13,273.409,191.435,273.409,191.435
105.300,stable,0,Outer,14,297.146,196.498,297.146,196.498
105.300,stable,0,Outer,15,320.863,198.450,320.863,198.450
105.300,stable,0,Outer,16,344.737,198.450,344.737,198.450
105.300,stable,0,Outer,17,368.454,196.498,368.454,196.498
105.300,stable,0,Outer,18,392.191,191.435,392.191,191.435
105.300,stable,0,Outer,19,415.510,183.123,415.510,183.123
105.300,stable,0,Outer,20,439.151,171.309,439.151,171.309
105.300,stable,0,Outer,21,461.796,155.760,461.796,155.760
105.300,stable,0,Outer,22,483.890,136.686,483.890,136.686
105.300,stable,0,Outer,23,505.889,115.776,505.889,115.776
105.300,stable,0,Outer,24,528.478,98.200,528.478,98.200
105.300,stable,0,Outer,25,551.007,85.124,551.007,85.124
105.300,stable,0,Outer,26,573.808,78.077,573.808,78.077
105.300,stable,0,Outer,27,596.745,77.179,596.745,77.179
105.300,stable,0,Outer,28,619.697,77.176,619.697,77.176
105.300,stable,0,Outer,29,642.648,77.176,642.648,77.176
105.300,stable,0,Outer,30,665.600,77.176,665.600,77.176
105.300,stable,0,Plate,1,0.000,74.712,0.000,74.712
105.300,stable,0,Plate,2,22.952,74.712,22.952,74.712
105.300,stable,0,Plate,3,45.903,74.712,45.903,74.712
105.300,stable,0,Plate,4,68.670,59.831,68.670,59.831
105.300,stable,0,Plate,5,91.365,40.578,91.365,40.578
105.300,stable,0,Plate,6,114.568,23.951,114.568,23.951
105.300,stable,0,Plate,7,137.710,12.233,137.710,12.233
105.300,stable,0,Plate,8,160.662,12.233,160.662,12.233
105.300,stable,0,Plate,9,183.614,12.233,183.614,12.233
105.300,stable,0,Plate,10,206.566,12.233,206.566,12.233
105.300,stable,0,Plate,11,229.750,16.398,229.750,16.398
105.300,stable,0,Plate,12,253.240,20.696,253.240,20.696
105.300,stable,0,Plate,13,275.756,23.795,275.756,23.795
105.300,stable,0,Plate,14,298.909,25.770,298.909,25.770
105.300,stable,0,Plate,15,321.607,26.483,321.607,26.483
105.300,stable,0,Plate,16,343.993,26.483,343.993,26.483
105.300,stable,0,Plate,17,366.691,25.770,366.691,25.770
105.300,stable,0,Plate,18,389.844,23.795,389.844,23.795
105.300,stable,0,Plate,19,412.360,20.696,412.360,20.696
105.300,stable,0,Plate,20,435.850,16.398,435.850,16.398
105.300,stable,0,Plate,21,459.034,12.233,459.034,12.233
105.300,stable,0,Plate,22,481.986,12.233,481.986,12.233
105.300,stable,0,Plate,23,504.938,12.233,504.938,12.233
105.300,stable,0,Plate,24,527.890,12.233,527.890,12.233
105.300,stable,0,Plate,25,551.032,23.951,551.032,23.951
105.300,stable,0,Plate,26,574.235,40.578,574.235,40.578
105.300,stable,0,Plate,27,596.930,59.831,596.930,59.831
105.300,stable,0,Plate,28,619.697,74.712,619.697,74.712
105.300,stable,0,Plate,29,642.648,74.712,642.648,74.712
105.300,stable,0,Plate,30,665.600,74.712,665.600,74.712
105.300,stable,0,Inner,1,137.710,14.698,137.710,14.698
105.300,stable,0,Inner,2,160.662,14.698,160.662,14.698
105.300,stable,0,Inner,3,183.614,14.698,183.614,14.698
105.300,stable,0,Inner,4,205.946,28.584,205.946,28.584
105.300,stable,0,Inner,5,228.148,46.667,228.148,46.667
105.300,stable,0,Inner,6,250.657,67.900,250.657,67.900
105.300,stable,0,Inner,7,273.978,86.397,273.978,86.397
105.300,stable,0,Inner,8,297.624,99.495,297.624,99.495
105.300,stable,0,Inner,9,321.194,106.375,321.194,106.375
105.300,stable,0,Inner,10,344.406,106.375,344.406,106.375
105.300,stable,0,Inner,11,367.976,99.495,367.976,99.495
105.300,stable,0,Inner,12,391.622,86.397,391.622,86.397
105.300,stable,0,Inner,13,414.943,67.900,414.943,67.900
105.300,stable,0,Inner,14,437.452,46.667,437.452,46.667
105.300,stable,0,Inner,15,459.654,28.584,459.654,28.584
105.300,stable,0,Inner,16,481.986,14.698,481.986,14.698
105.300,stable,0,Inner,17,504.938,14.698,504.938,14.698
105.300,stable,0,Inner,18,527.890,14.698,527.890,14.698
105.300,stable,0,Patch2,1,481.986,10.666,481.986,10.666
105.300,stable,0,Patch2,2,504.938,10.666,504.938,10.666
105.300,stable,0,Patch2,3,527.890,10.666,527.890,10.666
105.300,stable,0,Patch3,1,137.710,10.667,137.710,10.667
105.300,stable,0,Patch3,2,160.662,10.667,160.662,10.667
105.300,stable,0,Patch3,3,183.614,10.667,183.614,10.667
105.300,stable,0,Patch4,1,187.098,137.722,187.098,137.722
105.300,stable,0,Patch4,2,208.654,153.385,208.654,153.385
105.300,stable,0,Patch4,3,231.566,166.352,231.566,166.352
105.300,stable,0,Patch4,4,253.461,175.656,253.461,175.656
105.300,stable,0,Patch4,5,276.821,183.870,276.821,183.870
105.300,stable,0,Patch4,6,299.323,189.200,299.323,189.200
105.300,stable,0,Patch4,7,321.567,192.149,321.567,192.149
105.300,stable,0,Patch4,8,344.033,192.149,344.033,192.149
105.300,stable,0,Patch4,9,366.277,189.200,366.277,189.200
105.300,stable,0,Patch4,10,388.779,183.870,388.779,183.870
105.300,stable,0,Patch4,11,412.139,175.656,412.139,175.656
105.300,stable,0,Patch4,12,434.034,166.352,434.034,166.352
105.300,stable,0,Patch4,13,456.946,153.385,456.946,153.385
105.300,stable,0,Patch4,14,478.502,137.722,478.502,137.722
105.300,stable,1,Outer,1,97.397,60.197,97.422,60.151
105.300,stable,1,Outer,2,112.005,60.197,112.030,60.103
105.300,stable,1,Outer,3,126.612,60.197,126.638,60.063
105.300,stable,1,Outer,4,141.219,60.237,141.243,60.134
105.300,stable,1,Outer,5,155.751,60.865,155.775,60.838
105.300,stable,1,Outer,6,169.822,65.726,169.837,65.733
105.300,stable,1,Outer,7,183.819,74.544,183.822,74.578
105.300,stable,1,Outer,8,198.046,87.541,198.013,87.624
105.300,stable,1,Outer,9,211.802,102.987,211.723,103.127
105.300,stable,1,Outer,10,225.848,116.516,225.733,116.716
105.300,stable,1,Outer,11,240.338,128.410,240.210,128.655
105.300,stable,1,Outer,12,255.796,138.853,255.687,139.114
105.300,stable,1,Outer,13,271.284,145.897,271.196,146.168
105.300,stable,1,Outer,14,286.468,149.143,286.394,149.452
105.300,stable,1,Outer,15,301.594,150.184,301.536,150.530
105.300,stable,1,Outer,16,316.811,150.184,316.772,150.531
105.300,stable,1,Outer,17,331.937,149.143,331.914,149.462
105.300,stable,1,Outer,18,347.122,145.897,347.114,146.199
105.300,stable,1,Outer,19,362.610,138.853,362.631,139.174
105.300,stable,1,Outer,20,378.068,128.410,378.118,128.744
105.300,stable,1,Outer,21,392.557,116.516,392.617,116.842
105.300,stable,1,Outer,22,406.603,102.987,406.657,103.293
105.300,stable,1,Outer,23,420.360,87.541,420.395,87.821
105.300,stable,1,Outer,24,434.586,74.544,434.602,74.796
105.300,stable,1,Outer,25,448.583,65.726,448.581,65.944
105.300,stable,1,Outer,26,462.654,60.865,462.626,60.999
105.300,stable,1,Outer,27,477.186,60.237,477.154,60.216
105.300,stable,1,Outer,28,491.794,60.197,491.751,60.096
105.300,stable,1,Outer,29,506.401,60.197,506.360,60.102
105.300,stable,1,Outer,30,521.008,60.197,520.967,60.116
105.300,stable,1,Plate,1,97.397,57.733,97.422,57.686
105.300,stable,1,Plate,2,112.005,57.733,112.030,57.638
105.300,stable,1,Plate,3,126.612,57.733,126.638,57.599
105.300,stable,1,Plate,4,140.862,48.632,140.879,48.478
105.300,stable,1,Plate,5,155.243,35.513,155.275,35.372
105.300,stable,1,Plate,6,170.168,21.392,170.207,21.257
105.300,stable,1,Plate,7,185.041,11.236,185.070,11.088
105.300,stable,1,Plate,8,199.648,11.236,199.678,11.105
105.300,stable,1,Plate,9,214.255,11.236,214.285,11.137
105.300,stable,1,Plate,10,228.863,11.236,228.891,11.096
105.300,stable,1,Plate,11,243.703,12.624,243.733,12.442
105.300,stable,1,Plate,12,258.371,16.101,258.398,15.928
105.300,stable,1,Plate,13,272.893,19.011,272.909,18.880
105.300,stable,1,Plate,14,287.535,20.699,287.542,20.608
105.300,stable,1,Plate,15,302.017,21.120,302.020,21.045
105.300,stable,1,Plate,16,316.389,21.120,316.388,21.043
105.300,stable,1,Plate,17,330.871,20.699,330.866,20.602
105.300,stable,1,Plate,18,345.513,19.011,345.500,18.869
105.300,stable,1,Plate,19,360.034,16.101,360.010,15.909
105.300,stable,1,Plate,20,374.703,12.624,374.674,12.413
105.300,stable,1,Plate,21,389.543,11.236,389.516,11.036
105.300,stable,1,Plate,22,404.150,11.236,404.124,11.055
105.300,stable,1,Plate,23,418.757,11.236,418.733,11.065
105.300,stable,1,Plate,24,433.365,11.236,433.341,11.094
105.300,stable,1,Plate,25,448.237,21.392,448.203,21.268
105.300,stable,1,Plate,26,463.163,35.513,463.125,35.396
105.300,stable,1,Plate,27,477.543,48.632,477.505,48.519
105.300,stable,1,Plate,28,491.794,57.733,491.751,57.631
105.300,stable,1,Plate,29,506.401,57.733,506.360,57.638
105.300,stable,1,Plate,30,521.008,57.733,520.967,57.652
105.300,stable,1,Inner,1,185.041,13.700,185.070,13.553
105.300,stable,1,Inner,2,199.648,13.700,199.678,13.569
105.300,stable,1,Inner,3,214.255,13.700,214.285,13.601
105.300,stable,1,Inner,4,228.453,19.191,228.485,19.096
105.300,stable,1,Inner,5,242.488,31.270,242.516,31.185
105.300,stable,1,Inner,6,256.943,47.431,256.955,47.366
105.300,stable,1,Inner,7,271.825,62.634,271.824,62.588
105.300,stable,1,Inner,8,286.862,73.925,286.866,73.878
105.300,stable,1,Inner,9,301.841,79.683,301.858,79.611
105.300,stable,1,Inner,10,316.565,79.683,316.585,79.585
105.300,stable,1,Inner,11,331.544,73.925,331.561,73.809
105.300,stable,1,Inner,12,346.581,62.634,346.591,62.503
105.300,stable,1,Inner,13,361.463,47.431,361.460,47.283
105.300,stable,1,Inner,14,375.917,31.270,375.901,31.106
105.300,stable,1,Inner,15,389.952,19.191,389.928,19.016
105.300,stable,1,Inner,16,404.150,13.700,404.124,13.519
105.300,stable,1,Inner,17,418.757,13.700,418.733,13.529
105.300,stable,1,Inner,18,433.365,13.700,433.341,13.558
105.300,stable,1,Patch1,1,228.863,13.824,228.891,13.685
105.300,stable,1,Patch1,2,243.070,15.777,243.101,15.630
105.300,stable,1,Patch1,3,258.414,19.225,258.435,19.119
105.300,stable,1,Patch1,4,272.814,21.462,272.827,21.405
105.300,stable,1,Patch1,5,287.381,23.368,287.388,23.352
105.300,stable,1,Patch1,6,302.003,23.612,302.009,23.613
105.300,stable,1,Patch1,7,316.402,23.612,316.408,23.607
105.300,stable,1,Patch1,8,331.024,23.368,331.029,23.335
105.300,stable,1,Patch1,9,345.591,21.462,345.589,21.380
105.300,stable,1,Patch1,10,359.992,19.225,359.981,19.089
105.300,stable,1,Patch1,11,375.336,15.777,375.313,15.592
105.300,stable,1,Patch1,12,389.543,13.824,389.516,13.625
105.300,stable,1,Patch2,1,404.150,9.669,404.124,9.488
105.300,stable,1,Patch2,2,418.757,9.669,418.733,9.498
105.300,stable,1,Patch2,3,433.365,9.669,433.341,9.527
105.300,stable,1,Patch3,1,185.041,9.669,185.070,9.522
105.300,stable,1,Patch3,2,199.648,9.669,199.678,9.539
105.300,stable,1,Patch3,3,214.255,9.669,214.285,9.571
105.300,stable,1,Patch4,1,216.285,101.557,216.417,101.353
105.300,stable,1,Patch4,2,229.667,112.774,229.764,112.612
105.300,stable,1,Patch4,3,244.116,124.447,244.175,124.331
105.300,stable,1,Patch4,4,257.887,133.856,257.917,133.781
105.300,stable,1,Patch4,5,272.378,141.447,272.389,141.407
105.300,stable,1,Patch4,6,287.127,145.349,287.133,145.327
105.300,stable,1,Patch4,7,301.796,146.111,301.802,146.088
105.300,stable,1,Patch4,8,316.609,146.111,316.615,146.078
105.300,stable,1,Patch4,9,331.279,145.349,331.283,145.298
105.300,stable,1,Patch4,10,346.027,141.447,346.025,141.371
105.300,stable,1,Patch4,11,360.519,133.856,360.503,133.755
105.300,stable,1,Patch4,12,374.289,124.447,374.257,124.321
105.300,stable,1,Patch4,13,388.738,112.774,388.685,112.621
105.300,stable,1,Patch4,14,402.121,101.557,402.047,101.380
105.300,stable,2,Outer,1,113.689,57.760,113.743,57.663
105.300,stable,2,Outer,2,125.842,57.760,125.897,57.592
105.300,stable,2,Outer,3,137.995,57.760,138.050,57.524
105.300,stable,2,Outer,4,150.149,57.749,150.212,57.466
105.300,stable,2,Outer,5,162.192,58.278,162.258,57.936
105.300,stable,2,Outer,6,173.599,62.559,173.707,62.109
105.300,stable,2,Outer,7,185.095,71.380,185.334,70.757
105.300,stable,2,Outer,8,196.817,84.268,197.260,83.459
105.300,stable,2,Outer,9,208.209,99.135,208.759,98.244
105.300,stable,2,Outer,10,219.956,111.960,220.416,111.152
105.300,stable,2,Outer,11,232.101,123.030,232.363,122.435
105.300,stable,2,Outer,12,245.128,132.263,245.191,131.941
105.300,stable,2,Outer,13,258.404,138.045,258.362,137.959
105.300,stable,2,Outer,14,271.049,139.973,270.986,140.022
105.300,stable,2,Outer,15,283.611,140.420,283.546,140.501
105.300,stable,2,Outer,16,296.211,140.420,296.146,140.434
105.300,stable,2,Outer,17,308.773,139.973,308.702,139.842
105.300,stable,2,Outer,18,321.419,138.045,321.318,137.735
105.300,stable,2,Outer,19,334.694,132.263,334.517,131.780
105.300,stable,2,Outer,20,347.721,123.030,347.461,122.432
105.300,stable,2,Outer,21,359.866,111.960,359.570,111.324
105.300,stable,2,Outer,22,371.613,99.135,371.344,98.523
105.300,stable,2,Outer,23,383.005,84.268,382.821,83.722
105.300,stable,2,Outer,24,394.728,71.380,394.639,70.921
105.300,stable,2,Outer,25,406.223,62.559,406.188,62.170
105.300,stable,2,Outer,26,417.630,58.278,417.606,57.917
105.300,stable,2,Outer,27,429.674,57.749,429.648,57.378
105.300,stable,2,Outer,28,441.827,57.760,441.798,57.379
105.300,stable,2,Outer,29,453.980,57.760,453.952,57.406
105.300,stable,2,Outer,30,466.133,57.760,466.105,57.438
105.300,stable,2,Plate,1,113.689,55.295,113.743,55.199
105.300,stable,2,Plate,2,125.842,55.295,125.897,55.128
105.300,stable,2,Plate,3,137.995,55.295,138.050,55.060
105.300,stable,2,Plate,4,149.809,45.886,149.809,45.583
105.300,stable,2,Plate,5,161.818,33.361,161.778,33.018
105.300,stable,2,Plate,6,174.224,20.802,174.207,20.481
105.300,stable,2,Plate,7,186.608,11.916,186.630,11.650
105.300,stable,2,Plate,8,198.762,11.916,198.784,11.691
105.300,stable,2,Plate,9,210.915,11.916,210.937,11.713
105.300,stable,2,Plate,10,223.068,11.916,223.089,11.728
105.300,stable,2,Plate,11,235.431,14.224,235.447,14.061
105.300,stable,2,Plate,12,247.358,17.674,247.366,17.536
105.300,stable,2,Plate,13,259.631,20.393,259.635,20.275
105.300,stable,2,Plate,14,271.744,21.656,271.747,21.548
105.300,stable,2,Plate,15,283.855,21.842,283.858,21.734
105.300,stable,2,Plate,16,295.967,21.842,295.971,21.720
105.300,stable,2,Plate,17,308.078,21.656,308.081,21.506
105.300,stable,2,Plate,18,320.191,20.393,320.190,20.199
105.300,stable,2,Plate,19,332.464,17.674,332.451,17.424
105.300,stable,2,Plate,20,344.391,14.224,344.361,13.916
105.300,stable,2,Plate,21,356.754,11.916,356.715,11.566
105.300,stable,2,Plate,22,368.907,11.916,368.868,11.551
105.300,stable,2,Plate,23,381.061,11.916,381.022,11.543
105.300,stable,2,Plate,24,393.214,11.916,393.175,11.540
105.300,stable,2,Plate,25,405.598,20.802,405.570,20.413
105.300,stable,2,Plate,26,418.004,33.361,417.987,32.963
105.300,stable,2,Plate,27,430.013,45.886,429.993,45.493
105.300,stable,2,Plate,28,441.827,55.295,441.798,54.915
105.300,stable,2,Plate,29,453.980,55.295,453.952,54.942
105.300,stable,2,Plate,30,466.133,55.295,466.105,54.974
105.300,stable,2,Inner,1,186.608,14.380,186.630,14.114
105.300,stable,2,Inner,2,198.762,14.380,198.784,14.155
105.300,stable,2,Inner,3,210.915,14.380,210.937,14.177
105.300,stable,2,Inner,4,222.789,22.464,222.816,22.255
105.300,stable,2,Inner,5,234.500,34.242,234.544,34.015
105.300,stable,2,Inner,6,246.598,49.503,246.655,49.267
105.300,stable,2,Inner,7,258.910,63.582,258.964,63.348
105.300,stable,2,Inner,8,271.329,73.553,271.377,73.327
105.300,stable,2,Inner,9,283.773,78.321,283.822,78.091
105.300,stable,2,Inner,10,296.049,78.321,296.099,78.069
105.300,stable,2,Inner,11,308.493,73.553,308.528,73.264
105.300,stable,2,Inner,12,320.912,63.582,320.917,63.256
105.300,stable,2,Inner,13,333.224,49.503,333.202,49.154
105.300,stable,2,Inner,14,345.322,34.242,345.287,33.882
105.300,stable,2,Inner,15,357.033,22.464,356.999,22.105
105.300,stable,2,Inner,16,368.907,14.380,368.868,14.015
105.300,stable,2,Inner,17,381.061,14.380,381.022,14.007
105.300,stable,2,Inner,18,393.214,14.380,393.175,14.004
105.300,stable,2,Patch2,1,368.907,10.349,368.868,9.984
105.300,stable,2,Patch2,2,381.061,10.349,381.022,9.976
105.300,stable,2,Patch2,3,393.214,10.349,393.175,9.973
105.300,stable,2,Patch3,1,186.608,10.349,186.630,10.083
105.300,stable,2,Patch3,2,198.762,10.349,198.784,10.124
105.300,stable,2,Patch3,3,210.915,10.349,210.937,10.146
105.300,stable,2,Patch4,1,211.968,96.300,212.269,95.651
105.300,stable,2,Patch4,2,224.001,108.348,224.200,107.799
105.300,stable,2,Patch4,3,235.531,117.659,235.654,117.203
105.300,stable,2,Patch4,4,247.396,125.986,247.458,125.616
105.300,stable,2,Patch4,5,259.328,130.868,259.360,130.570
105.300,stable,2,Patch4,6,271.463,132.793,271.487,132.549
105.300,stable,2,Patch4,7,283.785,133.242,283.806,133.033
105.300,stable,2,Patch4,8,296.038,133.242,296.059,133.049
105.300,stable,2,Patch4,9,308.359,132.793,308.380,132.597
105.300,stable,2,Patch4,10,320.494,130.868,320.512,130.649
105.300,stable,2,Patch4,11,332.426,125.986,332.426,125.723
105.300,stable,2,Patch4,12,344.291,117.659,344.250,117.340
105.300,stable,2,Patch4,13,355.821,108.348,355.732,107.969
105.300,stable,2,Patch4,14,367.854,96.300,367.701,95.858
105.300,stable,3,Outer,1,125.925,55.289,125.971,55.150
105.300,stable,3,Outer,2,136.184,55.289,136.229,55.005
105.300,stable,3,Outer,3,146.442,55.289,146.486,54.860
105.300,stable,3,Outer,4,156.701,55.312,156.783,54.722
105.300,stable,3,Outer,5,166.853,55.906,166.945,55.114
105.300,stable,3,Outer,6,176.432,60.600,176.634,59.578
105.300,stable,3,Outer,7,186.279,69.578,186.699,68.311
105.300,stable,3,Outer,8,196.021,82.377,196.670,80.933
105.300,stable,3,Outer,9,205.598,97.285,206.294,95.810
105.300,stable,3,Outer,10,215.299,109.979,215.824,108.633
105.300,stable,3,Outer,11,225.579,120.488,225.856,119.379
105.300,stable,3,Outer,12,236.336,128.994,236.398,128.149
105.300,stable,3,Outer,13,247.507,134.127,247.469,133.492
105.300,stable,3,Outer,14,258.470,135.642,258.416,135.116
105.300,stable,3,Outer,15,269.279,136.054,269.224,135.540
105.300,stable,3,Outer,16,280.071,136.054,280.014,135.472
105.300,stable,3,Outer,17,290.880,135.642,290.817,134.930
105.300,stable,3,Outer,18,301.843,134.127,301.754,133.245
105.300,stable,3,Outer,19,313.014,128.994,312.841,127.936
105.300,stable,3,Outer,20,323.771,120.488,323.492,119.298
105.300,stable,3,Outer,21,334.051,109.979,333.707,108.726
105.300,stable,3,Outer,22,343.752,97.285,343.416,96.039
105.300,stable,3,Outer,23,353.329,82.377,353.077,81.186
105.300,stable,3,Outer,24,363.071,69.578,362.940,68.480
105.300,stable,3,Outer,25,372.918,60.600,372.887,59.615
105.300,stable,3,Outer,26,382.497,55.906,382.518,55.030
105.300,stable,3,Outer,27,392.649,55.312,392.673,54.529
105.300,stable,3,Outer,28,402.908,55.289,402.945,54.565
105.300,stable,3,Outer,29,413.166,55.289,413.203,54.620
105.300,stable,3,Outer,30,423.425,55.289,423.461,54.680
105.300,stable,3,Plate,1,125.925,52.825,125.971,52.686
105.300,stable,3,Plate,2,136.184,52.825,136.229,52.541
105.300,stable,3,Plate,3,146.442,52.825,146.486,52.396
105.300,stable,3,Plate,4,156.714,44.118,156.660,43.574
105.300,stable,3,Plate,5,167.104,32.311,167.005,31.728
105.300,stable,3,Plate,6,177.231,20.040,177.180,19.495
105.300,stable,3,Plate,7,187.477,11.002,187.489,10.530
105.300,stable,3,Plate,8,197.735,11.002,197.748,10.587
105.300,stable,3,Plate,9,207.994,11.002,208.006,10.628
105.300,stable,3,Plate,10,218.253,11.002,218.265,10.661
105.300,stable,3,Plate,11,228.623,13.554,228.630,13.236
105.300,stable,3,Plate,12,238.582,17.756,238.585,17.447
105.300,stable,3,Plate,13,248.928,20.676,248.931,20.366
105.300,stable,3,Plate,14,259.272,21.407,259.276,21.093
105.300,stable,3,Plate,15,269.548,21.486,269.552,21.164
105.300,stable,3,Plate,16,279.802,21.486,279.807,21.149
105.300,stable,3,Plate,17,290.078,21.407,290.082,21.047
105.300,stable,3,Plate,18,300.422,20.676,300.425,20.283
105.300,stable,3,Plate,19,310.768,17.756,310.759,17.323
105.300,stable,3,Plate,20,320.727,13.554,320.699,13.076
105.300,stable,3,Plate,21,331.097,11.002,331.058,10.479
105.300,stable,3,Plate,22,341.356,11.002,341.317,10.438
105.300,stable,3,Plate,23,351.615,11.002,351.576,10.392
105.300,stable,3,Plate,24,361.873,11.002,361.834,10.344
105.300,stable,3,Plate,25,372.119,20.040,372.123,19.333
105.300,stable,3,Plate,26,382.246,32.311,382.287,31.575
105.300,stable,3,Plate,27,392.636,44.118,392.689,43.373
105.300,stable,3,Plate,28,402.908,52.825,402.945,52.101
105.300,stable,3,Plate,29,413.166,52.825,413.203,52.156
105.300,stable,3,Plate,30,423.425,52.825,423.461,52.216
105.300,stable,3,Inner,1,187.477,13.466,187.489,12.994
105.300,stable,3,Inner,2,197.735,13.466,197.748,13.051
105.300,stable,3,Inner,3,207.994,13.466,208.006,13.092
105.300,stable,3,Inner,4,218.065,22.629,218.069,22.261
105.300,stable,3,Inner,5,227.955,35.554,227.980,35.170
105.300,stable,3,Inner,6,238.006,51.396,238.058,50.995
105.300,stable,3,Inner,7,248.213,64.987,248.277,64.577
105.300,stable,3,Inner,8,258.686,74.658,258.755,74.241
105.300,stable,3,Inner,9,269.387,78.923,269.461,78.495
105.300,stable,3,Inner,10,279.963,78.923,280.037,78.473
105.300,stable,3,Inner,11,290.664,74.658,290.726,74.180
105.300,stable,3,Inner,12,301.137,64.987,301.175,64.484
105.300,stable,3,Inner,13,311.344,51.396,311.360,50.876
105.300,stable,3,Inner,14,321.395,35.554,321.396,35.024
105.300,stable,3,Inner,15,331.285,22.629,331.275,22.090
105.300,stable,3,Inner,16,341.356,13.466,341.317,12.903
105.300,stable,3,Inner,17,351.615,13.466,351.576,12.857
105.300,stable,3,Inner,18,361.873,13.466,361.834,12.808
105.300,stable,3,Patch2,1,341.356,9.435,341.317,8.871
105.300,stable,3,Patch2,2,351.615,9.435,351.576,8.825
105.300,stable,3,Patch2,3,361.873,9.435,361.834,8.777
105.300,stable,3,Patch3,1,187.477,9.436,187.489,8.963
105.300,stable,3,Patch3,2,197.735,9.436,197.748,9.020
105.300,stable,3,Patch3,3,207.994,9.436,208.006,9.061
105.300,stable,4,Outer,1,134.356,52.895,134.328,52.557
105.300,stable,4,Outer,2,143.244,52.895,143.215,52.372
105.300,stable,4,Outer,3,152.133,52.895,152.102,52.186
105.300,stable,4,Outer,4,161.022,52.930,161.050,51.998
105.300,stable,4,Outer,5,169.798,53.466,169.837,52.268
105.300,stable,4,Outer,6,177.971,57.810,178.141,56.356
105.300,stable,4,Outer,7,186.431,66.673,186.828,64.995
105.300,stable,4,Outer,8,194.685,79.140,195.250,77.348
105.300,stable,4,Outer,9,202.936,94.258,203.458,92.489
105.300,stable,4,Outer,10,211.425,107.455,211.748,105.811
105.300,stable,4,Outer,11,220.269,117.444,220.401,115.966
105.300,stable,4,Outer,12,229.785,125.140,229.790,123.817
105.300,stable,4,Outer,13,239.572,129.567,239.528,128.349
105.300,stable,4,Outer,14,249.075,130.767,249.026,129.591
105.300,stable,4,Outer,15,258.526,131.041,258.477,129.856
105.300,stable,4,Outer,16,267.963,131.041,267.914,129.805
105.300,stable,4,Outer,17,277.414,130.767,277.362,129.447
105.300,stable,4,Outer,18,286.917,129.567,286.851,128.143
105.300,stable,4,Outer,19,296.703,125.140,296.585,123.602
105.300,stable,4,Outer,20,306.220,117.444,306.022,115.811
105.300,stable,4,Outer,21,315.064,107.455,314.802,105.766
105.300,stable,4,Outer,22,323.553,94.258,323.272,92.557
105.300,stable,4,Outer,23,331.804,79.140,331.579,77.471
105.300,stable,4,Outer,24,340.058,66.673,339.957,65.088
105.300,stable,4,Outer,25,348.518,57.810,348.551,56.358
105.300,stable,4,Outer,26,356.691,53.466,356.802,52.166
105.300,stable,4,Outer,27,365.467,52.930,365.585,51.783
105.300,stable,4,Outer,28,374.356,52.895,374.501,51.853
105.300,stable,4,Outer,29,383.244,52.895,383.389,51.932
105.300,stable,4,Outer,30,392.133,52.895,392.277,52.013
105.300,stable,4,Plate,1,134.356,50.431,134.328,50.093
105.300,stable,4,Plate,2,143.244,50.431,143.215,49.907
105.300,stable,4,Plate,3,152.133,50.431,152.102,49.721
105.300,stable,4,Plate,4,161.165,41.997,161.013,41.161
105.300,stable,4,Plate,5,170.169,30.733,170.000,29.883
105.300,stable,4,Plate,6,178.883,18.942,178.803,18.159
105.300,stable,4,Plate,7,187.689,10.528,187.693,9.833
105.300,stable,4,Plate,8,196.578,10.528,196.581,9.905
105.300,stable,4,Plate,9,205.467,10.528,205.470,9.958
105.300,stable,4,Plate,10,214.356,10.528,214.359,9.991
105.300,stable,4,Plate,11,223.367,12.884,223.368,12.360
105.300,stable,4,Plate,12,231.986,17.106,231.989,16.577
105.300,stable,4,Plate,13,241.018,19.893,241.025,19.352
105.300,stable,4,Plate,14,249.946,20.173,249.953,19.620
105.300,stable,4,Plate,15,258.814,20.049,258.821,19.485
105.300,stable,4,Plate,16,267.675,20.049,267.682,19.473
105.300,stable,4,Plate,17,276.542,20.173,276.550,19.583
105.300,stable,4,Plate,18,285.471,19.893,285.477,19.286
105.300,stable,4,Plate,19,294.503,17.106,294.502,16.477
105.300,stable,4,Plate,20,303.122,12.884,303.108,12.228
105.300,stable,4,Plate,21,312.133,10.528,312.109,9.833
105.300,stable,4,Plate,22,321.022,10.528,320.998,9.782
105.300,stable,4,Plate,23,329.911,10.528,329.887,9.710
105.300,stable,4,Plate,24,338.800,10.528,338.776,9.627
105.300,stable,4,Plate,25,347.606,18.942,347.662,17.957
105.300,stable,4,Plate,26,356.320,30.733,356.460,29.686
105.300,stable,4,Plate,27,365.324,41.997,365.497,40.924
105.300,stable,4,Plate,28,374.356,50.431,374.501,49.389
105.300,stable,4,Plate,29,383.244,50.431,383.389,49.467
105.300,stable,4,Plate,30,392.133,50.431,392.277,49.549
105.300,stable,4,Inner,1,187.689,12.992,187.693,12.297
105.300,stable,4,Inner,2,196.578,12.992,196.581,12.369
105.300,stable,4,Inner,3,205.467,12.992,205.470,12.423
105.300,stable,4,Inner,4,214.071,21.972,214.046,21.425
105.300,stable,4,Inner,5,222.646,34.962,222.630,34.409
105.300,stable,4,Inner,6,231.167,50.669,231.188,50.096
105.300,stable,4,Inner,7,239.966,63.790,240.021,63.194
105.300,stable,4,Inner,8,249.081,73.146,249.157,72.530
105.300,stable,4,Inner,9,258.542,77.247,258.627,76.610
105.300,stable,4,Inner,10,267.947,77.247,268.032,76.592
105.300,stable,4,Inner,11,277.408,73.146,277.486,72.476
105.300,stable,4,Inner,12,286.523,63.790,286.594,63.112
105.300,stable,4,Inner,13,295.322,50.669,295.389,49.989
105.300,stable,4,Inner,14,303.843,34.962,303.900,34.276
105.300,stable,4,Inner,15,312.418,21.972,312.450,21.269
105.300,stable,4,Inner,16,321.022,12.992,320.998,12.246
105.300,stable,4,Inner,17,329.911,12.992,329.887,12.175
105.300,stable,4,Inner,18,338.800,12.992,338.776,12.091
105.300,stable,4,Patch2,1,321.022,8.960,320.998,8.215
105.300,stable,4,Patch2,2,329.911,8.960,329.887,8.143
105.300,stable,4,Patch2,3,338.800,8.960,338.776,8.060
105.300,stable,4,Patch3,1,187.689,8.961,187.693,8.266
105.300,stable,4,Patch3,2,196.578,8.961,196.581,8.338
105.300,stable,4,Patch3,3,205.467,8.961,205.470,8.392
105.300,stable,5,Outer,1,139.231,50.583,139.093,49.940
105.300,stable,5,Outer,2,147.240,50.583,147.100,49.757
105.300,stable,5,Outer,3,155.250,50.583,155.107,49.574
105.300,stable,5,Outer,4,163.259,50.590,163.183,49.354
105.300,stable,5,Outer,5,171.156,51.029,171.089,49.522
105.300,stable,5,Outer,6,178.442,54.693,178.490,52.945
105.300,stable,5,Outer,7,185.991,62.770,186.225,60.843
105.300,stable,5,Outer,8,193.391,74.459,193.716,72.472
105.300,stable,5,Outer,9,200.785,88.877,201.014,86.939
105.300,stable,5,Outer,10,208.546,101.631,208.610,99.791
105.300,stable,5,Outer,11,216.606,111.225,216.566,109.470
105.300,stable,5,Outer,12,225.335,118.356,225.265,116.636
105.300,stable,5,Outer,13,234.192,122.123,234.133,120.376
105.300,stable,5,Outer,14,242.699,123.045,242.645,121.234
105.300,stable,5,Outer,15,251.146,123.226,251.092,121.348
105.300,stable,5,Outer,16,259.593,123.226,259.538,121.300
105.300,stable,5,Outer,17,268.040,123.045,267.983,121.094
105.300,stable,5,Outer,18,276.547,122.123,276.488,120.162
105.300,stable,5,Outer,19,285.404,118.356,285.338,116.382
105.300,stable,5,Outer,20,294.133,111.225,294.046,109.228
105.300,stable,5,Outer,21,302.192,101.631,302.075,99.610
105.300,stable,5,Outer,22,309.953,88.877,309.808,86.840
105.300,stable,5,Outer,23,317.348,74.459,317.216,72.430
105.300,stable,5,Outer,24,324.748,62.770,324.718,60.808
105.300,stable,5,Outer,25,332.297,54.693,332.411,52.870
105.300,stable,5,Outer,26,339.583,51.029,339.783,49.386
105.300,stable,5,Outer,27,347.480,50.590,347.687,49.142
105.300,stable,5,Outer,28,355.489,50.583,355.738,49.279
105.300,stable,5,Outer,29,363.499,50.583,363.747,49.385
105.300,stable,5,Outer,30,371.508,50.583,371.756,49.492
105.300,stable,5,Plate,1,139.231,48.119,139.093,47.476
105.300,stable,5,Plate,2,147.240,48.119,147.100,47.292
105.300,stable,5,Plate,3,155.250,48.119,155.107,47.109
105.300,stable,5,Plate,4,163.353,40.122,163.103,39.006
105.300,stable,5,Plate,5,171.459,29.444,171.233,28.347
105.300,stable,5,Plate,6,179.280,18.227,179.180,17.220
105.300,stable,5,Plate,7,187.288,10.680,187.283,9.774
105.300,stable,5,Plate,8,195.298,10.680,195.292,9.855
105.300,stable,5,Plate,9,203.307,10.680,203.301,9.916
105.300,stable,5,Plate,10,211.317,10.680,211.311,9.949
105.300,stable,5,Plate,11,219.406,12.553,219.400,11.826
105.300,stable,5,Plate,12,227.186,16.545,227.188,15.803
105.300,stable,5,Plate,13,235.334,18.997,235.342,18.232
105.300,stable,5,Plate,14,243.388,18.963,243.397,18.180
105.300,stable,5,Plate,15,251.376,18.674,251.385,17.877
105.300,stable,5,Plate,16,259.363,18.674,259.371,17.867
105.300,stable,5,Plate,17,267.351,18.963,267.360,18.148
105.300,stable,5,Plate,18,275.405,18.997,275.415,18.178
105.300,stable,5,Plate,19,283.553,16.545,283.562,15.723
105.300,stable,5,Plate,20,291.333,12.553,291.337,11.722
105.300,stable,5,Plate,21,299.422,10.680,299.420,9.820
105.300,stable,5,Plate,22,307.432,10.680,307.430,9.764
105.300,stable,5,Plate,23,315.441,10.680,315.439,9.682
105.300,stable,5,Plate,24,323.451,10.680,323.448,9.583
105.300,stable,5,Plate,25,331.459,18.227,331.560,17.020
105.300,stable,5,Plate,26,339.280,29.444,339.513,28.143
105.300,stable,5,Plate,27,347.386,40.122,347.677,38.776
105.300,stable,5,Plate,28,355.489,48.119,355.738,46.815
105.300,stable,5,Plate,29,363.499,48.119,363.747,46.920
105.300,stable,5,Plate,30,371.508,48.119,371.756,47.028
105.300,stable,5,Inner,1,187.288,13.144,187.283,12.238
105.300,stable,5,Inner,2,195.298,13.144,195.292,12.320
105.300,stable,5,Inner,3,203.307,13.144,203.301,12.380
105.300,stable,5,Inner,4,211.019,20.775,210.974,20.042
105.300,stable,5,Inner,5,218.700,32.823,218.654,32.090
105.300,stable,5,Inner,6,226.287,47.873,226.281,47.120
105.300,stable,5,Inner,7,234.161,60.570,234.202,59.788
105.300,stable,5,Inner,8,242.456,69.396,242.527,68.586
105.300,stable,5,Inner,9,251.070,73.216,251.152,72.381
105.300,stable,5,Inner,10,259.669,73.216,259.751,72.365
105.300,stable,5,Inner,11,268.283,69.396,268.362,68.540
105.300,stable,5,Inner,12,276.577,60.570,276.660,59.716
105.300,stable,5,Inner,13,284.452,47.873,284.546,47.027
105.300,stable,5,Inner,14,292.039,32.823,292.133,31.976
105.300,stable,5,Inner,15,299.720,20.775,299.784,19.910
105.300,stable,5,Inner,16,307.432,13.144,307.430,12.228
105.300,stable,5,Inner,17,315.441,13.144,315.439,12.147
105.300,stable,5,Inner,18,323.451,13.144,323.448,12.048
105.300,stable,5,Patch2,1,307.432,9.113,307.430,8.197
105.300,stable,5,Patch2,2,315.441,9.113,315.439,8.115
105.300,stable,5,Patch2,3,323.451,9.113,323.448,8.016
105.300,stable,5,Patch3,1,187.288,9.113,187.283,8.208
105.300,stable,5,Patch3,2,195.298,9.113,195.292,8.289
105.300,stable,5,Patch3,3,203.307,9.113,203.301,8.349
105.300,stable,5,Patch4,1,203.773,86.983,203.726,82.683
105.300,stable,5,Patch4,2,211.281,96.878,211.246,92.567
105.300,stable,5,Patch4,3,218.935,105.036,218.911,100.714
105.300,stable,5,Patch4,4,226.845,111.238,226.829,106.906
105.300,stable,5,Patch4,5,235.042,114.695,235.030,110.352
105.300,stable,5,Patch4,6,243.299,115.481,243.289,111.128
105.300,stable,5,Patch4,7,251.419,115.459,251.409,111.094
105.300,stable,5,Patch4,8,259.320,115.459,259.309,111.084
105.300,stable,5,Patch4,9,267.439,115.481,267.429,111.096
105.300,stable,5,Patch4,10,275.697,114.695,275.686,110.299
105.300,stable,5,Patch4,11,283.893,111.238,283.877,106.830
105.300,stable,5,Patch4,12,291.804,105.036,291.780,100.618
105.300,stable,5,Patch4,13,299.458,96.878,299.423,92.450
105.300,stable,5,Patch4,14,306.966,86.983,306.917,82.546
105.300,stable,6,Outer,1,140.800,48.303,140.565,47.385
105.300,stable,6,Outer,2,148.386,48.303,148.149,47.210
105.300,stable,6,Outer,3,155.972,48.303,155.733,47.037
105.300,stable,6,Outer,4,163.559,48.311,163.388,46.820
105.300,stable,6,Outer,5,171.044,48.759,170.884,46.998
105.300,stable,6,Outer,6,177.980,52.470,177.939,50.474
105.300,stable,6,Outer,7,185.111,60.492,185.240,58.340
105.300,stable,6,Outer,8,192.148,71.869,192.316,69.692
105.300,stable,6,Outer,9,199.159,85.612,199.186,83.504
105.300,stable,6,Outer,10,206.533,97.629,206.423,95.601
105.300,stable,6,Outer,11,214.282,106.732,214.139,104.730
105.300,stable,6,Outer,12,222.564,113.316,222.464,111.255
105.300,stable,6,Outer,13,230.837,116.566,230.784,114.378
105.300,stable,6,Outer,14,238.842,117.305,238.799,114.975
105.300,stable,6,Outer,15,246.809,117.432,246.765,114.996
105.300,stable,6,Outer,16,254.791,117.432,254.745,114.956
105.300,stable,6,Outer,17,262.758,117.305,262.711,114.859
105.300,stable,6,Outer,18,270.763,116.566,270.720,114.195
105.300,stable,6,Outer,19,279.036,113.316,279.021,111.022
105.300,stable,6,Outer,20,287.318,106.732,287.332,104.479
105.300,stable,6,Outer,21,295.067,97.629,295.069,95.369
105.300,stable,6,Outer,22,302.441,85.612,302.383,83.318
105.300,stable,6,Outer,23,309.452,71.869,309.348,69.554
105.300,stable,6,Outer,24,316.489,60.492,316.465,58.227
105.300,stable,6,Outer,25,323.620,52.470,323.758,50.354
105.300,stable,6,Outer,26,330.556,48.759,330.799,46.849
105.300,stable,6,Outer,27,338.041,48.311,338.294,46.631
105.300,stable,6,Outer,28,345.628,48.303,345.936,46.802
105.300,stable,6,Outer,29,353.214,48.303,353.520,46.936
105.300,stable,6,Outer,30,360.800,48.303,361.105,47.069
105.300,stable,6,Plate,1,140.800,45.839,140.565,44.920
105.300,stable,6,Plate,2,148.386,45.839,148.149,44.746
105.300,stable,6,Plate,3,155.972,45.839,155.733,44.572
105.300,stable,6,Plate,4,163.654,38.045,163.321,36.690
105.300,stable,6,Plate,5,171.343,27.651,171.071,26.342
105.300,stable,6,Plate,6,178.725,17.265,178.610,16.069
105.300,stable,6,Plate,7,186.317,10.369,186.306,9.289
105.300,stable,6,Plate,8,193.903,10.369,193.892,9.377
105.300,stable,6,Plate,9,201.490,10.369,201.478,9.441
105.300,stable,6,Plate,10,209.076,10.369,209.064,9.475
105.300,stable,6,Plate,11,216.709,12.191,216.697,11.298
105.300,stable,6,Plate,12,224.137,15.878,224.136,14.964
105.300,stable,6,Plate,13,231.834,18.101,231.842,17.159
105.300,stable,6,Plate,14,239.448,17.973,239.456,17.009
105.300,stable,6,Plate,15,247.013,17.623,247.020,16.644
105.300,stable,6,Plate,16,254.587,17.623,254.594,16.634
105.300,stable,6,Plate,17,262.152,17.973,262.160,16.979
105.300,stable,6,Plate,18,269.766,18.101,269.774,17.108
105.300,stable,6,Plate,19,277.463,15.878,277.474,14.892
105.300,stable,6,Plate,20,284.891,12.191,284.903,11.206
105.300,stable,6,Plate,21,292.524,10.369,292.531,9.361
105.300,stable,6,Plate,22,300.110,10.369,300.117,9.307
105.300,stable,6,Plate,23,307.697,10.369,307.703,9.224
105.300,stable,6,Plate,24,315.283,10.369,315.289,9.120
105.300,stable,6,Plate,25,322.875,17.265,322.996,15.888
105.300,stable,6,Plate,26,330.257,27.651,330.544,26.153
105.300,stable,6,Plate,27,337.946,38.045,338.314,36.487
105.300,stable,6,Plate,28,345.628,45.839,345.936,44.338
105.300,stable,6,Plate,29,353.214,45.839,353.520,44.471
105.300,stable,6,Plate,30,360.800,45.839,361.105,44.605
105.300,stable,6,Inner,1,186.317,12.833,186.306,11.753
105.300,stable,6,Inner,2,193.903,12.833,193.892,11.841
105.300,stable,6,Inner,3,201.490,12.833,201.478,11.905
105.300,stable,6,Inner,4,208.823,20.472,208.767,19.577
105.300,stable,6,Inner,5,216.119,32.216,216.060,31.323
105.300,stable,6,Inner,6,223.263,46.799,223.247,45.886
105.300,stable,6,Inner,7,230.709,59.201,230.743,58.257
105.300,stable,6,Inner,8,238.590,67.321,238.655,66.347
105.300,stable,6,Inner,9,246.762,70.662,246.835,69.666
105.300,stable,6,Inner,10,254.838,70.662,254.912,69.652
105.300,stable,6,Inner,11,263.010,67.321,263.082,66.307
105.300,stable,6,Inner,12,270.891,59.201,270.971,58.193
105.300,stable,6,Inner,13,278.337,46.799,278.435,45.803
105.300,stable,6,Inner,14,285.481,32.216,285.588,31.224
105.300,stable,6,Inner,15,292.777,20.472,292.853,19.461
105.300,stable,6,Inner,16,300.110,12.833,300.117,11.771
105.300,stable,6,Inner,17,307.697,12.833,307.703,11.688
105.300,stable,6,Inner,18,315.283,12.833,315.289,11.584
105.300,stable,6,Patch2,1,300.110,8.802,300.117,7.740
105.300,stable,6,Patch2,2,307.697,8.802,307.703,7.657
105.300,stable,6,Patch2,3,315.283,8.802,315.289,7.553
105.300,stable,6,Patch3,1,186.317,8.802,186.306,7.722
105.300,stable,6,Patch3,2,193.903,8.802,193.892,7.810
105.300,stable,6,Patch3,3,201.490,8.802,201.478,7.874
105.300,stable,6,Patch4,1,202.050,83.389,202.006,79.623
105.300,stable,6,Patch4,2,209.220,93.060,209.188,89.285
105.300,stable,6,Patch4,3,216.438,100.364,216.415,96.580
105.300,stable,6,Patch4,4,223.835,105.993,223.819,102.199
105.300,stable,6,Patch4,5,231.519,109.222,231.507,105.418
105.300,stable,6,Patch4,6,239.300,109.861,239.289,106.046
105.300,stable,6,Patch4,7,247.033,109.923,247.022,106.099
105.300,stable,6,Patch4,8,254.567,109.923,254.556,106.089
105.300,stable,6,Patch4,9,262.300,109.861,262.289,106.016
105.300,stable,6,Patch4,10,270.081,109.222,270.069,105.368
105.300,stable,6,Patch4,11,277.765,105.993,277.749,102.129
105.300,stable,6,Patch4,12,285.162,100.364,285.138,96.491
105.300,stable,6,Patch4,13,292.380,93.060,292.346,89.177
105.300,stable,6,Patch4,14,299.550,83.389,299.504,79.496
105.300,stable,7,Outer,1,140.800,45.954,140.502,44.838
105.300,stable,7,Outer,2,148.179,45.954,147.879,44.674
105.300,stable,7,Outer,3,155.559,45.954,155.256,44.511
105.300,stable,7,Outer,4,162.938,45.996,162.705,44.336
105.300,stable,7,Outer,5,170.236,46.502,170.016,44.575
105.300,stable,7,Outer,6,177.078,50.601,176.993,48.437
105.300,stable,7,Outer,7,184.022,58.912,184.112,56.596
105.300,stable,7,Outer,8,190.935,70.418,191.061,68.078
105.300,stable,7,Outer,9,197.805,83.736,197.808,81.458
105.300,stable,7,Outer,10,204.911,95.040,204.814,92.821
105.300,stable,7,Outer,11,212.547,103.832,212.441,101.619
105.300,stable,7,Outer,12,220.586,109.847,220.524,107.572
105.300,stable,7,Outer,13,228.504,112.543,228.476,110.164
105.300,stable,7,Outer,14,236.231,113.073,236.208,110.586
105.300,stable,7,Outer,15,243.939,113.130,243.915,110.564
105.300,stable,7,Outer,16,251.661,113.130,251.636,110.534
105.300,stable,7,Outer,17,259.369,113.073,259.344,110.498
105.300,stable,7,Outer,18,267.096,112.543,267.072,110.025
105.300,stable,7,Outer,19,275.014,109.847,275.011,107.390
105.300,stable,7,Outer,20,283.053,103.832,283.075,101.412
105.300,stable,7,Outer,21,290.689,95.040,290.701,92.613
105.300,stable,7,Outer,22,297.795,83.736,297.740,81.270
105.300,stable,7,Outer,23,304.665,70.418,304.541,67.918
105.300,stable,7,Outer,24,311.578,58.912,311.521,56.455
105.300,stable,7,Outer,25,318.522,50.601,318.644,48.300
105.300,stable,7,Outer,26,325.364,46.502,325.615,44.427
105.300,stable,7,Outer,27,332.662,45.996,332.926,44.170
105.300,stable,7,Outer,28,340.041,45.954,340.369,44.326
105.300,stable,7,Outer,29,347.421,45.954,347.746,44.472
105.300,stable,7,Outer,30,354.800,45.954,355.124,44.618
105.300,stable,7,Plate,1,140.800,43.490,140.502,42.374
105.300,stable,7,Plate,2,148.179,43.490,147.879,42.210
105.300,stable,7,Plate,3,155.559,43.490,155.256,42.046
105.300,stable,7,Plate,4,163.078,35.864,162.699,34.347
105.300,stable,7,Plate,5,170.565,25.613,170.277,24.163
105.300,stable,7,Plate,6,177.726,16.091,177.604,14.769
105.300,stable,7,Plate,7,185.076,9.485,185.064,8.287
105.300,stable,7,Plate,8,192.455,9.485,192.442,8.380
105.300,stable,7,Plate,9,199.834,9.485,199.822,8.448
105.300,stable,7,Plate,10,207.214,9.485,207.201,8.483
105.300,stable,7,Plate,11,214.614,11.430,214.600,10.432
105.300,stable,7,Plate,12,221.917,14.890,221.913,13.872
105.300,stable,7,Plate,13,229.396,16.811,229.399,15.769
105.300,stable,7,Plate,14,236.774,16.676,236.777,15.615
105.300,stable,7,Plate,15,244.121,16.365,244.124,15.291
105.300,stable,7,Plate,16,251.479,16.365,251.482,15.281
105.300,stable,7,Plate,17,258.826,16.676,258.830,15.586
105.300,stable,7,Plate,18,266.204,16.811,266.208,15.720
105.300,stable,7,Plate,19,273.683,14.890,273.689,13.804
105.300,stable,7,Plate,20,280.986,11.430,280.992,10.344
105.300,stable,7,Plate,21,288.386,9.485,288.387,8.377
105.300,stable,7,Plate,22,295.766,9.485,295.766,8.325
105.300,stable,7,Plate,23,303.145,9.485,303.145,8.242
105.300,stable,7,Plate,24,310.524,9.485,310.524,8.136
105.300,stable,7,Plate,25,317.874,16.091,317.991,14.608
105.300,stable,7,Plate,26,325.035,25.613,325.325,23.997
105.300,stable,7,Plate,27,332.522,35.864,332.912,34.175
105.300,stable,7,Plate,28,340.041,43.490,340.369,41.861
105.300,stable,7,Plate,29,347.421,43.490,347.746,42.007
105.300,stable,7,Plate,30,354.800,43.490,355.124,42.154
105.300,stable,7,Inner,1,185.076,11.949,185.064,10.752
105.300,stable,7,Inner,2,192.455,11.949,192.442,10.845
105.300,stable,7,Inner,3,199.834,11.949,199.822,10.912
105.300,stable,7,Inner,4,207.020,20.143,206.957,19.140
105.300,stable,7,Inner,5,214.142,31.992,214.076,30.991
105.300,stable,7,Inner,6,221.068,46.395,221.046,45.373
105.300,stable,7,Inner,7,228.320,58.606,228.349,57.553
105.300,stable,7,Inner,8,235.982,66.306,236.040,65.225
105.300,stable,7,Inner,9,243.897,69.252,243.963,68.150
105.300,stable,7,Inner,10,251.703,69.252,251.769,68.139
105.300,stable,7,Inner,11,259.618,66.306,259.683,65.189
105.300,stable,7,Inner,12,267.280,58.606,267.352,57.496
105.300,stable,7,Inner,13,274.532,46.395,274.624,45.297
105.300,stable,7,Inner,14,281.458,31.992,281.560,30.899
105.300,stable,7,Inner,15,288.580,20.143,288.653,19.032
105.300,stable,7,Inner,16,295.766,11.949,295.766,10.789
105.300,stable,7,Inner,17,303.145,11.949,303.145,10.707
105.300,stable,7,Inner,18,310.524,11.949,310.524,10.600
105.300,stable,7,Patch2,1,295.766,7.918,295.766,6.758
105.300,stable,7,Patch2,2,303.145,7.918,303.145,6.675
105.300,stable,7,Patch2,3,310.524,7.918,310.524,6.569
105.300,stable,7,Patch3,1,185.076,7.918,185.064,6.721
105.300,stable,7,Patch3,2,192.455,7.918,192.442,6.814
105.300,stable,7,Patch3,3,199.834,7.918,199.822,6.881
105.300,stable,7,Patch4,1,200.260,80.432,200.221,77.201
105.300,stable,7,Patch4,2,207.475,90.411,207.447,87.171
105.300,stable,7,Patch4,3,214.410,97.757,214.391,94.508
105.300,stable,7,Patch4,4,221.802,103.415,221.789,100.158
105.300,stable,7,Patch4,5,229.250,105.988,229.241,102.721
105.300,stable,7,Patch4,6,236.611,106.205,236.602,102.929
105.300,stable,7,Patch4,7,244.056,106.186,244.047,102.901
105.300,stable,7,Patch4,8,251.544,106.186,251.535,102.891
105.300,stable,7,Patch4,9,258.989,106.205,258.980,102.901
105.300,stable,7,Patch4,10,266.350,105.988,266.341,102.674
105.300,stable,7,Patch4,11,273.798,103.415,273.786,100.092
105.300,stable,7,Patch4,12,281.190,97.757,281.170,94.424
105.300,stable,7,Patch4,13,288.125,90.411,288.096,87.069
105.300,stable,7,Patch4,14,295.340,80.432,295.297,77.081
105.300,stable,8,Outer,1,140.800,43.924,140.494,42.733
105.300,stable,8,Outer,2,147.972,43.924,147.664,42.581
105.300,stable,8,Outer,3,155.145,43.924,154.835,42.429
105.300,stable,8,Outer,4,162.317,43.927,162.075,42.225
105.300,stable,8,Outer,5,169.423,44.390,169.192,42.426
105.300,stable,8,Outer,6,176.142,48.169,176.038,45.966
105.300,stable,8,Outer,7,182.888,56.052,182.968,53.685
105.300,stable,8,Outer,8,189.649,67.202,189.795,64.794
105.300,stable,8,Outer,9,196.363,79.659,196.413,77.299
105.300,stable,8,Outer,10,203.218,90.051,203.165,87.754
105.300,stable,8,Outer,11,210.667,98.241,210.589,95.965
105.300,stable,8,Outer,12,218.441,103.675,218.397,101.346
105.300,stable,8,Outer,13,226.079,105.997,226.064,103.562
105.300,stable,8,Outer,14,233.571,106.418,233.561,103.869
105.300,stable,8,Outer,15,241.055,106.449,241.042,103.820
105.300,stable,8,Outer,16,248.545,106.449,248.532,103.796
105.300,stable,8,Outer,17,256.029,106.418,256.013,103.800
105.300,stable,8,Outer,18,263.521,105.997,263.508,103.451
105.300,stable,8,Outer,19,271.159,103.675,271.165,101.199
105.300,stable,8,Outer,20,278.933,98.241,278.957,95.795
105.300,stable,8,Outer,21,286.382,90.051,286.375,87.579
105.300,stable,8,Outer,22,293.237,79.659,293.144,77.134
105.300,stable,8,Outer,23,299.951,67.202,299.792,64.645
105.300,stable,8,Outer,24,306.712,56.052,306.636,53.547
105.300,stable,8,Outer,25,313.458,48.169,313.567,45.829
105.300,stable,8,Outer,26,320.177,44.390,320.411,42.285
105.300,stable,8,Outer,27,327.283,43.927,327.528,42.078
105.300,stable,8,Outer,28,334.455,43.924,334.766,42.277
105.300,stable,8,Outer,29,341.628,43.924,341.937,42.424
105.300,stable,8,Outer,30,348.800,43.924,349.107,42.570
105.300,stable,8,Plate,1,140.800,41.459,140.494,40.269
105.300,stable,8,Plate,2,147.972,41.459,147.664,40.117
105.300,stable,8,Plate,3,155.145,41.459,154.835,39.964
105.300,stable,8,Plate,4,162.466,34.336,162.090,32.774
105.300,stable,8,Plate,5,169.751,24.669,169.466,23.178
105.300,stable,8,Plate,6,176.701,15.891,176.577,14.531
105.300,stable,8,Plate,7,183.834,9.845,183.816,8.611
105.300,stable,8,Plate,8,191.007,9.845,190.988,8.704
105.300,stable,8,Plate,9,198.179,9.845,198.160,8.771
105.300,stable,8,Plate,10,205.352,9.845,205.333,8.805
105.300,stable,8,Plate,11,212.526,11.670,212.508,10.629
105.300,stable,8,Plate,12,219.660,14.743,219.653,13.678
105.300,stable,8,Plate,13,226.927,16.409,226.926,15.316
105.300,stable,8,Plate,14,234.092,16.240,234.091,15.126
105.300,stable,8,Plate,15,241.226,15.949,241.226,14.822
105.300,stable,8,Plate,16,248.374,15.949,248.373,14.813
105.300,stable,8,Plate,17,255.508,16.240,255.508,15.100
105.300,stable,8,Plate,18,262.673,16.409,262.674,15.272
105.300,stable,8,Plate,19,269.940,14.743,269.943,13.616
105.300,stable,8,Plate,20,277.074,11.670,277.081,10.550
105.300,stable,8,Plate,21,284.248,9.845,284.251,8.709
105.300,stable,8,Plate,22,291.421,9.845,291.424,8.661
105.300,stable,8,Plate,23,298.593,9.845,298.596,8.581
105.300,stable,8,Plate,24,305.766,9.845,305.768,8.476
105.300,stable,8,Plate,25,312.899,15.891,313.014,14.388
105.300,stable,8,Plate,26,319.849,24.669,320.128,23.032
105.300,stable,8,Plate,27,327.134,34.336,327.507,32.627
105.300,stable,8,Plate,28,334.455,41.459,334.766,39.813
105.300,stable,8,Plate,29,341.628,41.459,341.937,39.959
105.300,stable,8,Plate,30,348.800,41.459,349.107,40.106
105.300,stable,8,Inner,1,183.834,12.309,183.816,11.075
105.300,stable,8,Inner,2,191.007,12.309,190.988,11.168
105.300,stable,8,Inner,3,198.179,12.309,198.160,11.235
105.300,stable,8,Inner,4,205.206,19.990,205.138,18.951
105.300,stable,8,Inner,5,212.126,31.298,212.056,30.261
105.300,stable,8,Inner,6,218.877,44.909,218.849,43.851
105.300,stable,8,Inner,7,225.964,56.366,225.985,55.277
105.300,stable,8,Inner,8,233.390,63.530,233.438,62.414
105.300,stable,8,Inner,9,241.025,66.240,241.079,65.104
105.300,stable,8,Inner,10,248.575,66.240,248.630,65.093
105.300,stable,8,Inner,11,256.210,63.530,256.264,62.382
105.300,stable,8,Inner,12,263.636,56.366,263.698,55.226
105.300,stable,8,Inner,13,270.723,44.909,270.806,43.782
105.300,stable,8,Inner,14,277.474,31.298,277.569,30.177
105.300,stable,8,Inner,15,284.394,19.990,284.465,18.854
105.300,stable,8,Inner,16,291.421,12.309,291.424,11.126
105.300,stable,8,Inner,17,298.593,12.309,298.596,11.045
105.300,stable,8,Inner,18,305.766,12.309,305.768,10.941
105.300,stable,8,Patch2,1,291.421,8.278,291.424,7.094
105.300,stable,8,Patch2,2,298.593,8.278,298.596,7.014
105.300,stable,8,Patch2,3,305.766,8.278,305.768,6.909
105.300,stable,8,Patch3,1,183.834,8.278,183.816,7.044
105.300,stable,8,Patch3,2,191.007,8.278,190.988,7.137
105.300,stable,8,Patch3,3,198.179,8.278,198.160,7.205
105.300,stable,8,Patch4,1,198.827,77.188,198.796,74.487
105.300,stable,8,Patch4,2,205.781,86.254,205.759,83.546
105.300,stable,8,Patch4,3,212.610,93.074,212.594,90.359
105.300,stable,8,Patch4,4,219.744,97.831,219.732,95.110
105.300,stable,8,Patch4,5,226.949,100.113,226.940,97.384
105.300,stable,8,Patch4,6,234.088,100.289,234.079,97.552
105.300,stable,8,Patch4,7,241.256,100.235,241.247,97.489
105.300,stable,8,Patch4,8,248.344,100.235,248.334,97.481
105.300,stable,8,Patch4,9,255.512,100.289,255.503,97.526
105.300,stable,8,Patch4,10,262.651,100.113,262.641,97.340
105.300,stable,8,Patch4,11,269.856,97.831,269.843,95.049
105.300,stable,8,Patch4,12,276.989,93.074,276.970,90.281
105.300,stable,8,Patch4,13,283.819,86.254,283.789,83.451
105.300,stable,8,Patch4,14,290.773,77.188,290.730,74.375
105.300,stable,9,Outer,1,140.800,41.821,140.527,40.670
105.300,stable,9,Outer,2,147.766,41.821,147.491,40.533
105.300,stable,9,Outer,3,154.731,41.821,154.455,40.395
105.300,stable,9,Outer,4,161.697,41.822,161.484,40.205
105.300,stable,9,Outer,5,168.609,42.268,168.407,40.405
105.300,stable,9,Outer,6,175.208,45.875,175.126,43.781
105.300,stable,9,Outer,7,181.788,53.270,181.887,51.009
105.300,stable,9,Outer,8,188.390,63.898,188.577,61.580
105.300,stable,9,Outer,9,194.949,75.960,195.055,73.683
105.300,stable,9,Outer,10,201.645,85.927,201.647,83.717
105.300,stable,9,Outer,11,208.805,93.528,208.768,91.351
105.300,stable,9,Outer,12,216.285,98.376,216.265,96.168
105.300,stable,9,Outer,13,223.660,100.324,223.659,98.037
105.300,stable,9,Outer,14,230.917,100.656,230.919,98.278
105.300,stable,9,Outer,15,238.170,100.670,238.170,98.226
105.300,stable,9,Outer,16,245.430,100.670,245.428,98.209
105.300,stable,9,Outer,17,252.682,100.656,252.679,98.228
105.300,stable,9,Outer,18,259.940,100.324,259.938,97.956
105.300,stable,9,Outer,19,267.315,98.376,267.325,96.061
105.300,stable,9,Outer,20,274.795,93.528,274.812,91.226
105.300,stable,9,Outer,21,281.955,85.927,281.926,83.586
105.300,stable,9,Outer,22,288.651,75.960,288.524,73.557
105.300,stable,9,Outer,23,295.210,63.898,295.017,61.461
105.300,stable,9,Outer,24,301.812,53.270,301.711,50.892
105.300,stable,9,Outer,25,308.392,45.875,308.468,43.660
105.300,stable,9,Outer,26,314.991,42.268,315.184,40.281
105.300,stable,9,Outer,27,321.903,41.822,322.108,40.078
105.300,stable,9,Outer,28,328.869,41.821,329.137,40.267
105.300,stable,9,Outer,29,335.834,41.821,336.101,40.403
105.300,stable,9,Outer,30,342.800,41.821,343.065,40.539
105.300,stable,9,Plate,1,140.800,39.357,140.527,38.206
105.300,stable,9,Plate,2,147.766,39.357,147.491,38.068
105.300,stable,9,Plate,3,154.731,39.357,154.455,37.930
105.300,stable,9,Plate,4,161.847,32.291,161.511,30.806
105.300,stable,9,Plate,5,168.904,22.942,168.656,21.525
105.300,stable,9,Plate,6,175.659,14.820,175.555,13.524
105.300,stable,9,Plate,7,182.593,9.592,182.577,8.416
105.300,stable,9,Plate,8,189.559,9.592,189.542,8.506
105.300,stable,9,Plate,9,196.524,9.592,196.507,8.571
105.300,stable,9,Plate,10,203.490,9.592,203.473,8.600
105.300,stable,9,Plate,11,210.433,11.441,210.418,10.447
105.300,stable,9,Plate,12,217.390,14.434,217.383,13.423
105.300,stable,9,Plate,13,224.447,15.934,224.444,14.901
105.300,stable,9,Plate,14,231.405,15.764,231.402,14.714
105.300,stable,9,Plate,15,238.329,15.482,238.325,14.420
105.300,stable,9,Plate,16,245.271,15.482,245.268,14.412
105.300,stable,9,Plate,17,252.195,15.764,252.192,14.691
105.300,stable,9,Plate,18,259.153,15.934,259.151,14.862
105.300,stable,9,Plate,19,266.210,14.434,266.209,13.368
105.300,stable,9,Plate,20,273.167,11.441,273.167,10.378
105.300,stable,9,Plate,21,280.110,9.592,280.108,8.516
105.300,stable,9,Plate,22,287.076,9.592,287.074,8.475
105.300,stable,9,Plate,23,294.041,9.592,294.039,8.400
105.300,stable,9,Plate,24,301.007,9.592,301.004,8.300
105.300,stable,9,Plate,25,307.941,14.820,308.031,13.402
105.300,stable,9,Plate,26,314.696,22.942,314.933,21.400
105.300,stable,9,Plate,27,321.753,32.291,322.080,30.679
105.300,stable,9,Plate,28,328.869,39.357,329.137,37.802
105.300,stable,9,Plate,29,335.834,39.357,336.101,37.939
105.300,stable,9,Plate,30,342.800,39.357,343.065,38.075
105.300,stable,9,Inner,1,182.593,12.056,182.577,10.880
105.300,stable,9,Inner,2,189.559,12.056,189.542,10.970
105.300,stable,9,Inner,3,196.524,12.056,196.507,11.035
105.300,stable,9,Inner,4,203.397,19.511,203.334,18.522
105.300,stable,9,Inner,5,210.133,30.518,210.067,29.531
105.300,stable,9,Inner,6,216.714,43.686,216.686,42.681
105.300,stable,9,Inner,7,223.599,54.542,223.615,53.510
105.300,stable,9,Inner,8,230.777,61.083,230.815,60.026
105.300,stable,9,Inner,9,238.147,63.531,238.191,62.456
105.300,stable,9,Inner,10,245.453,63.531,245.497,62.447
105.300,stable,9,Inner,11,252.823,61.083,252.866,59.998
105.300,stable,9,Inner,12,260.001,54.542,260.051,53.465
105.300,stable,9,Inner,13,266.886,43.686,266.956,42.621
105.300,stable,9,Inner,14,273.467,30.518,273.550,29.459
105.300,stable,9,Inner,15,280.203,19.511,280.263,18.438
105.300,stable,9,Inner,16,287.076,12.056,287.074,10.939
105.300,stable,9,Inner,17,294.041,12.056,294.039,10.864
105.300,stable,9,Inner,18,301.007,12.056,301.004,10.765
105.300,stable,9,Patch1,1,203.490,13.073,203.473,12.081
105.300,stable,9,Patch1,2,209.589,14.803,209.576,13.807
105.300,stable,9,Patch1,3,217.450,17.933,217.446,16.914
105.300,stable,9,Patch1,4,224.512,19.326,224.512,18.286
105.300,stable,9,Patch1,5,231.408,19.187,231.408,18.130
105.300,stable,9,Patch1,6,238.331,18.882,238.331,17.813
105.300,stable,9,Patch1,7,245.269,18.882,245.269,17.805
105.300,stable,9,Patch1,8,252.192,19.187,252.193,18.106
105.300,stable,9,Patch1,9,259.088,19.326,259.089,18.247
105.300,stable,9,Patch1,10,266.150,17.933,266.152,16.860
105.300,stable,9,Patch1,11,274.011,14.803,274.015,13.735
105.300,stable,9,Patch1,12,280.110,13.073,280.108,11.998
105.300,stable,9,Patch2,1,287.076,8.025,287.074,6.908
105.300,stable,9,Patch2,2,294.041,8.025,294.039,6.833
105.300,stable,9,Patch2,3,301.007,8.025,301.004,6.733
105.300,stable,9,Patch3,1,182.593,8.025,182.577,6.849
105.300,stable,9,Patch3,2,189.559,8.025,189.542,6.939
105.300,stable,9,Patch3,3,196.524,8.025,196.507,7.004
105.300,stable,9,Patch4,1,197.238,73.649,197.227,71.467
105.300,stable,9,Patch4,2,204.061,82.424,204.050,80.241
105.300,stable,9,Patch4,3,210.677,89.048,210.667,86.864
105.300,stable,9,Patch4,4,217.602,93.438,217.593,91.252
105.300,stable,9,Patch4,5,224.585,95.404,224.577,93.215
105.300,stable,9,Patch4,6,231.525,95.546,231.517,93.352
105.300,stable,9,Patch4,7,238.380,95.337,238.371,93.137
105.300,stable,9,Patch4,8,245.220,95.337,245.212,93.129
105.300,stable,9,Patch4,9,252.075,95.546,252.067,93.328
105.300,stable,9,Patch4,10,259.015,95.404,259.007,93.176
105.300,stable,9,Patch4,11,265.998,93.438,265.986,91.197
105.300,stable,9,Patch4,12,272.923,89.048,272.902,86.794
105.300,stable,9,Patch4,13,279.539,82.424,279.505,80.157
105.300,stable,9,Patch4,14,286.362,73.649,286.309,71.367
105.300,stable,10,Outer,1,140.800,39.668,140.577,38.644
105.300,stable,10,Outer,2,147.559,39.668,147.334,38.534
105.300,stable,10,Outer,3,154.317,39.668,154.092,38.424
105.300,stable,10,Outer,4,161.076,39.719,160.906,38.320
105.300,stable,10,Outer,5,167.791,40.129,167.630,38.528
105.300,stable,10,Outer,6,174.245,43.473,174.181,41.677
105.300,stable,10,Outer,7,180.654,50.504,180.745,48.560
105.300,stable,10,Outer,8,187.088,60.758,187.267,58.757
105.300,stable,10,Outer,9,193.474,72.697,193.599,70.723
105.300,stable,10,Outer,10,199.989,82.455,200.028,80.535
105.300,stable,10,Outer,11,206.913,89.649,206.913,87.763
105.300,stable,10,Outer,12,214.119,94.117,214.123,92.225
105.300,stable,10,Outer,13,221.244,95.761,221.255,93.830
105.300,stable,10,Outer,14,228.272,96.019,228.284,94.039
105.300,stable,10,Outer,15,235.290,96.026,235.301,94.011
105.300,stable,10,Outer,16,242.310,96.026,242.319,94.001
105.300,stable,10,Outer,17,249.328,96.019,249.337,94.008
105.300,stable,10,Outer,18,256.356,95.761,256.365,93.780
105.300,stable,10,Outer,19,263.481,94.117,263.494,92.158
105.300,stable,10,Outer,20,270.687,89.649,270.695,87.682
105.300,stable,10,Outer,21,277.611,82.455,277.573,80.448
105.300,stable,10,Outer,22,284.126,72.697,284.002,70.635
105.300,stable,10,Outer,23,290.512,60.758,290.337,58.671
105.300,stable,10,Outer,24,296.946,50.504,296.854,48.470
105.300,stable,10,Outer,25,303.355,43.473,303.410,41.580
105.300,stable,10,Outer,26,309.809,40.129,309.958,38.424
105.300,stable,10,Outer,27,316.524,39.719,316.683,38.214
105.300,stable,10,Outer,28,323.283,39.668,323.497,38.317
105.300,stable,10,Outer,29,330.041,39.668,330.254,38.427
105.300,stable,10,Outer,30,336.800,39.668,337.012,38.535
105.300,stable,10,Plate,1,140.800,37.204,140.577,36.180
105.300,stable,10,Plate,2,147.559,37.204,147.334,36.070
105.300,stable,10,Plate,3,154.317,37.204,154.092,35.959
105.300,stable,10,Plate,4,161.218,30.231,160.946,28.941
105.300,stable,10,Plate,5,168.054,21.110,167.858,19.879
105.300,stable,10,Plate,6,174.610,13.360,174.534,12.233
105.300,stable,10,Plate,7,181.352,8.626,181.348,7.602
105.300,stable,10,Plate,8,188.110,8.626,188.106,7.684
105.300,stable,10,Plate,9,194.869,8.626,194.865,7.746
105.300,stable,10,Plate,10,201.628,8.626,201.623,7.785
105.300,stable,10,Plate,11,208.345,10.370,208.336,9.545
105.300,stable,10,Plate,12,215.111,13.202,215.103,12.376
105.300,stable,10,Plate,13,221.958,14.570,221.952,13.739
105.300,stable,10,Plate,14,228.716,14.372,228.709,13.536
105.300,stable,10,Plate,15,235.433,14.065,235.427,13.224
105.300,stable,10,Plate,16,242.167,14.065,242.162,13.218
105.300,stable,10,Plate,17,248.884,14.372,248.880,13.515
105.300,stable,10,Plate,18,255.642,14.570,255.638,13.705
105.300,stable,10,Plate,19,262.489,13.202,262.484,12.329
105.300,stable,10,Plate,20,269.255,10.370,269.246,9.486
105.300,stable,10,Plate,21,275.972,8.626,275.956,7.715
105.300,stable,10,Plate,22,282.731,8.626,282.714,7.667
105.300,stable,10,Plate,23,289.490,8.626,289.472,7.597
105.300,stable,10,Plate,24,296.248,8.626,296.230,7.507
105.300,stable,10,Plate,25,302.990,13.360,303.048,12.133
105.300,stable,10,Plate,26,309.546,21.110,309.727,19.776
105.300,stable,10,Plate,27,316.382,30.231,316.642,28.836
105.300,stable,10,Plate,28,323.283,37.204,323.497,35.853
105.300,stable,10,Plate,29,330.041,37.204,330.254,35.962
105.300,stable,10,Plate,30,336.800,37.204,337.012,36.071
105.300,stable,10,Inner,1,181.352,11.090,181.348,10.066
105.300,stable,10,Inner,2,188.110,11.090,188.106,10.148
105.300,stable,10,Inner,3,194.869,11.090,194.865,10.210
105.300,stable,10,Inner,4,201.583,18.186,201.530,17.340
105.300,stable,10,Inner,5,208.099,28.933,208.039,28.092
105.300,stable,10,Inner,6,214.505,41.894,214.477,41.037
105.300,stable,10,Inner,7,221.206,52.486,221.215,51.606
105.300,stable,10,Inner,8,228.153,58.705,228.181,57.803
105.300,stable,10,Inner,9,235.268,61.015,235.300,60.099
105.300,stable,10,Inner,10,242.332,61.015,242.365,60.091
105.300,stable,10,Inner,11,249.447,58.705,249.479,57.780
105.300,stable,10,Inner,12,256.394,52.486,256.432,51.567
105.300,stable,10,Inner,13,263.095,41.894,263.150,40.986
105.300,stable,10,Inner,14,269.501,28.933,269.567,28.031
105.300,stable,10,Inner,15,276.017,18.186,276.061,17.270
105.300,stable,10,Inner,16,282.731,11.090,282.714,10.131
105.300,stable,10,Inner,17,289.490,11.090,289.472,10.061
105.300,stable,10,Inner,18,296.248,11.090,296.230,9.972
105.300,stable,10,Patch2,1,282.731,7.059,282.714,6.100
105.300,stable,10,Patch2,2,289.490,7.059,289.472,6.030
105.300,stable,10,Patch2,3,296.248,7.059,296.230,5.940
105.300,stable,10,Patch3,1,181.352,7.059,181.348,6.035
105.300,stable,10,Patch3,2,188.110,7.059,188.106,6.117
105.300,stable,10,Patch3,3,194.869,7.059,194.865,6.180
105.300,stable,10,Patch4,1,195.329,69.366,195.378,67.666
105.300,stable,10,Patch4,2,201.897,78.048,201.922,76.366
105.300,stable,10,Patch4,3,208.521,84.991,208.528,83.325
105.300,stable,10,Patch4,4,215.278,89.783,215.276,88.131
105.300,stable,10,Patch4,5,222.106,91.706,222.101,90.062
105.300,stable,10,Patch4,6,228.891,91.857,228.886,90.217
105.300,stable,10,Patch4,7,235.567,91.780,235.561,90.139
105.300,stable,10,Patch4,8,242.033,91.780,242.028,90.132
105.300,stable,10,Patch4,9,248.709,91.857,248.704,90.198
105.300,stable,10,Patch4,10,255.494,91.706,255.488,90.030
105.300,stable,10,Patch4,11,262.322,89.783,262.310,88.085
105.300,stable,10,Patch4,12,269.079,84.991,269.049,83.267
105.300,stable,10,Patch4,13,275.703,78.048,275.642,76.295
105.300,stable,10,Patch4,14,282.271,69.366,282.171,67.584
105.300,stable,11,Outer,1,140.800,37.778,140.627,36.942
105.300,stable,11,Outer,2,147.352,37.778,147.178,36.877
105.300,stable,11,Outer,3,153.903,37.778,153.730,36.812
105.300,stable,11,Outer,4,160.455,37.756,160.316,36.697
105.300,stable,11,Outer,5,166.972,38.129,166.838,36.944
105.300,stable,11,Outer,6,173.275,41.172,173.199,39.863
105.300,stable,11,Outer,7,179.510,47.531,179.527,46.128
105.300,stable,11,Outer,8,185.771,56.841,185.848,55.396
105.300,stable,11,Outer,9,191.988,67.968,192.045,66.532
105.300,stable,11,Outer,10,198.313,77.018,198.331,75.607
105.300,stable,11,Outer,11,204.978,83.598,204.981,82.200
105.300,stable,11,Outer,12,211.921,87.530,211.930,86.118
105.300,stable,11,Outer,13,218.813,88.897,218.828,87.452
105.300,stable,11,Outer,14,225.616,89.118,225.631,87.635
105.300,stable,11,Outer,15,232.405,89.133,232.419,87.624
105.300,stable,11,Outer,16,239.195,89.133,239.208,87.619
105.300,stable,11,Outer,17,245.984,89.118,245.997,87.619
105.300,stable,11,Outer,18,252.787,88.897,252.800,87.425
105.300,stable,11,Outer,19,259.679,87.530,259.695,86.081
105.300,stable,11,Outer,20,266.622,83.598,266.639,82.154
105.300,stable,11,Outer,21,273.287,77.018,273.283,75.554
105.300,stable,11,Outer,22,279.612,67.968,279.564,66.475
105.300,stable,11,Outer,23,285.829,56.841,285.759,55.337
105.300,stable,11,Outer,24,292.090,47.531,292.071,46.063
105.300,stable,11,Outer,25,298.325,41.172,298.392,39.790
105.300,stable,11,Outer,26,304.628,38.129,304.750,36.865
105.300,stable,11,Outer,27,311.145,37.756,311.273,36.614
105.300,stable,11,Outer,28,317.697,37.778,317.859,36.730
105.300,stable,11,Outer,29,324.248,37.778,324.411,36.794
105.300,stable,11,Outer,30,330.800,37.778,330.962,36.856
105.300,stable,11,Plate,1,140.800,35.313,140.627,34.477
105.300,stable,11,Plate,2,147.352,35.313,147.178,34.413
105.300,stable,11,Plate,3,153.903,35.313,153.730,34.348
105.300,stable,11,Plate,4,160.593,28.814,160.397,27.826
105.300,stable,11,Plate,5,167.202,20.300,167.066,19.360
105.300,stable,11,Plate,6,173.563,13.270,173.513,12.409
105.300,stable,11,Plate,7,180.110,9.254,180.110,8.475
105.300,stable,11,Plate,8,186.662,9.254,186.662,8.543
105.300,stable,11,Plate,9,193.214,9.254,193.213,8.596
105.300,stable,11,Plate,10,199.766,9.254,199.765,8.627
105.300,stable,11,Plate,11,206.252,10.912,206.249,10.299
105.300,stable,11,Plate,12,212.838,13.547,212.832,12.940
105.300,stable,11,Plate,13,219.480,14.725,219.474,14.119
105.300,stable,11,Plate,14,226.031,14.516,226.026,13.909
105.300,stable,11,Plate,15,232.537,14.211,232.531,13.601
105.300,stable,11,Plate,16,239.063,14.211,239.058,13.596
105.300,stable,11,Plate,17,245.569,14.516,245.563,13.893
105.300,stable,11,Plate,18,252.120,14.725,252.115,14.093
105.300,stable,11,Plate,19,258.762,13.547,258.755,12.904
105.300,stable,11,Plate,20,265.348,10.912,265.335,10.254
105.300,stable,11,Plate,21,271.834,9.254,271.816,8.573
105.300,stable,11,Plate,22,278.386,9.254,278.368,8.535
105.300,stable,11,Plate,23,284.938,9.254,284.919,8.477
105.300,stable,11,Plate,24,291.490,9.254,291.471,8.404
105.300,stable,11,Plate,25,298.037,13.270,298.070,12.333
105.300,stable,11,Plate,26,304.398,20.300,304.521,19.281
105.300,stable,11,Plate,27,311.007,28.814,311.191,27.745
105.300,stable,11,Plate,28,317.697,35.313,317.859,34.266
105.300,stable,11,Plate,29,324.248,35.313,324.411,34.329
105.300,stable,11,Plate,30,330.800,35.313,330.962,34.392
105.300,stable,11,Inner,1,180.110,11.718,180.110,10.939
105.300,stable,11,Inner,2,186.662,11.718,186.662,11.007
105.300,stable,11,Inner,3,193.214,11.718,193.213,11.060
105.300,stable,11,Inner,4,199.736,18.029,199.697,17.400
105.300,stable,11,Inner,5,206.081,28.040,206.034,27.415
105.300,stable,11,Inner,6,212.309,40.061,212.286,39.425
105.300,stable,11,Inner,7,218.819,49.723,218.823,49.068
105.300,stable,11,Inner,8,225.513,55.281,225.530,54.610
105.300,stable,11,Inner,9,232.382,57.312,232.402,56.629
105.300,stable,11,Inner,10,239.218,57.312,239.239,56.623
105.300,stable,11,Inner,11,246.087,55.281,246.107,54.590
105.300,stable,11,Inner,12,252.781,49.723,252.805,49.037
105.300,stable,11,Inner,13,259.291,40.061,259.327,39.384
105.300,stable,11,Inner,14,265.519,28.040,265.565,27.366
105.300,stable,11,Inner,15,271.864,18.029,271.892,17.345
105.300,stable,11,Inner,16,278.386,11.718,278.368,10.999
105.300,stable,11,Inner,17,284.938,11.718,284.919,10.941
105.300,stable,11,Inner,18,291.490,11.718,291.471,10.868
105.300,stable,11,Patch1,1,199.766,12.597,199.765,11.970
105.300,stable,11,Patch1,2,205.429,14.310,205.423,13.689
105.300,stable,11,Patch1,3,212.897,17.027,212.893,16.401
105.300,stable,11,Patch1,4,219.549,17.995,219.547,17.361
105.300,stable,11,Patch1,5,226.056,17.807,226.054,17.169
105.300,stable,11,Patch1,6,232.539,17.524,232.537,16.882
105.300,stable,11,Patch1,7,239.061,17.524,239.059,16.878
105.300,stable,11,Patch1,8,245.544,17.807,245.543,17.157
105.300,stable,11,Patch1,9,252.051,17.995,252.050,17.341
105.300,stable,11,Patch1,10,258.703,17.027,258.702,16.369
105.300,stable,11,Patch1,11,266.171,14.310,266.167,13.645
105.300,stable,11,Patch1,12,271.834,12.597,271.816,11.916
105.300,stable,11,Patch2,1,278.386,7.687,278.368,6.968
105.300,stable,11,Patch2,2,284.938,7.687,284.919,6.910
105.300,stable,11,Patch2,3,291.490,7.687,291.471,6.837
105.300,stable,11,Patch3,1,180.110,7.687,180.110,6.909
105.300,stable,11,Patch3,2,186.662,7.687,186.662,6.976
105.300,stable,11,Patch3,3,193.214,7.687,193.213,7.029
105.300,stable,11,Patch4,1,194.083,66.285,194.243,65.020
105.300,stable,11,Patch4,2,200.528,74.107,200.609,72.907
105.300,stable,11,Patch4,3,206.781,80.139,206.809,78.993
105.300,stable,11,Patch4,4,213.263,83.631,213.267,82.529
105.300,stable,11,Patch4,5,219.783,85.206,219.779,84.133
105.300,stable,11,Patch4,6,226.300,85.292,226.295,84.237
105.300,stable,11,Patch4,7,232.666,85.106,232.662,84.057
105.300,stable,11,Patch4,8,238.934,85.106,238.929,84.052
105.300,stable,11,Patch4,9,245.300,85.292,245.296,84.224
105.300,stable,11,Patch4,10,251.817,85.206,251.812,84.111
105.300,stable,11,Patch4,11,258.336,83.631,258.322,82.497
105.300,stable,11,Patch4,12,264.818,80.139,264.775,78.952
105.300,stable,11,Patch4,13,271.072,74.107,270.967,72.858
105.300,stable,11,Patch4,14,277.517,66.285,277.323,64.963
105.300,stable,12,Outer,1,140.800,35.764,140.684,35.178
105.300,stable,12,Outer,2,147.145,35.764,147.028,35.161
105.300,stable,12,Outer,3,153.490,35.764,153.373,35.143
105.300,stable,12,Outer,4,159.834,35.798,159.730,35.146
105.300,stable,12,Outer,5,166.153,36.172,166.051,35.471
105.300,stable,12,Outer,6,172.304,39.184,172.227,38.431
105.300,stable,12,Outer,7,178.365,45.306,178.333,44.507
105.300,stable,12,Outer,8,184.455,54.259,184.465,53.430
105.300,stable,12,Outer,9,190.512,64.860,190.537,64.022
105.300,stable,12,Outer,10,196.621,73.524,196.642,72.687
105.300,stable,12,Outer,11,203.038,80.001,203.053,79.168
105.300,stable,12,Outer,12,209.702,83.742,209.716,82.912
105.300,stable,12,Outer,13,216.367,85.039,216.381,84.208
105.300,stable,12,Outer,14,222.951,85.249,222.965,84.416
105.300,stable,12,Outer,15,229.518,85.264,229.531,84.429
105.300,stable,12,Outer,16,236.082,85.264,236.096,84.427
105.300,stable,12,Outer,17,242.649,85.249,242.662,84.410
105.300,stable,12,Outer,18,249.233,85.039,249.247,84.197
105.300,stable,12,Outer,19,255.898,83.742,255.911,82.896
105.300,stable,12,Outer,20,262.562,80.001,262.571,79.147
105.300,stable,12,Outer,21,268.979,73.524,268.977,72.660
105.300,stable,12,Outer,22,275.088,64.860,275.075,63.989
105.300,stable,12,Outer,23,281.145,54.259,281.141,53.394
105.300,stable,12,Outer,24,287.235,45.306,287.265,44.465
105.300,stable,12,Outer,25,293.296,39.184,293.366,38.382
105.300,stable,12,Outer,26,299.447,36.172,299.540,35.417
105.300,stable,12,Outer,27,305.766,35.798,305.861,35.090
105.300,stable,12,Outer,28,312.110,35.764,312.219,35.089
105.300,stable,12,Outer,29,318.455,35.764,318.563,35.104
105.300,stable,12,Outer,30,324.800,35.764,324.908,35.120
105.300,stable,12,Plate,1,140.800,33.300,140.684,32.714
105.300,stable,12,Plate,2,147.145,33.300,147.028,32.696
105.300,stable,12,Plate,3,153.490,33.300,153.373,32.679
105.300,stable,12,Plate,4,159.968,26.864,159.855,26.246
105.300,stable,12,Plate,5,166.351,18.503,166.281,17.919
105.300,stable,12,Plate,6,172.533,11.872,172.516,11.337
105.300,stable,12,Plate,7,178.869,8.323,178.881,7.842
105.300,stable,12,Plate,8,185.214,8.323,185.226,7.890
105.300,stable,12,Plate,9,191.559,8.323,191.571,7.930
105.300,stable,12,Plate,10,197.903,8.323,197.915,7.959
105.300,stable,12,Plate,11,204.172,10.250,204.177,9.909
105.300,stable,12,Plate,12,210.585,12.745,210.581,12.424
105.300,stable,12,Plate,13,217.010,13.760,217.004,13.454
105.300,stable,12,Plate,14,223.350,13.533,223.344,13.234
105.300,stable,12,Plate,15,229.641,13.231,229.635,12.933
105.300,stable,12,Plate,16,235.959,13.231,235.953,12.929
105.300,stable,12,Plate,17,242.250,13.533,242.244,13.221
105.300,stable,12,Plate,18,248.590,13.760,248.584,13.434
105.300,stable,12,Plate,19,255.015,12.745,255.006,12.397
105.300,stable,12,Plate,20,261.428,10.250,261.408,9.877
105.300,stable,12,Plate,21,267.697,8.323,267.668,7.922
105.300,stable,12,Plate,22,274.041,8.323,274.013,7.890
105.300,stable,12,Plate,23,280.386,8.323,280.357,7.847
105.300,stable,12,Plate,24,286.731,8.323,286.702,7.797
105.300,stable,12,Plate,25,293.067,11.872,293.068,11.290
105.300,stable,12,Plate,26,299.249,18.503,299.306,17.869
105.300,stable,12,Plate,27,305.632,26.864,305.736,26.193
105.300,stable,12,Plate,28,312.110,33.300,312.219,32.624
105.300,stable,12,Plate,29,318.455,33.300,318.563,32.640
105.300,stable,12,Plate,30,324.800,33.300,324.908,32.655
105.300,stable,12,Inner,1,178.869,10.788,178.881,10.306
105.300,stable,12,Inner,2,185.214,10.788,185.226,10.354
105.300,stable,12,Inner,3,191.559,10.788,191.571,10.394
105.300,stable,12,Inner,4,197.895,17.093,197.874,16.723
105.300,stable,12,Inner,5,204.082,27.105,204.054,26.741
105.300,stable,12,Inner,6,210.140,38.557,210.125,38.185
105.300,stable,12,Inner,7,216.462,47.473,216.463,47.090
105.300,stable,12,Inner,8,222.882,52.427,222.891,52.034
105.300,stable,12,Inner,9,229.495,54.128,229.507,53.726
105.300,stable,12,Inner,10,236.104,54.128,236.116,53.722
105.300,stable,12,Inner,11,242.718,52.427,242.729,52.021
105.300,stable,12,Inner,12,249.138,47.473,249.151,47.069
105.300,stable,12,Inner,13,255.460,38.557,255.479,38.157
105.300,stable,12,Inner,14,261.518,27.105,261.540,26.707
105.300,stable,12,Inner,15,267.705,17.093,267.713,16.686
105.300,stable,12,Inner,16,274.041,10.788,274.013,10.354
105.300,stable,12,Inner,17,280.386,10.788,280.357,10.312
105.300,stable,12,Inner,18,286.731,10.788,286.702,10.262
105.300,stable,12,Patch1,1,197.903,11.612,197.915,11.248
105.300,stable,12,Patch1,2,203.450,13.990,203.447,13.640
105.300,stable,12,Patch1,3,210.648,16.002,210.643,15.660
105.300,stable,12,Patch1,4,217.038,16.838,217.033,16.498
105.300,stable,12,Patch1,5,223.344,16.600,223.339,16.260
105.300,stable,12,Patch1,6,229.641,16.306,229.636,15.964
105.300,stable,12,Patch1,7,235.959,16.306,235.954,15.960
105.300,stable,12,Patch1,8,242.256,16.600,242.252,16.248
105.300,stable,12,Patch1,9,248.562,16.838,248.558,16.479
105.300,stable,12,Patch1,10,254.952,16.002,254.947,15.634
105.300,stable,12,Patch1,11,262.150,13.990,262.141,13.607
105.300,stable,12,Patch1,12,267.697,11.612,267.668,11.211
105.300,stable,12,Patch2,1,274.041,6.756,274.013,6.322
105.300,stable,12,Patch2,2,280.386,6.756,280.357,6.280
105.300,stable,12,Patch2,3,286.731,6.756,286.702,6.230
105.300,stable,12,Patch3,1,178.869,6.757,178.881,6.275
105.300,stable,12,Patch3,2,185.214,6.757,185.226,6.323
105.300,stable,12,Patch3,3,191.559,6.757,191.571,6.363
105.300,stable,12,Patch4,1,192.077,61.597,192.123,60.955
105.300,stable,12,Patch4,2,198.301,69.349,198.325,68.724
105.300,stable,12,Patch4,3,204.533,75.546,204.542,74.935
105.300,stable,12,Patch4,4,210.875,80.134,210.875,79.536
105.300,stable,12,Patch4,5,217.255,81.458,217.254,80.868
105.300,stable,12,Patch4,6,223.597,81.558,223.596,80.974
105.300,stable,12,Patch4,7,229.747,81.611,229.745,81.029
105.300,stable,12,Patch4,8,235.853,81.611,235.852,81.026
105.300,stable,12,Patch4,9,242.003,81.558,242.001,80.968
105.300,stable,12,Patch4,10,248.345,81.458,248.343,80.857
105.300,stable,12,Patch4,11,254.725,80.134,254.721,79.520
105.300,stable,12,Patch4,12,261.067,75.546,261.050,74.915
105.300,stable,12,Patch4,13,267.299,69.349,267.262,68.699
105.300,stable,12,Patch4,14,273.523,61.597,273.459,60.925
105.300,stable,13,Outer,1,140.800,33.866,140.750,33.594
105.300,stable,13,Outer,2,146.938,33.866,146.888,33.600
105.300,stable,13,Outer,3,153.076,33.866,153.026,33.606
105.300,stable,13,Outer,4,159.214,33.898,159.162,33.642
105.300,stable,13,Outer,5,165.337,34.286,165.285,34.028
105.300,stable,13,Outer,6,171.352,37.358,171.305,37.089
105.300,stable,13,Outer,7,177.259,43.243,177.229,42.958
105.300,stable,13,Outer,8,183.190,51.657,183.185,51.353
105.300,stable,13,Outer,9,189.097,61.538,189.111,61.223
105.300,stable,13,Outer,10,195.018,69.686,195.034,69.369
105.300,stable,13,Outer,11,201.192,75.889,201.205,75.574
105.300,stable,13,Outer,12,207.563,79.241,207.573,78.931
105.300,stable,13,Outer,13,213.958,80.350,213.967,80.044
105.300,stable,13,Outer,14,220.301,80.555,220.311,80.252
105.300,stable,13,Outer,15,226.634,80.597,226.643,80.295
105.300,stable,13,Outer,16,232.966,80.597,232.975,80.295
105.300,stable,13,Outer,17,239.299,80.555,239.307,80.252
105.300,stable,13,Outer,18,245.642,80.350,245.651,80.044
105.300,stable,13,Outer,19,252.037,79.241,252.045,78.929
105.300,stable,13,Outer,20,258.408,75.889,258.412,75.569
105.300,stable,13,Outer,21,264.582,69.686,264.578,69.360
105.300,stable,13,Outer,22,270.503,61.538,270.496,61.210
105.300,stable,13,Outer,23,276.410,51.657,276.418,51.337
105.300,stable,13,Outer,24,282.341,43.243,282.370,42.937
105.300,stable,13,Outer,25,288.248,37.358,288.290,37.065
105.300,stable,13,Outer,26,294.263,34.286,294.309,34.002
105.300,stable,13,Outer,27,300.386,33.898,300.433,33.615
105.300,stable,13,Outer,28,306.524,33.866,306.570,33.581
105.300,stable,13,Outer,29,312.662,33.866,312.708,33.574
105.300,stable,13,Outer,30,318.800,33.866,318.846,33.566
105.300,stable,13,Plate,1,140.800,31.401,140.750,31.129
105.300,stable,13,Plate,2,146.938,31.401,146.888,31.136
105.300,stable,13,Plate,3,153.076,31.401,153.026,31.142
105.300,stable,13,Plate,4,159.343,24.803,159.304,24.554
105.300,stable,13,Plate,5,165.508,16.664,165.488,16.430
105.300,stable,13,Plate,6,171.521,10.866,171.521,10.653
105.300,stable,13,Plate,7,177.628,8.057,177.640,7.870
105.300,stable,13,Plate,8,183.766,8.057,183.778,7.896
105.300,stable,13,Plate,9,189.903,8.057,189.916,7.919
105.300,stable,13,Plate,10,196.041,8.057,196.054,7.939
105.300,stable,13,Plate,11,202.121,10.574,202.126,10.475
105.300,stable,13,Plate,12,208.355,12.863,208.352,12.781
105.300,stable,13,Plate,13,214.549,13.670,214.544,13.601
105.300,stable,13,Plate,14,220.666,13.483,220.662,13.420
105.300,stable,13,Plate,15,226.748,13.233,226.743,13.172
105.300,stable,13,Plate,16,232.852,13.233,232.848,13.169
105.300,stable,13,Plate,17,238.934,13.483,238.930,13.413
105.300,stable,13,Plate,18,245.051,13.670,245.047,13.590
105.300,stable,13,Plate,19,251.245,12.863,251.239,12.768
105.300,stable,13,Plate,20,257.479,10.574,257.465,10.458
105.300,stable,13,Plate,21,263.559,8.057,263.536,7.921
105.300,stable,13,Plate,22,269.697,8.057,269.674,7.901
105.300,stable,13,Plate,23,275.834,8.057,275.812,7.878
105.300,stable,13,Plate,24,281.972,8.057,281.949,7.852
105.300,stable,13,Plate,25,288.079,10.866,288.068,10.635
105.300,stable,13,Plate,26,294.092,16.664,294.103,16.409
105.300,stable,13,Plate,27,300.257,24.803,300.292,24.530
105.300,stable,13,Plate,28,306.524,31.401,306.570,31.117
105.300,stable,13,Plate,29,312.662,31.401,312.708,31.109
105.300,stable,13,Plate,30,318.800,31.401,318.846,31.101
105.300,stable,13,Inner,1,177.628,10.521,177.640,10.334
105.300,stable,13,Inner,2,183.766,10.521,183.778,10.360
105.300,stable,13,Inner,3,189.903,10.521,189.916,10.383
105.300,stable,13,Inner,4,196.084,17.518,196.076,17.393
105.300,stable,13,Inner,5,202.108,27.666,202.097,27.543
105.300,stable,13,Inner,6,208.009,38.178,208.005,38.051
105.300,stable,13,Inner,7,214.126,45.932,214.127,45.800
105.300,stable,13,Inner,8,220.294,49.823,220.297,49.687
105.300,stable,13,Inner,9,226.628,50.991,226.632,50.853
105.300,stable,13,Inner,10,232.972,50.991,232.977,50.852
105.300,stable,13,Inner,11,239.306,49.823,239.311,49.683
105.300,stable,13,Inner,12,245.474,45.932,245.479,45.793
105.300,stable,13,Inner,13,251.591,38.178,251.597,38.040
105.300,stable,13,Inner,14,257.491,27.666,257.499,27.529
105.300,stable,13,Inner,15,263.516,17.518,263.515,17.376
105.300,stable,13,Inner,16,269.697,10.521,269.674,10.365
105.300,stable,13,Inner,17,275.834,10.521,275.812,10.342
105.300,stable,13,Inner,18,281.972,10.521,281.949,10.316
105.300,stable,13,Patch1,1,196.041,11.292,196.054,11.174
105.300,stable,13,Patch1,2,201.468,14.254,201.466,14.148
105.300,stable,13,Patch1,3,208.403,15.939,208.398,15.844
105.300,stable,13,Patch1,4,214.559,16.611,214.553,16.521
105.300,stable,13,Patch1,5,220.661,16.401,220.655,16.313
105.300,stable,13,Patch1,6,226.746,16.147,226.740,16.058
105.300,stable,13,Patch1,7,232.854,16.147,232.848,16.054
105.300,stable,13,Patch1,8,238.939,16.401,238.934,16.303
105.300,stable,13,Patch1,9,245.041,16.611,245.036,16.506
105.300,stable,13,Patch1,10,251.197,15.939,251.191,15.826
105.300,stable,13,Patch1,11,258.132,14.254,258.123,14.130
105.300,stable,13,Patch1,12,263.559,11.292,263.536,11.156
105.300,stable,13,Patch2,1,269.697,6.490,269.674,6.334
105.300,stable,13,Patch2,2,275.834,6.490,275.812,6.311
105.300,stable,13,Patch2,3,281.972,6.490,281.949,6.285
105.300,stable,13,Patch3,1,177.628,6.491,177.640,6.303
105.300,stable,13,Patch3,2,183.766,6.491,183.778,6.329
105.300,stable,13,Patch3,3,189.903,6.491,189.916,6.352
105.300,stable,13,Patch4,1,190.376,57.996,190.383,57.804
105.300,stable,13,Patch4,2,196.436,65.473,196.439,65.284
105.300,stable,13,Patch4,3,202.467,71.300,202.468,71.112
105.300,stable,13,Patch4,4,208.614,75.198,208.615,75.012
105.300,stable,13,Patch4,5,214.771,76.642,214.771,76.457
105.300,stable,13,Patch4,6,220.846,77.102,220.846,76.916
105.300,stable,13,Patch4,7,226.823,77.282,226.823,77.096
105.300,stable,13,Patch4,8,232.777,77.282,232.777,77.096
105.300,stable,13,Patch4,9,238.754,77.102,238.754,76.915
105.300,stable,13,Patch4,10,244.829,76.642,244.829,76.455
105.300,stable,13,Patch4,11,250.986,75.198,250.985,75.009
105.300,stable,13,Patch4,12,257.133,71.300,257.131,71.108
105.300,stable,13,Patch4,13,263.164,65.473,263.159,65.278
105.300,stable,13,Patch4,14,269.224,57.996,269.214,57.797
105.300,stable,14,Outer,1,140.800,32.045,140.800,32.045
105.300,stable,14,Outer,2,146.731,32.045,146.731,32.045
105.300,stable,14,Outer,3,152.662,32.045,152.662,32.045
105.300,stable,14,Outer,4,158.593,32.049,158.593,32.049
105.300,stable,14,Outer,5,164.523,32.484,164.523,32.484
105.300,stable,14,Outer,6,170.423,35.821,170.423,35.821
105.300,stable,14,Outer,7,176.197,41.604,176.197,41.604
105.300,stable,14,Outer,8,181.983,49.464,181.983,49.464
105.300,stable,14,Outer,9,187.757,58.532,187.757,58.532
105.300,stable,14,Outer,10,193.509,66.117,193.509,66.117
105.300,stable,14,Outer,11,199.438,72.003,199.438,72.003
105.300,stable,14,Outer,12,205.496,74.850,205.496,74.850
105.300,stable,14,Outer,13,211.583,75.698,211.583,75.698
105.300,stable,14,Outer,14,217.666,75.897,217.666,75.897
105.300,stable,14,Outer,15,223.755,75.979,223.755,75.979
105.300,stable,14,Outer,16,229.845,75.979,229.845,75.979
105.300,stable,14,Outer,17,235.934,75.897,235.934,75.897
105.300,stable,14,Outer,18,242.017,75.698,242.017,75.698
105.300,stable,14,Outer,19,248.104,74.850,248.104,74.850
105.300,stable,14,Outer,20,254.162,72.003,254.162,72.003
105.300,stable,14,Outer,21,260.091,66.117,260.091,66.117
105.300,stable,14,Outer,22,265.843,58.532,265.843,58.532
105.300,stable,14,Outer,23,271.617,49.464,271.617,49.464
105.300,stable,14,Outer,24,277.403,41.604,277.403,41.604
105.300,stable,14,Outer,25,283.177,35.821,283.177,35.821
105.300,stable,14,Outer,26,289.077,32.484,289.077,32.484
105.300,stable,14,Outer,27,295.007,32.049,295.007,32.049
105.300,stable,14,Outer,28,300.938,32.045,300.938,32.045
105.300,stable,14,Outer,29,306.869,32.045,306.869,32.045
105.300,stable,14,Outer,30,312.800,32.045,312.800,32.045
105.300,stable,14,Plate,1,140.800,29.580,140.800,29.580
105.300,stable,14,Plate,2,146.731,29.580,146.731,29.580
105.300,stable,14,Plate,3,152.662,29.580,152.662,29.580
105.300,stable,14,Plate,4,158.723,22.515,158.723,22.515
105.300,stable,14,Plate,5,164.673,14.537,164.673,14.537
105.300,stable,14,Plate,6,170.530,9.892,170.530,9.892
105.300,stable,14,Plate,7,176.386,8.038,176.386,8.038
105.300,stable,14,Plate,8,182.317,8.038,182.317,8.038
105.300,stable,14,Plate,9,188.248,8.038,188.248,8.038
105.300,stable,14,Plate,10,194.179,8.038,194.179,8.038
105.300,stable,14,Plate,11,200.094,11.507,200.094,11.507
105.300,stable,14,Plate,12,206.152,13.587,206.152,13.587
105.300,stable,14,Plate,13,212.101,14.155,212.101,14.155
105.300,stable,14,Plate,14,217.981,14.064,217.981,14.064
105.300,stable,14,Plate,15,223.856,13.910,223.856,13.910
105.300,stable,14,Plate,16,229.744,13.910,229.744,13.910
105.300,stable,14,Plate,17,235.619,14.064,235.619,14.064
105.300,stable,14,Plate,18,241.499,14.155,241.499,14.155
105.300,stable,14,Plate,19,247.448,13.587,247.448,13.587
105.300,stable,14,Plate,20,253.506,11.507,253.506,11.507
105.300,stable,14,Plate,21,259.421,8.038,259.421,8.038
105.300,stable,14,Plate,22,265.352,8.038,265.352,8.038
105.300,stable,14,Plate,23,271.283,8.038,271.283,8.038
105.300,stable,14,Plate,24,277.214,8.038,277.214,8.038
105.300,stable,14,Plate,25,283.070,9.892,283.070,9.892
105.300,stable,14,Plate,26,288.927,14.537,288.927,14.537
105.300,stable,14,Plate,27,294.877,22.515,294.877,22.515
105.300,stable,14,Plate,28,300.938,29.580,300.938,29.580
105.300,stable,14,Plate,29,306.869,29.580,306.869,29.580
105.300,stable,14,Plate,30,312.800,29.580,312.800,29.580
105.300,stable,14,Inner,1,176.386,10.503,176.386,10.503
105.300,stable,14,Inner,2,182.317,10.503,182.317,10.503
105.300,stable,14,Inner,3,188.248,10.503,188.248,10.503
105.300,stable,14,Inner,4,194.303,19.004,194.303,19.004
105.300,stable,14,Inner,5,200.172,29.589,200.172,29.589
105.300,stable,14,Inner,6,205.926,38.974,205.926,38.974
105.300,stable,14,Inner,7,211.821,45.264,211.821,45.264
105.300,stable,14,Inner,8,217.746,47.702,217.746,47.702
105.300,stable,14,Inner,9,223.776,48.140,223.776,48.140
105.300,stable,14,Inner,10,229.824,48.140,229.824,48.140
105.300,stable,14,Inner,11,235.854,47.702,235.854,47.702
105.300,stable,14,Inner,12,241.779,45.264,241.779,45.264
105.300,stable,14,Inner,13,247.674,38.974,247.674,38.974
105.300,stable,14,Inner,14,253.428,29.589,253.428,29.589
105.300,stable,14,Inner,15,259.297,19.004,259.297,19.004
105.300,stable,14,Inner,16,265.352,10.503,265.352,10.503
105.300,stable,14,Inner,17,271.283,10.503,271.283,10.503
105.300,stable,14,Inner,18,277.214,10.503,277.214,10.503
105.300,stable,14,Patch2,1,265.352,6.471,265.352,6.471
105.300,stable,14,Patch2,2,271.283,6.471,271.283,6.471
105.300,stable,14,Patch2,3,277.214,6.471,277.214,6.471
105.300,stable,14,Patch3,1,176.386,6.472,176.386,6.472
105.300,stable,14,Patch3,2,182.317,6.472,182.317,6.472
105.300,stable,14,Patch3,3,188.248,6.472,188.248,6.472
105.300,stable,14,Patch4,1,188.813,54.965,188.813,54.965
105.300,stable,14,Patch4,2,194.711,61.612,194.711,61.612
105.300,stable,14,Patch4,3,200.511,67.178,200.511,67.178
105.300,stable,14,Patch4,4,206.420,70.274,206.420,70.274
105.300,stable,14,Patch4,5,212.306,71.319,212.306,71.319
105.300,stable,14,Patch4,6,218.131,71.494,218.131,71.494
105.300,stable,14,Patch4,7,223.908,71.503,223.908,71.503
105.300,stable,14,Patch4,8,229.692,71.503,229.692,71.503
105.300,stable,14,Patch4,9,235.469,71.494,235.469,71.494
105.300,stable,14,Patch4,10,241.294,71.319,241.294,71.319
105.300,stable,14,Patch4,11,247.180,70.274,247.180,70.274
105.300,stable,14,Patch4,12,253.089,67.178,253.089,67.178
105.300,stable,14,Patch4,13,258.889,61.612,258.889,61.612
105.300,stable,14,Patch4,14,264.787,54.965,264.787,54.965
210.600,stable,0,Outer,1,0.000,77.176,0.000,77.176
210.600,stable,0,Outer,2,22.952,77.176,22.952,77.176
210.600,stable,0,Outer,3,45.903,77.176,45.903,77.176
210.600,stable,0,Outer,4,68.855,77.179,68.855,77.179
210.600,stable,0,Outer,5,91.792,78.077,91.792,78.077
210.600,stable,0,Outer,6,114.593,85.124,114.593,85.124
210.600,stable,0,Outer,7,137.122,98.200,137.122,98.200
210.600,stable,0,Outer,8,159.711,115.776,159.711,115.776
210.600,stable,0,Outer,9,181.710,136.686,181.710,136.686
210.600,stable,0,Outer,10,203.804,155.760,203.804,155.760
210.600,stable,0,Outer,11,226.449,171.309,226.449,171.309
210.600,stable,0,Outer,12,250.090,183.123,250.090,183.123
210.600,stable,0,Outer,13,273.409,191.435,273.409,191.435
210.600,stable,0,Outer,14,297.146,196.498,297.146,196.498
210.600,stable,0,Outer,15,320.863,198.450,320.863,198.450
210.600,stable,0,Outer,16,344.737,198.450,344.737,198.450
210.600,stable,0,Outer,17,368.454,196.498,368.454,196.498
210.600,stable,0,Outer,18,392.191,191.435,392.191,191.435
210.600,stable,0,Outer,19,415.510,183.123,415.510,183.123
210.600,stable,0,Outer,20,439.151,171.309,439.151,171.309
210.600,stable,0,Outer,21,461.796,155.760,461.796,155.760
210.600,stable,0,Outer,22,483.890,136.686,483.890,136.686
210.600,stable,0,Outer,23,505.889,115.776,505.889,115.776
210.600,stable,0,Outer,24,528.478,98.200,528.478,98.200
210.600,stable,0,Outer,25,551.007,85.124,551.007,85.124
210.600,stable,0,Outer,26,573.808,78.077,573.808,78.077
210.600,stable,0,Outer,27,596.745,77.179,596.745,77.179
210.600,stable,0,Outer,28,619.697,77.176,619.697,77.176
210.600,stable,0,Outer,29,642.648,77.176,642.648,77.176
210.600,stable,0,Outer,30,665.600,77.176,665.600,77.176
210.600,stable,0,Plate,1,0.000,74.712,0.000,74.712
210.600,stable,0,Plate,2,22.952,74.712,22.952,74.712
210.600,stable,0,Plate,3,45.903,74.712,45.903,74.712
210.600,stable,0,Plate,4,68.670,59.831,68.670,59.831
210.600,stable,0,Plate,5,91.365,40.578,91.365,40.578
210.600,stable,0,Plate,6,114.568,23.951,114.568,23.951
210.600,stable,0,Plate,7,137.710,12.233,137.710,12.233
210.600,stable,0,Plate,8,160.662,12.233,160.662,12.233
210.600,stable,0,Plate,9,183.614,12.233,183.614,12.233
210.600,stable,0,Plate,10,206.566,12.233,206.566,12.233
210.600,stable,0,Plate,11,229.750,16.398,229.750,16.398
210.600,stable,0,Plate,12,253.240,20.696,253.240,20.696
210.600,stable,0,Plate,13,275.756,23.795,275.756,23.795
210.600,stable,0,Plate,14,298.909,25.770,298.909,25.770
210.600,stable,0,Plate,15,321.607,26.483,321.607,26.483
210.600,stable,0,Plate,16,343.993,26.483,343.993,26.483
210.600,stable,0,Plate,17,366.691,25.770,366.691,25.770
210.600,stable,0,Plate,18,389.844,23.795,389.844,23.795
210.600,stable,0,Plate,19,412.360,20.696,412.360,20.696
210.600,stable,0,Plate,20,435.850,16.398,435.850,16.398
210.600,stable,0,Plate,21,459.034,12.233,459.034,12.233
210.600,stable,0,Plate,22,481.986,12.233,481.986,12.233
210.600,stable,0,Plate,23,504.938,12.233,504.938,12.233
210.600,stable,0,Plate,24,527.890,12.233,527.890,12.233
210.600,stable,0,Plate,25,551.032,23.951,551.032,23.951
210.600,stable,0,Plate,26,574.235,40.578,574.235,40.578
210.600,stable,0,Plate,27,596.930,59.831,596.930,59.831
210.600,stable,0,Plate,28,619.697,74.712,619.697,74.712
210.600,stable,0,Plate,29,642.648,74.712,642.648,74.712
210.600,stable,0,Plate,30,665.600,74.712,665.600,74.712
210.600,stable,0,Inner,1,137.710,14.698,137.710,14.698
210.600,stable,0,Inner,2,160.662,14.698,160.662,14.698
210.600,stable,0,Inner,3,183.614,14.698,183.614,14.698
210.600,stable,0,Inner,4,205.946,28.584,205.946,28.584
210.600,stable,0,Inner,5,228.148,46.667,228.148,46.667
210.600,stable,0,Inner,6,250.657,67.900,250.657,67.900
210.600,stable,0,Inner,7,273.978,86.397,273.978,86.397
210.600,stable,0,Inner,8,297.624,99.495,297.624,99.495
210.600,stable,0,Inner,9,321.194,106.375,321.194,106.375
210.600,stable,0,Inner,10,344.406,106.375,344.406,106.375
210.600,stable,0,Inner,11,367.976,99.495,367.976,99.495
210.600,stable,0,Inner,12,391.622,86.397,391.622,86.397
210.600,stable,0,Inner,13,414.943,67.900,414.943,67.900
210.600,stable,0,Inner,14,437.452,46.667,437.452,46.667
210.600,stable,0,Inner,15,459.654,28.584,459.654,28.584
210.600,stable,0,Inner,16,481.986,14.698,481.986,14.698
210.600,stable,0,Inner,17,504.938,14.698,504.938,14.698
210.600,stable,0,Inner,18,527.890,14.698,527.890,14.698
210.600,stable,0,Patch2,1,481.986,10.666,481.986,10.666
210.600,stable,0,Patch2,2,504.938,10.666,504.938,10.666
210.600,stable,0,Patch2,3,527.890,10.666,527.890,10.666
210.600,stable,0,Patch3,1,137.710,10.667,137.710,10.667
210.600,stable,0,Patch3,2,160.662,10.667,160.662,10.667
210.600,stable,0,Patch3,3,183.614,10.667,183.614,10.667
210.600,stable,0,Patch4,1,187.098,137.722,187.098,137.722
210.600,stable,0,Patch4,2,208.654,153.385,208.654,153.385
210.600,stable,0,Patch4,3,231.566,166.352,231.566,166.352
210.600,stable,0,Patch4,4,253.461,175.656,253.461,175.656
210.600,stable,0,Patch4,5,276.821,183.870,276.821,183.870
210.600,stable,0,Patch4,6,299.323,189.200,299.323,189.200
210.600,stable,0,Patch4,7,321.567,192.149,321.567,192.149
210.600,stable,0,Patch4,8,344.033,192.149,344.033,192.149
210.600,stable,0,Patch4,9,366.277,189.200,366.277,189.200
210.600,stable,0,Patch4,10,388.779,183.870,388.779,183.870
210.600,stable,0,Patch4,11,412.139,175.656,412.139,175.656
210.600,stable,0,Patch4,12,434.034,166.352,434.034,166.352
210.600,stable,0,Patch4,13,456.946,153.385,456.946,153.385
210.600,stable,0,Patch4,14,478.502,137.722,478.502,137.722
210.600,stable,1,Outer,1,97.397,60.197,97.446,60.102
210.600,stable,1,Outer,2,112.005,60.197,112.053,60.012
210.600,stable,1,Outer,3,126.612,60.197,126.663,59.938
210.600,stable,1,Outer,4,141.219,60.237,141.264,60.042
210.600,stable,1,Outer,5,155.751,60.865,155.795,60.823
210.600,stable,1,Outer,6,169.822,65.726,169.848,65.755
210.600,stable,1,Outer,7,183.819,74.544,183.819,74.630
210.600,stable,1,Outer,8,198.046,87.541,197.973,87.725
210.600,stable,1,Outer,9,211.802,102.987,211.637,103.283
210.600,stable,1,Outer,10,225.848,116.516,225.613,116.931
210.600,stable,1,Outer,11,240.338,128.410,240.080,128.914
210.600,stable,1,Outer,12,255.796,138.853,255.576,139.385
210.600,stable,1,Outer,13,271.284,145.897,271.107,146.449
210.600,stable,1,Outer,14,286.468,149.143,286.319,149.773
210.600,stable,1,Outer,15,301.594,150.184,301.479,150.884
210.600,stable,1,Outer,16,316.811,150.184,316.733,150.885
210.600,stable,1,Outer,17,331.937,149.143,331.893,149.786
210.600,stable,1,Outer,18,347.122,145.897,347.108,146.504
210.600,stable,1,Outer,19,362.610,138.853,362.652,139.497
210.600,stable,1,Outer,20,378.068,128.410,378.169,129.083
210.600,stable,1,Outer,21,392.557,116.516,392.681,117.177
210.600,stable,1,Outer,22,406.603,102.987,406.716,103.608
210.600,stable,1,Outer,23,420.360,87.541,420.437,88.112
210.600,stable,1,Outer,24,434.586,74.544,434.624,75.060
210.600,stable,1,Outer,25,448.583,65.726,448.584,66.174
210.600,stable,1,Outer,26,462.654,60.865,462.603,61.143
210.600,stable,1,Outer,27,477.186,60.237,477.125,60.205
210.600,stable,1,Outer,28,491.794,60.197,491.710,60.002
210.600,stable,1,Outer,29,506.401,60.197,506.320,60.009
210.600,stable,1,Outer,30,521.008,60.197,520.928,60.030
210.600,stable,1,Plate,1,97.397,57.733,97.446,57.638
210.600,stable,1,Plate,2,112.005,57.733,112.053,57.548
210.600,stable,1,Plate,3,126.612,57.733,126.663,57.474
210.600,stable,1,Plate,4,140.862,48.632,140.896,48.334
210.600,stable,1,Plate,5,155.243,35.513,155.307,35.243
210.600,stable,1,Plate,6,170.168,21.392,170.246,21.134
210.600,stable,1,Plate,7,185.041,11.236,185.099,10.952
210.600,stable,1,Plate,8,199.648,11.236,199.706,10.982
210.600,stable,1,Plate,9,214.255,11.236,214.314,11.043
210.600,stable,1,Plate,10,228.863,11.236,228.918,10.960
210.600,stable,1,Plate,11,243.703,12.624,243.763,12.262
210.600,stable,1,Plate,12,258.371,16.101,258.425,15.754
210.600,stable,1,Plate,13,272.893,19.011,272.925,18.745
210.600,stable,1,Plate,14,287.535,20.699,287.550,20.514
210.600,stable,1,Plate,15,302.017,21.120,302.023,20.969
210.600,stable,1,Plate,16,316.389,21.120,316.387,20.968
210.600,stable,1,Plate,17,330.871,20.699,330.862,20.507
210.600,stable,1,Plate,18,345.513,19.011,345.487,18.728
210.600,stable,1,Plate,19,360.034,16.101,359.986,15.721
210.600,stable,1,Plate,20,374.703,12.624,374.645,12.205
210.600,stable,1,Plate,21,389.543,11.236,389.489,10.841
210.600,stable,1,Plate,22,404.150,11.236,404.099,10.880
210.600,stable,1,Plate,23,418.757,11.236,418.708,10.901
210.600,stable,1,Plate,24,433.365,11.236,433.317,10.962
210.600,stable,1,Plate,25,448.237,21.392,448.168,21.154
210.600,stable,1,Plate,26,463.163,35.513,463.086,35.290
210.600,stable,1,Plate,27,477.543,48.632,477.466,48.417
210.600,stable,1,Plate,28,491.794,57.733,491.710,57.537
210.600,stable,1,Plate,29,506.401,57.733,506.320,57.545
210.600,stable,1,Plate,30,521.008,57.733,520.928,57.566
210.600,stable,1,Inner,1,185.041,13.700,185.099,13.416
210.600,stable,1,Inner,2,199.648,13.700,199.706,13.446
210.600,stable,1,Inner,3,214.255,13.700,214.314,13.507
210.600,stable,1,Inner,4,228.453,19.191,228.517,19.005
210.600,stable,1,Inner,5,242.488,31.270,242.543,31.104
210.600,stable,1,Inner,6,256.943,47.431,256.968,47.304
210.600,stable,1,Inner,7,271.825,62.634,271.823,62.544
210.600,stable,1,Inner,8,286.862,73.925,286.871,73.832
210.600,stable,1,Inner,9,301.841,79.683,301.875,79.543
210.600,stable,1,Inner,10,316.565,79.683,316.605,79.491
210.600,stable,1,Inner,11,331.544,73.925,331.577,73.697
210.600,stable,1,Inner,12,346.581,62.634,346.600,62.374
210.600,stable,1,Inner,13,361.463,47.431,361.457,47.137
210.600,stable,1,Inner,14,375.917,31.270,375.884,30.945
210.600,stable,1,Inner,15,389.952,19.191,389.904,18.844
210.600,stable,1,Inner,16,404.150,13.700,404.099,13.344
210.600,stable,1,Inner,17,418.757,13.700,418.708,13.365
210.600,stable,1,Inner,18,433.365,13.700,433.317,13.426
210.600,stable,1,Patch1,1,228.863,13.824,228.918,13.549
210.600,stable,1,Patch1,2,243.070,15.777,243.131,15.484
210.600,stable,1,Patch1,3,258.414,19.225,258.456,19.014
210.600,stable,1,Patch1,4,272.814,21.462,272.841,21.347
210.600,stable,1,Patch1,5,287.381,23.368,287.396,23.336
210.600,stable,1,Patch1,6,302.003,23.612,302.016,23.613
210.600,stable,1,Patch1,7,316.402,23.612,316.413,23.600
210.600,stable,1,Patch1,8,331.024,23.368,331.033,23.301
210.600,stable,1,Patch1,9,345.591,21.462,345.586,21.299
210.600,stable,1,Patch1,10,359.992,19.225,359.969,18.954
210.600,stable,1,Patch1,11,375.336,15.777,375.291,15.410
210.600,stable,1,Patch1,12,389.543,13.824,389.489,13.429
210.600,stable,1,Patch2,1,404.150,9.669,404.099,9.313
210.600,stable,1,Patch2,2,418.757,9.669,418.708,9.334
210.600,stable,1,Patch2,3,433.365,9.669,433.317,9.395
210.600,stable,1,Patch3,1,185.041,9.669,185.099,9.385
210.600,stable,1,Patch3,2,199.648,9.669,199.706,9.415
210.600,stable,1,Patch3,3,214.255,9.669,214.314,9.476
210.600,stable,1,Patch4,1,216.285,101.557,216.600,101.072
210.600,stable,1,Patch4,2,229.667,112.774,229.898,112.387
210.600,stable,1,Patch4,3,244.116,124.447,244.257,124.169
210.600,stable,1,Patch4,4,257.887,133.856,257.959,133.676
210.600,stable,1,Patch4,5,272.378,141.447,272.404,141.350
210.600,stable,1,Patch4,6,287.127,145.349,287.141,145.293
210.600,stable,1,Patch4,7,301.796,146.111,301.809,146.054
210.600,stable,1,Patch4,8,316.609,146.111,316.623,146.027
210.600,stable,1,Patch4,9,331.279,145.349,331.289,145.220
210.600,stable,1,Patch4,10,346.027,141.447,346.023,141.259
210.600,stable,1,Patch4,11,360.519,133.856,360.481,133.604
210.600,stable,1,Patch4,12,374.289,124.447,374.210,124.134
210.600,stable,1,Patch4,13,388.738,112.774,388.607,112.397
210.600,stable,1,Patch4,14,402.121,101.557,401.938,101.118
210.600,stable,2,Outer,1,113.689,57.760,113.793,57.560
210.600,stable,2,Outer,2,125.842,57.760,125.946,57.424
210.600,stable,2,Outer,3,137.995,57.760,138.098,57.295
210.600,stable,2,Outer,4,150.149,57.749,150.269,57.196
210.600,stable,2,Outer,5,162.192,58.278,162.317,57.616
210.600,stable,2,Outer,6,173.599,62.559,173.801,61.690
210.600,stable,2,Outer,7,185.095,71.380,185.547,70.178
210.600,stable,2,Outer,8,196.817,84.268,197.670,82.694
210.600,stable,2,Outer,9,208.209,99.135,209.299,97.379
210.600,stable,2,Outer,10,219.956,111.960,220.889,110.347
210.600,stable,2,Outer,11,232.101,123.030,232.645,121.828
210.600,stable,2,Outer,12,245.128,132.263,245.270,131.602
210.600,stable,2,Outer,13,258.404,138.045,258.331,137.853
210.600,stable,2,Outer,14,271.049,139.973,270.933,140.048
210.600,stable,2,Outer,15,283.611,140.420,283.492,140.556
210.600,stable,2,Outer,16,296.211,140.420,296.091,140.422
210.600,stable,2,Outer,17,308.773,139.973,308.640,139.693
210.600,stable,2,Outer,18,321.419,138.045,321.226,137.419
210.600,stable,2,Outer,19,334.694,132.263,334.355,131.312
210.600,stable,2,Outer,20,347.721,123.030,347.229,121.869
210.600,stable,2,Outer,21,359.866,111.960,359.313,110.734
210.600,stable,2,Outer,22,371.613,99.135,371.115,97.959
210.600,stable,2,Outer,23,383.005,84.268,382.672,83.220
210.600,stable,2,Outer,24,394.728,71.380,394.575,70.497
210.600,stable,2,Outer,25,406.223,62.559,406.169,61.806
210.600,stable,2,Outer,26,417.630,58.278,417.594,57.574
210.600,stable,2,Outer,27,429.674,57.749,429.634,57.018
210.600,stable,2,Outer,28,441.827,57.760,441.781,57.004
210.600,stable,2,Outer,29,453.980,57.760,453.934,57.053
210.600,stable,2,Outer,30,466.133,57.760,466.087,57.111
210.600,stable,2,Plate,1,113.689,55.295,113.793,55.096
210.600,stable,2,Plate,2,125.842,55.295,125.946,54.960
210.600,stable,2,Plate,3,137.995,55.295,138.098,54.830
210.600,stable,2,Plate,4,149.809,45.886,149.808,45.291
210.600,stable,2,Plate,5,161.818,33.361,161.739,32.690
210.600,stable,2,Plate,6,174.224,20.802,174.192,20.177
210.600,stable,2,Plate,7,186.608,11.916,186.653,11.397
210.600,stable,2,Plate,8,198.762,11.916,198.806,11.476
210.600,stable,2,Plate,9,210.915,11.916,210.958,11.518
210.600,stable,2,Plate,10,223.068,11.916,223.110,11.548
210.600,stable,2,Plate,11,235.431,14.224,235.463,13.905
210.600,stable,2,Plate,12,247.358,17.674,247.374,17.405
210.600,stable,2,Plate,13,259.631,20.393,259.639,20.161
210.600,stable,2,Plate,14,271.744,21.656,271.750,21.443
210.600,stable,2,Plate,15,283.855,21.842,283.862,21.627
210.600,stable,2,Plate,16,295.967,21.842,295.975,21.600
210.600,stable,2,Plate,17,308.078,21.656,308.086,21.358
210.600,stable,2,Plate,18,320.191,20.393,320.190,20.010
210.600,stable,2,Plate,19,332.464,17.674,332.439,17.180
210.600,stable,2,Plate,20,344.391,14.224,344.332,13.617
210.600,stable,2,Plate,21,356.754,11.916,356.679,11.226
210.600,stable,2,Plate,22,368.907,11.916,368.831,11.198
210.600,stable,2,Plate,23,381.061,11.916,380.985,11.183
210.600,stable,2,Plate,24,393.214,11.916,393.138,11.179
210.600,stable,2,Plate,25,405.598,20.802,405.544,20.039
210.600,stable,2,Plate,26,418.004,33.361,417.974,32.578
210.600,stable,2,Plate,27,430.013,45.886,429.980,45.110
210.600,stable,2,Plate,28,441.827,55.295,441.781,54.539
210.600,stable,2,Plate,29,453.980,55.295,453.934,54.588
210.600,stable,2,Plate,30,466.133,55.295,466.087,54.647
210.600,stable,2,Inner,1,186.608,14.380,186.653,13.861
210.600,stable,2,Inner,2,198.762,14.380,198.806,13.941
210.600,stable,2,Inner,3,210.915,14.380,210.958,13.982
210.600,stable,2,Inner,4,222.789,22.464,222.842,22.055
210.600,stable,2,Inner,5,234.500,34.242,234.587,33.799
210.600,stable,2,Inner,6,246.598,49.503,246.710,49.041
210.600,stable,2,Inner,7,258.910,63.582,259.017,63.124
210.600,stable,2,Inner,8,271.329,73.553,271.425,73.109
210.600,stable,2,Inner,9,283.773,78.321,283.872,77.869
210.600,stable,2,Inner,10,296.049,78.321,296.148,77.824
210.600,stable,2,Inner,11,308.493,73.553,308.563,72.983
210.600,stable,2,Inner,12,320.912,63.582,320.924,62.941
210.600,stable,2,Inner,13,333.224,49.503,333.181,48.815
210.600,stable,2,Inner,14,345.322,34.242,345.254,33.533
210.600,stable,2,Inner,15,357.033,22.464,356.966,21.757
210.600,stable,2,Inner,16,368.907,14.380,368.831,13.662
210.600,stable,2,Inner,17,381.061,14.380,380.985,13.648
210.600,stable,2,Inner,18,393.214,14.380,393.138,13.643
210.600,stable,2,Patch2,1,368.907,10.349,368.831,9.631
210.600,stable,2,Patch2,2,381.061,10.349,380.985,9.616
210.600,stable,2,Patch2,3,393.214,10.349,393.138,9.612
210.600,stable,2,Patch3,1,186.608,10.349,186.653,9.830
210.600,stable,2,Patch3,2,198.762,10.349,198.806,9.910
210.600,stable,2,Patch3,3,210.915,10.349,210.958,9.952
210.600,stable,2,Patch4,1,211.968,96.300,212.689,94.754
210.600,stable,2,Patch4,2,224.001,108.348,224.478,107.039
210.600,stable,2,Patch4,3,235.531,117.659,235.829,116.569
210.600,stable,2,Patch4,4,247.396,125.986,247.548,125.099
210.600,stable,2,Patch4,5,259.328,130.868,259.408,130.153
210.600,stable,2,Patch4,6,271.463,132.793,271.522,132.205
210.600,stable,2,Patch4,7,283.785,133.242,283.840,132.736
210.600,stable,2,Patch4,8,296.038,133.242,296.092,132.771
210.600,stable,2,Patch4,9,308.359,132.793,308.412,132.311
210.600,stable,2,Patch4,10,320.494,130.868,320.537,130.324
210.600,stable,2,Patch4,11,332.426,125.986,332.424,125.333
210.600,stable,2,Patch4,12,344.291,117.659,344.188,116.866
210.600,stable,2,Patch4,13,355.821,108.348,355.597,107.407
210.600,stable,2,Patch4,14,367.854,96.300,367.470,95.203
210.600,stable,3,Outer,1,125.925,55.289,126.022,55.015
210.600,stable,3,Outer,2,136.184,55.289,136.277,54.732
210.600,stable,3,Outer,3,146.442,55.289,146.532,54.448
210.600,stable,3,Outer,4,156.701,55.312,156.862,54.157
210.600,stable,3,Outer,5,166.853,55.906,167.030,54.355
210.600,stable,3,Outer,6,176.432,60.600,176.823,58.585
210.600,stable,3,Outer,7,186.279,69.578,187.110,67.056
210.600,stable,3,Outer,8,196.021,82.377,197.334,79.475
210.600,stable,3,Outer,9,205.598,97.285,207.031,94.305
210.600,stable,3,Outer,10,215.299,109.979,216.395,107.249
210.600,stable,3,Outer,11,225.579,120.488,226.166,118.233
210.600,stable,3,Outer,12,236.336,128.994,236.479,127.270
210.600,stable,3,Outer,13,247.507,134.127,247.442,132.830
210.600,stable,3,Outer,14,258.470,135.642,258.372,134.565
210.600,stable,3,Outer,15,269.279,136.054,269.179,135.000
210.600,stable,3,Outer,16,280.071,136.054,279.968,134.864
210.600,stable,3,Outer,17,290.880,135.642,290.763,134.193
210.600,stable,3,Outer,18,301.843,134.127,301.672,132.345
210.600,stable,3,Outer,19,313.014,128.994,312.678,126.873
210.600,stable,3,Outer,20,323.771,120.488,323.231,118.118
210.600,stable,3,Outer,21,334.051,109.979,333.391,107.494
210.600,stable,3,Outer,22,343.752,97.285,343.113,94.816
210.600,stable,3,Outer,23,353.329,82.377,352.858,80.018
210.600,stable,3,Outer,24,363.071,69.578,362.839,67.405
210.600,stable,3,Outer,25,372.918,60.600,372.881,58.650
210.600,stable,3,Outer,26,382.497,55.906,382.560,54.170
210.600,stable,3,Outer,27,392.649,55.312,392.718,53.758
210.600,stable,3,Outer,28,402.908,55.289,403.000,53.846
210.600,stable,3,Outer,29,413.166,55.289,413.258,53.952
210.600,stable,3,Outer,30,423.425,55.289,423.516,54.067
210.600,stable,3,Plate,1,125.925,52.825,126.022,52.551
210.600,stable,3,Plate,2,136.184,52.825,136.277,52.267
210.600,stable,3,Plate,3,146.442,52.825,146.532,51.983
210.600,stable,3,Plate,4,156.714,44.118,156.612,43.054
210.600,stable,3,Plate,5,167.104,32.311,166.915,31.170
210.600,stable,3,Plate,6,177.231,20.040,177.135,18.975
210.600,stable,3,Plate,7,187.477,11.002,187.503,10.077
210.600,stable,3,Plate,8,197.735,11.002,197.761,10.188
210.600,stable,3,Plate,9,207.994,11.002,208.020,10.266
210.600,stable,3,Plate,10,218.253,11.002,218.279,10.330
210.600,stable,3,Plate,11,228.623,13.554,228.638,12.928
210.600,stable,3,Plate,12,238.582,17.756,238.591,17.146
210.600,stable,3,Plate,13,248.928,20.676,248.937,20.065
210.600,stable,3,Plate,14,259.272,21.407,259.283,20.787
210.600,stable,3,Plate,15,269.548,21.486,269.559,20.849
210.600,stable,3,Plate,16,279.802,21.486,279.813,20.819
210.600,stable,3,Plate,17,290.078,21.407,290.089,20.694
210.600,stable,3,Plate,18,300.422,20.676,300.429,19.900
210.600,stable,3,Plate,19,310.768,17.756,310.752,16.901
210.600,stable,3,Plate,20,320.727,13.554,320.674,12.613
210.600,stable,3,Plate,21,331.097,11.002,331.023,9.972
210.600,stable,3,Plate,22,341.356,11.002,341.281,9.893
210.600,stable,3,Plate,23,351.615,11.002,351.540,9.803
210.600,stable,3,Plate,24,361.873,11.002,361.799,9.706
210.600,stable,3,Plate,25,372.119,20.040,372.132,18.646
210.600,stable,3,Plate,26,382.246,32.311,382.337,30.854
210.600,stable,3,Plate,27,392.636,44.118,392.756,42.639
210.600,stable,3,Plate,28,402.908,52.825,403.000,51.382
210.600,stable,3,Plate,29,413.166,52.825,413.258,51.487
210.600,stable,3,Plate,30,423.425,52.825,423.516,51.602
210.600,stable,3,Inner,1,187.477,13.466,187.503,12.541
210.600,stable,3,Inner,2,197.735,13.466,197.761,12.652
210.600,stable,3,Inner,3,207.994,13.466,208.020,12.730
210.600,stable,3,Inner,4,218.065,22.629,218.075,21.905
210.600,stable,3,Inner,5,227.955,35.554,228.007,34.798
210.600,stable,3,Inner,6,238.006,51.396,238.110,50.606
210.600,stable,3,Inner,7,248.213,64.987,248.340,64.180
210.600,stable,3,Inner,8,258.686,74.658,258.825,73.838
210.600,stable,3,Inner,9,269.387,78.923,269.535,78.079
210.600,stable,3,Inner,10,279.963,78.923,280.111,78.037
210.600,stable,3,Inner,11,290.664,74.658,290.789,73.717
210.600,stable,3,Inner,12,301.137,64.987,301.215,63.997
210.600,stable,3,Inner,13,311.344,51.396,311.378,50.372
210.600,stable,3,Inner,14,321.395,35.554,321.399,34.511
210.600,stable,3,Inner,15,331.285,22.629,331.267,21.569
210.600,stable,3,Inner,16,341.356,13.466,341.281,12.357
210.600,stable,3,Inner,17,351.615,13.466,351.540,12.267
210.600,stable,3,Inner,18,361.873,13.466,361.799,12.171
210.600,stable,3,Patch2,1,341.356,9.435,341.281,8.326
210.600,stable,3,Patch2,2,351.615,9.435,351.540,8.236
210.600,stable,3,Patch2,3,361.873,9.435,361.799,8.139
210.600,stable,3,Patch3,1,187.477,9.436,187.503,8.510
210.600,stable,3,Patch3,2,197.735,9.436,197.761,8.621
210.600,stable,3,Patch3,3,207.994,9.436,208.020,8.700
210.600,stable,4,Outer,1,134.356,52.895,134.323,52.259
210.600,stable,4,Outer,2,143.244,52.895,143.204,51.883
210.600,stable,4,Outer,3,152.133,52.895,152.085,51.507
210.600,stable,4,Outer,4,161.022,52.930,161.087,51.092
210.600,stable,4,Outer,5,169.798,53.466,169.879,51.086
210.600,stable,4,Outer,6,177.971,57.810,178.313,54.897
210.600,stable,4,Outer,7,186.431,66.673,187.245,63.283
210.600,stable,4,Outer,8,194.685,79.140,195.864,75.498
210.600,stable,4,Outer,9,202.936,94.258,204.038,90.656
210.600,stable,4,Outer,10,211.425,107.455,212.111,104.110
210.600,stable,4,Outer,11,220.269,117.444,220.554,114.440
210.600,stable,4,Outer,12,229.785,125.140,229.802,122.456
210.600,stable,4,Outer,13,239.572,129.567,239.489,127.098
210.600,stable,4,Outer,14,249.075,130.767,248.980,128.383
210.600,stable,4,Outer,15,258.526,131.041,258.432,128.638
210.600,stable,4,Outer,16,267.963,131.041,267.869,128.534
210.600,stable,4,Outer,17,277.414,130.767,277.313,128.092
210.600,stable,4,Outer,18,286.917,129.567,286.787,126.685
210.600,stable,4,Outer,19,296.703,125.140,296.468,122.035
210.600,stable,4,Outer,20,306.220,117.444,305.827,114.152
210.600,stable,4,Outer,21,315.064,107.455,314.546,104.055
210.600,stable,4,Outer,22,323.553,94.258,323.001,90.838
210.600,stable,4,Outer,23,331.804,79.140,331.369,75.786
210.600,stable,4,Outer,24,340.058,66.673,339.877,63.495
210.600,stable,4,Outer,25,348.518,57.810,348.610,54.904
210.600,stable,4,Outer,26,356.691,53.466,356.938,50.871
210.600,stable,4,Outer,27,365.467,52.930,365.724,50.643
210.600,stable,4,Outer,28,374.356,52.895,374.666,50.817
210.600,stable,4,Outer,29,383.244,52.895,383.553,50.973
210.600,stable,4,Outer,30,392.133,52.895,392.440,51.136
210.600,stable,4,Plate,1,134.356,50.431,134.323,49.795
210.600,stable,4,Plate,2,143.244,50.431,143.204,49.418
210.600,stable,4,Plate,3,152.133,50.431,152.085,49.042
210.600,stable,4,Plate,4,161.165,41.997,160.871,40.354
210.600,stable,4,Plate,5,170.169,30.733,169.840,29.062
210.600,stable,4,Plate,6,178.883,18.942,178.730,17.403
210.600,stable,4,Plate,7,187.689,10.528,187.700,9.163
210.600,stable,4,Plate,8,196.578,10.528,196.588,9.303
210.600,stable,4,Plate,9,205.467,10.528,205.476,9.406
210.600,stable,4,Plate,10,214.356,10.528,214.365,9.468
210.600,stable,4,Plate,11,223.367,12.884,223.371,11.848
210.600,stable,4,Plate,12,231.986,17.106,231.994,16.060
210.600,stable,4,Plate,13,241.018,19.893,241.034,18.823
210.600,stable,4,Plate,14,249.946,20.173,249.963,19.078
210.600,stable,4,Plate,15,258.814,20.049,258.830,18.933
210.600,stable,4,Plate,16,267.675,20.049,267.691,18.910
210.600,stable,4,Plate,17,276.542,20.173,276.559,19.007
210.600,stable,4,Plate,18,285.471,19.893,285.486,18.695
210.600,stable,4,Plate,19,294.503,17.106,294.505,15.866
210.600,stable,4,Plate,20,303.122,12.884,303.098,11.591
210.600,stable,4,Plate,21,312.133,10.528,312.090,9.160
210.600,stable,4,Plate,22,321.022,10.528,320.978,9.059
210.600,stable,4,Plate,23,329.911,10.528,329.866,8.917
210.600,stable,4,Plate,24,338.800,10.528,338.754,8.751
210.600,stable,4,Plate,25,347.606,18.942,347.722,16.993
210.600,stable,4,Plate,26,356.320,30.733,356.611,28.653
210.600,stable,4,Plate,27,365.324,41.997,365.688,39.860
210.600,stable,4,Plate,28,374.356,50.431,374.666,48.353
210.600,stable,4,Plate,29,383.244,50.431,383.553,48.509
210.600,stable,4,Plate,30,392.133,50.431,392.440,48.672
210.600,stable,4,Inner,1,187.689,12.992,187.700,11.627
210.600,stable,4,Inner,2,196.578,12.992,196.588,11.767
210.600,stable,4,Inner,3,205.467,12.992,205.476,11.871
210.600,stable,4,Inner,4,214.071,21.972,214.025,20.893
210.600,stable,4,Inner,5,222.646,34.962,222.619,33.870
210.600,stable,4,Inner,6,231.167,50.669,231.213,49.537
210.600,stable,4,Inner,7,239.966,63.790,240.078,62.614
210.600,stable,4,Inner,8,249.081,73.146,249.235,71.929
210.600,stable,4,Inner,9,258.542,77.247,258.713,75.991
210.600,stable,4,Inner,10,267.947,77.247,268.118,75.955
210.600,stable,4,Inner,11,277.408,73.146,277.567,71.826
210.600,stable,4,Inner,12,286.523,63.790,286.667,62.455
210.600,stable,4,Inner,13,295.322,50.669,295.459,49.329
210.600,stable,4,Inner,14,303.843,34.962,303.960,33.611
210.600,stable,4,Inner,15,312.418,21.972,312.485,20.587
210.600,stable,4,Inner,16,321.022,12.992,320.978,11.523
210.600,stable,4,Inner,17,329.911,12.992,329.866,11.382
210.600,stable,4,Inner,18,338.800,12.992,338.754,11.215
210.600,stable,4,Patch2,1,321.022,8.960,320.978,7.492
210.600,stable,4,Patch2,2,329.911,8.960,329.866,7.350
210.600,stable,4,Patch2,3,338.800,8.960,338.754,7.184
210.600,stable,4,Patch3,1,187.689,8.961,187.700,7.596
210.600,stable,4,Patch3,2,196.578,8.961,196.588,7.736
210.600,stable,4,Patch3,3,205.467,8.961,205.476,7.840
210.600,stable,5,Outer,1,139.231,50.583,138.989,49.373
210.600,stable,5,Outer,2,147.240,50.583,146.989,48.986
210.600,stable,5,Outer,3,155.250,50.583,154.989,48.601
210.600,stable,5,Outer,4,163.259,50.590,163.130,48.130
210.600,stable,5,Outer,5,171.156,51.029,171.036,48.003
210.600,stable,5,Outer,6,178.442,54.693,178.556,51.157
210.600,stable,5,Outer,7,185.991,62.770,186.495,58.849
210.600,stable,5,Outer,8,193.391,74.459,194.094,70.407
210.600,stable,5,Outer,9,200.785,88.877,201.282,84.928
210.600,stable,5,Outer,10,208.546,101.631,208.684,97.892
210.600,stable,5,Outer,11,216.606,111.225,216.520,107.667
210.600,stable,5,Outer,12,225.335,118.356,225.186,114.872
210.600,stable,5,Outer,13,234.192,122.123,234.066,118.579
210.600,stable,5,Outer,14,242.699,123.045,242.585,119.369
210.600,stable,5,Outer,15,251.146,123.226,251.032,119.410
210.600,stable,5,Outer,16,259.593,123.226,259.475,119.309
210.600,stable,5,Outer,17,268.040,123.045,267.919,119.079
210.600,stable,5,Outer,18,276.547,122.123,276.422,118.139
210.600,stable,5,Outer,19,285.404,118.356,285.267,114.351
210.600,stable,5,Outer,20,294.133,111.225,293.956,107.176
210.600,stable,5,Outer,21,302.192,101.631,301.954,97.534
210.600,stable,5,Outer,22,309.953,88.877,309.655,84.747
210.600,stable,5,Outer,23,317.348,74.459,317.080,70.346
210.600,stable,5,Outer,24,324.748,62.770,324.697,58.801
210.600,stable,5,Outer,25,332.297,54.693,332.543,51.016
210.600,stable,5,Outer,26,339.583,51.029,340.003,47.727
210.600,stable,5,Outer,27,347.480,50.590,347.910,47.691
210.600,stable,5,Outer,28,355.489,50.583,356.003,47.982
210.600,stable,5,Outer,29,363.499,50.583,364.010,48.200
210.600,stable,5,Outer,30,371.508,50.583,372.016,48.421
210.600,stable,5,Plate,1,139.231,48.119,138.989,46.908
210.600,stable,5,Plate,2,147.240,48.119,146.989,46.521
210.600,stable,5,Plate,3,155.250,48.119,154.989,46.136
210.600,stable,5,Plate,4,163.353,40.122,162.863,37.916
210.600,stable,5,Plate,5,171.459,29.444,171.014,27.274
210.600,stable,5,Plate,6,179.280,18.227,179.086,16.237
210.600,stable,5,Plate,7,187.288,10.680,187.281,8.894
210.600,stable,5,Plate,8,195.298,10.680,195.289,9.054
210.600,stable,5,Plate,9,203.307,10.680,203.298,9.172
210.600,stable,5,Plate,10,211.317,10.680,211.308,9.236
210.600,stable,5,Plate,11,219.406,12.553,219.396,11.115
210.600,stable,5,Plate,12,227.186,16.545,227.192,15.076
210.600,stable,5,Plate,13,235.334,18.997,235.354,17.484
210.600,stable,5,Plate,14,243.388,18.963,243.408,17.413
210.600,stable,5,Plate,15,251.376,18.674,251.396,17.098
210.600,stable,5,Plate,16,259.363,18.674,259.383,17.079
210.600,stable,5,Plate,17,267.351,18.963,267.372,17.353
210.600,stable,5,Plate,18,275.405,18.997,275.427,17.380
210.600,stable,5,Plate,19,283.553,16.545,283.574,14.925
210.600,stable,5,Plate,20,291.333,12.553,291.346,10.916
210.600,stable,5,Plate,21,299.422,10.680,299.422,8.985
210.600,stable,5,Plate,22,307.432,10.680,307.432,8.875
210.600,stable,5,Plate,23,315.441,10.680,315.440,8.711
210.600,stable,5,Plate,24,323.451,10.680,323.447,8.511
210.600,stable,5,Plate,25,331.459,18.227,331.664,15.831
210.600,stable,5,Plate,26,339.280,29.444,339.758,26.852
210.600,stable,5,Plate,27,347.386,40.122,347.986,37.435
210.600,stable,5,Plate,28,355.489,48.119,356.003,45.518
210.600,stable,5,Plate,29,363.499,48.119,364.010,45.735
210.600,stable,5,Plate,30,371.508,48.119,372.016,45.956
210.600,stable,5,Inner,1,187.288,13.144,187.281,11.358
210.600,stable,5,Inner,2,195.298,13.144,195.289,11.518
210.600,stable,5,Inner,3,203.307,13.144,203.298,11.637
210.600,stable,5,Inner,4,211.019,20.775,210.933,19.327
210.600,stable,5,Inner,5,218.700,32.823,218.613,31.375
210.600,stable,5,Inner,6,226.287,47.873,226.280,46.385
210.600,stable,5,Inner,7,234.161,60.570,234.247,59.024
210.600,stable,5,Inner,8,242.456,69.396,242.601,67.794
210.600,stable,5,Inner,9,251.070,73.216,251.235,71.568
210.600,stable,5,Inner,10,259.669,73.216,259.834,71.537
210.600,stable,5,Inner,11,268.283,69.396,268.444,67.707
210.600,stable,5,Inner,12,276.577,60.570,276.746,58.888
210.600,stable,5,Inner,13,284.452,47.873,284.645,46.206
210.600,stable,5,Inner,14,292.039,32.823,292.232,31.156
210.600,stable,5,Inner,15,299.720,20.775,299.852,19.070
210.600,stable,5,Inner,16,307.432,13.144,307.432,11.339
210.600,stable,5,Inner,17,315.441,13.144,315.440,11.175
210.600,stable,5,Inner,18,323.451,13.144,323.447,10.976
210.600,stable,5,Patch2,1,307.432,9.113,307.432,7.308
210.600,stable,5,Patch2,2,315.441,9.113,315.440,7.144
210.600,stable,5,Patch2,3,323.451,9.113,323.447,6.944
210.600,stable,5,Patch3,1,187.288,9.113,187.281,7.327
210.600,stable,5,Patch3,2,195.298,9.113,195.289,7.487
210.600,stable,5,Patch3,3,203.307,9.113,203.298,7.606
210.600,stable,5,Patch4,1,203.773,86.983,203.663,77.450
210.600,stable,5,Patch4,2,211.281,96.878,211.201,87.321
210.600,stable,5,Patch4,3,218.935,105.036,218.879,95.454
210.600,stable,5,Patch4,4,226.845,111.238,226.808,101.631
210.600,stable,5,Patch4,5,235.042,114.695,235.014,105.063
210.600,stable,5,Patch4,6,243.299,115.481,243.275,105.824
210.600,stable,5,Patch4,7,251.419,115.459,251.394,105.777
210.600,stable,5,Patch4,8,259.320,115.459,259.295,105.753
210.600,stable,5,Patch4,9,267.439,115.481,267.414,105.751
210.600,stable,5,Patch4,10,275.697,114.695,275.670,104.940
210.600,stable,5,Patch4,11,283.893,111.238,283.855,101.459
210.600,stable,5,Patch4,12,291.804,105.036,291.747,95.233
210.600,stable,5,Patch4,13,299.458,96.878,299.376,87.054
210.600,stable,5,Patch4,14,306.966,86.983,306.854,77.138
210.600,stable,6,Outer,1,140.800,48.303,140.366,46.564
210.600,stable,6,Outer,2,148.386,48.303,147.942,46.183
210.600,stable,6,Outer,3,155.972,48.303,155.519,45.804
210.600,stable,6,Outer,4,163.559,48.311,163.245,45.328
210.600,stable,6,Outer,5,171.044,48.759,170.742,45.202
210.600,stable,6,Outer,6,177.980,52.470,177.922,48.412
210.600,stable,6,Outer,7,185.111,60.492,185.409,56.101
210.600,stable,6,Outer,8,192.148,71.869,192.524,67.427
210.600,stable,6,Outer,9,199.159,85.612,199.222,81.321
210.600,stable,6,Outer,10,206.533,97.629,206.291,93.515
210.600,stable,6,Outer,11,214.282,106.732,213.967,102.675
210.600,stable,6,Outer,12,222.564,113.316,222.344,109.129
210.600,stable,6,Outer,13,230.837,116.566,230.717,112.102
210.600,stable,6,Outer,14,238.842,117.305,238.741,112.535
210.600,stable,6,Outer,15,246.809,117.432,246.705,112.432
210.600,stable,6,Outer,16,254.791,117.432,254.682,112.347
210.600,stable,6,Outer,17,262.758,117.305,262.647,112.288
210.600,stable,6,Outer,18,270.763,116.566,270.662,111.715
210.600,stable,6,Outer,19,279.036,113.316,278.996,108.637
210.600,stable,6,Outer,20,287.318,106.732,287.344,102.145
210.600,stable,6,Outer,21,295.067,97.629,295.070,93.029
210.600,stable,6,Outer,22,302.441,85.612,302.312,80.938
210.600,stable,6,Outer,23,309.452,71.869,309.225,67.150
210.600,stable,6,Outer,24,316.489,60.492,316.432,55.882
210.600,stable,6,Outer,25,323.620,52.470,323.903,48.179
210.600,stable,6,Outer,26,330.556,48.759,331.054,44.905
210.600,stable,6,Outer,27,338.041,48.311,338.551,44.937
210.600,stable,6,Outer,28,345.628,48.303,346.250,45.310
210.600,stable,6,Outer,29,353.214,48.303,353.831,45.595
210.600,stable,6,Outer,30,360.800,48.303,361.411,45.880
210.600,stable,6,Plate,1,140.800,45.839,140.366,44.099
210.600,stable,6,Plate,2,148.386,45.839,147.942,43.719
210.600,stable,6,Plate,3,155.972,45.839,155.519,43.340
210.600,stable,6,Plate,4,163.654,38.045,162.998,35.355
210.600,stable,6,Plate,5,171.343,27.651,170.806,25.052
210.600,stable,6,Plate,6,178.725,17.265,178.500,14.896
210.600,stable,6,Plate,7,186.317,10.369,186.299,8.234
210.600,stable,6,Plate,8,193.903,10.369,193.883,8.408
210.600,stable,6,Plate,9,201.490,10.369,201.469,8.536
210.600,stable,6,Plate,10,209.076,10.369,209.055,8.603
210.600,stable,6,Plate,11,216.709,12.191,216.688,10.427
210.600,stable,6,Plate,12,224.137,15.878,224.138,14.071
210.600,stable,6,Plate,13,231.834,18.101,231.852,16.239
210.600,stable,6,Plate,14,239.448,17.973,239.465,16.069
210.600,stable,6,Plate,15,247.013,17.623,247.030,15.689
210.600,stable,6,Plate,16,254.587,17.623,254.604,15.670
210.600,stable,6,Plate,17,262.152,17.973,262.170,16.010
210.600,stable,6,Plate,18,269.766,18.101,269.784,16.141
210.600,stable,6,Plate,19,277.463,15.878,277.487,13.933
210.600,stable,6,Plate,20,284.891,12.191,284.917,10.249
210.600,stable,6,Plate,21,292.524,10.369,292.540,8.382
210.600,stable,6,Plate,22,300.110,10.369,300.126,8.273
210.600,stable,6,Plate,23,307.697,10.369,307.711,8.106
210.600,stable,6,Plate,24,315.283,10.369,315.294,7.895
210.600,stable,6,Plate,25,322.875,17.265,323.119,14.528
210.600,stable,6,Plate,26,330.257,27.651,330.841,24.663
210.600,stable,6,Plate,27,337.946,38.045,338.695,34.931
210.600,stable,6,Plate,28,345.628,45.839,346.250,42.846
210.600,stable,6,Plate,29,353.214,45.839,353.831,43.130
210.600,stable,6,Plate,30,360.800,45.839,361.411,43.416
210.600,stable,6,Inner,1,186.317,12.833,186.299,10.698
210.600,stable,6,Inner,2,193.903,12.833,193.883,10.872
210.600,stable,6,Inner,3,201.490,12.833,201.469,11.000
210.600,stable,6,Inner,4,208.823,20.472,208.714,18.703
210.600,stable,6,Inner,5,216.119,32.216,216.005,30.451
210.600,stable,6,Inner,6,223.263,46.799,223.234,44.993
210.600,stable,6,Inner,7,230.709,59.201,230.780,57.333
210.600,stable,6,Inner,8,238.590,67.321,238.722,65.395
210.600,stable,6,Inner,9,246.762,70.662,246.911,68.692
210.600,stable,6,Inner,10,254.838,70.662,254.988,68.666
210.600,stable,6,Inner,11,263.010,67.321,263.157,65.319
210.600,stable,6,Inner,12,270.891,59.201,271.054,57.213
210.600,stable,6,Inner,13,278.337,46.799,278.539,44.835
210.600,stable,6,Inner,14,285.481,32.216,285.699,30.260
210.600,stable,6,Inner,15,292.777,20.472,292.934,18.478
210.600,stable,6,Inner,16,300.110,12.833,300.126,10.737
210.600,stable,6,Inner,17,307.697,12.833,307.711,10.570
210.600,stable,6,Inner,18,315.283,12.833,315.294,10.359
210.600,stable,6,Patch2,1,300.110,8.802,300.126,6.706
210.600,stable,6,Patch2,2,307.697,8.802,307.711,6.539
210.600,stable,6,Patch2,3,315.283,8.802,315.294,6.328
210.600,stable,6,Patch3,1,186.317,8.802,186.299,6.667
210.600,stable,6,Patch3,2,193.903,8.802,193.883,6.842
210.600,stable,6,Patch3,3,201.490,8.802,201.469,6.970
210.600,stable,6,Patch4,1,202.050,83.389,201.948,75.044
210.600,stable,6,Patch4,2,209.220,93.060,209.146,84.693
210.600,stable,6,Patch4,3,216.438,100.364,216.385,91.976
210.600,stable,6,Patch4,4,223.835,105.993,223.798,97.582
210.600,stable,6,Patch4,5,231.519,109.222,231.491,100.788
210.600,stable,6,Patch4,6,239.300,109.861,239.275,101.403
210.600,stable,6,Patch4,7,247.033,109.923,247.008,101.443
210.600,stable,6,Patch4,8,254.567,109.923,254.541,101.420
210.600,stable,6,Patch4,9,262.300,109.861,262.274,101.335
210.600,stable,6,Patch4,10,270.081,109.222,270.053,100.673
210.600,stable,6,Patch4,11,277.765,105.993,277.728,97.421
210.600,stable,6,Patch4,12,285.162,100.364,285.107,91.771
210.600,stable,6,Patch4,13,292.380,93.060,292.303,84.447
210.600,stable,6,Patch4,14,299.550,83.389,299.444,74.755
210.600,stable,7,Outer,1,140.800,45.954,140.237,43.835
210.600,stable,7,Outer,2,148.179,45.954,147.607,43.465
210.600,stable,7,Outer,3,155.559,45.954,154.977,43.097
210.600,stable,7,Outer,4,162.938,45.996,162.500,42.662
210.600,stable,7,Outer,5,170.236,46.502,169.815,42.596
210.600,stable,7,Outer,6,177.078,50.601,176.934,46.189
210.600,stable,7,Outer,7,184.022,58.912,184.247,54.172
210.600,stable,7,Outer,8,190.935,70.418,191.231,65.631
210.600,stable,7,Outer,9,197.805,83.736,197.823,79.085
210.600,stable,7,Outer,10,204.911,95.040,204.703,90.523
210.600,stable,7,Outer,11,212.547,103.832,212.312,99.334
210.600,stable,7,Outer,12,220.586,109.847,220.442,105.220
210.600,stable,7,Outer,13,228.504,112.543,228.430,107.697
210.600,stable,7,Outer,14,236.231,113.073,236.166,107.999
210.600,stable,7,Outer,15,243.939,113.130,243.872,107.888
210.600,stable,7,Outer,16,251.661,113.130,251.592,107.822
210.600,stable,7,Outer,17,259.369,113.073,259.298,107.807
210.600,stable,7,Outer,18,267.096,112.543,267.029,107.391
210.600,stable,7,Outer,19,275.014,109.847,274.988,104.821
210.600,stable,7,Outer,20,283.053,103.832,283.078,98.881
210.600,stable,7,Outer,21,290.689,95.040,290.688,90.070
210.600,stable,7,Outer,22,297.795,83.736,297.647,78.680
210.600,stable,7,Outer,23,304.665,70.418,304.370,65.292
210.600,stable,7,Outer,24,311.578,58.912,311.434,53.882
210.600,stable,7,Outer,25,318.522,50.601,318.759,45.910
210.600,stable,7,Outer,26,325.364,46.502,325.868,42.297
210.600,stable,7,Outer,27,332.662,45.996,333.183,42.323
210.600,stable,7,Outer,28,340.041,45.954,340.693,42.710
210.600,stable,7,Outer,29,347.421,45.954,348.065,43.033
210.600,stable,7,Outer,30,354.800,45.954,355.437,43.357
210.600,stable,7,Plate,1,140.800,43.490,140.237,41.371
210.600,stable,7,Plate,2,148.179,43.490,147.607,41.001
210.600,stable,7,Plate,3,155.559,43.490,154.977,40.633
210.600,stable,7,Plate,4,163.078,35.864,162.330,32.850
210.600,stable,7,Plate,5,170.565,25.613,169.998,22.734
210.600,stable,7,Plate,6,177.726,16.091,177.489,13.471
210.600,stable,7,Plate,7,185.076,9.485,185.056,7.114
210.600,stable,7,Plate,8,192.455,9.485,192.433,7.300
210.600,stable,7,Plate,9,199.834,9.485,199.812,7.435
210.600,stable,7,Plate,10,207.214,9.485,207.191,7.506
210.600,stable,7,Plate,11,214.614,11.430,214.590,9.458
210.600,stable,7,Plate,12,221.917,14.890,221.911,12.880
210.600,stable,7,Plate,13,229.396,16.811,229.403,14.753
210.600,stable,7,Plate,14,236.774,16.676,236.781,14.582
210.600,stable,7,Plate,15,244.121,16.365,244.128,14.246
210.600,stable,7,Plate,16,251.479,16.365,251.487,14.228
210.600,stable,7,Plate,17,258.826,16.676,258.835,14.527
210.600,stable,7,Plate,18,266.204,16.811,266.214,14.660
210.600,stable,7,Plate,19,273.683,14.890,273.696,12.748
210.600,stable,7,Plate,20,280.986,11.430,280.999,9.287
210.600,stable,7,Plate,21,288.386,9.485,288.389,7.298
210.600,stable,7,Plate,22,295.766,9.485,295.767,7.193
210.600,stable,7,Plate,23,303.145,9.485,303.145,7.026
210.600,stable,7,Plate,24,310.524,9.485,310.521,6.810
210.600,stable,7,Plate,25,317.874,16.091,318.108,13.144
210.600,stable,7,Plate,26,325.035,25.613,325.618,22.392
210.600,stable,7,Plate,27,332.522,35.864,333.307,32.492
210.600,stable,7,Plate,28,340.041,43.490,340.693,40.245
210.600,stable,7,Plate,29,347.421,43.490,348.065,40.569
210.600,stable,7,Plate,30,354.800,43.490,355.437,40.893
210.600,stable,7,Inner,1,185.076,11.949,185.056,9.579
210.600,stable,7,Inner,2,192.455,11.949,192.433,9.764
210.600,stable,7,Inner,3,199.834,11.949,199.812,9.899
210.600,stable,7,Inner,4,207.020,20.143,206.897,18.160
210.600,stable,7,Inner,5,214.142,31.992,214.014,30.013
210.600,stable,7,Inner,6,221.068,46.395,221.027,44.374
210.600,stable,7,Inner,7,228.320,58.606,228.381,56.524
210.600,stable,7,Inner,8,235.982,66.306,236.099,64.167
210.600,stable,7,Inner,9,243.897,69.252,244.030,67.073
210.600,stable,7,Inner,10,251.703,69.252,251.836,67.051
210.600,stable,7,Inner,11,259.618,66.306,259.749,64.100
210.600,stable,7,Inner,12,267.280,58.606,267.426,56.415
210.600,stable,7,Inner,13,274.532,46.395,274.718,44.227
210.600,stable,7,Inner,14,281.458,31.992,281.664,29.833
210.600,stable,7,Inner,15,288.580,20.143,288.729,17.950
210.600,stable,7,Inner,16,295.766,11.949,295.767,9.657
210.600,stable,7,Inner,17,303.145,11.949,303.145,9.490
210.600,stable,7,Inner,18,310.524,11.949,310.521,9.275
210.600,stable,7,Patch2,1,295.766,7.918,295.767,5.626
210.600,stable,7,Patch2,2,303.145,7.918,303.145,5.459
210.600,stable,7,Patch2,3,310.524,7.918,310.521,5.243
210.600,stable,7,Patch3,1,185.076,7.918,185.056,5.548
210.600,stable,7,Patch3,2,192.455,7.918,192.433,5.733
210.600,stable,7,Patch3,3,199.834,7.918,199.812,5.868
210.600,stable,7,Patch4,1,200.260,80.432,200.170,73.274
210.600,stable,7,Patch4,2,207.475,90.411,207.411,83.232
210.600,stable,7,Patch4,3,214.410,97.757,214.366,90.558
210.600,stable,7,Patch4,4,221.802,103.415,221.773,96.195
210.600,stable,7,Patch4,5,229.250,105.988,229.229,98.747
210.600,stable,7,Patch4,6,236.611,106.205,236.590,98.944
210.600,stable,7,Patch4,7,244.056,106.186,244.035,98.903
210.600,stable,7,Patch4,8,251.544,106.186,251.523,98.881
210.600,stable,7,Patch4,9,258.989,106.205,258.969,98.879
210.600,stable,7,Patch4,10,266.350,105.988,266.329,98.640
210.600,stable,7,Patch4,11,273.798,103.415,273.769,96.045
210.600,stable,7,Patch4,12,281.190,97.757,281.144,90.365
210.600,stable,7,Patch4,13,288.125,90.411,288.057,82.999
210.600,stable,7,Patch4,14,295.340,80.432,295.240,73.000
210.600,stable,8,Outer,1,140.800,43.924,140.216,41.654
210.600,stable,8,Outer,2,147.972,43.924,147.379,41.307
210.600,stable,8,Outer,3,155.145,43.924,154.543,40.959
210.600,stable,8,Outer,4,162.317,43.927,161.856,40.504
210.600,stable,8,Outer,5,169.423,44.390,168.975,40.407
210.600,stable,8,Outer,6,176.142,48.169,175.955,43.675
210.600,stable,8,Outer,7,182.888,56.052,183.085,51.208
210.600,stable,8,Outer,8,189.649,67.202,189.980,62.272
210.600,stable,8,Outer,9,196.363,79.659,196.475,74.838
210.600,stable,8,Outer,10,203.218,90.051,203.097,85.374
210.600,stable,8,Outer,11,210.667,98.241,210.486,93.613
210.600,stable,8,Outer,12,218.441,103.675,218.331,98.935
210.600,stable,8,Outer,13,226.079,105.997,226.030,101.031
210.600,stable,8,Outer,14,233.571,106.418,233.529,101.208
210.600,stable,8,Outer,15,241.055,106.449,241.008,101.063
210.600,stable,8,Outer,16,248.545,106.449,248.496,101.009
210.600,stable,8,Outer,17,256.029,106.418,255.976,101.049
210.600,stable,8,Outer,18,263.521,105.997,263.473,100.777
210.600,stable,8,Outer,19,271.159,103.675,271.150,98.601
210.600,stable,8,Outer,20,278.933,98.241,278.959,93.226
210.600,stable,8,Outer,21,286.382,90.051,286.338,84.978
210.600,stable,8,Outer,22,293.237,79.659,293.005,74.471
210.600,stable,8,Outer,23,299.951,67.202,299.581,61.947
210.600,stable,8,Outer,24,306.712,56.052,306.525,50.913
210.600,stable,8,Outer,25,313.458,48.169,313.664,43.388
210.600,stable,8,Outer,26,320.177,44.390,320.641,40.116
210.600,stable,8,Outer,27,327.283,43.927,327.760,40.203
210.600,stable,8,Outer,28,334.455,43.924,335.070,40.645
210.600,stable,8,Outer,29,341.628,43.924,342.234,40.978
210.600,stable,8,Outer,30,348.800,43.924,349.399,41.310
210.600,stable,8,Plate,1,140.800,41.459,140.216,39.190
210.600,stable,8,Plate,2,147.972,41.459,147.379,38.842
210.600,stable,8,Plate,3,155.145,41.459,154.543,38.495
210.600,stable,8,Plate,4,162.466,34.336,161.721,31.230
210.600,stable,8,Plate,5,169.751,24.669,169.190,21.706
210.600,stable,8,Plate,6,176.701,15.891,176.460,13.193
210.600,stable,8,Plate,7,183.834,9.845,183.802,7.401
210.600,stable,8,Plate,8,191.007,9.845,190.973,7.587
210.600,stable,8,Plate,9,198.179,9.845,198.144,7.722
210.600,stable,8,Plate,10,205.352,9.845,205.317,7.790
210.600,stable,8,Plate,11,212.526,11.670,212.492,9.614
210.600,stable,8,Plate,12,219.660,14.743,219.647,12.642
210.600,stable,8,Plate,13,226.927,16.409,226.927,14.254
210.600,stable,8,Plate,14,234.092,16.240,234.092,14.046
210.600,stable,8,Plate,15,241.226,15.949,241.226,13.729
210.600,stable,8,Plate,16,248.374,15.949,248.374,13.712
210.600,stable,8,Plate,17,255.508,16.240,255.509,13.995
210.600,stable,8,Plate,18,262.673,16.409,262.676,14.169
210.600,stable,8,Plate,19,269.940,14.743,269.947,12.522
210.600,stable,8,Plate,20,277.074,11.670,277.087,9.459
210.600,stable,8,Plate,21,284.248,9.845,284.254,7.602
210.600,stable,8,Plate,22,291.421,9.845,291.426,7.504
210.600,stable,8,Plate,23,298.593,9.845,298.597,7.342
210.600,stable,8,Plate,24,305.766,9.845,305.767,7.131
210.600,stable,8,Plate,25,312.899,15.891,313.124,12.904
210.600,stable,8,Plate,26,319.849,24.669,320.405,21.408
210.600,stable,8,Plate,27,327.134,34.336,327.882,30.926
210.600,stable,8,Plate,28,334.455,41.459,335.070,38.181
210.600,stable,8,Plate,29,341.628,41.459,342.234,38.513
210.600,stable,8,Plate,30,348.800,41.459,349.399,38.846
210.600,stable,8,Inner,1,183.834,12.309,183.802,9.865
210.600,stable,8,Inner,2,191.007,12.309,190.973,10.051
210.600,stable,8,Inner,3,198.179,12.309,198.144,10.186
210.600,stable,8,Inner,4,205.206,19.990,205.073,17.935
210.600,stable,8,Inner,5,212.126,31.298,211.988,29.247
210.600,stable,8,Inner,6,218.877,44.909,218.823,42.816
210.600,stable,8,Inner,7,225.964,56.366,226.007,54.212
210.600,stable,8,Inner,8,233.390,63.530,233.486,61.322
210.600,stable,8,Inner,9,241.025,66.240,241.134,63.993
210.600,stable,8,Inner,10,248.575,66.240,248.685,63.972
210.600,stable,8,Inner,11,256.210,63.530,256.319,61.260
210.600,stable,8,Inner,12,263.636,56.366,263.761,54.113
210.600,stable,8,Inner,13,270.723,44.909,270.891,42.682
210.600,stable,8,Inner,14,277.474,31.298,277.667,29.084
210.600,stable,8,Inner,15,284.394,19.990,284.536,17.744
210.600,stable,8,Inner,16,291.421,12.309,291.426,9.969
210.600,stable,8,Inner,17,298.593,12.309,298.597,9.807
210.600,stable,8,Inner,18,305.766,12.309,305.767,9.595
210.600,stable,8,Patch2,1,291.421,8.278,291.426,5.937
210.600,stable,8,Patch2,2,298.593,8.278,298.597,5.775
210.600,stable,8,Patch2,3,305.766,8.278,305.767,5.564
210.600,stable,8,Patch3,1,183.834,8.278,183.802,5.834
210.600,stable,8,Patch3,2,191.007,8.278,190.973,6.020
210.600,stable,8,Patch3,3,198.179,8.278,198.144,6.155
210.600,stable,8,Patch4,1,198.827,77.188,198.756,71.207
210.600,stable,8,Patch4,2,205.781,86.254,205.729,80.258
210.600,stable,8,Patch4,3,212.610,93.074,212.573,87.062
210.600,stable,8,Patch4,4,219.744,97.831,219.717,91.803
210.600,stable,8,Patch4,5,226.949,100.113,226.927,94.067
210.600,stable,8,Patch4,6,234.088,100.289,234.067,94.226
210.600,stable,8,Patch4,7,241.256,100.235,241.235,94.152
210.600,stable,8,Patch4,8,248.344,100.235,248.322,94.132
210.600,stable,8,Patch4,9,255.512,100.289,255.490,94.166
210.600,stable,8,Patch4,10,262.651,100.113,262.628,93.968
210.600,stable,8,Patch4,11,269.856,97.831,269.827,91.664
210.600,stable,8,Patch4,12,276.989,93.074,276.944,86.883
210.600,stable,8,Patch4,13,283.819,86.254,283.750,80.042
210.600,stable,8,Patch4,14,290.773,77.188,290.674,70.953
210.600,stable,9,Outer,1,140.800,41.821,140.269,39.600
210.600,stable,9,Outer,2,147.766,41.821,147.227,39.293
210.600,stable,9,Outer,3,154.731,41.821,154.185,38.985
210.600,stable,9,Outer,4,161.697,41.822,161.283,38.571
210.600,stable,9,Outer,5,168.609,42.268,168.209,38.497
210.600,stable,9,Outer,6,175.208,45.875,175.051,41.613
210.600,stable,9,Outer,7,181.788,53.270,182.009,48.650
210.600,stable,9,Outer,8,188.390,63.898,188.794,59.159
210.600,stable,9,Outer,9,194.949,75.960,195.175,71.310
210.600,stable,9,Outer,10,201.645,85.927,201.639,81.424
210.600,stable,9,Outer,11,208.805,93.528,208.711,89.099
210.600,stable,9,Outer,12,216.285,98.376,216.227,93.884
210.600,stable,9,Outer,13,223.660,100.324,223.642,95.662
210.600,stable,9,Outer,14,230.917,100.656,230.903,95.800
210.600,stable,9,Outer,15,238.170,100.670,238.151,95.672
210.600,stable,9,Outer,16,245.430,100.670,245.408,95.631
210.600,stable,9,Outer,17,252.682,100.656,252.657,95.681
210.600,stable,9,Outer,18,259.940,100.324,259.917,95.472
210.600,stable,9,Outer,19,267.315,98.376,267.316,93.632
210.600,stable,9,Outer,20,274.795,93.528,274.807,88.807
210.600,stable,9,Outer,21,281.955,85.927,281.868,81.121
210.600,stable,9,Outer,22,288.651,75.960,288.354,71.022
210.600,stable,9,Outer,23,295.210,63.898,294.780,58.893
210.600,stable,9,Outer,24,301.812,53.270,301.583,48.397
210.600,stable,9,Outer,25,308.392,45.875,308.538,41.357
210.600,stable,9,Outer,26,314.991,42.268,315.379,38.237
210.600,stable,9,Outer,27,321.903,41.822,322.305,38.308
210.600,stable,9,Outer,28,328.869,41.821,329.403,38.722
210.600,stable,9,Outer,29,335.834,41.821,336.361,39.028
210.600,stable,9,Outer,30,342.800,41.821,343.320,39.333
210.600,stable,9,Plate,1,140.800,39.357,140.269,37.136
210.600,stable,9,Plate,2,147.766,39.357,147.227,36.829
210.600,stable,9,Plate,3,154.731,39.357,154.185,36.520
210.600,stable,9,Plate,4,161.847,32.291,161.176,29.333
210.600,stable,9,Plate,5,168.904,22.942,168.412,20.124
210.600,stable,9,Plate,6,175.659,14.820,175.455,12.250
210.600,stable,9,Plate,7,182.593,9.592,182.564,7.263
210.600,stable,9,Plate,8,189.559,9.592,189.528,7.443
210.600,stable,9,Plate,9,196.524,9.592,196.493,7.573
210.600,stable,9,Plate,10,203.490,9.592,203.459,7.632
210.600,stable,9,Plate,11,210.433,11.441,210.404,9.479
210.600,stable,9,Plate,12,217.390,14.434,217.376,12.439
210.600,stable,9,Plate,13,224.447,15.934,224.442,13.897
210.600,stable,9,Plate,14,231.405,15.764,231.399,13.695
210.600,stable,9,Plate,15,238.329,15.482,238.322,13.389
210.600,stable,9,Plate,16,245.271,15.482,245.266,13.374
210.600,stable,9,Plate,17,252.195,15.764,252.190,13.649
210.600,stable,9,Plate,18,259.153,15.934,259.148,13.821
210.600,stable,9,Plate,19,266.210,14.434,266.208,12.331
210.600,stable,9,Plate,20,273.167,11.441,273.167,9.342
210.600,stable,9,Plate,21,280.110,9.592,280.105,7.467
210.600,stable,9,Plate,22,287.076,9.592,287.070,7.384
210.600,stable,9,Plate,23,294.041,9.592,294.035,7.231
210.600,stable,9,Plate,24,301.007,9.592,300.997,7.031
210.600,stable,9,Plate,25,307.941,14.820,308.117,12.003
210.600,stable,9,Plate,26,314.696,22.942,315.169,19.868
210.600,stable,9,Plate,27,321.753,32.291,322.410,29.073
210.600,stable,9,Plate,28,328.869,39.357,329.403,36.258
210.600,stable,9,Plate,29,335.834,39.357,336.361,36.564
210.600,stable,9,Plate,30,342.800,39.357,343.320,36.868
210.600,stable,9,Inner,1,182.593,12.056,182.564,9.727
210.600,stable,9,Inner,2,189.559,12.056,189.528,9.907
210.600,stable,9,Inner,3,196.524,12.056,196.493,10.037
210.600,stable,9,Inner,4,203.397,19.511,203.272,17.557
210.600,stable,9,Inner,5,210.133,30.518,210.003,28.569
210.600,stable,9,Inner,6,216.714,43.686,216.659,41.699
210.600,stable,9,Inner,7,223.599,54.542,223.631,52.501
210.600,stable,9,Inner,8,230.777,61.083,230.853,58.992
210.600,stable,9,Inner,9,238.147,63.531,238.234,61.406
210.600,stable,9,Inner,10,245.453,63.531,245.540,61.388
210.600,stable,9,Inner,11,252.823,61.083,252.910,58.938
210.600,stable,9,Inner,12,260.001,54.542,260.102,52.413
210.600,stable,9,Inner,13,266.886,43.686,267.027,41.582
210.600,stable,9,Inner,14,273.467,30.518,273.633,28.426
210.600,stable,9,Inner,15,280.203,19.511,280.324,17.390
210.600,stable,9,Inner,16,287.076,12.056,287.070,9.848
210.600,stable,9,Inner,17,294.041,12.056,294.035,9.696
210.600,stable,9,Inner,18,301.007,12.056,300.997,9.495
210.600,stable,9,Patch1,1,203.490,13.073,203.459,11.113
210.600,stable,9,Patch1,2,209.589,14.803,209.564,12.836
210.600,stable,9,Patch1,3,217.450,17.933,217.443,15.922
210.600,stable,9,Patch1,4,224.512,19.326,224.513,17.273
210.600,stable,9,Patch1,5,231.408,19.187,231.409,17.101
210.600,stable,9,Patch1,6,238.331,18.882,238.331,16.772
210.600,stable,9,Patch1,7,245.269,18.882,245.270,16.757
210.600,stable,9,Patch1,8,252.192,19.187,252.193,17.054
210.600,stable,9,Patch1,9,259.088,19.326,259.090,17.196
210.600,stable,9,Patch1,10,266.150,17.933,266.154,15.814
210.600,stable,9,Patch1,11,274.011,14.803,274.020,12.695
210.600,stable,9,Patch1,12,280.110,13.073,280.105,10.948
210.600,stable,9,Patch2,1,287.076,8.025,287.070,5.817
210.600,stable,9,Patch2,2,294.041,8.025,294.035,5.664
210.600,stable,9,Patch2,3,301.007,8.025,300.997,5.464
210.600,stable,9,Patch3,1,182.593,8.025,182.564,5.696
210.600,stable,9,Patch3,2,189.559,8.025,189.528,5.876
210.600,stable,9,Patch3,3,196.524,8.025,196.493,6.006
210.600,stable,9,Patch4,1,197.238,73.649,197.214,68.819
210.600,stable,9,Patch4,2,204.061,82.424,204.036,77.593
210.600,stable,9,Patch4,3,210.677,89.048,210.654,84.215
210.600,stable,9,Patch4,4,217.602,93.438,217.581,88.600
210.600,stable,9,Patch4,5,224.585,95.404,224.566,90.559
210.600,stable,9,Patch4,6,231.525,95.546,231.506,90.690
210.600,stable,9,Patch4,7,238.380,95.337,238.360,90.467
210.600,stable,9,Patch4,8,245.220,95.337,245.201,90.449
210.600,stable,9,Patch4,9,252.075,95.546,252.056,90.636
210.600,stable,9,Patch4,10,259.015,95.404,258.996,90.469
210.600,stable,9,Patch4,11,265.998,93.438,265.970,88.475
210.600,stable,9,Patch4,12,272.923,89.048,272.875,84.055
210.600,stable,9,Patch4,13,279.539,82.424,279.460,77.400
210.600,stable,9,Patch4,14,286.362,73.649,286.239,68.592
210.600,stable,10,Outer,1,140.800,39.668,140.351,37.657
210.600,stable,10,Outer,2,147.559,39.668,147.105,37.421
210.600,stable,10,Outer,3,154.317,39.668,153.859,37.185
210.600,stable,10,Outer,4,161.076,39.719,160.730,36.909
210.600,stable,10,Outer,5,167.791,40.129,167.458,36.897
210.600,stable,10,Outer,6,174.245,43.473,174.108,39.829
210.600,stable,10,Outer,7,180.654,50.504,180.841,46.546
210.600,stable,10,Outer,8,187.088,60.758,187.464,56.675
210.600,stable,10,Outer,9,193.474,72.697,193.736,68.669
210.600,stable,10,Outer,10,199.989,82.455,200.066,78.543
210.600,stable,10,Outer,11,206.913,89.649,206.904,85.813
210.600,stable,10,Outer,12,214.119,94.117,214.114,90.271
210.600,stable,10,Outer,13,221.244,95.761,221.254,91.836
210.600,stable,10,Outer,14,228.272,96.019,228.284,91.994
210.600,stable,10,Outer,15,235.290,96.026,235.300,91.926
210.600,stable,10,Outer,16,242.310,96.026,242.317,91.900
210.600,stable,10,Outer,17,249.328,96.019,249.333,91.919
210.600,stable,10,Outer,18,256.356,95.761,256.362,91.715
210.600,stable,10,Outer,19,263.481,94.117,263.493,90.111
210.600,stable,10,Outer,20,270.687,89.649,270.685,85.623
210.600,stable,10,Outer,21,277.611,82.455,277.511,78.341
210.600,stable,10,Outer,22,284.126,72.697,283.847,68.470
210.600,stable,10,Outer,23,290.512,60.758,290.135,56.484
210.600,stable,10,Outer,24,296.946,50.504,296.753,46.351
210.600,stable,10,Outer,25,303.355,43.473,303.474,39.623
210.600,stable,10,Outer,26,309.809,40.129,310.121,36.681
210.600,stable,10,Outer,27,316.524,39.719,316.849,36.690
210.600,stable,10,Outer,28,323.283,39.668,323.721,36.967
210.600,stable,10,Outer,29,330.041,39.668,330.475,37.201
210.600,stable,10,Outer,30,336.800,39.668,337.229,37.434
210.600,stable,10,Plate,1,140.800,37.204,140.351,35.192
210.600,stable,10,Plate,2,147.559,37.204,147.105,34.957
210.600,stable,10,Plate,3,154.317,37.204,153.859,34.720
210.600,stable,10,Plate,4,161.218,30.231,160.663,27.655
210.600,stable,10,Plate,5,168.054,21.110,167.659,18.657
210.600,stable,10,Plate,6,174.610,13.360,174.460,11.122
210.600,stable,10,Plate,7,181.352,8.626,181.346,6.599
210.600,stable,10,Plate,8,188.110,8.626,188.103,6.764
210.600,stable,10,Plate,9,194.869,8.626,194.861,6.889
210.600,stable,10,Plate,10,201.628,8.626,201.619,6.966
210.600,stable,10,Plate,11,208.345,10.370,208.328,8.742
210.600,stable,10,Plate,12,215.111,13.202,215.095,11.573
210.600,stable,10,Plate,13,221.958,14.570,221.946,12.930
210.600,stable,10,Plate,14,228.716,14.372,228.703,12.723
210.600,stable,10,Plate,15,235.433,14.065,235.421,12.406
210.600,stable,10,Plate,16,242.167,14.065,242.157,12.393
210.600,stable,10,Plate,17,248.884,14.372,248.875,12.682
210.600,stable,10,Plate,18,255.642,14.570,255.634,12.863
210.600,stable,10,Plate,19,262.489,13.202,262.479,11.480
210.600,stable,10,Plate,20,269.255,10.370,269.236,8.625
210.600,stable,10,Plate,21,275.972,8.626,275.939,6.828
210.600,stable,10,Plate,22,282.731,8.626,282.697,6.731
210.600,stable,10,Plate,23,289.490,8.626,289.454,6.589
210.600,stable,10,Plate,24,296.248,8.626,296.210,6.409
210.600,stable,10,Plate,25,302.990,13.360,303.104,10.919
210.600,stable,10,Plate,26,309.546,21.110,309.913,18.446
210.600,stable,10,Plate,27,316.382,30.231,316.915,27.439
210.600,stable,10,Plate,28,323.283,37.204,323.721,34.502
210.600,stable,10,Plate,29,330.041,37.204,330.475,34.737
210.600,stable,10,Plate,30,336.800,37.204,337.229,34.970
210.600,stable,10,Inner,1,181.352,11.090,181.346,9.063
210.600,stable,10,Inner,2,188.110,11.090,188.103,9.228
210.600,stable,10,Inner,3,194.869,11.090,194.861,9.353
210.600,stable,10,Inner,4,201.583,18.186,201.477,16.517
210.600,stable,10,Inner,5,208.099,28.933,207.979,27.273
210.600,stable,10,Inner,6,214.505,41.894,214.449,40.202
210.600,stable,10,Inner,7,221.206,52.486,221.223,50.747
210.600,stable,10,Inner,8,228.153,58.705,228.209,56.924
210.600,stable,10,Inner,9,235.268,61.015,235.333,59.204
210.600,stable,10,Inner,10,242.332,61.015,242.398,59.188
210.600,stable,10,Inner,11,249.447,58.705,249.511,56.877
210.600,stable,10,Inner,12,256.394,52.486,256.471,50.671
210.600,stable,10,Inner,13,263.095,41.894,263.206,40.101
210.600,stable,10,Inner,14,269.501,28.933,269.634,27.151
210.600,stable,10,Inner,15,276.017,18.186,276.105,16.377
210.600,stable,10,Inner,16,282.731,11.090,282.697,9.196
210.600,stable,10,Inner,17,289.490,11.090,289.454,9.054
210.600,stable,10,Inner,18,296.248,11.090,296.210,8.873
210.600,stable,10,Patch2,1,282.731,7.059,282.697,5.164
210.600,stable,10,Patch2,2,289.490,7.059,289.454,5.022
210.600,stable,10,Patch2,3,296.248,7.059,296.210,4.842
210.600,stable,10,Patch3,1,181.352,7.059,181.346,5.032
210.600,stable,10,Patch3,2,188.110,7.059,188.103,5.197
210.600,stable,10,Patch3,3,194.869,7.059,194.861,5.323
210.600,stable,10,Patch4,1,195.329,69.366,195.444,65.602
210.600,stable,10,Patch4,2,201.897,78.048,201.955,74.326
210.600,stable,10,Patch4,3,208.521,84.991,208.537,81.307
210.600,stable,10,Patch4,4,215.278,89.783,215.272,86.130
210.600,stable,10,Patch4,5,222.106,91.706,222.094,88.073
210.600,stable,10,Patch4,6,228.891,91.857,228.879,88.233
210.600,stable,10,Patch4,7,235.567,91.780,235.554,88.153
210.600,stable,10,Patch4,8,242.033,91.780,242.021,88.139
210.600,stable,10,Patch4,9,248.709,91.857,248.697,88.189
210.600,stable,10,Patch4,10,255.494,91.706,255.481,88.000
210.600,stable,10,Patch4,11,262.322,89.783,262.294,86.027
210.600,stable,10,Patch4,12,269.079,84.991,269.009,81.175
210.600,stable,10,Patch4,13,275.703,78.048,275.561,74.166
210.600,stable,10,Patch4,14,282.271,69.366,282.037,65.415
210.600,stable,11,Outer,1,140.800,37.778,140.438,36.106
210.600,stable,11,Outer,2,147.352,37.778,146.988,35.975
210.600,stable,11,Outer,3,153.903,37.778,153.538,35.843
210.600,stable,11,Outer,4,160.455,37.756,160.158,35.629
210.600,stable,11,Outer,5,166.972,38.129,166.684,35.743
210.600,stable,11,Outer,6,173.275,41.172,173.105,38.527
210.600,stable,11,Outer,7,179.510,47.531,179.536,44.684
210.600,stable,11,Outer,8,185.771,56.841,185.929,53.900
210.600,stable,11,Outer,9,191.988,67.968,192.110,65.043
210.600,stable,11,Outer,10,198.313,77.018,198.350,74.147
210.600,stable,11,Outer,11,204.978,83.598,204.979,80.759
210.600,stable,11,Outer,12,211.921,87.530,211.932,84.667
210.600,stable,11,Outer,13,218.813,88.897,218.835,85.968
210.600,stable,11,Outer,14,225.616,89.118,225.638,86.112
210.600,stable,11,Outer,15,232.405,89.133,232.425,86.073
210.600,stable,11,Outer,16,239.195,89.133,239.214,86.059
210.600,stable,11,Outer,17,245.984,89.118,246.002,86.071
210.600,stable,11,Outer,18,252.787,88.897,252.804,85.901
210.600,stable,11,Outer,19,259.679,87.530,259.703,84.576
210.600,stable,11,Outer,20,266.622,83.598,266.645,80.647
210.600,stable,11,Outer,21,273.287,77.018,273.262,74.023
210.600,stable,11,Outer,22,279.612,67.968,279.497,64.915
210.600,stable,11,Outer,23,285.829,56.841,285.678,53.771
210.600,stable,11,Outer,24,292.090,47.531,292.058,44.545
210.600,stable,11,Outer,25,298.325,41.172,298.477,38.374
210.600,stable,11,Outer,26,304.628,38.129,304.893,35.578
210.600,stable,11,Outer,27,311.145,37.756,311.420,35.460
210.600,stable,11,Outer,28,317.697,37.778,318.041,35.675
210.600,stable,11,Outer,29,324.248,37.778,324.591,35.805
210.600,stable,11,Outer,30,330.800,37.778,331.141,35.934
210.600,stable,11,Plate,1,140.800,35.313,140.438,33.642
210.600,stable,11,Plate,2,147.352,35.313,146.988,33.510
210.600,stable,11,Plate,3,153.903,35.313,153.538,33.378
210.600,stable,11,Plate,4,160.593,28.814,160.186,26.837
210.600,stable,11,Plate,5,167.202,20.300,166.923,18.426
210.600,stable,11,Plate,6,173.563,13.270,173.463,11.561
210.600,stable,11,Plate,7,180.110,9.254,180.110,7.714
210.600,stable,11,Plate,8,186.662,9.254,186.661,7.850
210.600,stable,11,Plate,9,193.214,9.254,193.212,7.955
210.600,stable,11,Plate,10,199.766,9.254,199.764,8.017
210.600,stable,11,Plate,11,206.252,10.912,206.245,9.703
210.600,stable,11,Plate,12,212.838,13.547,212.826,12.349
210.600,stable,11,Plate,13,219.480,14.725,219.468,13.529
210.600,stable,11,Plate,14,226.031,14.516,226.020,13.317
210.600,stable,11,Plate,15,232.537,14.211,232.525,13.006
210.600,stable,11,Plate,16,239.063,14.211,239.052,12.996
210.600,stable,11,Plate,17,245.569,14.516,245.558,13.286
210.600,stable,11,Plate,18,252.120,14.725,252.110,13.477
210.600,stable,11,Plate,19,258.762,13.547,258.748,12.277
210.600,stable,11,Plate,20,265.348,10.912,265.322,9.613
210.600,stable,11,Plate,21,271.834,9.254,271.798,7.910
210.600,stable,11,Plate,22,278.386,9.254,278.350,7.833
210.600,stable,11,Plate,23,284.938,9.254,284.900,7.717
210.600,stable,11,Plate,24,291.490,9.254,291.451,7.569
210.600,stable,11,Plate,25,298.037,13.270,298.103,11.407
210.600,stable,11,Plate,26,304.398,20.300,304.651,18.264
210.600,stable,11,Plate,27,311.007,28.814,311.394,26.669
210.600,stable,11,Plate,28,317.697,35.313,318.041,33.211
210.600,stable,11,Plate,29,324.248,35.313,324.591,33.341
210.600,stable,11,Plate,30,330.800,35.313,331.141,33.469
210.600,stable,11,Inner,1,180.110,11.718,180.110,10.178
210.600,stable,11,Inner,2,186.662,11.718,186.661,10.315
210.600,stable,11,Inner,3,193.214,11.718,193.212,10.420
210.600,stable,11,Inner,4,199.736,18.029,199.657,16.788
210.600,stable,11,Inner,5,206.081,28.040,205.987,26.808
210.600,stable,11,Inner,6,212.309,40.061,212.263,38.806
210.600,stable,11,Inner,7,218.819,49.723,218.826,48.431
210.600,stable,11,Inner,8,225.513,55.281,225.547,53.956
210.600,stable,11,Inner,9,232.382,57.312,232.423,55.963
210.600,stable,11,Inner,10,239.218,57.312,239.259,55.950
210.600,stable,11,Inner,11,246.087,55.281,246.128,53.916
210.600,stable,11,Inner,12,252.781,49.723,252.829,48.368
210.600,stable,11,Inner,13,259.291,40.061,259.364,38.723
210.600,stable,11,Inner,14,265.519,28.040,265.611,26.711
210.600,stable,11,Inner,15,271.864,18.029,271.921,16.678
210.600,stable,11,Inner,16,278.386,11.718,278.350,10.298
210.600,stable,11,Inner,17,284.938,11.718,284.900,10.181
210.600,stable,11,Inner,18,291.490,11.718,291.451,10.034
210.600,stable,11,Patch1,1,199.766,12.597,199.764,11.361
210.600,stable,11,Patch1,2,205.429,14.310,205.417,13.086
210.600,stable,11,Patch1,3,212.897,17.027,212.890,15.791
210.600,stable,11,Patch1,4,219.549,17.995,219.544,16.744
210.600,stable,11,Patch1,5,226.056,17.807,226.051,16.546
210.600,stable,11,Patch1,6,232.539,17.524,232.535,16.255
210.600,stable,11,Patch1,7,239.061,17.524,239.056,16.247
210.600,stable,11,Patch1,8,245.544,17.807,245.541,16.523
210.600,stable,11,Patch1,9,252.051,17.995,252.048,16.703
210.600,stable,11,Patch1,10,258.703,17.027,258.699,15.728
210.600,stable,11,Patch1,11,266.171,14.310,266.162,12.997
210.600,stable,11,Patch1,12,271.834,12.597,271.798,11.253
210.600,stable,11,Patch2,1,278.386,7.687,278.350,6.266
210.600,stable,11,Patch2,2,284.938,7.687,284.900,6.150
210.600,stable,11,Patch2,3,291.490,7.687,291.451,6.002
210.600,stable,11,Patch3,1,180.110,7.687,180.110,6.147
210.600,stable,11,Patch3,2,186.662,7.687,186.661,6.284
210.600,stable,11,Patch3,3,193.214,7.687,193.212,6.389
210.600,stable,11,Patch4,1,194.083,66.285,194.398,63.533
210.600,stable,11,Patch4,2,200.528,74.107,200.688,71.479
210.600,stable,11,Patch4,3,206.781,80.139,206.836,77.617
210.600,stable,11,Patch4,4,213.263,83.631,213.269,81.196
210.600,stable,11,Patch4,5,219.783,85.206,219.773,82.832
210.600,stable,11,Patch4,6,226.300,85.292,226.289,82.953
210.600,stable,11,Patch4,7,232.666,85.106,232.656,82.778
210.600,stable,11,Patch4,8,238.934,85.106,238.923,82.768
210.600,stable,11,Patch4,9,245.300,85.292,245.290,82.923
210.600,stable,11,Patch4,10,251.817,85.206,251.806,82.780
210.600,stable,11,Patch4,11,258.336,83.631,258.304,81.124
210.600,stable,11,Patch4,12,264.818,80.139,264.727,77.525
210.600,stable,11,Patch4,13,271.072,74.107,270.857,71.369
210.600,stable,11,Patch4,14,277.517,66.285,277.124,63.404
210.600,stable,12,Outer,1,140.800,35.764,140.549,34.577
210.600,stable,12,Outer,2,147.145,35.764,146.894,34.544
210.600,stable,12,Outer,3,153.490,35.764,153.238,34.513
210.600,stable,12,Outer,4,159.834,35.798,159.606,34.486
210.600,stable,12,Outer,5,166.153,36.172,165.930,34.762
210.600,stable,12,Outer,6,172.304,39.184,172.131,37.666
210.600,stable,12,Outer,7,178.365,45.306,178.285,43.693
210.600,stable,12,Outer,8,184.455,54.259,184.465,52.582
210.600,stable,12,Outer,9,190.512,64.860,190.555,63.161
210.600,stable,12,Outer,10,196.621,73.524,196.657,71.827
210.600,stable,12,Outer,11,203.038,80.001,203.064,78.312
210.600,stable,12,Outer,12,209.702,83.742,209.726,82.056
210.600,stable,12,Outer,13,216.367,85.039,216.391,83.350
210.600,stable,12,Outer,14,222.951,85.249,222.976,83.554
210.600,stable,12,Outer,15,229.518,85.264,229.542,83.562
210.600,stable,12,Outer,16,236.082,85.264,236.106,83.556
210.600,stable,12,Outer,17,242.649,85.249,242.673,83.537
210.600,stable,12,Outer,18,249.233,85.039,249.257,83.321
210.600,stable,12,Outer,19,255.898,83.742,255.920,82.015
210.600,stable,12,Outer,20,262.562,80.001,262.576,78.258
210.600,stable,12,Outer,21,268.979,73.524,268.972,71.763
210.600,stable,12,Outer,22,275.088,64.860,275.063,63.088
210.600,stable,12,Outer,23,281.145,54.259,281.144,52.503
210.600,stable,12,Outer,24,287.235,45.306,287.309,43.603
210.600,stable,12,Outer,25,293.296,39.184,293.453,37.564
210.600,stable,12,Outer,26,299.447,36.172,299.651,34.651
210.600,stable,12,Outer,27,305.766,35.798,305.975,34.372
210.600,stable,12,Outer,28,312.110,35.764,312.345,34.401
210.600,stable,12,Outer,29,318.455,35.764,318.689,34.430
210.600,stable,12,Outer,30,324.800,35.764,325.034,34.459
210.600,stable,12,Plate,1,140.800,33.300,140.549,32.112
210.600,stable,12,Plate,2,147.145,33.300,146.894,32.080
210.600,stable,12,Plate,3,153.490,33.300,153.238,32.048
210.600,stable,12,Plate,4,159.968,26.864,159.728,25.623
210.600,stable,12,Plate,5,166.351,18.503,166.207,17.337
210.600,stable,12,Plate,6,172.533,11.872,172.498,10.810
210.600,stable,12,Plate,7,178.869,8.323,178.894,7.371
210.600,stable,12,Plate,8,185.214,8.323,185.238,7.467
210.600,stable,12,Plate,9,191.559,8.323,191.583,7.548
210.600,stable,12,Plate,10,197.903,8.323,197.927,7.606
210.600,stable,12,Plate,11,204.172,10.250,204.181,9.579
210.600,stable,12,Plate,12,210.585,12.745,210.578,12.114
210.600,stable,12,Plate,13,217.010,13.760,216.998,13.158
210.600,stable,12,Plate,14,223.350,13.533,223.338,12.945
210.600,stable,12,Plate,15,229.641,13.231,229.629,12.646
210.600,stable,12,Plate,16,235.959,13.231,235.946,12.637
210.600,stable,12,Plate,17,242.250,13.533,242.238,12.921
210.600,stable,12,Plate,18,248.590,13.760,248.579,13.118
210.600,stable,12,Plate,19,255.015,12.745,254.997,12.060
210.600,stable,12,Plate,20,261.428,10.250,261.388,9.514
210.600,stable,12,Plate,21,267.697,8.323,267.639,7.531
210.600,stable,12,Plate,22,274.041,8.323,273.984,7.466
210.600,stable,12,Plate,23,280.386,8.323,280.328,7.381
210.600,stable,12,Plate,24,286.731,8.323,286.672,7.280
210.600,stable,12,Plate,25,293.067,11.872,293.070,10.713
210.600,stable,12,Plate,26,299.249,18.503,299.368,17.234
210.600,stable,12,Plate,27,305.632,26.864,305.855,25.512
210.600,stable,12,Plate,28,312.110,33.300,312.345,31.936
210.600,stable,12,Plate,29,318.455,33.300,318.689,31.966
210.600,stable,12,Plate,30,324.800,33.300,325.034,31.995
210.600,stable,12,Inner,1,178.869,10.788,178.894,9.835
210.600,stable,12,Inner,2,185.214,10.788,185.238,9.932
210.600,stable,12,Inner,3,191.559,10.788,191.583,10.012
210.600,stable,12,Inner,4,197.895,17.093,197.853,16.365
210.600,stable,12,Inner,5,204.082,27.105,204.025,26.387
210.600,stable,12,Inner,6,210.140,38.557,210.110,37.823
210.600,stable,12,Inner,7,216.462,47.473,216.464,46.717
210.600,stable,12,Inner,8,222.882,52.427,222.900,51.650
210.600,stable,12,Inner,9,229.495,54.128,229.518,53.335
210.600,stable,12,Inner,10,236.104,54.128,236.127,53.326
210.600,stable,12,Inner,11,242.718,52.427,242.740,51.624
210.600,stable,12,Inner,12,249.138,47.473,249.163,46.674
210.600,stable,12,Inner,13,255.460,38.557,255.498,37.767
210.600,stable,12,Inner,14,261.518,27.105,261.563,26.320
210.600,stable,12,Inner,15,267.705,17.093,267.721,16.289
210.600,stable,12,Inner,16,274.041,10.788,273.984,9.930
210.600,stable,12,Inner,17,280.386,10.788,280.328,9.845
210.600,stable,12,Inner,18,286.731,10.788,286.672,9.744
210.600,stable,12,Patch1,1,197.903,11.612,197.927,10.895
210.600,stable,12,Patch1,2,203.450,13.990,203.445,13.301
210.600,stable,12,Patch1,3,210.648,16.002,210.638,15.328
210.600,stable,12,Patch1,4,217.038,16.838,217.028,16.169
210.600,stable,12,Patch1,5,223.344,16.600,223.334,15.930
210.600,stable,12,Patch1,6,229.641,16.306,229.631,15.632
210.600,stable,12,Patch1,7,235.959,16.306,235.949,15.624
210.600,stable,12,Patch1,8,242.256,16.600,242.247,15.907
210.600,stable,12,Patch1,9,248.562,16.838,248.554,16.131
210.600,stable,12,Patch1,10,254.952,16.002,254.941,15.276
210.600,stable,12,Patch1,11,262.150,13.990,262.131,13.235
210.600,stable,12,Patch1,12,267.697,11.612,267.639,10.820
210.600,stable,12,Patch2,1,274.041,6.756,273.984,5.899
210.600,stable,12,Patch2,2,280.386,6.756,280.328,5.814
210.600,stable,12,Patch2,3,286.731,6.756,286.672,5.713
210.600,stable,12,Patch3,1,178.869,6.757,178.894,5.804
210.600,stable,12,Patch3,2,185.214,6.757,185.238,5.901
210.600,stable,12,Patch3,3,191.559,6.757,191.583,5.981
210.600,stable,12,Patch4,1,192.077,61.597,192.172,60.188
210.600,stable,12,Patch4,2,198.301,69.349,198.352,67.973
210.600,stable,12,Patch4,3,204.533,75.546,204.552,74.201
210.600,stable,12,Patch4,4,210.875,80.134,210.876,78.815
210.600,stable,12,Patch4,5,217.255,81.458,217.252,80.157
210.600,stable,12,Patch4,6,223.597,81.558,223.594,80.268
210.600,stable,12,Patch4,7,229.747,81.611,229.743,80.323
210.600,stable,12,Patch4,8,235.853,81.611,235.850,80.318
210.600,stable,12,Patch4,9,242.003,81.558,241.999,80.253
210.600,stable,12,Patch4,10,248.345,81.458,248.341,80.132
210.600,stable,12,Patch4,11,254.725,80.134,254.715,78.779
210.600,stable,12,Patch4,12,261.067,75.546,261.031,74.155
210.600,stable,12,Patch4,13,267.299,69.349,267.220,67.917
210.600,stable,12,Patch4,14,273.523,61.597,273.386,60.119
210.600,stable,13,Outer,1,140.800,33.866,140.692,33.310
210.600,stable,13,Outer,2,146.938,33.866,146.829,33.324
210.600,stable,13,Outer,3,153.076,33.866,152.967,33.339
210.600,stable,13,Outer,4,159.214,33.898,159.102,33.379
210.600,stable,13,Outer,5,165.337,34.286,165.225,33.763
210.600,stable,13,Outer,6,171.352,37.358,171.250,36.814
210.600,stable,13,Outer,7,177.259,43.243,177.190,42.665
210.600,stable,13,Outer,8,183.190,51.657,183.171,51.043
210.600,stable,13,Outer,9,189.097,61.538,189.115,60.901
210.600,stable,13,Outer,10,195.018,69.686,195.043,69.042
210.600,stable,13,Outer,11,201.192,75.889,201.213,75.247
210.600,stable,13,Outer,12,207.563,79.241,207.582,78.604
210.600,stable,13,Outer,13,213.958,80.350,213.976,79.716
210.600,stable,13,Outer,14,220.301,80.555,220.319,79.922
210.600,stable,13,Outer,15,226.634,80.597,226.652,79.963
210.600,stable,13,Outer,16,232.966,80.597,232.983,79.963
210.600,stable,13,Outer,17,239.299,80.555,239.315,79.921
210.600,stable,13,Outer,18,245.642,80.350,245.659,79.713
210.600,stable,13,Outer,19,252.037,79.241,252.052,78.596
210.600,stable,13,Outer,20,258.408,75.889,258.418,75.233
210.600,stable,13,Outer,21,264.582,69.686,264.581,69.020
210.600,stable,13,Outer,22,270.503,61.538,270.499,60.871
210.600,stable,13,Outer,23,276.410,51.657,276.435,51.007
210.600,stable,13,Outer,24,282.341,43.243,282.406,42.622
210.600,stable,13,Outer,25,288.248,37.358,288.339,36.762
210.600,stable,13,Outer,26,294.263,34.286,294.363,33.706
210.600,stable,13,Outer,27,300.386,33.898,300.487,33.323
210.600,stable,13,Outer,28,306.524,33.866,306.624,33.286
210.600,stable,13,Outer,29,312.662,33.866,312.762,33.270
210.600,stable,13,Outer,30,318.800,33.866,318.900,33.253
210.600,stable,13,Plate,1,140.800,31.401,140.692,30.846
210.600,stable,13,Plate,2,146.938,31.401,146.829,30.860
210.600,stable,13,Plate,3,153.076,31.401,152.967,30.874
210.600,stable,13,Plate,4,159.343,24.803,159.259,24.298
210.600,stable,13,Plate,5,165.508,16.664,165.467,16.193
210.600,stable,13,Plate,6,171.521,10.866,171.522,10.439
210.600,stable,13,Plate,7,177.628,8.057,177.654,7.683
210.600,stable,13,Plate,8,183.766,8.057,183.791,7.736
210.600,stable,13,Plate,9,189.903,8.057,189.929,7.784
210.600,stable,13,Plate,10,196.041,8.057,196.067,7.825
210.600,stable,13,Plate,11,202.121,10.574,202.130,10.381
210.600,stable,13,Plate,12,208.355,12.863,208.350,12.706
210.600,stable,13,Plate,13,214.549,13.670,214.540,13.539
210.600,stable,13,Plate,14,220.666,13.483,220.658,13.365
210.600,stable,13,Plate,15,226.748,13.233,226.739,13.120
210.600,stable,13,Plate,16,232.852,13.233,232.844,13.115
210.600,stable,13,Plate,17,238.934,13.483,238.926,13.353
210.600,stable,13,Plate,18,245.051,13.670,245.043,13.518
210.600,stable,13,Plate,19,251.245,12.863,251.233,12.679
210.600,stable,13,Plate,20,257.479,10.574,257.450,10.348
210.600,stable,13,Plate,21,263.559,8.057,263.512,7.789
210.600,stable,13,Plate,22,269.697,8.057,269.650,7.747
210.600,stable,13,Plate,23,275.834,8.057,275.787,7.699
210.600,stable,13,Plate,24,281.972,8.057,281.925,7.646
210.600,stable,13,Plate,25,288.079,10.866,288.057,10.400
210.600,stable,13,Plate,26,294.092,16.664,294.117,16.147
210.600,stable,13,Plate,27,300.257,24.803,300.333,24.246
210.600,stable,13,Plate,28,306.524,31.401,306.624,30.821
210.600,stable,13,Plate,29,312.662,31.401,312.762,30.805
210.600,stable,13,Plate,30,318.800,31.401,318.900,30.788
210.600,stable,13,Inner,1,177.628,10.521,177.654,10.148
210.600,stable,13,Inner,2,183.766,10.521,183.791,10.201
210.600,stable,13,Inner,3,189.903,10.521,189.929,10.248
210.600,stable,13,Inner,4,196.084,17.518,196.067,17.273
210.600,stable,13,Inner,5,202.108,27.666,202.085,27.425
210.600,stable,13,Inner,6,208.009,38.178,207.999,37.929
210.600,stable,13,Inner,7,214.126,45.932,214.129,45.672
210.600,stable,13,Inner,8,220.294,49.823,220.301,49.555
210.600,stable,13,Inner,9,226.628,50.991,226.637,50.718
210.600,stable,13,Inner,10,232.972,50.991,232.981,50.715
210.600,stable,13,Inner,11,239.306,49.823,239.315,49.546
210.600,stable,13,Inner,12,245.474,45.932,245.484,45.657
210.600,stable,13,Inner,13,251.591,38.178,251.604,37.906
210.600,stable,13,Inner,14,257.491,27.666,257.507,27.395
210.600,stable,13,Inner,15,263.516,17.518,263.515,17.238
210.600,stable,13,Inner,16,269.697,10.521,269.650,10.211
210.600,stable,13,Inner,17,275.834,10.521,275.787,10.164
210.600,stable,13,Inner,18,281.972,10.521,281.925,10.110
210.600,stable,13,Patch1,1,196.041,11.292,196.067,11.060
210.600,stable,13,Patch1,2,201.468,14.254,201.463,14.048
210.600,stable,13,Patch1,3,208.403,15.939,208.393,15.755
210.600,stable,13,Patch1,4,214.559,16.611,214.548,16.437
210.600,stable,13,Patch1,5,220.661,16.401,220.649,16.230
210.600,stable,13,Patch1,6,226.746,16.147,226.734,15.974
210.600,stable,13,Patch1,7,232.854,16.147,232.843,15.967
210.600,stable,13,Patch1,8,238.939,16.401,238.928,16.211
210.600,stable,13,Patch1,9,245.041,16.611,245.030,16.408
210.600,stable,13,Patch1,10,251.197,15.939,251.184,15.719
210.600,stable,13,Patch1,11,258.132,14.254,258.114,14.011
210.600,stable,13,Patch1,12,263.559,11.292,263.512,11.024
210.600,stable,13,Patch2,1,269.697,6.490,269.650,6.180
210.600,stable,13,Patch2,2,275.834,6.490,275.787,6.132
210.600,stable,13,Patch2,3,281.972,6.490,281.925,6.079
210.600,stable,13,Patch3,1,177.628,6.491,177.654,6.117
210.600,stable,13,Patch3,2,183.766,6.491,183.791,6.170
210.600,stable,13,Patch3,3,189.903,6.491,189.929,6.217
210.600,stable,13,Patch4,1,190.376,57.996,190.375,57.588
210.600,stable,13,Patch4,2,196.436,65.473,196.435,65.065
210.600,stable,13,Patch4,3,202.467,71.300,202.466,70.891
210.600,stable,13,Patch4,4,208.614,75.198,208.614,74.788
210.600,stable,13,Patch4,5,214.771,76.642,214.771,76.230
210.600,stable,13,Patch4,6,220.846,77.102,220.846,76.687
210.600,stable,13,Patch4,7,226.823,77.282,226.824,76.865
210.600,stable,13,Patch4,8,232.777,77.282,232.777,76.864
210.600,stable,13,Patch4,9,238.754,77.102,238.754,76.684
210.600,stable,13,Patch4,10,244.829,76.642,244.829,76.225
210.600,stable,13,Patch4,11,250.986,75.198,250.986,74.781
210.600,stable,13,Patch4,12,257.133,71.300,257.133,70.882
210.600,stable,13,Patch4,13,263.164,65.473,263.161,65.053
210.600,stable,13,Patch4,14,269.224,57.996,269.217,57.573
210.600,stable,14,Outer,1,140.800,32.045,140.800,32.045
210.600,stable,14,Outer,2,146.731,32.045,146.731,32.045
210.600,stable,14,Outer,3,152.662,32.045,152.662,32.045
210.600,stable,14,Outer,4,158.593,32.049,158.593,32.049
210.600,stable,14,Outer,5,164.523,32.484,164.523,32.484
210.600,stable,14,Outer,6,170.423,35.821,170.423,35.821
210.600,stable,14,Outer,7,176.197,41.604,176.197,41.604
210.600,stable,14,Outer,8,181.983,49.464,181.983,49.464
210.600,stable,14,Outer,9,187.757,58.532,187.757,58.532
210.600,stable,14,Outer,10,193.509,66.117,193.509,66.117
210.600,stable,14,Outer,11,199.438,72.003,199.438,72.003
210.600,stable,14,Outer,12,205.496,74.850,205.496,74.850
210.600,stable,14,Outer,13,211.583,75.698,211.583,75.698
210.600,stable,14,Outer,14,217.666,75.897,217.666,75.897
210.600,stable,14,Outer,15,223.755,75.979,223.755,75.979
210.600,stable,14,Outer,16,229.845,75.979,229.845,75.979
210.600,stable,14,Outer,17,235.934,75.897,235.934,75.897
210.600,stable,14,Outer,18,242.017,75.698,242.017,75.698
210.600,stable,14,Outer,19,248.104,74.850,248.104,74.850
210.600,stable,14,Outer,20,254.162,72.003,254.162,72.003
210.600,stable,14,Outer,21,260.091,66.117,260.091,66.117
210.600,stable,14,Outer,22,265.843,58.532,265.843,58.532
210.600,stable,14,Outer,23,271.617,49.464,271.617,49.464
210.600,stable,14,Outer,24,277.403,41.604,277.403,41.604
210.600,stable,14,Outer,25,283.177,35.821,283.177,35.821
210.600,stable,14,Outer,26,289.077,32.484,289.077,32.484
210.600,stable,14,Outer,27,295.007,32.049,295.007,32.049
210.600,stable,14,Outer,28,300.938,32.045,300.938,32.045
210.600,stable,14,Outer,29,306.869,32.045,306.869,32.045
210.600,stable,14,Outer,30,312.800,32.045,312.800,32.045
210.600,stable,14,Plate,1,140.800,29.580,140.800,29.580
210.600,stable,14,Plate,2,146.731,29.580,146.731,29.580
210.600,stable,14,Plate,3,152.662,29.580,152.662,29.580
210.600,stable,14,Plate,4,158.723,22.515,158.723,22.515
210.600,stable,14,Plate,5,164.673,14.537,164.673,14.537
210.600,stable,14,Plate,6,170.530,9.892,170.530,9.892
210.600,stable,14,Plate,7,176.386,8.038,176.386,8.038
210.600,stable,14,Plate,8,182.317,8.038,182.317,8.038
210.600,stable,14,Plate,9,188.248,8.038,188.248,8.038
210.600,stable,14,Plate,10,194.179,8.038,194.179,8.038
210.600,stable,14,Plate,11,200.094,11.507,200.094,11.507
210.600,stable,14,Plate,12,206.152,13.587,206.152,13.587
210.600,stable,14,Plate,13,212.101,14.155,212.101,14.155
210.600,stable,14,Plate,14,217.981,14.064,217.981,14.064
210.600,stable,14,Plate,15,223.856,13.910,223.856,13.910
210.600,stable,14,Plate,16,229.744,13.910,229.744,13.910
210.600,stable,14,Plate,17,235.619,14.064,235.619,14.064
210.600,stable,14,Plate,18,241.499,14.155,241.499,14.155
210.600,stable,14,Plate,19,247.448,13.587,247.448,13.587
210.600,stable,14,Plate,20,253.506,11.507,253.506,11.507
210.600,stable,14,Plate,21,259.421,8.038,259.421,8.038
210.600,stable,14,Plate,22,265.352,8.038,265.352,8.038
210.600,stable,14,Plate,23,271.283,8.038,271.283,8.038
210.600,stable,14,Plate,24,277.214,8.038,277.214,8.038
210.600,stable,14,Plate,25,283.070,9.892,283.070,9.892
210.600,stable,14,Plate,26,288.927,14.537,288.927,14.537
210.600,stable,14,Plate,27,294.877,22.515,294.877,22.515
210.600,stable,14,Plate,28,300.938,29.580,300.938,29.580
210.600,stable,14,Plate,29,306.869,29.580,306.869,29.580
210.600,stable,14,Plate,30,312.800,29.580,312.800,29.580
210.600,stable,14,Inner,1,176.386,10.503,176.386,10.503
210.600,stable,14,Inner,2,182.317,10.503,182.317,10.503
210.600,stable,14,Inner,3,188.248,10.503,188.248,10.503
210.600,stable,14,Inner,4,194.303,19.004,194.303,19.004
210.600,stable,14,Inner,5,200.172,29.589,200.172,29.589
210.600,stable,14,Inner,6,205.926,38.974,205.926,38.974
210.600,stable,14,Inner,7,211.821,45.264,211.821,45.264
210.600,stable,14,Inner,8,217.746,47.702,217.746,47.702
210.600,stable,14,Inner,9,223.776,48.140,223.776,48.140
210.600,stable,14,Inner,10,229.824,48.140,229.824,48.140
210.600,stable,14,Inner,11,235.854,47.702,235.854,47.702
210.600,stable,14,Inner,12,241.779,45.264,241.779,45.264
210.600,stable,14,Inner,13,247.674,38.974,247.674,38.974
210.600,stable,14,Inner,14,253.428,29.589,253.428,29.589
210.600,stable,14,Inner,15,259.297,19.004,259.297,19.004
210.600,stable,14,Inner,16,265.352,10.503,265.352,10.503
210.600,stable,14,Inner,17,271.283,10.503,271.283,10.503
210.600,stable,14,Inner,18,277.214,10.503,277.214,10.503
210.600,stable,14,Patch2,1,265.352,6.471,265.352,6.471
210.600,stable,14,Patch2,2,271.283,6.471,271.283,6.471
210.600,stable,14,Patch2,3,277.214,6.471,277.214,6.471
210.600,stable,14,Patch3,1,176.386,6.472,176.386,6.472
210.600,stable,14,Patch3,2,182.317,6.472,182.317,6.472
210.600,stable,14,Patch3,3,188.248,6.472,188.248,6.472
210.600,stable,14,Patch4,1,188.813,54.965,188.813,54.965
210.600,stable,14,Patch4,2,194.711,61.612,194.711,61.612
210.600,stable,14,Patch4,3,200.511,67.178,200.511,67.178
210.600,stable,14,Patch4,4,206.420,70.274,206.420,70.274
210.600,stable,14,Patch4,5,212.306,71.319,212.306,71.319
210.600,stable,14,Patch4,6,218.131,71.494,218.131,71.494
210.600,stable,14,Patch4,7,223.908,71.503,223.908,71.503
210.600,stable,14,Patch4,8,229.692,71.503,229.692,71.503
210.600,stable,14,Patch4,9,235.469,71.494,235.469,71.494
210.600,stable,14,Patch4,10,241.294,71.319,241.294,71.319
210.600,stable,14,Patch4,11,247.180,70.274,247.180,70.274
210.600,stable,14,Patch4,12,253.089,67.178,253.089,67.178
210.600,stable,14,Patch4,13,258.889,61.612,258.889,61.612
210.600,stable,14,Patch4,14,264.787,54.965,264.787,54.965
315.900,stable,0,Outer,1,0.000,77.176,0.000,77.176
315.900,stable,0,Outer,2,22.952,77.176,22.952,77.176
315.900,stable,0,Outer,3,45.903,77.176,45.903,77.176
315.900,stable,0,Outer,4,68.855,77.179,68.855,77.179
315.900,stable,0,Outer,5,91.792,78.077,91.792,78.077
315.900,stable,0,Outer,6,114.593,85.124,114.593,85.124
315.900,stable,0,Outer,7,137.122,98.200,137.122,98.200
315.900,stable,0,Outer,8,159.711,115.776,159.711,115.776
315.900,stable,0,Outer,9,181.710,136.686,181.710,136.686
315.900,stable,0,Outer,10,203.804,155.760,203.804,155.760
315.900,stable,0,Outer,11,226.449,171.309,226.449,171.309
315.900,stable,0,Outer,12,250.090,183.123,250.090,183.123
315.900,stable,0,Outer,13,273.409,191.435,273.409,191.435
315.900,stable,0,Outer,14,297.146,196.498,297.146,196.498
315.900,stable,0,Outer,15,320.863,198.450,320.863,198.450
315.900,stable,0,Outer,16,344.737,198.450,344.737,198.450
315.900,stable,0,Outer,17,368.454,196.498,368.454,196.498
315.900,stable,0,Outer,18,392.191,191.435,392.191,191.435
315.900,stable,0,Outer,19,415.510,183.123,415.510,183.123
315.900,stable,0,Outer,20,439.151,171.309,439.151,171.309
315.900,stable,0,Outer,21,461.796,155.760,461.796,155.760
315.900,stable,0,Outer,22,483.890,136.686,483.890,136.686
315.900,stable,0,Outer,23,505.889,115.776,505.889,115.776
315.900,stable,0,Outer,24,528.478,98.200,528.478,98.200
315.900,stable,0,Outer,25,551.007,85.124,551.007,85.124
315.900,stable,0,Outer,26,573.808,78.077,573.808,78.077
315.900,stable,0,Outer,27,596.745,77.179,596.745,77.179
315.900,stable,0,Outer,28,619.697,77.176,619.697,77.176
315.900,stable,0,Outer,29,642.648,77.176,642.648,77.176
315.900,stable,0,Outer,30,665.600,77.176,665.600,77.176
315.900,stable,0,Plate,1,0.000,74.712,0.000,74.712
315.900,stable,0,Plate,2,22.952,74.712,22.952,74.712
315.900,stable,0,Plate,3,45.903,74.712,45.903,74.712
315.900,stable,0,Plate,4,68.670,59.831,68.670,59.831
315.900,stable,0,Plate,5,91.365,40.578,91.365,40.578
315.900,stable,0,Plate,6,114.568,23.951,114.568,23.951
315.900,stable,0,Plate,7,137.710,12.233,137.710,12.233
315.900,stable,0,Plate,8,160.662,12.233,160.662,12.233
315.900,stable,0,Plate,9,183.614,12.233,183.614,12.233
315.900,stable,0,Plate,10,206.566,12.233,206.566,12.233
315.900,stable,0,Plate,11,229.750,16.398,229.750,16.398
315.900,stable,0,Plate,12,253.240,20.696,253.240,20.696
315.900,stable,0,Plate,13,275.756,23.795,275.756,23.795
315.900,stable,0,Plate,14,298.909,25.770,298.909,25.770
315.900,stable,0,Plate,15,321.607,26.483,321.607,26.483
315.900,stable,0,Plate,16,343.993,26.483,343.993,26.483
315.900,stable,0,Plate,17,366.691,25.770,366.691,25.770
315.900,stable,0,Plate,18,389.844,23.795,389.844,23.795
315.900,stable,0,Plate,19,412.360,20.696,412.360,20.696
315.900,stable,0,Plate,20,435.850,16.398,435.850,16.398
315.900,stable,0,Plate,21,459.034,12.233,459.034,12.233
315.900,stable,0,Plate,22,481.986,12.233,481.986,12.233
315.900,stable,0,Plate,23,504.938,12.233,504.938,12.233
315.900,stable,0,Plate,24,527.890,12.233,527.890,12.233
315.900,stable,0,Plate,25,551.032,23.951,551.032,23.951
315.900,stable,0,Plate,26,574.235,40.578,574.235,40.578
315.900,stable,0,Plate,27,596.930,59.831,596.930,59.831
315.900,stable,0,Plate,28,619.697,74.712,619.697,74.712
315.900,stable,0,Plate,29,642.648,74.712,642.648,74.712
315.900,stable,0,Plate,30,665.600,74.712,665.600,74.712
315.900,stable,0,Inner,1,137.710,14.698,137.710,14.698
315.900,stable,0,Inner,2,160.662,14.698,160.662,14.698
315.900,stable,0,Inner,3,183.614,14.698,183.614,14.698
315.900,stable,0,Inner,4,205.946,28.584,205.946,28.584
315.900,stable,0,Inner,5,228.148,46.667,228.148,46.667
315.900,stable,0,Inner,6,250.657,67.900,250.657,67.900
315.900,stable,0,Inner,7,273.978,86.397,273.978,86.397
315.900,stable,0,Inner,8,297.624,99.495,297.624,99.495
315.900,stable,0,Inner,9,321.194,106.375,321.194,106.375
315.900,stable,0,Inner,10,344.406,106.375,344.406,106.375
315.900,stable,0,Inner,11,367.976,99.495,367.976,99.495
315.900,stable,0,Inner,12,391.622,86.397,391.622,86.397
315.900,stable,0,Inner,13,414.943,67.900,414.943,67.900
315.900,stable,0,Inner,14,437.452,46.667,437.452,46.667
315.900,stable,0,Inner,15,459.654,28.584,459.654,28.584
315.900,stable,0,Inner,16,481.986,14.698,481.986,14.698
315.900,stable,0,Inner,17,504.938,14.698,504.938,14.698
315.900,stable,0,Inner,18,527.890,14.698,527.890,14.698
315.900,stable,0,Patch2,1,481.986,10.666,481.986,10.666
315.900,stable,0,Patch2,2,504.938,10.666,504.938,10.666
315.900,stable,0,Patch2,3,527.890,10.666,527.890,10.666
315.900,stable,0,Patch3,1,137.710,10.667,137.710,10.667
315.900,stable,0,Patch3,2,160.662,10.667,160.662,10.667
315.900,stable,0,Patch3,3,183.614,10.667,183.614,10.667
315.900,stable,0,Patch4,1,187.098,137.722,187.098,137.722
315.900,stable,0,Patch4,2,208.654,153.385,208.654,153.385
315.900,stable,0,Patch4,3,231.566,166.352,231.566,166.352
315.900,stable,0,Patch4,4,253.461,175.656,253.461,175.656
315.900,stable,0,Patch4,5,276.821,183.870,276.821,183.870
315.900,stable,0,Patch4,6,299.323,189.200,299.323,189.200
315.900,stable,0,Patch4,7,321.567,192.149,321.567,192.149
315.900,stable,0,Patch4,8,344.033,192.149,344.033,192.149
315.900,stable,0,Patch4,9,366.277,189.200,366.277,189.200
315.900,stable,0,Patch4,10,388.779,183.870,388.779,183.870
315.900,stable,0,Patch4,11,412.139,175.656,412.139,175.656
315.900,stable,0,Patch4,12,434.034,166.352,434.034,166.352
315.900,stable,0,Patch4,13,456.946,153.385,456.946,153.385
315.900,stable,0,Patch4,14,478.502,137.722,478.502,137.722
315.900,stable,1,Outer,1,97.397,60.197,97.477,60.047
315.900,stable,1,Outer,2,112.005,60.197,112.084,59.927
315.900,stable,1,Outer,3,126.612,60.197,126.695,59.830
315.900,stable,1,Outer,4,141.219,60.237,141.294,59.967
315.900,stable,1,Outer,5,155.751,60.865,155.824,60.827
315.900,stable,1,Outer,6,169.822,65.726,169.867,65.800
315.900,stable,1,Outer,7,183.819,74.544,183.820,74.711
315.900,stable,1,Outer,8,198.046,87.541,197.928,87.867
315.900,stable,1,Outer,9,211.802,102.987,211.538,103.489
315.900,stable,1,Outer,10,225.848,116.516,225.470,117.206
315.900,stable,1,Outer,11,240.338,128.410,239.924,129.242
315.900,stable,1,Outer,12,255.796,138.853,255.448,139.724
315.900,stable,1,Outer,13,271.284,145.897,271.008,146.796
315.900,stable,1,Outer,14,286.468,149.143,286.235,150.163
315.900,stable,1,Outer,15,301.594,150.184,301.415,151.308
315.900,stable,1,Outer,16,316.811,150.184,316.691,151.300
315.900,stable,1,Outer,17,331.937,149.143,331.868,150.158
315.900,stable,1,Outer,18,347.122,145.897,347.098,146.849
315.900,stable,1,Outer,19,362.610,138.853,362.672,139.857
315.900,stable,1,Outer,20,378.068,128.410,378.221,129.459
315.900,stable,1,Outer,21,392.557,116.516,392.746,117.547
315.900,stable,1,Outer,22,406.603,102.987,406.778,103.960
315.900,stable,1,Outer,23,420.360,87.541,420.480,88.439
315.900,stable,1,Outer,24,434.586,74.544,434.645,75.357
315.900,stable,1,Outer,25,448.583,65.726,448.586,66.434
315.900,stable,1,Outer,26,462.654,60.865,462.576,61.315
315.900,stable,1,Outer,27,477.186,60.237,477.091,60.215
315.900,stable,1,Outer,28,491.794,60.197,491.663,59.923
315.900,stable,1,Outer,29,506.401,60.197,506.275,59.920
315.900,stable,1,Outer,30,521.008,60.197,520.884,59.933
315.900,stable,1,Plate,1,97.397,57.733,97.477,57.582
315.900,stable,1,Plate,2,112.005,57.733,112.084,57.463
315.900,stable,1,Plate,3,126.612,57.733,126.695,57.365
315.900,stable,1,Plate,4,140.862,48.632,140.923,48.213
315.900,stable,1,Plate,5,155.243,35.513,155.349,35.134
315.900,stable,1,Plate,6,170.168,21.392,170.291,21.027
315.900,stable,1,Plate,7,185.041,11.236,185.127,10.822
315.900,stable,1,Plate,8,199.648,11.236,199.735,10.861
315.900,stable,1,Plate,9,214.255,11.236,214.343,10.950
315.900,stable,1,Plate,10,228.863,11.236,228.945,10.822
315.900,stable,1,Plate,11,243.703,12.624,243.793,12.073
315.900,stable,1,Plate,12,258.371,16.101,258.454,15.565
315.900,stable,1,Plate,13,272.893,19.011,272.943,18.593
315.900,stable,1,Plate,14,287.535,20.699,287.559,20.405
315.900,stable,1,Plate,15,302.017,21.120,302.027,20.882
315.900,stable,1,Plate,16,316.389,21.120,316.387,20.884
315.900,stable,1,Plate,17,330.871,20.699,330.857,20.406
315.900,stable,1,Plate,18,345.513,19.011,345.474,18.579
315.900,stable,1,Plate,19,360.034,16.101,359.961,15.523
315.900,stable,1,Plate,20,374.703,12.624,374.616,11.989
315.900,stable,1,Plate,21,389.543,11.236,389.462,10.637
315.900,stable,1,Plate,22,404.150,11.236,404.073,10.698
315.900,stable,1,Plate,23,418.757,11.236,418.684,10.737
315.900,stable,1,Plate,24,433.365,11.236,433.293,10.839
315.900,stable,1,Plate,25,448.237,21.392,448.127,21.059
315.900,stable,1,Plate,26,463.163,35.513,463.036,35.206
315.900,stable,1,Plate,27,477.543,48.632,477.417,48.336
315.900,stable,1,Plate,28,491.794,57.733,491.663,57.458
315.900,stable,1,Plate,29,506.401,57.733,506.275,57.456
315.900,stable,1,Plate,30,521.008,57.733,520.884,57.469
315.900,stable,1,Inner,1,185.041,13.700,185.127,13.286
315.900,stable,1,Inner,2,199.648,13.700,199.735,13.325
315.900,stable,1,Inner,3,214.255,13.700,214.343,13.414
315.900,stable,1,Inner,4,228.453,19.191,228.549,18.913
315.900,stable,1,Inner,5,242.488,31.270,242.574,31.019
315.900,stable,1,Inner,6,256.943,47.431,256.988,47.233
315.900,stable,1,Inner,7,271.825,62.634,271.831,62.491
315.900,stable,1,Inner,8,286.862,73.925,286.881,73.780
315.900,stable,1,Inner,9,301.841,79.683,301.895,79.471
315.900,stable,1,Inner,10,316.565,79.683,316.626,79.392
315.900,stable,1,Inner,11,331.544,73.925,331.593,73.575
315.900,stable,1,Inner,12,346.581,62.634,346.605,62.234
315.900,stable,1,Inner,13,361.463,47.431,361.448,46.979
315.900,stable,1,Inner,14,375.917,31.270,375.864,30.773
315.900,stable,1,Inner,15,389.952,19.191,389.878,18.663
315.900,stable,1,Inner,16,404.150,13.700,404.073,13.162
315.900,stable,1,Inner,17,418.757,13.700,418.684,13.201
315.900,stable,1,Inner,18,433.365,13.700,433.293,13.303
315.900,stable,1,Patch1,1,228.863,13.824,228.945,13.410
315.900,stable,1,Patch1,2,243.070,15.777,243.163,15.333
315.900,stable,1,Patch1,3,258.414,19.225,258.479,18.901
315.900,stable,1,Patch1,4,272.814,21.462,272.855,21.283
315.900,stable,1,Patch1,5,287.381,23.368,287.403,23.314
315.900,stable,1,Patch1,6,302.003,23.612,302.022,23.609
315.900,stable,1,Patch1,7,316.402,23.612,316.419,23.591
315.900,stable,1,Patch1,8,331.024,23.368,331.038,23.263
315.900,stable,1,Patch1,9,345.591,21.462,345.583,21.211
315.900,stable,1,Patch1,10,359.992,19.225,359.957,18.812
315.900,stable,1,Patch1,11,375.336,15.777,375.268,15.220
315.900,stable,1,Patch1,12,389.543,13.824,389.462,13.226
315.900,stable,1,Patch2,1,404.150,9.669,404.073,9.131
315.900,stable,1,Patch2,2,418.757,9.669,418.684,9.170
315.900,stable,1,Patch2,3,433.365,9.669,433.293,9.272
315.900,stable,1,Patch3,1,185.041,9.669,185.127,9.255
315.900,stable,1,Patch3,2,199.648,9.669,199.735,9.294
315.900,stable,1,Patch3,3,214.255,9.669,214.343,9.383
315.900,stable,1,Patch4,1,216.285,101.557,216.823,100.733
315.900,stable,1,Patch4,2,229.667,112.774,230.062,112.116
315.900,stable,1,Patch4,3,244.116,124.447,244.358,123.973
315.900,stable,1,Patch4,4,257.887,133.856,258.010,133.548
315.900,stable,1,Patch4,5,272.378,141.447,272.422,141.282
315.900,stable,1,Patch4,6,287.127,145.349,287.150,145.255
315.900,stable,1,Patch4,7,301.796,146.111,301.818,146.016
315.900,stable,1,Patch4,8,316.609,146.111,316.631,145.972
315.900,stable,1,Patch4,9,331.279,145.349,331.297,145.135
315.900,stable,1,Patch4,10,346.027,141.447,346.020,141.135
315.900,stable,1,Patch4,11,360.519,133.856,360.456,133.439
315.900,stable,1,Patch4,12,374.289,124.447,374.159,123.930
315.900,stable,1,Patch4,13,388.738,112.774,388.522,112.151
315.900,stable,1,Patch4,14,402.121,101.557,401.819,100.834
315.900,stable,2,Outer,1,113.689,57.760,113.846,57.507
315.900,stable,2,Outer,2,125.842,57.760,125.997,57.295
315.900,stable,2,Outer,3,137.995,57.760,138.149,57.092
315.900,stable,2,Outer,4,150.149,57.749,150.330,56.935
315.900,stable,2,Outer,5,162.192,58.278,162.380,57.279
315.900,stable,2,Outer,6,173.599,62.559,173.905,61.235
315.900,stable,2,Outer,7,185.095,71.380,185.780,69.544
315.900,stable,2,Outer,8,196.817,84.268,198.122,81.845
315.900,stable,2,Outer,9,208.209,99.135,209.922,96.393
315.900,stable,2,Outer,10,219.956,111.960,221.466,109.401
315.900,stable,2,Outer,11,232.101,123.030,233.015,121.089
315.900,stable,2,Outer,12,245.128,132.263,245.403,131.161
315.900,stable,2,Outer,13,258.404,138.045,258.332,137.679
315.900,stable,2,Outer,14,271.049,139.973,270.906,140.029
315.900,stable,2,Outer,15,283.611,140.420,283.463,140.578
315.900,stable,2,Outer,16,296.211,140.420,296.061,140.383
315.900,stable,2,Outer,17,308.773,139.973,308.601,139.517
315.900,stable,2,Outer,18,321.419,138.045,321.156,137.080
315.900,stable,2,Outer,19,334.694,132.263,334.215,130.828
315.900,stable,2,Outer,20,347.721,123.030,347.023,121.297
315.900,stable,2,Outer,21,359.866,111.960,359.082,110.135
315.900,stable,2,Outer,22,371.613,99.135,370.907,97.381
315.900,stable,2,Outer,23,383.005,84.268,382.534,82.697
315.900,stable,2,Outer,24,394.728,71.380,394.518,70.051
315.900,stable,2,Outer,25,406.223,62.559,406.158,61.422
315.900,stable,2,Outer,26,417.630,58.278,417.592,57.217
315.900,stable,2,Outer,27,429.674,57.749,429.632,56.658
315.900,stable,2,Outer,28,441.827,57.760,441.776,56.637
315.900,stable,2,Outer,29,453.980,57.760,453.929,56.714
315.900,stable,2,Outer,30,466.133,57.760,466.081,56.805
315.900,stable,2,Plate,1,113.689,55.295,113.846,55.043
315.900,stable,2,Plate,2,125.842,55.295,125.997,54.831
315.900,stable,2,Plate,3,137.995,55.295,138.149,54.628
315.900,stable,2,Plate,4,149.809,45.886,149.801,45.018
315.900,stable,2,Plate,5,161.818,33.361,161.693,32.379
315.900,stable,2,Plate,6,174.224,20.802,174.172,19.892
315.900,stable,2,Plate,7,186.608,11.916,186.671,11.167
315.900,stable,2,Plate,8,198.762,11.916,198.824,11.285
315.900,stable,2,Plate,9,210.915,11.916,210.976,11.349
315.900,stable,2,Plate,10,223.068,11.916,223.127,11.396
315.900,stable,2,Plate,11,235.431,14.224,235.475,13.776
315.900,stable,2,Plate,12,247.358,17.674,247.380,17.296
315.900,stable,2,Plate,13,259.631,20.393,259.642,20.065
315.900,stable,2,Plate,14,271.744,21.656,271.753,21.352
315.900,stable,2,Plate,15,283.855,21.842,283.865,21.533
315.900,stable,2,Plate,16,295.967,21.842,295.979,21.490
315.900,stable,2,Plate,17,308.078,21.656,308.089,21.218
315.900,stable,2,Plate,18,320.191,20.393,320.189,19.827
315.900,stable,2,Plate,19,332.464,17.674,332.425,16.942
315.900,stable,2,Plate,20,344.391,14.224,344.302,13.323
315.900,stable,2,Plate,21,356.754,11.916,356.640,10.891
315.900,stable,2,Plate,22,368.907,11.916,368.792,10.850
315.900,stable,2,Plate,23,381.061,11.916,380.946,10.835
315.900,stable,2,Plate,24,393.214,11.916,393.100,10.837
315.900,stable,2,Plate,25,405.598,20.802,405.511,19.691
315.900,stable,2,Plate,26,418.004,33.361,417.969,32.205
315.900,stable,2,Plate,27,430.013,45.886,429.981,44.733
315.900,stable,2,Plate,28,441.827,55.295,441.776,54.172
315.900,stable,2,Plate,29,453.980,55.295,453.929,54.250
315.900,stable,2,Plate,30,466.133,55.295,466.081,54.340
315.900,stable,2,Inner,1,186.608,14.380,186.671,13.631
315.900,stable,2,Inner,2,198.762,14.380,198.824,13.749
315.900,stable,2,Inner,3,210.915,14.380,210.976,13.813
315.900,stable,2,Inner,4,222.789,22.464,222.858,21.888
315.900,stable,2,Inner,5,234.500,34.242,234.613,33.621
315.900,stable,2,Inner,6,246.598,49.503,246.747,48.854
315.900,stable,2,Inner,7,258.910,63.582,259.058,62.934
315.900,stable,2,Inner,8,271.329,73.553,271.470,72.913
315.900,stable,2,Inner,9,283.773,78.321,283.922,77.660
315.900,stable,2,Inner,10,296.049,78.321,296.197,77.586
315.900,stable,2,Inner,11,308.493,73.553,308.598,72.708
315.900,stable,2,Inner,12,320.912,63.582,320.929,62.631
315.900,stable,2,Inner,13,333.224,49.503,333.159,48.480
315.900,stable,2,Inner,14,345.322,34.242,345.217,33.187
315.900,stable,2,Inner,15,357.033,22.464,356.928,21.411
315.900,stable,2,Inner,16,368.907,14.380,368.792,13.314
315.900,stable,2,Inner,17,381.061,14.380,380.946,13.300
315.900,stable,2,Inner,18,393.214,14.380,393.100,13.302
315.900,stable,2,Patch2,1,368.907,10.349,368.792,9.283
315.900,stable,2,Patch2,2,381.061,10.349,380.946,9.268
315.900,stable,2,Patch2,3,393.214,10.349,393.100,9.270
315.900,stable,2,Patch3,1,186.608,10.349,186.671,9.600
315.900,stable,2,Patch3,2,198.762,10.349,198.824,9.718
315.900,stable,2,Patch3,3,210.915,10.349,210.976,9.782
315.900,stable,2,Patch4,1,211.968,96.300,213.203,93.677
315.900,stable,2,Patch4,2,224.001,108.348,224.819,106.124
315.900,stable,2,Patch4,3,235.531,117.659,236.042,115.803
315.900,stable,2,Patch4,4,247.396,125.986,247.656,124.475
315.900,stable,2,Patch4,5,259.328,130.868,259.463,129.650
315.900,stable,2,Patch4,6,271.463,132.793,271.561,131.797
315.900,stable,2,Patch4,7,283.785,133.242,283.876,132.389
315.900,stable,2,Patch4,8,296.038,133.242,296.127,132.454
315.900,stable,2,Patch4,9,308.359,132.793,308.447,131.992
315.900,stable,2,Patch4,10,320.494,130.868,320.565,129.968
315.900,stable,2,Patch4,11,332.426,125.986,332.422,124.908
315.900,stable,2,Patch4,12,344.291,117.659,344.122,116.354
315.900,stable,2,Patch4,13,355.821,108.348,355.452,106.802
315.900,stable,2,Patch4,14,367.854,96.300,367.222,94.501
315.900,stable,3,Outer,1,125.925,55.289,126.082,55.015
315.900,stable,3,Outer,2,136.184,55.289,136.330,54.551
315.900,stable,3,Outer,3,146.442,55.289,146.579,54.088
315.900,stable,3,Outer,4,156.701,55.312,156.948,53.596
315.900,stable,3,Outer,5,166.853,55.906,167.118,53.536
315.900,stable,3,Outer,6,176.432,60.600,177.041,57.454
315.900,stable,3,Outer,7,186.279,69.578,187.611,65.569
315.900,stable,3,Outer,8,196.021,82.377,198.175,77.700
315.900,stable,3,Outer,9,205.598,97.285,208.003,92.443
315.900,stable,3,Outer,10,215.299,109.979,217.178,105.520
315.900,stable,3,Outer,11,225.579,120.488,226.624,116.783
315.900,stable,3,Outer,12,236.336,128.994,236.644,126.143
315.900,stable,3,Outer,13,247.507,134.127,247.466,131.970
315.900,stable,3,Outer,14,258.470,135.642,258.371,133.851
315.900,stable,3,Outer,15,269.279,136.054,269.176,134.318
315.900,stable,3,Outer,16,280.071,136.054,279.963,134.121
315.900,stable,3,Outer,17,290.880,135.642,290.749,133.325
315.900,stable,3,Outer,18,301.843,134.127,301.629,131.316
315.900,stable,3,Outer,19,313.014,128.994,312.553,125.686
315.900,stable,3,Outer,20,323.771,120.488,323.010,116.819
315.900,stable,3,Outer,21,334.051,109.979,333.115,106.146
315.900,stable,3,Outer,22,343.752,97.285,342.845,93.475
315.900,stable,3,Outer,23,353.329,82.377,352.652,78.719
315.900,stable,3,Outer,24,363.071,69.578,362.757,66.207
315.900,stable,3,Outer,25,372.918,60.600,372.909,57.580
315.900,stable,3,Outer,26,382.497,55.906,382.645,53.230
315.900,stable,3,Outer,27,392.649,55.312,392.806,52.935
315.900,stable,3,Outer,28,402.908,55.289,403.103,53.098
315.900,stable,3,Outer,29,413.166,55.289,413.360,53.273
315.900,stable,3,Outer,30,423.425,55.289,423.617,53.461
315.900,stable,3,Plate,1,125.925,52.825,126.082,52.551
315.900,stable,3,Plate,2,136.184,52.825,136.330,52.086
315.900,stable,3,Plate,3,146.442,52.825,146.579,51.623
315.900,stable,3,Plate,4,156.714,44.118,156.542,42.562
315.900,stable,3,Plate,5,167.104,32.311,166.803,30.642
315.900,stable,3,Plate,6,177.231,20.040,177.079,18.494
315.900,stable,3,Plate,7,187.477,11.002,187.511,9.671
315.900,stable,3,Plate,8,197.735,11.002,197.769,9.838
315.900,stable,3,Plate,9,207.994,11.002,208.027,9.959
315.900,stable,3,Plate,10,218.253,11.002,218.286,10.056
315.900,stable,3,Plate,11,228.623,13.554,228.641,12.675
315.900,stable,3,Plate,12,238.582,17.756,238.592,16.896
315.900,stable,3,Plate,13,248.928,20.676,248.941,19.809
315.900,stable,3,Plate,14,259.272,21.407,259.287,20.523
315.900,stable,3,Plate,15,269.548,21.486,269.563,20.573
315.900,stable,3,Plate,16,279.802,21.486,279.818,20.525
315.900,stable,3,Plate,17,290.078,21.407,290.093,20.375
315.900,stable,3,Plate,18,300.422,20.676,300.430,19.547
315.900,stable,3,Plate,19,310.768,17.756,310.742,16.507
315.900,stable,3,Plate,20,320.727,13.554,320.644,12.174
315.900,stable,3,Plate,21,331.097,11.002,330.981,9.487
315.900,stable,3,Plate,22,341.356,11.002,341.240,9.366
315.900,stable,3,Plate,23,351.615,11.002,351.498,9.230
315.900,stable,3,Plate,24,361.873,11.002,361.757,9.084
315.900,stable,3,Plate,25,372.119,20.040,372.136,17.971
315.900,stable,3,Plate,26,382.246,32.311,382.413,30.121
315.900,stable,3,Plate,27,392.636,44.118,392.876,41.868
315.900,stable,3,Plate,28,402.908,52.825,403.103,50.634
315.900,stable,3,Plate,29,413.166,52.825,413.360,50.808
315.900,stable,3,Plate,30,423.425,52.825,423.617,50.997
315.900,stable,3,Inner,1,187.477,13.466,187.511,12.135
315.900,stable,3,Inner,2,197.735,13.466,197.769,12.303
315.900,stable,3,Inner,3,207.994,13.466,208.027,12.423
315.900,stable,3,Inner,4,218.065,22.629,218.068,21.611
315.900,stable,3,Inner,5,227.955,35.554,228.013,34.493
315.900,stable,3,Inner,6,238.006,51.396,238.141,50.284
315.900,stable,3,Inner,7,248.213,64.987,248.391,63.842
315.900,stable,3,Inner,8,258.686,74.658,258.891,73.483
315.900,stable,3,Inner,9,269.387,78.923,269.611,77.701
315.900,stable,3,Inner,10,279.963,78.923,280.187,77.629
315.900,stable,3,Inner,11,290.664,74.658,290.852,73.278
315.900,stable,3,Inner,12,301.137,64.987,301.253,63.531
315.900,stable,3,Inner,13,311.344,51.396,311.392,49.890
315.900,stable,3,Inner,14,321.395,35.554,321.397,34.019
315.900,stable,3,Inner,15,331.285,22.629,331.255,21.068
315.900,stable,3,Inner,16,341.356,13.466,341.240,11.831
315.900,stable,3,Inner,17,351.615,13.466,351.498,11.695
315.900,stable,3,Inner,18,361.873,13.466,361.757,11.548
315.900,stable,3,Patch2,1,341.356,9.435,341.240,7.799
315.900,stable,3,Patch2,2,351.615,9.435,351.498,7.663
315.900,stable,3,Patch2,3,361.873,9.435,361.757,7.517
315.900,stable,3,Patch3,1,187.477,9.436,187.511,8.104
315.900,stable,3,Patch3,2,197.735,9.436,197.769,8.272
315.900,stable,3,Patch3,3,207.994,9.436,208.027,8.392
315.900,stable,4,Outer,1,134.356,52.895,134.347,52.243
315.900,stable,4,Outer,2,143.244,52.895,143.211,51.577
315.900,stable,4,Outer,3,152.133,52.895,152.074,50.912
315.900,stable,4,Outer,4,161.022,52.930,161.146,50.159
315.900,stable,4,Outer,5,169.798,53.466,169.928,49.754
315.900,stable,4,Outer,6,177.971,57.810,178.536,53.154
315.900,stable,4,Outer,7,186.431,66.673,187.819,61.148
315.900,stable,4,Outer,8,194.685,79.140,196.752,73.134
315.900,stable,4,Outer,9,202.936,94.258,204.914,88.297
315.900,stable,4,Outer,10,211.425,107.455,212.697,101.919
315.900,stable,4,Outer,11,220.269,117.444,220.846,112.481
315.900,stable,4,Outer,12,229.785,125.140,229.893,120.722
315.900,stable,4,Outer,13,239.572,129.567,239.502,125.521
315.900,stable,4,Outer,14,249.075,130.767,248.983,126.880
315.900,stable,4,Outer,15,258.526,131.041,258.435,127.143
315.900,stable,4,Outer,16,267.963,131.041,267.871,126.995
315.900,stable,4,Outer,17,277.414,130.767,277.311,126.475
315.900,stable,4,Outer,18,286.917,129.567,286.769,124.968
315.900,stable,4,Outer,19,296.703,125.140,296.396,120.211
315.900,stable,4,Outer,20,306.220,117.444,305.677,112.238
315.900,stable,4,Outer,21,315.064,107.455,314.337,102.093
315.900,stable,4,Outer,22,323.553,94.258,322.775,88.867
315.900,stable,4,Outer,23,331.804,79.140,331.166,73.830
315.900,stable,4,Outer,24,340.058,66.673,339.827,61.647
315.900,stable,4,Outer,25,348.518,57.810,348.732,53.238
315.900,stable,4,Outer,26,356.691,53.466,357.154,49.410
315.900,stable,4,Outer,27,365.467,52.930,365.942,49.386
315.900,stable,4,Outer,28,374.356,52.895,374.917,49.703
315.900,stable,4,Outer,29,383.244,52.895,383.802,49.969
315.900,stable,4,Outer,30,392.133,52.895,392.686,50.246
315.900,stable,4,Plate,1,134.356,50.431,134.347,49.779
315.900,stable,4,Plate,2,143.244,50.431,143.211,49.113
315.900,stable,4,Plate,3,152.133,50.431,152.074,48.448
315.900,stable,4,Plate,4,161.165,41.997,160.673,39.574
315.900,stable,4,Plate,5,170.169,30.733,169.642,28.282
315.900,stable,4,Plate,6,178.883,18.942,178.644,16.709
315.900,stable,4,Plate,7,187.689,10.528,187.702,8.566
315.900,stable,4,Plate,8,196.578,10.528,196.589,8.776
315.900,stable,4,Plate,9,205.467,10.528,205.477,8.931
315.900,stable,4,Plate,10,214.356,10.528,214.365,9.023
315.900,stable,4,Plate,11,223.367,12.884,223.369,11.412
315.900,stable,4,Plate,12,231.986,17.106,231.996,15.617
315.900,stable,4,Plate,13,241.018,19.893,241.040,18.366
315.900,stable,4,Plate,14,249.946,20.173,249.969,18.608
315.900,stable,4,Plate,15,258.814,20.049,258.837,18.450
315.900,stable,4,Plate,16,267.675,20.049,267.698,18.414
315.900,stable,4,Plate,17,276.542,20.173,276.566,18.497
315.900,stable,4,Plate,18,285.471,19.893,285.492,18.167
315.900,stable,4,Plate,19,294.503,17.106,294.504,15.313
315.900,stable,4,Plate,20,303.122,12.884,303.081,11.007
315.900,stable,4,Plate,21,312.133,10.528,312.061,8.533
315.900,stable,4,Plate,22,321.022,10.528,320.948,8.374
315.900,stable,4,Plate,23,329.911,10.528,329.835,8.148
315.900,stable,4,Plate,24,338.800,10.528,338.720,7.882
315.900,stable,4,Plate,25,347.606,18.942,347.786,16.017
315.900,stable,4,Plate,26,356.320,30.733,356.804,27.578
315.900,stable,4,Plate,27,365.324,41.997,365.967,38.715
315.900,stable,4,Plate,28,374.356,50.431,374.917,47.238
315.900,stable,4,Plate,29,383.244,50.431,383.802,47.505
315.900,stable,4,Plate,30,392.133,50.431,392.686,47.782
315.900,stable,4,Inner,1,187.689,12.992,187.702,11.030
315.900,stable,4,Inner,2,196.578,12.992,196.589,11.240
315.900,stable,4,Inner,3,205.467,12.992,205.477,11.395
315.900,stable,4,Inner,4,214.071,21.972,213.996,20.439
315.900,stable,4,Inner,5,222.646,34.962,222.596,33.412
315.900,stable,4,Inner,6,231.167,50.669,231.226,49.060
315.900,stable,4,Inner,7,239.966,63.790,240.129,62.110
315.900,stable,4,Inner,8,249.081,73.146,249.314,71.398
315.900,stable,4,Inner,9,258.542,77.247,258.805,75.431
315.900,stable,4,Inner,10,267.947,77.247,268.209,75.370
315.900,stable,4,Inner,11,277.408,73.146,277.649,71.222
315.900,stable,4,Inner,12,286.523,63.790,286.740,61.842
315.900,stable,4,Inner,13,295.322,50.669,295.528,48.714
315.900,stable,4,Inner,14,303.843,34.962,304.022,32.991
315.900,stable,4,Inner,15,312.418,21.972,312.519,19.949
315.900,stable,4,Inner,16,321.022,12.992,320.948,10.838
315.900,stable,4,Inner,17,329.911,12.992,329.835,10.613
315.900,stable,4,Inner,18,338.800,12.992,338.720,10.346
315.900,stable,4,Patch2,1,321.022,8.960,320.948,6.807
315.900,stable,4,Patch2,2,329.911,8.960,329.835,6.581
315.900,stable,4,Patch2,3,338.800,8.960,338.720,6.315
315.900,stable,4,Patch3,1,187.689,8.961,187.702,6.999
315.900,stable,4,Patch3,2,196.578,8.961,196.589,7.210
315.900,stable,4,Patch3,3,205.467,8.961,205.477,7.364
315.900,stable,5,Outer,1,139.231,50.583,138.930,49.256
315.900,stable,5,Outer,2,147.240,50.583,146.901,48.489
315.900,stable,5,Outer,3,155.250,50.583,154.873,47.724
315.900,stable,5,Outer,4,163.259,50.590,163.108,46.813
315.900,stable,5,Outer,5,171.156,51.029,170.992,46.219
315.900,stable,5,Outer,6,178.442,54.693,178.676,48.945
315.900,stable,5,Outer,7,185.991,62.770,186.941,56.284
315.900,stable,5,Outer,8,193.391,74.459,194.745,67.704
315.900,stable,5,Outer,9,200.785,88.877,201.816,82.282
315.900,stable,5,Outer,10,208.546,101.631,208.944,95.397
315.900,stable,5,Outer,11,216.606,111.225,216.586,105.322
315.900,stable,5,Outer,12,225.335,118.356,225.174,112.618
315.900,stable,5,Outer,13,234.192,122.123,234.051,116.332
315.900,stable,5,Outer,14,242.699,123.045,242.574,117.075
315.900,stable,5,Outer,15,251.146,123.226,251.020,117.059
315.900,stable,5,Outer,16,259.593,123.226,259.462,116.915
315.900,stable,5,Outer,17,268.040,123.045,267.904,116.665
315.900,stable,5,Outer,18,276.547,122.123,276.405,115.719
315.900,stable,5,Outer,19,285.404,118.356,285.244,111.918
315.900,stable,5,Outer,20,294.133,111.225,293.908,104.716
315.900,stable,5,Outer,21,302.192,101.631,301.869,95.046
315.900,stable,5,Outer,22,309.953,88.877,309.530,82.237
315.900,stable,5,Outer,23,317.348,74.459,316.934,67.828
315.900,stable,5,Outer,24,324.748,62.770,324.702,56.385
315.900,stable,5,Outer,25,332.297,54.693,332.759,48.821
315.900,stable,5,Outer,26,339.583,51.029,340.332,45.805
315.900,stable,5,Outer,27,347.480,50.590,348.233,46.061
315.900,stable,5,Outer,28,355.489,50.583,356.385,46.591
315.900,stable,5,Outer,29,363.499,50.583,364.384,46.996
315.900,stable,5,Outer,30,371.508,50.583,372.383,47.406
315.900,stable,5,Plate,1,139.231,48.119,138.930,46.792
315.900,stable,5,Plate,2,147.240,48.119,146.901,46.025
315.900,stable,5,Plate,3,155.250,48.119,154.873,45.260
315.900,stable,5,Plate,4,163.353,40.122,162.544,36.853
315.900,stable,5,Plate,5,171.459,29.444,170.763,26.264
315.900,stable,5,Plate,6,179.280,18.227,178.987,15.340
315.900,stable,5,Plate,7,187.288,10.680,187.279,8.106
315.900,stable,5,Plate,8,195.298,10.680,195.285,8.345
315.900,stable,5,Plate,9,203.307,10.680,203.293,8.521
315.900,stable,5,Plate,10,211.317,10.680,211.303,8.615
315.900,stable,5,Plate,11,219.406,12.553,219.390,10.499
315.900,stable,5,Plate,12,227.186,16.545,227.194,14.446
315.900,stable,5,Plate,13,235.334,18.997,235.361,16.833
315.900,stable,5,Plate,14,243.388,18.963,243.416,16.746
315.900,stable,5,Plate,15,251.376,18.674,251.404,16.418
315.900,stable,5,Plate,16,259.363,18.674,259.390,16.388
315.900,stable,5,Plate,17,267.351,18.963,267.380,16.654
315.900,stable,5,Plate,18,275.405,18.997,275.435,16.674
315.900,stable,5,Plate,19,283.553,16.545,283.580,14.212
315.900,stable,5,Plate,20,291.333,12.553,291.345,10.188
315.900,stable,5,Plate,21,299.422,10.680,299.412,8.220
315.900,stable,5,Plate,22,307.432,10.680,307.421,8.043
315.900,stable,5,Plate,23,315.441,10.680,315.427,7.784
315.900,stable,5,Plate,24,323.451,10.680,323.430,7.466
315.900,stable,5,Plate,25,331.459,18.227,331.774,14.641
315.900,stable,5,Plate,26,339.280,29.444,340.055,25.522
315.900,stable,5,Plate,27,347.386,40.122,348.406,36.008
315.900,stable,5,Plate,28,355.489,48.119,356.385,44.127
315.900,stable,5,Plate,29,363.499,48.119,364.384,44.532
315.900,stable,5,Plate,30,371.508,48.119,372.383,44.942
315.900,stable,5,Inner,1,187.288,13.144,187.279,10.570
315.900,stable,5,Inner,2,195.298,13.144,195.285,10.809
315.900,stable,5,Inner,3,203.307,13.144,203.293,10.985
315.900,stable,5,Inner,4,211.019,20.775,210.891,18.703
315.900,stable,5,Inner,5,218.700,32.823,218.571,30.752
315.900,stable,5,Inner,6,226.287,47.873,226.278,45.741
315.900,stable,5,Inner,7,234.161,60.570,234.293,58.349
315.900,stable,5,Inner,8,242.456,69.396,242.680,67.088
315.900,stable,5,Inner,9,251.070,73.216,251.327,70.833
315.900,stable,5,Inner,10,259.669,73.216,259.926,70.784
315.900,stable,5,Inner,11,268.283,69.396,268.532,66.945
315.900,stable,5,Inner,12,276.577,60.570,276.837,58.129
315.900,stable,5,Inner,13,284.452,47.873,284.747,45.454
315.900,stable,5,Inner,14,292.039,32.823,292.333,30.404
315.900,stable,5,Inner,15,299.720,20.775,299.917,18.295
315.900,stable,5,Inner,16,307.432,13.144,307.421,10.508
315.900,stable,5,Inner,17,315.441,13.144,315.427,10.248
315.900,stable,5,Inner,18,323.451,13.144,323.430,9.930
315.900,stable,5,Patch2,1,307.432,9.113,307.421,6.476
315.900,stable,5,Patch2,2,315.441,9.113,315.427,6.217
315.900,stable,5,Patch2,3,323.451,9.113,323.430,5.899
315.900,stable,5,Patch3,1,187.288,9.113,187.279,6.539
315.900,stable,5,Patch3,2,195.298,9.113,195.285,6.778
315.900,stable,5,Patch3,3,203.307,9.113,203.293,6.955
315.900,stable,5,Patch4,1,203.773,86.983,203.625,70.531
315.900,stable,5,Patch4,2,211.281,96.878,211.175,80.388
315.900,stable,5,Patch4,3,218.935,105.036,218.864,88.509
315.900,stable,5,Patch4,4,226.845,111.238,226.801,94.674
315.900,stable,5,Patch4,5,235.042,114.695,235.012,98.094
315.900,stable,5,Patch4,6,243.299,115.481,243.273,98.844
315.900,stable,5,Patch4,7,251.419,115.459,251.393,98.786
315.900,stable,5,Patch4,8,259.320,115.459,259.293,98.752
315.900,stable,5,Patch4,9,267.439,115.481,267.413,98.738
315.900,stable,5,Patch4,10,275.697,114.695,275.667,97.917
315.900,stable,5,Patch4,11,283.893,111.238,283.848,94.425
315.900,stable,5,Patch4,12,291.804,105.036,291.732,88.191
315.900,stable,5,Patch4,13,299.458,96.878,299.350,80.004
315.900,stable,5,Patch4,14,306.966,86.983,306.814,70.082
315.900,stable,6,Outer,1,140.800,48.303,140.213,46.325
315.900,stable,6,Outer,2,148.386,48.303,147.751,45.489
315.900,stable,6,Outer,3,155.972,48.303,155.289,44.654
315.900,stable,6,Outer,4,163.559,48.311,163.128,43.666
315.900,stable,6,Outer,5,171.044,48.759,170.598,43.030
315.900,stable,6,Outer,6,177.980,52.470,177.959,45.795
315.900,stable,6,Outer,7,185.111,60.492,185.755,53.168
315.900,stable,6,Outer,8,192.148,71.869,192.967,64.431
315.900,stable,6,Outer,9,199.159,85.612,199.462,78.420
315.900,stable,6,Outer,10,206.533,97.629,206.289,90.749
315.900,stable,6,Outer,11,214.282,106.732,213.872,99.982
315.900,stable,6,Outer,12,222.564,113.316,222.281,106.392
315.900,stable,6,Outer,13,230.837,116.566,230.701,109.222
315.900,stable,6,Outer,14,238.842,117.305,238.730,109.490
315.900,stable,6,Outer,15,246.809,117.432,246.690,109.267
315.900,stable,6,Outer,16,254.791,117.432,254.665,109.150
315.900,stable,6,Outer,17,262.758,117.305,262.628,109.150
315.900,stable,6,Outer,18,270.763,116.566,270.649,108.693
315.900,stable,6,Outer,19,279.036,113.316,279.023,105.732
315.900,stable,6,Outer,20,287.318,106.732,287.410,99.296
315.900,stable,6,Outer,21,295.067,97.629,295.110,90.161
315.900,stable,6,Outer,22,302.441,85.612,302.247,78.012
315.900,stable,6,Outer,23,309.452,71.869,309.090,64.191
315.900,stable,6,Outer,24,316.489,60.492,316.425,53.007
315.900,stable,6,Outer,25,323.620,52.470,324.139,45.549
315.900,stable,6,Outer,26,330.556,48.759,331.430,42.605
315.900,stable,6,Outer,27,338.041,48.311,338.916,43.009
315.900,stable,6,Outer,28,345.628,48.303,346.700,43.726
315.900,stable,6,Outer,29,353.214,48.303,354.263,44.301
315.900,stable,6,Outer,30,360.800,48.303,361.827,44.877
315.900,stable,6,Plate,1,140.800,45.839,140.213,43.861
315.900,stable,6,Plate,2,148.386,45.839,147.751,43.025
315.900,stable,6,Plate,3,155.972,45.839,155.289,42.190
315.900,stable,6,Plate,4,163.654,38.045,162.579,34.037
315.900,stable,6,Plate,5,171.343,27.651,170.522,23.839
315.900,stable,6,Plate,6,178.725,17.265,178.395,13.821
315.900,stable,6,Plate,7,186.317,10.369,186.296,7.281
315.900,stable,6,Plate,8,193.903,10.369,193.878,7.542
315.900,stable,6,Plate,9,201.490,10.369,201.462,7.733
315.900,stable,6,Plate,10,209.076,10.369,209.049,7.834
315.900,stable,6,Plate,11,216.709,12.191,216.681,9.664
315.900,stable,6,Plate,12,224.137,15.878,224.138,13.294
315.900,stable,6,Plate,13,231.834,18.101,231.857,15.441
315.900,stable,6,Plate,14,239.448,17.973,239.471,15.254
315.900,stable,6,Plate,15,247.013,17.623,247.035,14.863
315.900,stable,6,Plate,16,254.587,17.623,254.609,14.833
315.900,stable,6,Plate,17,262.152,17.973,262.176,15.165
315.900,stable,6,Plate,18,269.766,18.101,269.791,15.292
315.900,stable,6,Plate,19,277.463,15.878,277.494,13.082
315.900,stable,6,Plate,20,284.891,12.191,284.919,9.388
315.900,stable,6,Plate,21,292.524,10.369,292.534,7.488
315.900,stable,6,Plate,22,300.110,10.369,300.120,7.314
315.900,stable,6,Plate,23,307.697,10.369,307.702,7.051
315.900,stable,6,Plate,24,315.283,10.369,315.282,6.719
315.900,stable,6,Plate,25,322.875,17.265,323.241,13.189
315.900,stable,6,Plate,26,330.257,27.651,331.193,23.145
315.900,stable,6,Plate,27,337.946,38.045,339.228,33.271
315.900,stable,6,Plate,28,345.628,45.839,346.700,41.262
315.900,stable,6,Plate,29,353.214,45.839,354.263,41.837
315.900,stable,6,Plate,30,360.800,45.839,361.827,42.413
315.900,stable,6,Inner,1,186.317,12.833,186.296,9.745
315.900,stable,6,Inner,2,193.903,12.833,193.878,10.006
315.900,stable,6,Inner,3,201.490,12.833,201.462,10.197
315.900,stable,6,Inner,4,208.823,20.472,208.664,17.931
315.900,stable,6,Inner,5,216.119,32.216,215.954,29.680
315.900,stable,6,Inner,6,223.263,46.799,223.227,44.200
315.900,stable,6,Inner,7,230.709,59.201,230.826,56.508
315.900,stable,6,Inner,8,238.590,67.321,238.799,64.539
315.900,stable,6,Inner,9,246.762,70.662,246.998,67.812
315.900,stable,6,Inner,10,254.838,70.662,255.075,67.772
315.900,stable,6,Inner,11,263.010,67.321,263.242,64.421
315.900,stable,6,Inner,12,270.891,59.201,271.146,56.322
315.900,stable,6,Inner,13,278.337,46.799,278.649,43.955
315.900,stable,6,Inner,14,285.481,32.216,285.814,29.382
315.900,stable,6,Inner,15,292.777,20.472,293.010,17.576
315.900,stable,6,Inner,16,300.110,12.833,300.120,9.778
315.900,stable,6,Inner,17,307.697,12.833,307.702,9.515
315.900,stable,6,Inner,18,315.283,12.833,315.282,9.184
315.900,stable,6,Patch2,1,300.110,8.802,300.120,5.747
315.900,stable,6,Patch2,2,307.697,8.802,307.702,5.484
315.900,stable,6,Patch2,3,315.283,8.802,315.282,5.152
315.900,stable,6,Patch3,1,186.317,8.802,186.296,5.714
315.900,stable,6,Patch3,2,193.903,8.802,193.878,5.975
315.900,stable,6,Patch3,3,201.490,8.802,201.462,6.166
315.900,stable,6,Patch4,1,202.050,83.389,201.912,68.972
315.900,stable,6,Patch4,2,209.220,93.060,209.122,78.609
315.900,stable,6,Patch4,3,216.438,100.364,216.370,85.879
315.900,stable,6,Patch4,4,223.835,105.993,223.790,91.474
315.900,stable,6,Patch4,5,231.519,109.222,231.488,94.669
315.900,stable,6,Patch4,6,239.300,109.861,239.272,95.274
315.900,stable,6,Patch4,7,247.033,109.923,247.005,95.303
315.900,stable,6,Patch4,8,254.567,109.923,254.538,95.271
315.900,stable,6,Patch4,9,262.300,109.861,262.271,95.175
315.900,stable,6,Patch4,10,270.081,109.222,270.049,94.504
315.900,stable,6,Patch4,11,277.765,105.993,277.720,91.243
315.900,stable,6,Patch4,12,285.162,100.364,285.091,85.585
315.900,stable,6,Patch4,13,292.380,93.060,292.278,78.252
315.900,stable,6,Patch4,14,299.550,83.389,299.405,68.554
315.900,stable,7,Outer,1,140.800,45.954,139.995,43.471
315.900,stable,7,Outer,2,148.179,45.954,147.321,42.604
315.900,stable,7,Outer,3,155.559,45.954,154.647,41.738
315.900,stable,7,Outer,4,162.938,45.996,162.295,40.758
315.900,stable,7,Outer,5,170.236,46.502,169.584,40.164
315.900,stable,7,Outer,6,177.078,50.601,176.916,43.295
315.900,stable,7,Outer,7,184.022,58.912,184.554,50.966
315.900,stable,7,Outer,8,190.935,70.418,191.636,62.363
315.900,stable,7,Outer,9,197.805,83.736,198.041,75.904
315.900,stable,7,Outer,10,204.911,95.040,204.724,87.456
315.900,stable,7,Outer,11,212.547,103.832,212.262,96.325
315.900,stable,7,Outer,12,220.586,109.847,220.413,102.180
315.900,stable,7,Outer,13,228.504,112.543,228.427,104.568
315.900,stable,7,Outer,14,236.231,113.073,236.166,104.771
315.900,stable,7,Outer,15,243.939,113.130,243.870,104.587
315.900,stable,7,Outer,16,251.661,113.130,251.588,104.496
315.900,stable,7,Outer,17,259.369,113.073,259.294,104.508
315.900,stable,7,Outer,18,267.096,112.543,267.027,104.152
315.900,stable,7,Outer,19,275.014,109.847,275.004,101.643
315.900,stable,7,Outer,20,283.053,103.832,283.112,95.728
315.900,stable,7,Outer,21,290.689,95.040,290.681,86.884
315.900,stable,7,Outer,22,297.795,83.736,297.521,75.426
315.900,stable,7,Outer,23,304.665,70.418,304.152,61.995
315.900,stable,7,Outer,24,311.578,58.912,311.349,50.670
315.900,stable,7,Outer,25,318.522,50.601,318.958,42.971
315.900,stable,7,Outer,26,325.364,46.502,326.247,39.739
315.900,stable,7,Outer,27,332.662,45.996,333.547,40.190
315.900,stable,7,Outer,28,340.041,45.954,341.161,40.999
315.900,stable,7,Outer,29,347.421,45.954,348.506,41.700
315.900,stable,7,Outer,30,354.800,45.954,355.851,42.402
315.900,stable,7,Plate,1,140.800,43.490,139.995,41.007
315.900,stable,7,Plate,2,148.179,43.490,147.321,40.139
315.900,stable,7,Plate,3,155.559,43.490,154.647,39.273
315.900,stable,7,Plate,4,163.078,35.864,161.865,31.369
315.900,stable,7,Plate,5,170.565,25.613,169.707,21.388
315.900,stable,7,Plate,6,177.726,16.091,177.384,12.278
315.900,stable,7,Plate,7,185.076,9.485,185.057,6.050
315.900,stable,7,Plate,8,192.455,9.485,192.431,6.327
315.900,stable,7,Plate,9,199.834,9.485,199.808,6.528
315.900,stable,7,Plate,10,207.214,9.485,207.186,6.638
315.900,stable,7,Plate,11,214.614,11.430,214.582,8.602
315.900,stable,7,Plate,12,221.917,14.890,221.907,12.017
315.900,stable,7,Plate,13,229.396,16.811,229.403,13.877
315.900,stable,7,Plate,14,236.774,16.676,236.781,13.695
315.900,stable,7,Plate,15,244.121,16.365,244.128,13.350
315.900,stable,7,Plate,16,251.479,16.365,251.487,13.322
315.900,stable,7,Plate,17,258.826,16.676,258.836,13.611
315.900,stable,7,Plate,18,266.204,16.811,266.215,13.736
315.900,stable,7,Plate,19,273.683,14.890,273.696,11.815
315.900,stable,7,Plate,20,280.986,11.430,280.992,8.338
315.900,stable,7,Plate,21,288.386,9.485,288.371,6.313
315.900,stable,7,Plate,22,295.766,9.485,295.749,6.143
315.900,stable,7,Plate,23,303.145,9.485,303.123,5.881
315.900,stable,7,Plate,24,310.524,9.485,310.495,5.546
315.900,stable,7,Plate,25,317.874,16.091,318.212,11.719
315.900,stable,7,Plate,26,325.035,25.613,325.942,20.785
315.900,stable,7,Plate,27,332.522,35.864,333.840,30.722
315.900,stable,7,Plate,28,340.041,43.490,341.161,38.535
315.900,stable,7,Plate,29,347.421,43.490,348.506,39.236
315.900,stable,7,Plate,30,354.800,43.490,355.851,39.937
315.900,stable,7,Inner,1,185.076,11.949,185.057,8.514
315.900,stable,7,Inner,2,192.455,11.949,192.431,8.791
315.900,stable,7,Inner,3,199.834,11.949,199.808,8.993
315.900,stable,7,Inner,4,207.020,20.143,206.843,17.287
315.900,stable,7,Inner,5,214.142,31.992,213.958,29.140
315.900,stable,7,Inner,6,221.068,46.395,221.016,43.480
315.900,stable,7,Inner,7,228.320,58.606,228.422,55.598
315.900,stable,7,Inner,8,235.982,66.306,236.169,63.213
315.900,stable,7,Inner,9,243.897,69.252,244.107,66.098
315.900,stable,7,Inner,10,251.703,69.252,251.913,66.063
315.900,stable,7,Inner,11,259.618,66.306,259.826,63.110
315.900,stable,7,Inner,12,267.280,58.606,267.510,55.431
315.900,stable,7,Inner,13,274.532,46.395,274.819,43.254
315.900,stable,7,Inner,14,281.458,31.992,281.769,28.862
315.900,stable,7,Inner,15,288.580,20.143,288.796,16.956
315.900,stable,7,Inner,16,295.766,11.949,295.749,8.607
315.900,stable,7,Inner,17,303.145,11.949,303.123,8.345
315.900,stable,7,Inner,18,310.524,11.949,310.495,8.010
315.900,stable,7,Patch2,1,295.766,7.918,295.749,4.576
315.900,stable,7,Patch2,2,303.145,7.918,303.123,4.314
315.900,stable,7,Patch2,3,310.524,7.918,310.495,3.979
315.900,stable,7,Patch3,1,185.076,7.918,185.057,4.484
315.900,stable,7,Patch3,2,192.455,7.918,192.431,4.760
315.900,stable,7,Patch3,3,199.834,7.918,199.808,4.962
315.900,stable,7,Patch4,1,200.260,80.432,200.138,68.047
315.900,stable,7,Patch4,2,207.475,90.411,207.391,77.993
315.900,stable,7,Patch4,3,214.410,97.757,214.354,85.309
315.900,stable,7,Patch4,4,221.802,103.415,221.768,90.935
315.900,stable,7,Patch4,5,229.250,105.988,229.227,93.477
315.900,stable,7,Patch4,6,236.611,106.205,236.589,93.664
315.900,stable,7,Patch4,7,244.056,106.186,244.034,93.614
315.900,stable,7,Patch4,8,251.544,106.186,251.522,93.583
315.900,stable,7,Patch4,9,258.989,106.205,258.967,93.570
315.900,stable,7,Patch4,10,266.350,105.988,266.327,93.322
315.900,stable,7,Patch4,11,273.798,103.415,273.764,90.717
315.900,stable,7,Patch4,12,281.190,97.757,281.131,85.029
315.900,stable,7,Patch4,13,288.125,90.411,288.033,77.656
315.900,stable,7,Patch4,14,295.340,80.432,295.203,67.650
315.900,stable,8,Outer,1,140.800,43.924,139.930,41.188
315.900,stable,8,Outer,2,147.972,43.924,147.051,40.352
315.900,stable,8,Outer,3,155.145,43.924,154.172,39.515
315.900,stable,8,Outer,4,162.317,43.927,161.609,38.526
315.900,stable,8,Outer,5,169.423,44.390,168.701,37.913
315.900,stable,8,Outer,6,176.142,48.169,175.875,40.725
315.900,stable,8,Outer,7,182.888,56.052,183.329,47.935
315.900,stable,8,Outer,8,189.649,67.202,190.368,58.906
315.900,stable,8,Outer,9,196.363,79.659,196.719,71.543
315.900,stable,8,Outer,10,203.218,90.051,203.146,82.196
315.900,stable,8,Outer,11,210.667,98.241,210.448,90.508
315.900,stable,8,Outer,12,218.441,103.675,218.310,95.802
315.900,stable,8,Outer,13,226.079,105.997,226.037,97.787
315.900,stable,8,Outer,14,233.571,106.418,233.536,97.835
315.900,stable,8,Outer,15,241.055,106.449,241.011,97.597
315.900,stable,8,Outer,16,248.545,106.449,248.497,97.520
315.900,stable,8,Outer,17,256.029,106.418,255.975,97.610
315.900,stable,8,Outer,18,263.521,105.997,263.472,97.429
315.900,stable,8,Outer,19,271.159,103.675,271.170,95.334
315.900,stable,8,Outer,20,278.933,98.241,278.989,89.979
315.900,stable,8,Outer,21,286.382,90.051,286.301,81.674
315.900,stable,8,Outer,22,293.237,79.659,292.826,71.081
315.900,stable,8,Outer,23,299.951,67.202,299.320,58.517
315.900,stable,8,Outer,24,306.712,56.052,306.419,47.584
315.900,stable,8,Outer,25,313.458,48.169,313.849,40.350
315.900,stable,8,Outer,26,320.177,44.390,321.000,37.479
315.900,stable,8,Outer,27,327.283,43.927,328.099,38.018
315.900,stable,8,Outer,28,334.455,43.924,335.518,38.916
315.900,stable,8,Outer,29,341.628,43.924,342.650,39.662
315.900,stable,8,Outer,30,348.800,43.924,349.783,40.406
315.900,stable,8,Plate,1,140.800,41.459,139.930,38.723
315.900,stable,8,Plate,2,147.972,41.459,147.051,37.887
315.900,stable,8,Plate,3,155.145,41.459,154.172,37.050
315.900,stable,8,Plate,4,162.466,34.336,161.249,29.693
315.900,stable,8,Plate,5,169.751,24.669,168.899,20.315
315.900,stable,8,Plate,6,176.701,15.891,176.352,11.961
315.900,stable,8,Plate,7,183.834,9.845,183.796,6.300
315.900,stable,8,Plate,8,191.007,9.845,190.963,6.577
315.900,stable,8,Plate,9,198.179,9.845,198.134,6.778
315.900,stable,8,Plate,10,205.352,9.845,205.306,6.884
315.900,stable,8,Plate,11,212.526,11.670,212.479,8.719
315.900,stable,8,Plate,12,219.660,14.743,219.638,11.738
315.900,stable,8,Plate,13,226.927,16.409,226.921,13.336
315.900,stable,8,Plate,14,234.092,16.240,234.086,13.116
315.900,stable,8,Plate,15,241.226,15.949,241.220,12.789
315.900,stable,8,Plate,16,248.374,15.949,248.369,12.763
315.900,stable,8,Plate,17,255.508,16.240,255.505,13.037
315.900,stable,8,Plate,18,262.673,16.409,262.672,13.204
315.900,stable,8,Plate,19,269.940,14.743,269.943,11.551
315.900,stable,8,Plate,20,277.074,11.670,277.077,8.476
315.900,stable,8,Plate,21,284.248,9.845,284.236,6.588
315.900,stable,8,Plate,22,291.421,9.845,291.408,6.430
315.900,stable,8,Plate,23,298.593,9.845,298.577,6.179
315.900,stable,8,Plate,24,305.766,9.845,305.742,5.853
315.900,stable,8,Plate,25,312.899,15.891,313.219,11.471
315.900,stable,8,Plate,26,319.849,24.669,320.706,19.793
315.900,stable,8,Plate,27,327.134,34.336,328.390,29.143
315.900,stable,8,Plate,28,334.455,41.459,335.518,36.452
315.900,stable,8,Plate,29,341.628,41.459,342.650,37.198
315.900,stable,8,Plate,30,348.800,41.459,349.783,37.942
315.900,stable,8,Inner,1,183.834,12.309,183.796,8.765
315.900,stable,8,Inner,2,191.007,12.309,190.963,9.041
315.900,stable,8,Inner,3,198.179,12.309,198.134,9.242
315.900,stable,8,Inner,4,205.206,19.990,205.014,17.025
315.900,stable,8,Inner,5,212.126,31.298,211.926,28.338
315.900,stable,8,Inner,6,218.877,44.909,218.803,41.886
315.900,stable,8,Inner,7,225.964,56.366,226.037,53.251
315.900,stable,8,Inner,8,233.390,63.530,233.543,60.332
315.900,stable,8,Inner,9,241.025,66.240,241.198,62.983
315.900,stable,8,Inner,10,248.575,66.240,248.749,62.952
315.900,stable,8,Inner,11,256.210,63.530,256.382,60.239
315.900,stable,8,Inner,12,263.636,56.366,263.831,53.098
315.900,stable,8,Inner,13,270.723,44.909,270.979,41.679
315.900,stable,8,Inner,14,277.474,31.298,277.761,28.083
315.900,stable,8,Inner,15,284.394,19.990,284.597,16.723
315.900,stable,8,Inner,16,291.421,12.309,291.408,8.894
315.900,stable,8,Inner,17,298.593,12.309,298.577,8.643
315.900,stable,8,Inner,18,305.766,12.309,305.742,8.317
315.900,stable,8,Patch2,1,291.421,8.278,291.408,4.863
315.900,stable,8,Patch2,2,298.593,8.278,298.577,4.612
315.900,stable,8,Patch2,3,305.766,8.278,305.742,4.286
315.900,stable,8,Patch3,1,183.834,8.278,183.796,4.734
315.900,stable,8,Patch3,2,191.007,8.278,190.963,5.011
315.900,stable,8,Patch3,3,198.179,8.278,198.134,5.212
315.900,stable,8,Patch4,1,198.827,77.188,198.733,66.821
315.900,stable,8,Patch4,2,205.781,86.254,205.714,75.862
315.900,stable,8,Patch4,3,212.610,93.074,212.563,82.658
315.900,stable,8,Patch4,4,219.744,97.831,219.711,87.391
315.900,stable,8,Patch4,5,226.949,100.113,226.924,89.647
315.900,stable,8,Patch4,6,234.088,100.289,234.063,89.798
315.900,stable,8,Patch4,7,241.256,100.235,241.231,89.716
315.900,stable,8,Patch4,8,248.344,100.235,248.319,89.687
315.900,stable,8,Patch4,9,255.512,100.289,255.487,89.711
315.900,stable,8,Patch4,10,262.651,100.113,262.625,89.503
315.900,stable,8,Patch4,11,269.856,97.831,269.820,87.189
315.900,stable,8,Patch4,12,276.989,93.074,276.930,82.399
315.900,stable,8,Patch4,13,283.819,86.254,283.725,75.548
315.900,stable,8,Patch4,14,290.773,77.188,290.634,66.452
315.900,stable,9,Outer,1,140.800,41.821,139.952,39.002
315.900,stable,9,Outer,2,147.766,41.821,146.877,38.275
315.900,stable,9,Outer,3,154.731,41.821,153.803,37.546
315.900,stable,9,Outer,4,161.697,41.822,161.017,36.667
315.900,stable,9,Outer,5,168.609,42.268,167.922,36.132
315.900,stable,9,Outer,6,175.208,45.875,174.939,38.826
315.900,stable,9,Outer,7,181.788,53.270,182.199,45.549
315.900,stable,9,Outer,8,188.390,63.898,189.160,55.939
315.900,stable,9,Outer,9,194.949,75.960,195.443,68.139
315.900,stable,9,Outer,10,201.645,85.927,201.729,78.361
315.900,stable,9,Outer,11,208.805,93.528,208.710,86.116
315.900,stable,9,Outer,12,216.285,98.376,216.227,90.895
315.900,stable,9,Outer,13,223.660,100.324,223.658,92.595
315.900,stable,9,Outer,14,230.917,100.656,230.918,92.629
315.900,stable,9,Outer,15,238.170,100.670,238.163,92.424
315.900,stable,9,Outer,16,245.430,100.670,245.418,92.363
315.900,stable,9,Outer,17,252.682,100.656,252.665,92.451
315.900,stable,9,Outer,18,259.940,100.324,259.925,92.312
315.900,stable,9,Outer,19,267.315,98.376,267.336,90.529
315.900,stable,9,Outer,20,274.795,93.528,274.821,85.700
315.900,stable,9,Outer,21,281.955,85.927,281.801,77.943
315.900,stable,9,Outer,22,288.651,75.960,288.143,67.756
315.900,stable,9,Outer,23,295.210,63.898,294.501,55.594
315.900,stable,9,Outer,24,301.812,53.270,301.474,45.212
315.900,stable,9,Outer,25,308.392,45.875,308.708,38.461
315.900,stable,9,Outer,26,314.991,42.268,315.710,35.725
315.900,stable,9,Outer,27,321.903,41.822,322.618,36.218
315.900,stable,9,Outer,28,328.869,41.821,329.824,37.052
315.900,stable,9,Outer,29,335.834,41.821,336.755,37.734
315.900,stable,9,Outer,30,342.800,41.821,343.686,38.414
315.900,stable,9,Plate,1,140.800,39.357,139.952,36.538
315.900,stable,9,Plate,2,147.766,39.357,146.877,35.811
315.900,stable,9,Plate,3,154.731,39.357,153.803,35.082
315.900,stable,9,Plate,4,161.847,32.291,160.716,27.826
315.900,stable,9,Plate,5,168.904,22.942,168.137,18.765
315.900,stable,9,Plate,6,175.659,14.820,175.355,11.052
315.900,stable,9,Plate,7,182.593,9.592,182.557,6.198
315.900,stable,9,Plate,8,189.559,9.592,189.517,6.473
315.900,stable,9,Plate,9,196.524,9.592,196.481,6.672
315.900,stable,9,Plate,10,203.490,9.592,203.447,6.766
315.900,stable,9,Plate,11,210.433,11.441,210.390,8.621
315.900,stable,9,Plate,12,217.390,14.434,217.365,11.575
315.900,stable,9,Plate,13,224.447,15.934,224.433,13.024
315.900,stable,9,Plate,14,231.405,15.764,231.390,12.811
315.900,stable,9,Plate,15,238.329,15.482,238.313,12.497
315.900,stable,9,Plate,16,245.271,15.482,245.257,12.473
315.900,stable,9,Plate,17,252.195,15.764,252.182,12.740
315.900,stable,9,Plate,18,259.153,15.934,259.140,12.904
315.900,stable,9,Plate,19,266.210,14.434,266.198,11.406
315.900,stable,9,Plate,20,273.167,11.441,273.152,8.403
315.900,stable,9,Plate,21,280.110,9.592,280.083,6.503
315.900,stable,9,Plate,22,287.076,9.592,287.048,6.366
315.900,stable,9,Plate,23,294.041,9.592,294.010,6.126
315.900,stable,9,Plate,24,301.007,9.592,300.969,5.812
315.900,stable,9,Plate,25,307.941,14.820,308.193,10.632
315.900,stable,9,Plate,26,314.696,22.942,315.438,18.319
315.900,stable,9,Plate,27,321.753,32.291,322.884,27.358
315.900,stable,9,Plate,28,328.869,39.357,329.824,34.588
315.900,stable,9,Plate,29,335.834,39.357,336.755,35.270
315.900,stable,9,Plate,30,342.800,39.357,343.686,35.949
315.900,stable,9,Inner,1,182.593,12.056,182.557,8.663
315.900,stable,9,Inner,2,189.559,12.056,189.517,8.937
315.900,stable,9,Inner,3,196.524,12.056,196.481,9.136
315.900,stable,9,Inner,4,203.397,19.511,203.211,16.689
315.900,stable,9,Inner,5,210.133,30.518,209.938,27.704
315.900,stable,9,Inner,6,216.714,43.686,216.634,40.814
315.900,stable,9,Inner,7,223.599,54.542,223.651,51.586
315.900,stable,9,Inner,8,230.777,61.083,230.897,58.051
315.900,stable,9,Inner,9,238.147,63.531,238.285,60.445
315.900,stable,9,Inner,10,245.453,63.531,245.591,60.417
315.900,stable,9,Inner,11,252.823,61.083,252.960,57.967
315.900,stable,9,Inner,12,260.001,54.542,260.159,51.449
315.900,stable,9,Inner,13,266.886,43.686,267.102,40.630
315.900,stable,9,Inner,14,273.467,30.518,273.716,27.477
315.900,stable,9,Inner,15,280.203,19.511,280.377,16.423
315.900,stable,9,Inner,16,287.076,12.056,287.048,8.830
315.900,stable,9,Inner,17,294.041,12.056,294.010,8.591
315.900,stable,9,Inner,18,301.007,12.056,300.969,8.277
315.900,stable,9,Patch1,1,203.490,13.073,203.447,10.247
315.900,stable,9,Patch1,2,209.589,14.803,209.550,11.973
315.900,stable,9,Patch1,3,217.450,17.933,217.435,15.043
315.900,stable,9,Patch1,4,224.512,19.326,224.508,16.376
315.900,stable,9,Patch1,5,231.408,19.187,231.404,16.190
315.900,stable,9,Patch1,6,238.331,18.882,238.326,15.850
315.900,stable,9,Patch1,7,245.269,18.882,245.265,15.826
315.900,stable,9,Patch1,8,252.192,19.187,252.189,16.117
315.900,stable,9,Patch1,9,259.088,19.326,259.086,16.255
315.900,stable,9,Patch1,10,266.150,17.933,266.150,14.873
315.900,stable,9,Patch1,11,274.011,14.803,274.014,11.749
315.900,stable,9,Patch1,12,280.110,13.073,280.083,9.984
315.900,stable,9,Patch2,1,287.076,8.025,287.048,4.798
315.900,stable,9,Patch2,2,294.041,8.025,294.010,4.559
315.900,stable,9,Patch2,3,301.007,8.025,300.969,4.245
315.900,stable,9,Patch3,1,182.593,8.025,182.557,4.632
315.900,stable,9,Patch3,2,189.559,8.025,189.517,4.906
315.900,stable,9,Patch3,3,196.524,8.025,196.481,5.105
315.900,stable,9,Patch4,1,197.238,73.649,197.214,65.258
315.900,stable,9,Patch4,2,204.061,82.424,204.034,74.032
315.900,stable,9,Patch4,3,210.677,89.048,210.650,80.652
315.900,stable,9,Patch4,4,217.602,93.438,217.577,85.036
315.900,stable,9,Patch4,5,224.585,95.404,224.563,86.992
315.900,stable,9,Patch4,6,231.525,95.546,231.503,87.119
315.900,stable,9,Patch4,7,238.380,95.337,238.357,86.890
315.900,stable,9,Patch4,8,245.220,95.337,245.198,86.864
315.900,stable,9,Patch4,9,252.075,95.546,252.053,87.040
315.900,stable,9,Patch4,10,259.015,95.404,258.992,86.861
315.900,stable,9,Patch4,11,265.998,93.438,265.963,84.853
315.900,stable,9,Patch4,12,272.923,89.048,272.858,80.418
315.900,stable,9,Patch4,13,279.539,82.424,279.425,73.749
315.900,stable,9,Patch4,14,286.362,73.649,286.182,64.926
315.900,stable,10,Outer,1,140.800,39.668,140.008,36.910
315.900,stable,10,Outer,2,147.559,39.668,146.745,36.382
315.900,stable,10,Outer,3,154.317,39.668,153.482,35.853
315.900,stable,10,Outer,4,161.076,39.719,160.451,35.238
315.900,stable,10,Outer,5,167.791,40.129,167.168,34.867
315.900,stable,10,Outer,6,174.245,43.473,173.958,37.457
315.900,stable,10,Outer,7,180.654,50.504,180.951,43.899
315.900,stable,10,Outer,8,187.088,60.758,187.756,53.904
315.900,stable,10,Outer,9,193.474,72.697,193.986,65.916
315.900,stable,10,Outer,10,199.989,82.455,200.186,75.869
315.900,stable,10,Outer,11,206.913,89.649,206.945,83.209
315.900,stable,10,Outer,12,214.119,94.117,214.137,87.694
315.900,stable,10,Outer,13,221.244,95.761,221.279,89.244
315.900,stable,10,Outer,14,228.272,96.019,228.309,89.367
315.900,stable,10,Outer,15,235.290,96.026,235.324,89.268
315.900,stable,10,Outer,16,242.310,96.026,242.340,89.228
315.900,stable,10,Outer,17,249.328,96.019,249.355,89.250
315.900,stable,10,Outer,18,256.356,95.761,256.383,89.057
315.900,stable,10,Outer,19,263.481,94.117,263.513,87.449
315.900,stable,10,Outer,20,270.687,89.649,270.681,82.924
315.900,stable,10,Outer,21,277.611,82.455,277.429,75.573
315.900,stable,10,Outer,22,284.126,72.697,283.650,65.632
315.900,stable,10,Outer,23,290.512,60.758,289.907,53.634
315.900,stable,10,Outer,24,296.946,50.504,296.692,43.614
315.900,stable,10,Outer,25,303.355,43.473,303.652,37.135
315.900,stable,10,Outer,26,309.809,40.129,310.429,34.511
315.900,stable,10,Outer,27,316.524,39.719,317.148,34.855
315.900,stable,10,Outer,28,323.283,39.668,324.112,35.448
315.900,stable,10,Outer,29,330.041,39.668,330.852,35.951
315.900,stable,10,Outer,30,336.800,39.668,337.591,36.453
315.900,stable,10,Plate,1,140.800,37.204,140.008,34.446
315.900,stable,10,Plate,2,147.559,37.204,146.745,33.918
315.900,stable,10,Plate,3,154.317,37.204,153.482,33.389
315.900,stable,10,Plate,4,161.218,30.231,160.221,26.264
315.900,stable,10,Plate,5,168.054,21.110,167.399,17.412
315.900,stable,10,Plate,6,174.610,13.360,174.373,10.037
315.900,stable,10,Plate,7,181.352,8.626,181.346,5.649
315.900,stable,10,Plate,8,188.110,8.626,188.100,5.911
315.900,stable,10,Plate,9,194.869,8.626,194.856,6.109
315.900,stable,10,Plate,10,201.628,8.626,201.613,6.233
315.900,stable,10,Plate,11,208.345,10.370,208.317,8.031
315.900,stable,10,Plate,12,215.111,13.202,215.081,10.868
315.900,stable,10,Plate,13,221.958,14.570,221.933,12.224
315.900,stable,10,Plate,14,228.716,14.372,228.691,12.014
315.900,stable,10,Plate,15,235.433,14.065,235.408,11.694
315.900,stable,10,Plate,16,242.167,14.065,242.144,11.672
315.900,stable,10,Plate,17,248.884,14.372,248.864,11.951
315.900,stable,10,Plate,18,255.642,14.570,255.623,12.118
315.900,stable,10,Plate,19,262.489,13.202,262.466,10.720
315.900,stable,10,Plate,20,269.255,10.370,269.214,7.843
315.900,stable,10,Plate,21,275.972,8.626,275.907,6.009
315.900,stable,10,Plate,22,282.731,8.626,282.664,5.851
315.900,stable,10,Plate,23,289.490,8.626,289.418,5.622
315.900,stable,10,Plate,24,296.248,8.626,296.171,5.329
315.900,stable,10,Plate,25,302.990,13.360,303.160,9.691
315.900,stable,10,Plate,26,309.546,21.110,310.156,17.044
315.900,stable,10,Plate,27,316.382,30.231,317.358,25.876
315.900,stable,10,Plate,28,323.283,37.204,324.112,32.983
315.900,stable,10,Plate,29,330.041,37.204,330.852,33.487
315.900,stable,10,Plate,30,336.800,37.204,337.591,33.989
315.900,stable,10,Inner,1,181.352,11.090,181.346,8.113
315.900,stable,10,Inner,2,188.110,11.090,188.100,8.376
315.900,stable,10,Inner,3,194.869,11.090,194.856,8.574
315.900,stable,10,Inner,4,201.583,18.186,201.416,15.776
315.900,stable,10,Inner,5,208.099,28.933,207.909,26.537
315.900,stable,10,Inner,6,214.505,41.894,214.415,39.448
315.900,stable,10,Inner,7,221.206,52.486,221.233,49.964
315.900,stable,10,Inner,8,228.153,58.705,228.240,56.116
315.900,stable,10,Inner,9,235.268,61.015,235.370,58.378
315.900,stable,10,Inner,10,242.332,61.015,242.435,58.353
315.900,stable,10,Inner,11,249.447,58.705,249.549,56.041
315.900,stable,10,Inner,12,256.394,52.486,256.515,49.843
315.900,stable,10,Inner,13,263.095,41.894,263.269,39.285
315.900,stable,10,Inner,14,269.501,28.933,269.707,26.340
315.900,stable,10,Inner,15,276.017,18.186,276.149,15.548
315.900,stable,10,Inner,16,282.731,11.090,282.664,8.315
315.900,stable,10,Inner,17,289.490,11.090,289.418,8.086
315.900,stable,10,Inner,18,296.248,11.090,296.171,7.794
315.900,stable,10,Patch2,1,282.731,7.059,282.664,4.284
315.900,stable,10,Patch2,2,289.490,7.059,289.418,4.055
315.900,stable,10,Patch2,3,296.248,7.059,296.171,3.762
315.900,stable,10,Patch3,1,181.352,7.059,181.346,4.082
315.900,stable,10,Patch3,2,188.110,7.059,188.100,4.345
315.900,stable,10,Patch3,3,194.869,7.059,194.856,4.543
315.900,stable,10,Patch4,1,195.329,69.366,195.520,62.822
315.900,stable,10,Patch4,2,201.897,78.048,201.996,71.569
315.900,stable,10,Patch4,3,208.521,84.991,208.553,78.572
315.900,stable,10,Patch4,4,215.278,89.783,215.275,83.412
315.900,stable,10,Patch4,5,222.106,91.706,222.093,85.367
315.900,stable,10,Patch4,6,228.891,91.857,228.877,85.532
315.900,stable,10,Patch4,7,235.567,91.780,235.553,85.452
315.900,stable,10,Patch4,8,242.033,91.780,242.020,85.430
315.900,stable,10,Patch4,9,248.709,91.857,248.696,85.467
315.900,stable,10,Patch4,10,255.494,91.706,255.479,85.256
315.900,stable,10,Patch4,11,262.322,89.783,262.285,83.257
315.900,stable,10,Patch4,12,269.079,84.991,268.975,78.374
315.900,stable,10,Patch4,13,275.703,78.048,275.489,71.330
315.900,stable,10,Patch4,14,282.271,69.366,281.913,62.545
315.900,stable,11,Outer,1,140.800,37.778,140.103,35.290
315.900,stable,11,Outer,2,147.352,37.778,146.649,35.014
315.900,stable,11,Outer,3,153.903,37.778,153.194,34.738
315.900,stable,11,Outer,4,160.455,37.756,159.873,34.339
315.900,stable,11,Outer,5,166.972,38.129,166.399,34.231
315.900,stable,11,Outer,6,173.275,41.172,172.910,36.794
315.900,stable,11,Outer,7,179.510,47.531,179.510,42.768
315.900,stable,11,Outer,8,185.771,56.841,186.039,51.885
315.900,stable,11,Outer,9,191.988,67.968,192.225,63.020
315.900,stable,11,Outer,10,198.313,77.018,198.410,72.158
315.900,stable,11,Outer,11,204.978,83.598,205.006,78.800
315.900,stable,11,Outer,12,211.921,87.530,211.956,82.708
315.900,stable,11,Outer,13,218.813,88.897,218.864,83.979
315.900,stable,11,Outer,14,225.616,89.118,225.666,84.082
315.900,stable,11,Outer,15,232.405,89.133,232.453,84.011
315.900,stable,11,Outer,16,239.195,89.133,239.240,83.988
315.900,stable,11,Outer,17,245.984,89.118,246.027,84.013
315.900,stable,11,Outer,18,252.787,88.897,252.829,83.866
315.900,stable,11,Outer,19,259.679,87.530,259.730,82.557
315.900,stable,11,Outer,20,266.622,83.598,266.665,78.619
315.900,stable,11,Outer,21,273.287,77.018,273.245,71.961
315.900,stable,11,Outer,22,279.612,67.968,279.424,62.818
315.900,stable,11,Outer,23,285.829,56.841,285.609,51.680
315.900,stable,11,Outer,24,292.090,47.531,292.110,42.542
315.900,stable,11,Outer,25,298.325,41.172,298.680,36.535
315.900,stable,11,Outer,26,304.628,38.129,305.181,33.943
315.900,stable,11,Outer,27,311.145,37.756,311.708,34.032
315.900,stable,11,Outer,28,317.697,37.778,318.386,34.422
315.900,stable,11,Outer,29,324.248,37.778,324.932,34.683
315.900,stable,11,Outer,30,330.800,37.778,331.478,34.944
315.900,stable,11,Plate,1,140.800,35.313,140.103,32.825
315.900,stable,11,Plate,2,147.352,35.313,146.649,32.549
315.900,stable,11,Plate,3,153.903,35.313,153.194,32.274
315.900,stable,11,Plate,4,160.593,28.814,159.811,25.703
315.900,stable,11,Plate,5,167.202,20.300,166.701,17.417
315.900,stable,11,Plate,6,173.563,13.270,173.389,10.697
315.900,stable,11,Plate,7,180.110,9.254,180.107,6.973
315.900,stable,11,Plate,8,186.662,9.254,186.655,7.197
315.900,stable,11,Plate,9,193.214,9.254,193.205,7.368
315.900,stable,11,Plate,10,199.766,9.254,199.757,7.468
315.900,stable,11,Plate,11,206.252,10.912,206.234,9.168
315.900,stable,11,Plate,12,212.838,13.547,212.814,11.819
315.900,stable,11,Plate,13,219.480,14.725,219.456,12.999
315.900,stable,11,Plate,14,226.031,14.516,226.008,12.786
315.900,stable,11,Plate,15,232.537,14.211,232.513,12.471
315.900,stable,11,Plate,16,239.063,14.211,239.040,12.454
315.900,stable,11,Plate,17,245.569,14.516,245.546,12.736
315.900,stable,11,Plate,18,252.120,14.725,252.099,12.916
315.900,stable,11,Plate,19,258.762,13.547,258.735,11.704
315.900,stable,11,Plate,20,265.348,10.912,265.302,9.022
315.900,stable,11,Plate,21,271.834,9.254,271.771,7.291
315.900,stable,11,Plate,22,278.386,9.254,278.322,7.165
315.900,stable,11,Plate,23,284.938,9.254,284.871,6.971
315.900,stable,11,Plate,24,291.490,9.254,291.418,6.723
315.900,stable,11,Plate,25,298.037,13.270,298.147,10.428
315.900,stable,11,Plate,26,304.398,20.300,304.851,17.130
315.900,stable,11,Plate,27,311.007,28.814,311.758,25.400
315.900,stable,11,Plate,28,317.697,35.313,318.386,31.957
315.900,stable,11,Plate,29,324.248,35.313,324.932,32.219
315.900,stable,11,Plate,30,330.800,35.313,331.478,32.480
315.900,stable,11,Inner,1,180.110,11.718,180.107,9.437
315.900,stable,11,Inner,2,186.662,11.718,186.655,9.662
315.900,stable,11,Inner,3,193.214,11.718,193.205,9.832
315.900,stable,11,Inner,4,199.736,18.029,199.602,16.236
315.900,stable,11,Inner,5,206.081,28.040,205.925,26.261
315.900,stable,11,Inner,6,212.309,40.061,212.229,38.243
315.900,stable,11,Inner,7,218.819,49.723,218.828,47.843
315.900,stable,11,Inner,8,225.513,55.281,225.566,53.347
315.900,stable,11,Inner,9,232.382,57.312,232.447,55.339
315.900,stable,11,Inner,10,239.218,57.312,239.283,55.317
315.900,stable,11,Inner,11,246.087,55.281,246.151,53.283
315.900,stable,11,Inner,12,252.781,49.723,252.858,47.740
315.900,stable,11,Inner,13,259.291,40.061,259.409,38.108
315.900,stable,11,Inner,14,265.519,28.040,265.667,26.101
315.900,stable,11,Inner,15,271.864,18.029,271.955,16.054
315.900,stable,11,Inner,16,278.386,11.718,278.322,9.629
315.900,stable,11,Inner,17,284.938,11.718,284.871,9.435
315.900,stable,11,Inner,18,291.490,11.718,291.418,9.187
315.900,stable,11,Patch1,1,199.766,12.597,199.757,10.811
315.900,stable,11,Patch1,2,205.429,14.310,205.405,12.542
315.900,stable,11,Patch1,3,212.897,17.027,212.881,15.238
315.900,stable,11,Patch1,4,219.549,17.995,219.537,16.181
315.900,stable,11,Patch1,5,226.056,17.807,226.044,15.976
315.900,stable,11,Patch1,6,232.539,17.524,232.527,15.680
315.900,stable,11,Patch1,7,239.061,17.524,239.049,15.668
315.900,stable,11,Patch1,8,245.544,17.807,245.534,15.939
315.900,stable,11,Patch1,9,252.051,17.995,252.041,16.115
315.900,stable,11,Patch1,10,258.703,17.027,258.693,15.137
315.900,stable,11,Patch1,11,266.171,14.310,266.152,12.397
315.900,stable,11,Patch1,12,271.834,12.597,271.771,10.634
315.900,stable,11,Patch2,1,278.386,7.687,278.322,5.598
315.900,stable,11,Patch2,2,284.938,7.687,284.871,5.404
315.900,stable,11,Patch2,3,291.490,7.687,291.418,5.156
315.900,stable,11,Patch3,1,180.110,7.687,180.107,5.406
315.900,stable,11,Patch3,2,186.662,7.687,186.655,5.631
315.900,stable,11,Patch3,3,193.214,7.687,193.205,5.802
315.900,stable,11,Patch4,1,194.083,66.285,194.574,61.511
315.900,stable,11,Patch4,2,200.528,74.107,200.781,69.520
315.900,stable,11,Patch4,3,206.781,80.139,206.871,75.714
315.900,stable,11,Patch4,4,213.263,83.631,213.277,79.341
315.900,stable,11,Patch4,5,219.783,85.206,219.772,81.012
315.900,stable,11,Patch4,6,226.300,85.292,226.287,81.155
315.900,stable,11,Patch4,7,232.666,85.106,232.654,80.986
315.900,stable,11,Patch4,8,238.934,85.106,238.920,80.970
315.900,stable,11,Patch4,9,245.300,85.292,245.288,81.107
315.900,stable,11,Patch4,10,251.817,85.206,251.803,80.931
315.900,stable,11,Patch4,11,258.336,83.631,258.289,79.227
315.900,stable,11,Patch4,12,264.818,80.139,264.677,75.569
315.900,stable,11,Patch4,13,271.072,74.107,270.739,69.347
315.900,stable,11,Patch4,14,277.517,66.285,276.909,61.309
315.900,stable,12,Outer,1,140.800,35.764,140.293,33.877
315.900,stable,12,Outer,2,147.145,35.764,146.637,33.804
315.900,stable,12,Outer,3,153.490,35.764,152.982,33.732
315.900,stable,12,Outer,4,159.834,35.798,159.373,33.641
315.900,stable,12,Outer,5,166.153,36.172,165.700,33.821
315.900,stable,12,Outer,6,172.304,39.184,171.947,36.623
315.900,stable,12,Outer,7,178.365,45.306,178.186,42.560
315.900,stable,12,Outer,8,184.455,54.259,184.448,51.388
315.900,stable,12,Outer,9,190.512,64.860,190.578,61.941
315.900,stable,12,Outer,10,196.621,73.524,196.685,70.601
315.900,stable,12,Outer,11,203.038,80.001,203.091,77.084
315.900,stable,12,Outer,12,209.702,83.742,209.754,80.826
315.900,stable,12,Outer,13,216.367,85.039,216.420,82.115
315.900,stable,12,Outer,14,222.951,85.249,223.005,82.313
315.900,stable,12,Outer,15,229.518,85.264,229.571,82.315
315.900,stable,12,Outer,16,236.082,85.264,236.136,82.304
315.900,stable,12,Outer,17,242.649,85.249,242.702,82.280
315.900,stable,12,Outer,18,249.233,85.039,249.286,82.061
315.900,stable,12,Outer,19,255.898,83.742,255.949,80.751
315.900,stable,12,Outer,20,262.562,80.001,262.601,76.989
315.900,stable,12,Outer,21,268.979,73.524,268.990,70.487
315.900,stable,12,Outer,22,275.088,64.860,275.075,61.811
315.900,stable,12,Outer,23,281.145,54.259,281.184,51.244
315.900,stable,12,Outer,24,287.235,45.306,287.417,42.395
315.900,stable,12,Outer,25,293.296,39.184,293.634,36.434
315.900,stable,12,Outer,26,299.447,36.172,299.875,33.613
315.900,stable,12,Outer,27,305.766,35.798,306.202,33.424
315.900,stable,12,Outer,28,312.110,35.764,312.595,33.514
315.900,stable,12,Outer,29,318.455,35.764,318.940,33.580
315.900,stable,12,Outer,30,324.800,35.764,325.284,33.645
315.900,stable,12,Plate,1,140.800,33.300,140.293,31.413
315.900,stable,12,Plate,2,147.145,33.300,146.637,31.339
315.900,stable,12,Plate,3,153.490,33.300,152.982,31.268
315.900,stable,12,Plate,4,159.968,26.864,159.478,24.850
315.900,stable,12,Plate,5,166.351,18.503,166.066,16.651
315.900,stable,12,Plate,6,172.533,11.872,172.461,10.225
315.900,stable,12,Plate,7,178.869,8.323,178.906,6.879
315.900,stable,12,Plate,8,185.214,8.323,185.248,7.049
315.900,stable,12,Plate,9,191.559,8.323,191.592,7.188
315.900,stable,12,Plate,10,197.903,8.323,197.936,7.286
315.900,stable,12,Plate,11,204.172,10.250,204.181,9.286
315.900,stable,12,Plate,12,210.585,12.745,210.569,11.842
315.900,stable,12,Plate,13,217.010,13.760,216.987,12.901
315.900,stable,12,Plate,14,223.350,13.533,223.327,12.695
315.900,stable,12,Plate,15,229.641,13.231,229.618,12.398
315.900,stable,12,Plate,16,235.959,13.231,235.936,12.385
315.900,stable,12,Plate,17,242.250,13.533,242.228,12.657
315.900,stable,12,Plate,18,248.590,13.760,248.569,12.838
315.900,stable,12,Plate,19,255.015,12.745,254.982,11.756
315.900,stable,12,Plate,20,261.428,10.250,261.362,9.179
315.900,stable,12,Plate,21,267.697,8.323,267.601,7.161
315.900,stable,12,Plate,22,274.041,8.323,273.945,7.049
315.900,stable,12,Plate,23,280.386,8.323,280.288,6.897
315.900,stable,12,Plate,24,286.731,8.323,286.630,6.712
315.900,stable,12,Plate,25,293.067,11.872,293.082,10.043
315.900,stable,12,Plate,26,299.249,18.503,299.493,16.450
315.900,stable,12,Plate,27,305.632,26.864,306.100,24.634
315.900,stable,12,Plate,28,312.110,33.300,312.595,31.050
315.900,stable,12,Plate,29,318.455,33.300,318.940,31.115
315.900,stable,12,Plate,30,324.800,33.300,325.284,31.180
315.900,stable,12,Inner,1,178.869,10.788,178.906,9.343
315.900,stable,12,Inner,2,185.214,10.788,185.248,9.514
315.900,stable,12,Inner,3,191.559,10.788,191.592,9.652
315.900,stable,12,Inner,4,197.895,17.093,197.816,16.038
315.900,stable,12,Inner,5,204.082,27.105,203.977,26.067
315.900,stable,12,Inner,6,210.140,38.557,210.083,37.492
315.900,stable,12,Inner,7,216.462,47.473,216.462,46.367
315.900,stable,12,Inner,8,222.882,52.427,222.910,51.284
315.900,stable,12,Inner,9,229.495,54.128,229.530,52.958
315.900,stable,12,Inner,10,236.104,54.128,236.140,52.942
315.900,stable,12,Inner,11,242.718,52.427,242.752,51.239
315.900,stable,12,Inner,12,249.138,47.473,249.180,46.295
315.900,stable,12,Inner,13,255.460,38.557,255.527,37.397
315.900,stable,12,Inner,14,261.518,27.105,261.602,25.955
315.900,stable,12,Inner,15,267.705,17.093,267.738,15.912
315.900,stable,12,Inner,16,274.041,10.788,273.945,9.513
315.900,stable,12,Inner,17,280.386,10.788,280.288,9.361
315.900,stable,12,Inner,18,286.731,10.788,286.630,9.176
315.900,stable,12,Patch1,1,197.903,11.612,197.936,10.575
315.900,stable,12,Patch1,2,203.450,13.990,203.437,12.996
315.900,stable,12,Patch1,3,210.648,16.002,210.629,15.029
315.900,stable,12,Patch1,4,217.038,16.838,217.019,15.870
315.900,stable,12,Patch1,5,223.344,16.600,223.325,15.631
315.900,stable,12,Patch1,6,229.641,16.306,229.623,15.330
315.900,stable,12,Patch1,7,235.959,16.306,235.940,15.318
315.900,stable,12,Patch1,8,242.256,16.600,242.239,15.594
315.900,stable,12,Patch1,9,248.562,16.838,248.546,15.810
315.900,stable,12,Patch1,10,254.952,16.002,254.932,14.946
315.900,stable,12,Patch1,11,262.150,13.990,262.117,12.888
315.900,stable,12,Patch1,12,267.697,11.612,267.601,10.450
315.900,stable,12,Patch2,1,274.041,6.756,273.945,5.482
315.900,stable,12,Patch2,2,280.386,6.756,280.288,5.330
315.900,stable,12,Patch2,3,286.731,6.756,286.630,5.145
315.900,stable,12,Patch3,1,178.869,6.757,178.906,5.312
315.900,stable,12,Patch3,2,185.214,6.757,185.248,5.483
315.900,stable,12,Patch3,3,191.559,6.757,191.592,5.622
315.900,stable,12,Patch4,1,192.077,61.597,192.258,59.066
315.900,stable,12,Patch4,2,198.301,69.349,198.401,66.879
315.900,stable,12,Patch4,3,204.533,75.546,204.573,73.133
315.900,stable,12,Patch4,4,210.875,80.134,210.879,77.768
315.900,stable,12,Patch4,5,217.255,81.458,217.252,79.127
315.900,stable,12,Patch4,6,223.597,81.558,223.594,79.248
315.900,stable,12,Patch4,7,229.747,81.611,229.743,79.306
315.900,stable,12,Patch4,8,235.853,81.611,235.849,79.297
315.900,stable,12,Patch4,9,242.003,81.558,241.999,79.222
315.900,stable,12,Patch4,10,248.345,81.458,248.340,79.083
315.900,stable,12,Patch4,11,254.725,80.134,254.709,77.706
315.900,stable,12,Patch4,12,261.067,75.546,261.001,73.052
315.900,stable,12,Patch4,13,267.299,69.349,267.155,66.780
315.900,stable,12,Patch4,14,273.523,61.597,273.272,58.946
315.900,stable,13,Outer,1,140.800,33.866,140.581,32.948
315.900,stable,13,Outer,2,146.938,33.866,146.719,32.956
315.900,stable,13,Outer,3,153.076,33.866,152.857,32.964
315.900,stable,13,Outer,4,159.214,33.898,158.998,32.989
315.900,stable,13,Outer,5,165.337,34.286,165.122,33.342
315.900,stable,13,Outer,6,171.352,37.358,171.166,36.357
315.900,stable,13,Outer,7,177.259,43.243,177.136,42.176
315.900,stable,13,Outer,8,183.190,51.657,183.144,50.532
315.900,stable,13,Outer,9,189.097,61.538,189.102,60.379
315.900,stable,13,Outer,10,195.018,69.686,195.043,68.508
315.900,stable,13,Outer,11,201.192,75.889,201.229,74.696
315.900,stable,13,Outer,12,207.563,79.241,207.607,78.033
315.900,stable,13,Outer,13,213.958,80.350,214.004,79.127
315.900,stable,13,Outer,14,220.301,80.555,220.348,79.320
315.900,stable,13,Outer,15,226.634,80.597,226.680,79.355
315.900,stable,13,Outer,16,232.966,80.597,233.011,79.355
315.900,stable,13,Outer,17,239.299,80.555,239.344,79.319
315.900,stable,13,Outer,18,245.642,80.350,245.687,79.123
315.900,stable,13,Outer,19,252.037,79.241,252.084,78.021
315.900,stable,13,Outer,20,258.408,75.889,258.456,74.672
315.900,stable,13,Outer,21,264.582,69.686,264.626,68.467
315.900,stable,13,Outer,22,270.503,61.538,270.540,60.318
315.900,stable,13,Outer,23,276.410,51.657,276.473,50.454
315.900,stable,13,Outer,24,282.341,43.243,282.459,42.081
315.900,stable,13,Outer,25,288.248,37.358,288.416,36.247
315.900,stable,13,Outer,26,294.263,34.286,294.457,33.224
315.900,stable,13,Outer,27,300.386,33.898,300.583,32.873
315.900,stable,13,Outer,28,306.524,33.866,306.729,32.857
315.900,stable,13,Outer,29,312.662,33.866,312.867,32.851
315.900,stable,13,Outer,30,318.800,33.866,319.005,32.842
315.900,stable,13,Plate,1,140.800,31.401,140.581,30.483
315.900,stable,13,Plate,2,146.938,31.401,146.719,30.491
315.900,stable,13,Plate,3,153.076,31.401,152.857,30.500
315.900,stable,13,Plate,4,159.343,24.803,159.159,23.934
315.900,stable,13,Plate,5,165.508,16.664,165.415,15.866
315.900,stable,13,Plate,6,171.521,10.866,171.516,10.161
315.900,stable,13,Plate,7,177.628,8.057,177.671,7.458
315.900,stable,13,Plate,8,183.766,8.057,183.808,7.561
315.900,stable,13,Plate,9,189.903,8.057,189.945,7.650
315.900,stable,13,Plate,10,196.041,8.057,196.083,7.724
315.900,stable,13,Plate,11,202.121,10.574,202.135,10.306
315.900,stable,13,Plate,12,208.355,12.863,208.345,12.654
315.900,stable,13,Plate,13,214.549,13.670,214.533,13.505
315.900,stable,13,Plate,14,220.666,13.483,220.651,13.342
315.900,stable,13,Plate,15,226.748,13.233,226.732,13.100
315.900,stable,13,Plate,16,232.852,13.233,232.837,13.094
315.900,stable,13,Plate,17,238.934,13.483,238.919,13.323
315.900,stable,13,Plate,18,245.051,13.670,245.037,13.473
315.900,stable,13,Plate,19,251.245,12.863,251.223,12.611
315.900,stable,13,Plate,20,257.479,10.574,257.429,10.252
315.900,stable,13,Plate,21,263.559,8.057,263.478,7.662
315.900,stable,13,Plate,22,269.697,8.057,269.615,7.584
315.900,stable,13,Plate,23,275.834,8.057,275.752,7.491
315.900,stable,13,Plate,24,281.972,8.057,281.889,7.383
315.900,stable,13,Plate,25,288.079,10.866,288.047,10.078
315.900,stable,13,Plate,26,294.092,16.664,294.161,15.767
315.900,stable,13,Plate,27,300.257,24.803,300.436,23.820
315.900,stable,13,Plate,28,306.524,31.401,306.729,30.393
315.900,stable,13,Plate,29,312.662,31.401,312.867,30.386
315.900,stable,13,Plate,30,318.800,31.401,319.005,30.378
315.900,stable,13,Inner,1,177.628,10.521,177.671,9.922
315.900,stable,13,Inner,2,183.766,10.521,183.808,10.025
315.900,stable,13,Inner,3,189.903,10.521,189.945,10.114
315.900,stable,13,Inner,4,196.084,17.518,196.046,17.163
315.900,stable,13,Inner,5,202.108,27.666,202.058,27.318
315.900,stable,13,Inner,6,208.009,38.178,207.986,37.815
315.900,stable,13,Inner,7,214.126,45.932,214.127,45.548
315.900,stable,13,Inner,8,220.294,49.823,220.305,49.423
315.900,stable,13,Inner,9,226.628,50.991,226.641,50.580
315.900,stable,13,Inner,10,232.972,50.991,232.986,50.575
315.900,stable,13,Inner,11,239.306,49.823,239.320,49.406
315.900,stable,13,Inner,12,245.474,45.932,245.490,45.519
315.900,stable,13,Inner,13,251.591,38.178,251.617,37.774
315.900,stable,13,Inner,14,257.491,27.666,257.527,27.267
315.900,stable,13,Inner,15,263.516,17.518,263.523,17.103
315.900,stable,13,Inner,16,269.697,10.521,269.615,10.049
315.900,stable,13,Inner,17,275.834,10.521,275.752,9.955
315.900,stable,13,Inner,18,281.972,10.521,281.889,9.848
315.900,stable,13,Patch1,1,196.041,11.292,196.083,10.959
315.900,stable,13,Patch1,2,201.468,14.254,201.459,13.965
315.900,stable,13,Patch1,3,208.403,15.939,208.385,15.683
315.900,stable,13,Patch1,4,214.559,16.611,214.539,16.372
315.900,stable,13,Patch1,5,220.661,16.401,220.641,16.167
315.900,stable,13,Patch1,6,226.746,16.147,226.726,15.909
315.900,stable,13,Patch1,7,232.854,16.147,232.834,15.899
315.900,stable,13,Patch1,8,238.939,16.401,238.920,16.136
315.900,stable,13,Patch1,9,245.041,16.611,245.022,16.324
315.900,stable,13,Patch1,10,251.197,15.939,251.175,15.625
315.900,stable,13,Patch1,11,258.132,14.254,258.101,13.903
315.900,stable,13,Patch1,12,263.559,11.292,263.478,10.897
315.900,stable,13,Patch2,1,269.697,6.490,269.615,6.017
315.900,stable,13,Patch2,2,275.834,6.490,275.752,5.924
315.900,stable,13,Patch2,3,281.972,6.490,281.889,5.816
315.900,stable,13,Patch3,1,177.628,6.491,177.671,5.891
315.900,stable,13,Patch3,2,183.766,6.491,183.808,5.994
315.900,stable,13,Patch3,3,189.903,6.491,189.945,6.083
315.900,stable,13,Patch4,1,190.376,57.996,190.361,57.250
315.900,stable,13,Patch4,2,196.436,65.473,196.427,64.720
315.900,stable,13,Patch4,3,202.467,71.300,202.463,70.541
315.900,stable,13,Patch4,4,208.614,75.198,208.614,74.433
315.900,stable,13,Patch4,5,214.771,76.642,214.772,75.871
315.900,stable,13,Patch4,6,220.846,77.102,220.847,76.325
315.900,stable,13,Patch4,7,226.823,77.282,226.824,76.500
315.900,stable,13,Patch4,8,232.777,77.282,232.778,76.498
315.900,stable,13,Patch4,9,238.754,77.102,238.755,76.318
315.900,stable,13,Patch4,10,244.829,76.642,244.830,75.860
315.900,stable,13,Patch4,11,250.986,75.198,250.987,74.417
315.900,stable,13,Patch4,12,257.133,71.300,257.134,70.519
315.900,stable,13,Patch4,13,263.164,65.473,263.164,64.693
315.900,stable,13,Patch4,14,269.224,57.996,269.223,57.216
315.900,stable,14,Outer,1,140.800,32.045,140.800,32.045
315.900,stable,14,Outer,2,146.731,32.045,146.731,32.045
315.900,stable,14,Outer,3,152.662,32.045,152.662,32.045
315.900,stable,14,Outer,4,158.593,32.049,158.593,32.049
315.900,stable,14,Outer,5,164.523,32.484,164.523,32.484
315.900,stable,14,Outer,6,170.423,35.821,170.423,35.821
315.900,stable,14,Outer,7,176.197,41.604,176.197,41.604
315.900,stable,14,Outer,8,181.983,49.464,181.983,49.464
315.900,stable,14,Outer,9,187.757,58.532,187.757,58.532
315.900,stable,14,Outer,10,193.509,66.117,193.509,66.117
315.900,stable,14,Outer,11,199.438,72.003,199.438,72.003
315.900,stable,14,Outer,12,205.496,74.850,205.496,74.850
315.900,stable,14,Outer,13,211.583,75.698,211.583,75.698
315.900,stable,14,Outer,14,217.666,75.897,217.666,75.897
315.900,stable,14,Outer,15,223.755,75.979,223.755,75.979
315.900,stable,14,Outer,16,229.845,75.979,229.845,75.979
315.900,stable,14,Outer,17,235.934,75.897,235.934,75.897
315.900,stable,14,Outer,18,242.017,75.698,242.017,75.698
315.900,stable,14,Outer,19,248.104,74.850,248.104,74.850
315.900,stable,14,Outer,20,254.162,72.003,254.162,72.003
315.900,stable,14,Outer,21,260.091,66.117,260.091,66.117
315.900,stable,14,Outer,22,265.843,58.532,265.843,58.532
315.900,stable,14,Outer,23,271.617,49.464,271.617,49.464
315.900,stable,14,Outer,24,277.403,41.604,277.403,41.604
315.900,stable,14,Outer,25,283.177,35.821,283.177,35.821
315.900,stable,14,Outer,26,289.077,32.484,289.077,32.484
315.900,stable,14,Outer,27,295.007,32.049,295.007,32.049
315.900,stable,14,Outer,28,300.938,32.045,300.938,32.045
315.900,stable,14,Outer,29,306.869,32.045,306.869,32.045
315.900,stable,14,Outer,30,312.800,32.045,312.800,32.045
315.900,stable,14,Plate,1,140.800,29.580,140.800,29.580
315.900,stable,14,Plate,2,146.731,29.580,146.731,29.580
315.900,stable,14,Plate,3,152.662,29.580,152.662,29.580
315.900,stable,14,Plate,4,158.723,22.515,158.723,22.515
315.900,stable,14,Plate,5,164.673,14.537,164.673,14.537
315.900,stable,14,Plate,6,170.530,9.892,170.530,9.892
315.900,stable,14,Plate,7,176.386,8.038,176.386,8.038
315.900,stable,14,Plate,8,182.317,8.038,182.317,8.038
315.900,stable,14,Plate,9,188.248,8.038,188.248,8.038
315.900,stable,14,Plate,10,194.179,8.038,194.179,8.038
315.900,stable,14,Plate,11,200.094,11.507,200.094,11.507
315.900,stable,14,Plate,12,206.152,13.587,206.152,13.587
315.900,stable,14,Plate,13,212.101,14.155,212.101,14.155
315.900,stable,14,Plate,14,217.981,14.064,217.981,14.064
315.900,stable,14,Plate,15,223.856,13.910,223.856,13.910
315.900,stable,14,Plate,16,229.744,13.910,229.744,13.910
315.900,stable,14,Plate,17,235.619,14.064,235.619,14.064
315.900,stable,14,Plate,18,241.499,14.155,241.499,14.155
315.900,stable,14,Plate,19,247.448,13.587,247.448,13.587
315.900,stable,14,Plate,20,253.506,11.507,253.506,11.507
315.900,stable,14,Plate,21,259.421,8.038,259.421,8.038
315.900,stable,14,Plate,22,265.352,8.038,265.352,8.038
315.900,stable,14,Plate,23,271.283,8.038,271.283,8.038
315.900,stable,14,Plate,24,277.214,8.038,277.214,8.038
315.900,stable,14,Plate,25,283.070,9.892,283.070,9.892
315.900,stable,14,Plate,26,288.927,14.537,288.927,14.537
315.900,stable,14,Plate,27,294.877,22.515,294.877,22.515
315.900,stable,14,Plate,28,300.938,29.580,300.938,29.580
315.900,stable,14,Plate,29,306.869,29.580,306.869,29.580
315.900,stable,14,Plate,30,312.800,29.580,312.800,29.580
315.900,stable,14,Inner,1,176.386,10.503,176.386,10.503
315.900,stable,14,Inner,2,182.317,10.503,182.317,10.503
315.900,stable,14,Inner,3,188.248,10.503,188.248,10.503
315.900,stable,14,Inner,4,194.303,19.004,194.303,19.004
315.900,stable,14,Inner,5,200.172,29.589,200.172,29.589
315.900,stable,14,Inner,6,205.926,38.974,205.926,38.974
315.900,stable,14,Inner,7,211.821,45.264,211.821,45.264
315.900,stable,14,Inner,8,217.746,47.702,217.746,47.702
315.900,stable,14,Inner,9,223.776,48.140,223.776,48.140
315.900,stable,14,Inner,10,229.824,48.140,229.824,48.140
315.900,stable,14,Inner,11,235.854,47.702,235.854,47.702
315.900,stable,14,Inner,12,241.779,45.264,241.779,45.264
315.900,stable,14,Inner,13,247.674,38.974,247.674,38.974
315.900,stable,14,Inner,14,253.428,29.589,253.428,29.589
315.900,stable,14,Inner,15,259.297,19.004,259.297,19.004
315.900,stable,14,Inner,16,265.352,10.503,265.352,10.503
315.900,stable,14,Inner,17,271.283,10.503,271.283,10.503
315.900,stable,14,Inner,18,277.214,10.503,277.214,10.503
315.900,stable,14,Patch2,1,265.352,6.471,265.352,6.471
315.900,stable,14,Patch2,2,271.283,6.471,271.283,6.471
315.900,stable,14,Patch2,3,277.214,6.471,277.214,6.471
315.900,stable,14,Patch3,1,176.386,6.472,176.386,6.472
315.900,stable,14,Patch3,2,182.317,6.472,182.317,6.472
315.900,stable,14,Patch3,3,188.248,6.472,188.248,6.472
315.900,stable,14,Patch4,1,188.813,54.965,188.813,54.965
315.900,stable,14,Patch4,2,194.711,61.612,194.711,61.612
315.900,stable,14,Patch4,3,200.511,67.178,200.511,67.178
315.900,stable,14,Patch4,4,206.420,70.274,206.420,70.274
315.900,stable,14,Patch4,5,212.306,71.319,212.306,71.319
315.900,stable,14,Patch4,6,218.131,71.494,218.131,71.494
315.900,stable,14,Patch4,7,223.908,71.503,223.908,71.503
315.900,stable,14,Patch4,8,229.692,71.503,229.692,71.503
315.900,stable,14,Patch4,9,235.469,71.494,235.469,71.494
315.900,stable,14,Patch4,10,241.294,71.319,241.294,71.319
315.900,stable,14,Patch4,11,247.180,70.274,247.180,70.274
315.900,stable,14,Patch4,12,253.089,67.178,253.089,67.178
315.900,stable,14,Patch4,13,258.889,61.612,258.889,61.612
315.900,stable,14,Patch4,14,264.787,54.965,264.787,54.965
421.300,snap_through,0,Outer,1,0.000,77.176,0.000,77.176
421.300,snap_through,0,Outer,2,22.952,77.176,22.952,77.176
421.300,snap_through,0,Outer,3,45.903,77.176,45.903,77.176
421.300,snap_through,0,Outer,4,68.855,77.179,68.855,77.179
421.300,snap_through,0,Outer,5,91.792,78.077,91.792,78.077
421.300,snap_through,0,Outer,6,114.593,85.124,114.593,85.124
421.300,snap_through,0,Outer,7,137.122,98.200,137.122,98.200
421.300,snap_through,0,Outer,8,159.711,115.776,159.711,115.776
421.300,snap_through,0,Outer,9,181.710,136.686,181.710,136.686
421.300,snap_through,0,Outer,10,203.804,155.760,203.804,155.760
421.300,snap_through,0,Outer,11,226.449,171.309,226.449,171.309
421.300,snap_through,0,Outer,12,250.090,183.123,250.090,183.123
421.300,snap_through,0,Outer,13,273.409,191.435,273.409,191.435
421.300,snap_through,0,Outer,14,297.146,196.498,297.146,196.498
421.300,snap_through,0,Outer,15,320.863,198.450,320.863,198.450
421.300,snap_through,0,Outer,16,344.737,198.450,344.737,198.450
421.300,snap_through,0,Outer,17,368.454,196.498,368.454,196.498
421.300,snap_through,0,Outer,18,392.191,191.435,392.191,191.435
421.300,snap_through,0,Outer,19,415.510,183.123,415.510,183.123
421.300,snap_through,0,Outer,20,439.151,171.309,439.151,171.309
421.300,snap_through,0,Outer,21,461.796,155.760,461.796,155.760
421.300,snap_through,0,Outer,22,483.890,136.686,483.890,136.686
421.300,snap_through,0,Outer,23,505.889,115.776,505.889,115.776
421.300,snap_through,0,Outer,24,528.478,98.200,528.478,98.200
421.300,snap_through,0,Outer,25,551.007,85.124,551.007,85.124
421.300,snap_through,0,Outer,26,573.808,78.077,573.808,78.077
421.300,snap_through,0,Outer,27,596.745,77.179,596.745,77.179
421.300,snap_through,0,Outer,28,619.697,77.176,619.697,77.176
421.300,snap_through,0,Outer,29,642.648,77.176,642.648,77.176
421.300,snap_through,0,Outer,30,665.600,77.176,665.600,77.176
421.300,snap_through,0,Plate,1,0.000,74.712,0.000,74.712
421.300,snap_through,0,Plate,2,22.952,74.712,22.952,74.712
421.300,snap_through,0,Plate,3,45.903,74.712,45.903,74.712
421.300,snap_through,0,Plate,4,68.670,59.831,68.670,59.831
421.300,snap_through,0,Plate,5,91.365,40.578,91.365,40.578
421.300,snap_through,0,Plate,6,114.568,23.951,114.568,23.951
421.300,snap_through,0,Plate,7,137.710,12.233,137.710,12.233
421.300,snap_through,0,Plate,8,160.662,12.233,160.662,12.233
421.300,snap_through,0,Plate,9,183.614,12.233,183.614,12.233
421.300,snap_through,0,Plate,10,206.566,12.233,206.566,12.233
421.300,snap_through,0,Plate,11,229.750,16.398,229.750,16.398
421.300,snap_through,0,Plate,12,253.240,20.696,253.240,20.696
421.300,snap_through,0,Plate,13,275.756,23.795,275.756,23.795
421.300,snap_through,0,Plate,14,298.909,25.770,298.909,25.770
421.300,snap_through,0,Plate,15,321.607,26.483,321.607,26.483
421.300,snap_through,0,Plate,16,343.993,26.483,343.993,26.483
421.300,snap_through,0,Plate,17,366.691,25.770,366.691,25.770
421.300,snap_through,0,Plate,18,389.844,23.795,389.844,23.795
421.300,snap_through,0,Plate,19,412.360,20.696,412.360,20.696
421.300,snap_through,0,Plate,20,435.850,16.398,435.850,16.398
421.300,snap_through,0,Plate,21,459.034,12.233,459.034,12.233
421.300,snap_through,0,Plate,22,481.986,12.233,481.986,12.233
421.300,snap_through,0,Plate,23,504.938,12.233,504.938,12.233
421.300,snap_through,0,Plate,24,527.890,12.233,527.890,12.233
421.300,snap_through,0,Plate,25,551.032,23.951,551.032,23.951
421.300,snap_through,0,Plate,26,574.235,40.578,574.235,40.578
421.300,snap_through,0,Plate,27,596.930,59.831,596.930,59.831
421.300,snap_through,0,Plate,28,619.697,74.712,619.697,74.712
421.300,snap_through,0,Plate,29,642.648,74.712,642.648,74.712
421.300,snap_through,0,Plate,30,665.600,74.712,665.600,74.712
421.300,snap_through,0,Inner,1,137.710,14.698,137.710,14.698
421.300,snap_through,0,Inner,2,160.662,14.698,160.662,14.698
421.300,snap_through,0,Inner,3,183.614,14.698,183.614,14.698
421.300,snap_through,0,Inner,4,205.946,28.584,205.946,28.584
421.300,snap_through,0,Inner,5,228.148,46.667,228.148,46.667
421.300,snap_through,0,Inner,6,250.657,67.900,250.657,67.900
421.300,snap_through,0,Inner,7,273.978,86.397,273.978,86.397
421.300,snap_through,0,Inner,8,297.624,99.495,297.624,99.495
421.300,snap_through,0,Inner,9,321.194,106.375,321.194,106.375
421.300,snap_through,0,Inner,10,344.406,106.375,344.406,106.375
421.300,snap_through,0,Inner,11,367.976,99.495,367.976,99.495
421.300,snap_through,0,Inner,12,391.622,86.397,391.622,86.397
421.300,snap_through,0,Inner,13,414.943,67.900,414.943,67.900
421.300,snap_through,0,Inner,14,437.452,46.667,437.452,46.667
421.300,snap_through,0,Inner,15,459.654,28.584,459.654,28.584
421.300,snap_through,0,Inner,16,481.986,14.698,481.986,14.698
421.300,snap_through,0,Inner,17,504.938,14.698,504.938,14.698
421.300,snap_through,0,Inner,18,527.890,14.698,527.890,14.698
421.300,snap_through,0,Patch2,1,481.986,10.666,481.986,10.666
421.300,snap_through,0,Patch2,2,504.938,10.666,504.938,10.666
421.300,snap_through,0,Patch2,3,527.890,10.666,527.890,10.666
421.300,snap_through,0,Patch3,1,137.710,10.667,137.710,10.667
421.300,snap_through,0,Patch3,2,160.662,10.667,160.662,10.667
421.300,snap_through,0,Patch3,3,183.614,10.667,183.614,10.667
421.300,snap_through,0,Patch4,1,187.098,137.722,187.098,137.722
421.300,snap_through,0,Patch4,2,208.654,153.385,208.654,153.385
421.300,snap_through,0,Patch4,3,231.566,166.352,231.566,166.352
421.300,snap_through,0,Patch4,4,253.461,175.656,253.461,175.656
421.300,snap_through,0,Patch4,5,276.821,183.870,276.821,183.870
421.300,snap_through,0,Patch4,6,299.323,189.200,299.323,189.200
421.300,snap_through,0,Patch4,7,321.567,192.149,321.567,192.149
421.300,snap_through,0,Patch4,8,344.033,192.149,344.033,192.149
421.300,snap_through,0,Patch4,9,366.277,189.200,366.277,189.200
421.300,snap_through,0,Patch4,10,388.779,183.870,388.779,183.870
421.300,snap_through,0,Patch4,11,412.139,175.656,412.139,175.656
421.300,snap_through,0,Patch4,12,434.034,166.352,434.034,166.352
421.300,snap_through,0,Patch4,13,456.946,153.385,456.946,153.385
421.300,snap_through,0,Patch4,14,478.502,137.722,478.502,137.722
421.300,snap_through,1,Outer,1,97.397,60.197,97.454,59.788
421.300,snap_through,1,Outer,2,112.005,60.197,112.063,59.891
421.300,snap_through,1,Outer,3,126.612,60.197,126.676,59.993
421.300,snap_through,1,Outer,4,141.219,60.237,141.217,60.477
421.300,snap_through,1,Outer,5,155.751,60.865,155.718,61.819
421.300,snap_through,1,Outer,6,169.822,65.726,169.633,67.151
421.300,snap_through,1,Outer,7,183.819,74.544,183.393,76.360
421.300,snap_through,1,Outer,8,198.046,87.541,197.214,89.820
421.300,snap_through,1,Outer,9,211.802,102.987,210.544,105.689
421.300,snap_through,1,Outer,10,225.848,116.516,224.326,119.587
421.300,snap_through,1,Outer,11,240.338,128.410,238.797,131.682
421.300,snap_through,1,Outer,12,255.796,138.853,254.596,141.945
421.300,snap_through,1,Outer,13,271.284,145.897,270.561,148.582
421.300,snap_through,1,Outer,14,286.468,149.143,285.900,151.804
421.300,snap_through,1,Outer,15,301.594,150.184,301.166,152.704
421.300,snap_through,1,Outer,16,316.811,150.184,316.487,152.260
421.300,snap_through,1,Outer,17,331.937,149.143,331.664,150.601
421.300,snap_through,1,Outer,18,347.122,145.897,346.865,146.885
421.300,snap_through,1,Outer,19,362.610,138.853,362.420,139.733
421.300,snap_through,1,Outer,20,378.068,128.410,377.983,129.296
421.300,snap_through,1,Outer,21,392.557,116.516,392.545,117.390
421.300,snap_through,1,Outer,22,406.603,102.987,406.627,103.829
421.300,snap_through,1,Outer,23,420.360,87.541,420.379,88.337
421.300,snap_through,1,Outer,24,434.586,74.544,434.596,75.305
421.300,snap_through,1,Outer,25,448.583,65.726,448.563,66.418
421.300,snap_through,1,Outer,26,462.654,60.865,462.548,61.281
421.300,snap_through,1,Outer,27,477.186,60.237,477.059,60.105
421.300,snap_through,1,Outer,28,491.794,60.197,491.626,59.776
421.300,snap_through,1,Outer,29,506.401,60.197,506.238,59.807
421.300,snap_through,1,Outer,30,521.008,60.197,520.847,59.864
421.300,snap_through,1,Plate,1,97.397,57.733,97.454,57.324
421.300,snap_through,1,Plate,2,112.005,57.733,112.063,57.427
421.300,snap_through,1,Plate,3,126.612,57.733,126.676,57.529
421.300,snap_through,1,Plate,4,140.862,48.632,140.929,48.408
421.300,snap_through,1,Plate,5,155.243,35.513,155.385,35.354
421.300,snap_through,1,Plate,6,170.168,21.392,170.377,21.294
421.300,snap_through,1,Plate,7,185.041,11.236,185.166,11.014
421.300,snap_through,1,Plate,8,199.648,11.236,199.772,10.902
421.300,snap_through,1,Plate,9,214.255,11.236,214.380,10.864
421.300,snap_through,1,Plate,10,228.863,11.236,228.978,10.583
421.300,snap_through,1,Plate,11,243.703,12.624,243.833,11.746
421.300,snap_through,1,Plate,12,258.371,16.101,258.492,15.249
421.300,snap_through,1,Plate,13,272.893,19.011,272.963,18.355
421.300,snap_through,1,Plate,14,287.535,20.699,287.563,20.268
421.300,snap_through,1,Plate,15,302.017,21.120,302.026,20.820
421.300,snap_through,1,Plate,16,316.389,21.120,316.382,20.855
421.300,snap_through,1,Plate,17,330.871,20.699,330.849,20.357
421.300,snap_through,1,Plate,18,345.513,19.011,345.454,18.460
421.300,snap_through,1,Plate,19,360.034,16.101,359.924,15.329
421.300,snap_through,1,Plate,20,374.703,12.624,374.571,11.762
421.300,snap_through,1,Plate,21,389.543,11.236,389.421,10.424
421.300,snap_through,1,Plate,22,404.150,11.236,404.035,10.510
421.300,snap_through,1,Plate,23,418.757,11.236,418.647,10.548
421.300,snap_through,1,Plate,24,433.365,11.236,433.256,10.671
421.300,snap_through,1,Plate,25,448.237,21.392,448.085,20.901
421.300,snap_through,1,Plate,26,463.163,35.513,463.006,35.038
421.300,snap_through,1,Plate,27,477.543,48.632,477.393,48.166
421.300,snap_through,1,Plate,28,491.794,57.733,491.626,57.312
421.300,snap_through,1,Plate,29,506.401,57.733,506.238,57.343
421.300,snap_through,1,Plate,30,521.008,57.733,520.847,57.399
421.300,snap_through,1,Inner,1,185.041,13.700,185.166,13.479
421.300,snap_through,1,Inner,2,199.648,13.700,199.772,13.366
421.300,snap_through,1,Inner,3,214.255,13.700,214.380,13.328
421.300,snap_through,1,Inner,4,228.453,19.191,228.606,18.800
421.300,snap_through,1,Inner,5,242.488,31.270,242.589,30.966
421.300,snap_through,1,Inner,6,256.943,47.431,256.924,47.263
421.300,snap_through,1,Inner,7,271.825,62.634,271.733,62.570
421.300,snap_through,1,Inner,8,286.862,73.925,286.834,73.816
421.300,snap_through,1,Inner,9,301.841,79.683,301.895,79.424
421.300,snap_through,1,Inner,10,316.565,79.683,316.641,79.312
421.300,snap_through,1,Inner,11,331.544,73.925,331.629,73.514
421.300,snap_through,1,Inner,12,346.581,62.634,346.663,62.182
421.300,snap_through,1,Inner,13,361.463,47.431,361.489,46.898
421.300,snap_through,1,Inner,14,375.917,31.270,375.866,30.650
421.300,snap_through,1,Inner,15,389.952,19.191,389.851,18.502
421.300,snap_through,1,Inner,16,404.150,13.700,404.035,12.975
421.300,snap_through,1,Inner,17,418.757,13.700,418.647,13.012
421.300,snap_through,1,Inner,18,433.365,13.700,433.256,13.136
421.300,snap_through,1,Patch1,1,228.863,13.824,228.978,13.172
421.300,snap_through,1,Patch1,2,243.070,15.777,243.208,15.055
421.300,snap_through,1,Patch1,3,258.414,19.225,258.511,18.680
421.300,snap_through,1,Patch1,4,272.814,21.462,272.874,21.142
421.300,snap_through,1,Patch1,5,287.381,23.368,287.411,23.253
421.300,snap_through,1,Patch1,6,302.003,23.612,302.028,23.601
421.300,snap_through,1,Patch1,7,316.402,23.612,316.424,23.604
421.300,snap_through,1,Patch1,8,331.024,23.368,331.041,23.261
421.300,snap_through,1,Patch1,9,345.591,21.462,345.578,21.153
421.300,snap_through,1,Patch1,10,359.992,19.225,359.940,18.685
421.300,snap_through,1,Patch1,11,375.336,15.777,375.234,15.026
421.300,snap_through,1,Patch1,12,389.543,13.824,389.421,13.012
421.300,snap_through,1,Patch2,1,404.150,9.669,404.035,8.943
421.300,snap_through,1,Patch2,2,418.757,9.669,418.647,8.981
421.300,snap_through,1,Patch2,3,433.365,9.669,433.256,9.104
421.300,snap_through,1,Patch3,1,185.041,9.669,185.166,9.448
421.300,snap_through,1,Patch3,2,199.648,9.669,199.772,9.335
421.300,snap_through,1,Patch3,3,214.255,9.669,214.380,9.297
421.300,snap_through,1,Patch4,1,216.285,101.557,217.157,100.230
421.300,snap_through,1,Patch4,2,229.667,112.774,230.309,111.711
421.300,snap_through,1,Patch4,3,244.116,124.447,244.510,123.678
421.300,snap_through,1,Patch4,4,257.887,133.856,258.088,133.354
421.300,snap_through,1,Patch4,5,272.378,141.447,272.449,141.179
421.300,snap_through,1,Patch4,6,287.127,145.349,287.163,145.200
421.300,snap_through,1,Patch4,7,301.796,146.111,301.830,145.968
421.300,snap_through,1,Patch4,8,316.609,146.111,316.643,145.905
421.300,snap_through,1,Patch4,9,331.279,145.349,331.306,145.034
421.300,snap_through,1,Patch4,10,346.027,141.447,346.017,140.988
421.300,snap_through,1,Patch4,11,360.519,133.856,360.429,133.246
421.300,snap_through,1,Patch4,12,374.289,124.447,374.102,123.694
421.300,snap_through,1,Patch4,13,388.738,112.774,388.428,111.871
421.300,snap_through,1,Patch4,14,402.121,101.557,401.688,100.511
421.300,snap_through,2,Outer,1,113.689,57.760,113.471,56.373
421.300,snap_through,2,Outer,2,125.842,57.760,125.623,56.416
421.300,snap_through,2,Outer,3,137.995,57.760,137.776,56.484
421.300,snap_through,2,Outer,4,150.149,57.749,149.887,56.661
421.300,snap_through,2,Outer,5,162.192,58.278,161.919,57.363
421.300,snap_through,2,Outer,6,173.599,62.559,173.330,61.635
421.300,snap_through,2,Outer,7,185.095,71.380,185.066,70.135
421.300,snap_through,2,Outer,8,196.817,84.268,197.511,82.329
421.300,snap_through,2,Outer,9,208.209,99.135,209.853,96.419
421.300,snap_through,2,Outer,10,219.956,111.960,222.047,108.826
421.300,snap_through,2,Outer,11,232.101,123.030,234.120,119.980
421.300,snap_through,2,Outer,12,245.128,132.263,246.721,129.796
421.300,snap_through,2,Outer,13,258.404,138.045,259.549,136.525
421.300,snap_through,2,Outer,14,271.049,139.973,272.010,139.429
421.300,snap_through,2,Outer,15,283.611,140.420,284.524,140.605
421.300,snap_through,2,Outer,16,296.211,140.420,297.117,140.873
421.300,snap_through,2,Outer,17,308.773,139.973,309.660,140.172
421.300,snap_through,2,Outer,18,321.419,138.045,322.176,137.580
421.300,snap_through,2,Outer,19,334.694,132.263,335.029,130.941
421.300,snap_through,2,Outer,20,347.721,123.030,347.495,120.982
421.300,snap_through,2,Outer,21,359.866,111.960,359.217,109.477
421.300,snap_through,2,Outer,22,371.613,99.135,370.753,96.464
421.300,snap_through,2,Outer,23,383.005,84.268,382.188,81.631
421.300,snap_through,2,Outer,24,394.728,71.380,394.249,69.059
421.300,snap_through,2,Outer,25,406.223,62.559,406.001,60.586
421.300,snap_through,2,Outer,26,417.630,58.278,417.487,56.527
421.300,snap_through,2,Outer,27,429.674,57.749,429.531,56.084
421.300,snap_through,2,Outer,28,441.827,57.760,441.692,56.153
421.300,snap_through,2,Outer,29,453.980,57.760,453.844,56.338
421.300,snap_through,2,Outer,30,466.133,57.760,465.995,56.540
421.300,snap_through,2,Plate,1,113.689,55.295,113.471,53.908
421.300,snap_through,2,Plate,2,125.842,55.295,125.623,53.951
421.300,snap_through,2,Plate,3,137.995,55.295,137.776,54.020
421.300,snap_through,2,Plate,4,149.809,45.886,149.619,44.647
421.300,snap_through,2,Plate,5,161.818,33.361,161.669,32.161
421.300,snap_through,2,Plate,6,174.224,20.802,174.211,19.738
421.300,snap_through,2,Plate,7,186.608,11.916,186.682,10.974
421.300,snap_through,2,Plate,8,198.762,11.916,198.835,10.980
421.300,snap_through,2,Plate,9,210.915,11.916,210.988,10.897
421.300,snap_through,2,Plate,10,223.068,11.916,223.137,10.824
421.300,snap_through,2,Plate,11,235.431,14.224,235.490,13.167
421.300,snap_through,2,Plate,12,247.358,17.674,247.387,16.713
421.300,snap_through,2,Plate,13,259.631,20.393,259.636,19.532
421.300,snap_through,2,Plate,14,271.744,21.656,271.743,20.864
421.300,snap_through,2,Plate,15,283.855,21.842,283.855,21.072
421.300,snap_through,2,Plate,16,295.967,21.842,295.969,21.030
421.300,snap_through,2,Plate,17,308.078,21.656,308.079,20.730
421.300,snap_through,2,Plate,18,320.191,20.393,320.173,19.284
421.300,snap_through,2,Plate,19,332.464,17.674,332.391,16.324
421.300,snap_through,2,Plate,20,344.391,14.224,344.245,12.633
421.300,snap_through,2,Plate,21,356.754,11.916,356.576,10.166
421.300,snap_through,2,Plate,22,368.907,11.916,368.728,10.156
421.300,snap_through,2,Plate,23,381.061,11.916,380.881,10.211
421.300,snap_through,2,Plate,24,393.214,11.916,393.035,10.294
421.300,snap_through,2,Plate,25,405.598,20.802,405.409,19.203
421.300,snap_through,2,Plate,26,418.004,33.361,417.914,31.672
421.300,snap_through,2,Plate,27,430.013,45.886,429.947,44.183
421.300,snap_through,2,Plate,28,441.827,55.295,441.692,53.688
421.300,snap_through,2,Plate,29,453.980,55.295,453.844,53.874
421.300,snap_through,2,Plate,30,466.133,55.295,465.995,54.075
421.300,snap_through,2,Inner,1,186.608,14.380,186.682,13.438
421.300,snap_through,2,Inner,2,198.762,14.380,198.835,13.444
421.300,snap_through,2,Inner,3,210.915,14.380,210.988,13.361
421.300,snap_through,2,Inner,4,222.789,22.464,223.017,21.267
421.300,snap_through,2,Inner,5,234.500,34.242,234.882,32.889
421.300,snap_through,2,Inner,6,246.598,49.503,247.028,48.112
421.300,snap_through,2,Inner,7,258.910,63.582,259.245,62.273
421.300,snap_through,2,Inner,8,271.329,73.553,271.568,72.363
421.300,snap_through,2,Inner,9,283.773,78.321,283.996,77.172
421.300,snap_through,2,Inner,10,296.049,78.321,296.270,77.073
421.300,snap_through,2,Inner,11,308.493,73.553,308.635,72.107
421.300,snap_through,2,Inner,12,320.912,63.582,320.890,61.938
421.300,snap_through,2,Inner,13,333.224,49.503,333.052,47.732
421.300,snap_through,2,Inner,14,345.322,34.242,345.092,32.425
421.300,snap_through,2,Inner,15,357.033,22.464,356.830,20.677
421.300,snap_through,2,Inner,16,368.907,14.380,368.728,12.620
421.300,snap_through,2,Inner,17,381.061,14.380,380.881,12.676
421.300,snap_through,2,Inner,18,393.214,14.380,393.035,12.758
421.300,snap_through,2,Patch2,1,368.907,10.349,368.728,8.589
421.300,snap_through,2,Patch2,2,381.061,10.349,380.881,8.644
421.300,snap_through,2,Patch2,3,393.214,10.349,393.035,8.727
421.300,snap_through,2,Patch3,1,186.608,10.349,186.682,9.408
421.300,snap_through,2,Patch3,2,198.762,10.349,198.835,9.413
421.300,snap_through,2,Patch3,3,210.915,10.349,210.988,9.330
421.300,snap_through,2,Patch4,1,211.968,96.300,213.760,92.306
421.300,snap_through,2,Patch4,2,224.001,108.348,225.236,104.881
421.300,snap_through,2,Patch4,3,235.531,117.659,236.327,114.709
421.300,snap_through,2,Patch4,4,247.396,125.986,247.809,123.553
421.300,snap_through,2,Patch4,5,259.328,130.868,259.540,128.901
421.300,snap_through,2,Patch4,6,271.463,132.793,271.610,131.197
421.300,snap_through,2,Patch4,7,283.785,133.242,283.918,131.901
421.300,snap_through,2,Patch4,8,296.038,133.242,296.168,132.039
421.300,snap_through,2,Patch4,9,308.359,132.793,308.488,131.607
421.300,snap_through,2,Patch4,10,320.494,130.868,320.604,129.566
421.300,snap_through,2,Patch4,11,332.426,125.986,332.436,124.450
421.300,snap_through,2,Patch4,12,344.291,117.659,344.075,115.816
421.300,snap_through,2,Patch4,13,355.821,108.348,355.329,106.177
421.300,snap_through,2,Patch4,14,367.854,96.300,366.999,93.785
421.300,snap_through,3,Outer,1,125.925,55.289,125.459,53.585
421.300,snap_through,3,Outer,2,136.184,55.289,135.710,53.180
421.300,snap_through,3,Outer,3,146.442,55.289,145.961,52.792
421.300,snap_through,3,Outer,4,156.701,55.312,156.314,52.389
421.300,snap_through,3,Outer,5,166.853,55.906,166.483,52.334
421.300,snap_through,3,Outer,6,176.432,60.600,176.460,56.113
421.300,snap_through,3,Outer,7,186.279,69.578,187.315,63.840
421.300,snap_through,3,Outer,8,196.021,82.377,198.634,75.261
421.300,snap_through,3,Outer,9,205.598,97.285,209.661,89.116
421.300,snap_through,3,Outer,10,215.299,109.979,219.817,101.436
421.300,snap_through,3,Outer,11,225.579,120.488,229.824,112.196
421.300,snap_through,3,Outer,12,236.336,128.994,239.909,121.483
421.300,snap_through,3,Outer,13,247.507,134.127,250.466,127.778
421.300,snap_through,3,Outer,14,258.470,135.642,261.169,130.582
421.300,snap_through,3,Outer,15,269.279,136.054,271.856,132.226
421.300,snap_through,3,Outer,16,280.071,136.054,282.594,133.235
421.300,snap_through,3,Outer,17,290.880,135.642,293.402,133.425
421.300,snap_through,3,Outer,18,301.843,134.127,304.360,131.955
421.300,snap_through,3,Outer,19,313.014,128.994,315.265,126.316
421.300,snap_through,3,Outer,20,323.771,120.488,325.361,117.061
421.300,snap_through,3,Outer,21,334.051,109.979,334.848,105.847
421.300,snap_through,3,Outer,22,343.752,97.285,343.777,92.607
421.300,snap_through,3,Outer,23,353.329,82.377,352.767,77.342
421.300,snap_through,3,Outer,24,363.071,69.578,362.603,64.621
421.300,snap_through,3,Outer,25,372.918,60.600,372.756,55.998
421.300,snap_through,3,Outer,26,382.497,55.906,382.533,51.743
421.300,snap_through,3,Outer,27,392.649,55.312,392.696,51.596
421.300,snap_through,3,Outer,28,402.908,55.289,403.028,51.925
421.300,snap_through,3,Outer,29,413.166,55.289,413.280,52.278
421.300,snap_through,3,Outer,30,423.425,55.289,423.532,52.648
421.300,snap_through,3,Plate,1,125.925,52.825,125.459,51.121
421.300,snap_through,3,Plate,2,136.184,52.825,135.710,50.715
421.300,snap_through,3,Plate,3,146.442,52.825,145.961,50.328
421.300,snap_through,3,Plate,4,156.714,44.118,156.041,41.395
421.300,snap_through,3,Plate,5,167.104,32.311,166.555,29.695
421.300,snap_through,3,Plate,6,177.231,20.040,177.026,17.713
421.300,snap_through,3,Plate,7,187.477,11.002,187.464,8.896
421.300,snap_through,3,Plate,8,197.735,11.002,197.723,8.947
421.300,snap_through,3,Plate,9,207.994,11.002,207.983,8.920
421.300,snap_through,3,Plate,10,218.253,11.002,218.243,8.907
421.300,snap_through,3,Plate,11,228.623,13.554,228.613,11.467
421.300,snap_through,3,Plate,12,238.582,17.756,238.576,15.662
421.300,snap_through,3,Plate,13,248.928,20.676,248.925,18.573
421.300,snap_through,3,Plate,14,259.272,21.407,259.270,19.299
421.300,snap_through,3,Plate,15,269.548,21.486,269.546,19.359
421.300,snap_through,3,Plate,16,279.802,21.486,279.801,19.311
421.300,snap_through,3,Plate,17,290.078,21.407,290.076,19.145
421.300,snap_through,3,Plate,18,300.422,20.676,300.411,18.286
421.300,snap_through,3,Plate,19,310.768,17.756,310.708,15.200
421.300,snap_through,3,Plate,20,320.727,13.554,320.592,10.825
421.300,snap_through,3,Plate,21,331.097,11.002,330.923,8.118
421.300,snap_through,3,Plate,22,341.356,11.002,341.182,8.018
421.300,snap_through,3,Plate,23,351.615,11.002,351.441,7.932
421.300,snap_through,3,Plate,24,361.873,11.002,361.701,7.851
421.300,snap_through,3,Plate,25,372.119,20.040,372.025,16.802
421.300,snap_through,3,Plate,26,382.246,32.311,382.347,28.915
421.300,snap_through,3,Plate,27,392.636,44.118,392.871,40.610
421.300,snap_through,3,Plate,28,402.908,52.825,403.028,49.460
421.300,snap_through,3,Plate,29,413.166,52.825,413.280,49.813
421.300,snap_through,3,Plate,30,423.425,52.825,423.532,50.183
421.300,snap_through,3,Inner,1,187.477,13.466,187.464,11.360
421.300,snap_through,3,Inner,2,197.735,13.466,197.723,11.411
421.300,snap_through,3,Inner,3,207.994,13.466,207.983,11.384
421.300,snap_through,3,Inner,4,218.065,22.629,218.220,20.397
421.300,snap_through,3,Inner,5,227.955,35.554,228.322,33.154
421.300,snap_through,3,Inner,6,238.006,51.396,238.470,48.931
421.300,snap_through,3,Inner,7,248.213,64.987,248.624,62.559
421.300,snap_through,3,Inner,8,258.686,74.658,259.041,72.287
421.300,snap_through,3,Inner,9,269.387,78.923,269.740,76.555
421.300,snap_through,3,Inner,10,279.963,78.923,280.316,76.471
421.300,snap_through,3,Inner,11,290.664,74.658,290.952,72.053
421.300,snap_through,3,Inner,12,301.137,64.987,301.274,62.225
421.300,snap_through,3,Inner,13,311.344,51.396,311.328,48.523
421.300,snap_through,3,Inner,14,321.395,35.554,321.288,32.625
421.300,snap_through,3,Inner,15,331.285,22.629,331.165,19.690
421.300,snap_through,3,Inner,16,341.356,13.466,341.182,10.482
421.300,snap_through,3,Inner,17,351.615,13.466,351.441,10.397
421.300,snap_through,3,Inner,18,361.873,13.466,361.701,10.315
421.300,snap_through,3,Patch2,1,341.356,9.435,341.182,6.451
421.300,snap_through,3,Patch2,2,351.615,9.435,351.441,6.365
421.300,snap_through,3,Patch2,3,361.873,9.435,361.701,6.284
421.300,snap_through,3,Patch3,1,187.477,9.436,187.464,7.329
421.300,snap_through,3,Patch3,2,197.735,9.436,197.723,7.380
421.300,snap_through,3,Patch3,3,207.994,9.436,207.983,7.353
421.300,snap_through,4,Outer,1,134.356,52.895,133.793,51.264
421.300,snap_through,4,Outer,2,143.244,52.895,142.608,50.121
421.300,snap_through,4,Outer,3,152.133,52.895,151.424,48.990
421.300,snap_through,4,Outer,4,161.022,52.930,160.578,47.721
421.300,snap_through,4,Outer,5,169.798,53.466,169.308,46.693
421.300,snap_through,4,Outer,6,177.971,57.810,178.180,49.326
421.300,snap_through,4,Outer,7,186.431,66.673,188.259,56.286
421.300,snap_through,4,Outer,8,194.685,79.140,198.588,67.082
421.300,snap_through,4,Outer,9,202.936,94.258,208.496,81.143
421.300,snap_through,4,Outer,10,211.425,107.455,217.621,93.884
421.300,snap_through,4,Outer,11,220.269,117.444,226.439,103.878
421.300,snap_through,4,Outer,12,229.785,125.140,235.552,112.036
421.300,snap_through,4,Outer,13,239.572,129.567,244.854,117.403
421.300,snap_through,4,Outer,14,249.075,130.767,254.088,119.944
421.300,snap_through,4,Outer,15,258.526,131.041,263.342,121.882
421.300,snap_through,4,Outer,16,267.963,131.041,272.602,123.698
421.300,snap_through,4,Outer,17,277.414,130.767,281.943,125.154
421.300,snap_through,4,Outer,18,286.917,129.567,291.515,125.329
421.300,snap_through,4,Outer,19,296.703,125.140,301.549,121.535
421.300,snap_through,4,Outer,20,306.220,117.444,310.813,113.562
421.300,snap_through,4,Outer,21,315.064,107.455,318.802,102.896
421.300,snap_through,4,Outer,22,323.553,94.258,325.821,88.872
421.300,snap_through,4,Outer,23,331.804,79.140,332.537,73.020
421.300,snap_through,4,Outer,24,340.058,66.673,340.324,60.264
421.300,snap_through,4,Outer,25,348.518,57.810,348.887,51.510
421.300,snap_through,4,Outer,26,356.691,53.466,357.221,47.492
421.300,snap_through,4,Outer,27,365.467,52.930,366.008,47.384
421.300,snap_through,4,Outer,28,374.356,52.895,374.985,47.709
421.300,snap_through,4,Outer,29,383.244,52.895,383.867,48.034
421.300,snap_through,4,Outer,30,392.133,52.895,392.748,48.375
421.300,snap_through,4,Plate,1,134.356,50.431,133.793,48.799
421.300,snap_through,4,Plate,2,143.244,50.431,142.608,47.657
421.300,snap_through,4,Plate,3,152.133,50.431,151.424,46.525
421.300,snap_through,4,Plate,4,161.165,41.997,159.895,37.522
421.300,snap_through,4,Plate,5,170.169,30.733,169.185,26.490
421.300,snap_through,4,Plate,6,178.883,18.942,178.481,15.151
421.300,snap_through,4,Plate,7,187.689,10.528,187.596,7.069
421.300,snap_through,4,Plate,8,196.578,10.528,196.484,7.203
421.300,snap_through,4,Plate,9,205.467,10.528,205.373,7.247
421.300,snap_through,4,Plate,10,214.356,10.528,214.263,7.237
421.300,snap_through,4,Plate,11,223.367,12.884,223.291,9.536
421.300,snap_through,4,Plate,12,231.986,17.106,231.956,13.664
421.300,snap_through,4,Plate,13,241.018,19.893,241.018,16.354
421.300,snap_through,4,Plate,14,249.946,20.173,249.948,16.563
421.300,snap_through,4,Plate,15,258.814,20.049,258.815,16.391
421.300,snap_through,4,Plate,16,267.675,20.049,267.676,16.355
421.300,snap_through,4,Plate,17,276.542,20.173,276.544,16.443
421.300,snap_through,4,Plate,18,285.471,19.893,285.471,16.119
421.300,snap_through,4,Plate,19,294.503,17.106,294.482,13.267
421.300,snap_through,4,Plate,20,303.122,12.884,303.060,8.964
421.300,snap_through,4,Plate,21,312.133,10.528,312.045,6.508
421.300,snap_through,4,Plate,22,321.022,10.528,320.933,6.378
421.300,snap_through,4,Plate,23,329.911,10.528,329.819,6.181
421.300,snap_through,4,Plate,24,338.800,10.528,338.706,5.951
421.300,snap_through,4,Plate,25,347.606,18.942,347.723,14.140
421.300,snap_through,4,Plate,26,356.320,30.733,356.739,25.701
421.300,snap_through,4,Plate,27,365.324,41.997,365.993,36.763
421.300,snap_through,4,Plate,28,374.356,50.431,374.985,45.244
421.300,snap_through,4,Plate,29,383.244,50.431,383.867,45.569
421.300,snap_through,4,Plate,30,392.133,50.431,392.748,45.911
421.300,snap_through,4,Inner,1,187.689,12.992,187.596,9.533
421.300,snap_through,4,Inner,2,196.578,12.992,196.484,9.668
421.300,snap_through,4,Inner,3,205.467,12.992,205.373,9.711
421.300,snap_through,4,Inner,4,214.071,21.972,214.052,18.633
421.300,snap_through,4,Inner,5,222.646,34.962,222.788,31.512
421.300,snap_through,4,Inner,6,231.167,50.669,231.463,47.133
421.300,snap_through,4,Inner,7,239.966,63.790,240.327,60.207
421.300,snap_through,4,Inner,8,249.081,73.146,249.475,69.531
421.300,snap_through,4,Inner,9,258.542,77.247,258.957,73.583
421.300,snap_through,4,Inner,10,267.947,77.247,268.361,73.511
421.300,snap_through,4,Inner,11,277.408,73.146,277.785,69.328
421.300,snap_through,4,Inner,12,286.523,63.790,286.827,59.902
421.300,snap_through,4,Inner,13,295.322,50.669,295.552,46.733
421.300,snap_through,4,Inner,14,303.843,34.962,303.995,30.984
421.300,snap_through,4,Inner,15,312.418,21.972,312.490,17.942
421.300,snap_through,4,Inner,16,321.022,12.992,320.933,8.842
421.300,snap_through,4,Inner,17,329.911,12.992,329.819,8.645
421.300,snap_through,4,Inner,18,338.800,12.992,338.706,8.416
421.300,snap_through,4,Patch2,1,321.022,8.960,320.933,4.811
421.300,snap_through,4,Patch2,2,329.911,8.960,329.819,4.614
421.300,snap_through,4,Patch2,3,338.800,8.960,338.706,4.384
421.300,snap_through,4,Patch3,1,187.689,8.961,187.596,5.502
421.300,snap_through,4,Patch3,2,196.578,8.961,196.484,5.637
421.300,snap_through,4,Patch3,3,205.467,8.961,205.373,5.680
421.300,snap_through,5,Outer,1,139.231,50.583,138.981,49.297
421.300,snap_through,5,Outer,2,147.240,50.583,146.732,47.283
421.300,snap_through,5,Outer,3,155.250,50.583,154.483,45.266
421.300,snap_through,5,Outer,4,163.259,50.590,162.860,42.978
421.300,snap_through,5,Outer,5,171.156,51.029,170.515,41.009
421.300,snap_through,5,Outer,6,178.442,54.693,178.569,42.275
421.300,snap_through,5,Outer,7,185.991,62.770,188.057,47.939
421.300,snap_through,5,Outer,8,193.391,74.459,197.706,57.837
421.300,snap_through,5,Outer,9,200.785,88.877,206.997,71.089
421.300,snap_through,5,Outer,10,208.546,101.631,216.179,82.842
421.300,snap_through,5,Outer,11,216.606,111.225,225.234,91.492
421.300,snap_through,5,Outer,12,225.335,118.356,234.579,97.786
421.300,snap_through,5,Outer,13,234.192,122.123,243.623,101.055
421.300,snap_through,5,Outer,14,242.699,123.045,252.099,102.037
421.300,snap_through,5,Outer,15,251.146,123.226,260.361,103.590
421.300,snap_through,5,Outer,16,259.593,123.226,268.157,106.764
421.300,snap_through,5,Outer,17,268.040,123.045,275.783,110.350
421.300,snap_through,5,Outer,18,276.547,122.123,283.776,113.360
421.300,snap_through,5,Outer,19,285.404,118.356,293.390,113.480
421.300,snap_through,5,Outer,20,294.133,111.225,303.080,107.795
421.300,snap_through,5,Outer,21,302.192,101.631,310.128,97.461
421.300,snap_through,5,Outer,22,309.953,88.877,315.522,83.556
421.300,snap_through,5,Outer,23,317.348,74.459,320.193,68.049
421.300,snap_through,5,Outer,24,324.748,62.770,326.244,55.617
421.300,snap_through,5,Outer,25,332.297,54.693,333.481,47.267
421.300,snap_through,5,Outer,26,339.583,51.029,340.805,43.685
421.300,snap_through,5,Outer,27,347.480,50.590,348.709,43.505
421.300,snap_through,5,Outer,28,355.489,50.583,356.794,43.770
421.300,snap_through,5,Outer,29,363.499,50.583,364.799,44.012
421.300,snap_through,5,Outer,30,371.508,50.583,372.804,44.267
421.300,snap_through,5,Plate,1,139.231,48.119,138.981,46.832
421.300,snap_through,5,Plate,2,147.240,48.119,146.732,44.818
421.300,snap_through,5,Plate,3,155.250,48.119,154.483,42.802
421.300,snap_through,5,Plate,4,163.353,40.122,161.668,33.981
421.300,snap_through,5,Plate,5,171.459,29.444,170.249,23.683
421.300,snap_through,5,Plate,6,179.280,18.227,178.779,12.996
421.300,snap_through,5,Plate,7,187.288,10.680,187.144,5.846
421.300,snap_through,5,Plate,8,195.298,10.680,195.152,6.048
421.300,snap_through,5,Plate,9,203.307,10.680,203.161,6.150
421.300,snap_through,5,Plate,10,211.317,10.680,211.172,6.152
421.300,snap_through,5,Plate,11,219.406,12.553,219.285,7.924
421.300,snap_through,5,Plate,12,227.186,16.545,227.147,11.754
421.300,snap_through,5,Plate,13,235.334,18.997,235.344,14.041
421.300,snap_through,5,Plate,14,243.388,18.963,243.397,13.891
421.300,snap_through,5,Plate,15,251.376,18.674,251.384,13.533
421.300,snap_through,5,Plate,16,259.363,18.674,259.371,13.498
421.300,snap_through,5,Plate,17,267.351,18.963,267.361,13.779
421.300,snap_through,5,Plate,18,275.405,18.997,275.416,13.834
421.300,snap_through,5,Plate,19,283.553,16.545,283.576,11.423
421.300,snap_through,5,Plate,20,291.333,12.553,291.371,7.457
421.300,snap_through,5,Plate,21,299.422,10.680,299.453,5.553
421.300,snap_through,5,Plate,22,307.432,10.680,307.463,5.433
421.300,snap_through,5,Plate,23,315.441,10.680,315.470,5.227
421.300,snap_through,5,Plate,24,323.451,10.680,323.476,4.970
421.300,snap_through,5,Plate,25,331.459,18.227,331.769,12.203
421.300,snap_through,5,Plate,26,339.280,29.444,340.043,23.089
421.300,snap_through,5,Plate,27,347.386,40.122,348.569,33.434
421.300,snap_through,5,Plate,28,355.489,48.119,356.794,41.306
421.300,snap_through,5,Plate,29,363.499,48.119,364.799,41.547
421.300,snap_through,5,Plate,30,371.508,48.119,372.804,41.802
421.300,snap_through,5,Inner,1,187.288,13.144,187.144,8.310
421.300,snap_through,5,Inner,2,195.298,13.144,195.152,8.512
421.300,snap_through,5,Inner,3,203.307,13.144,203.161,8.614
421.300,snap_through,5,Inner,4,211.019,20.775,210.872,16.246
421.300,snap_through,5,Inner,5,218.700,32.823,218.667,28.217
421.300,snap_through,5,Inner,6,226.287,47.873,226.462,43.160
421.300,snap_through,5,Inner,7,234.161,60.570,234.496,55.755
421.300,snap_through,5,Inner,8,242.456,69.396,242.871,64.504
421.300,snap_through,5,Inner,9,251.070,73.216,251.509,68.271
421.300,snap_through,5,Inner,10,259.669,73.216,260.108,68.241
421.300,snap_through,5,Inner,11,268.283,69.396,268.715,64.406
421.300,snap_through,5,Inner,12,276.577,60.570,276.999,55.573
421.300,snap_through,5,Inner,13,284.452,47.873,284.851,42.865
421.300,snap_through,5,Inner,14,292.039,32.823,292.365,27.780
421.300,snap_through,5,Inner,15,299.720,20.775,299.932,15.663
421.300,snap_through,5,Inner,16,307.432,13.144,307.463,7.897
421.300,snap_through,5,Inner,17,315.441,13.144,315.470,7.691
421.300,snap_through,5,Inner,18,323.451,13.144,323.476,7.434
421.300,snap_through,5,Patch2,1,307.432,9.113,307.463,3.866
421.300,snap_through,5,Patch2,2,315.441,9.113,315.470,3.660
421.300,snap_through,5,Patch2,3,323.451,9.113,323.476,3.402
421.300,snap_through,5,Patch3,1,187.288,9.113,187.144,4.279
421.300,snap_through,5,Patch3,2,195.298,9.113,195.152,4.481
421.300,snap_through,5,Patch3,3,203.307,9.113,203.161,4.583
421.300,snap_through,5,Patch4,1,203.773,86.983,203.413,37.045
421.300,snap_through,5,Patch4,2,211.281,96.878,209.371,47.939
421.300,snap_through,5,Patch4,3,218.935,105.036,215.766,57.112
421.300,snap_through,5,Patch4,4,226.845,111.238,222.748,64.339
421.300,snap_through,5,Patch4,5,235.042,114.695,230.433,68.814
421.300,snap_through,5,Patch4,6,243.299,115.481,238.538,70.570
421.300,snap_through,5,Patch4,7,251.419,115.459,246.610,71.438
421.300,snap_through,5,Patch4,8,259.320,115.459,254.467,72.253
421.300,snap_through,5,Patch4,9,267.439,115.481,262.544,73.074
421.300,snap_through,5,Patch4,10,275.697,114.695,270.838,73.080
421.300,snap_through,5,Patch4,11,283.893,111.238,279.326,70.417
421.300,snap_through,5,Patch4,12,291.804,105.036,287.795,65.004
421.300,snap_through,5,Patch4,13,299.458,96.878,296.206,57.633
421.300,snap_through,5,Patch4,14,306.966,86.983,304.650,48.529
421.300,snap_through,6,Outer,1,140.800,48.303,141.409,47.591
421.300,snap_through,6,Outer,2,148.386,48.303,148.441,44.749
421.300,snap_through,6,Outer,3,155.972,48.303,155.470,41.901
421.300,snap_through,6,Outer,4,163.559,48.311,163.409,38.673
421.300,snap_through,6,Outer,5,171.044,48.759,170.377,35.909
421.300,snap_through,6,Outer,6,177.980,52.470,178.228,36.351
421.300,snap_through,6,Outer,7,185.111,60.492,187.843,41.111
421.300,snap_through,6,Outer,8,192.148,71.869,197.645,50.193
421.300,snap_through,6,Outer,9,199.159,85.612,207.172,62.296
421.300,snap_through,6,Outer,10,206.533,97.629,216.973,72.402
421.300,snap_through,6,Outer,11,214.282,106.732,226.731,79.286
421.300,snap_through,6,Outer,12,222.564,113.316,236.386,83.585
421.300,snap_through,6,Outer,13,230.837,116.566,245.149,84.953
421.300,snap_through,6,Outer,14,238.842,117.305,253.139,84.455
421.300,snap_through,6,Outer,15,246.809,117.432,261.043,85.253
421.300,snap_through,6,Outer,16,254.791,117.432,267.867,89.354
421.300,snap_through,6,Outer,17,262.758,117.305,273.980,94.416
421.300,snap_through,6,Outer,18,270.763,116.566,280.287,99.351
421.300,snap_through,6,Outer,19,279.036,113.316,288.472,102.745
421.300,snap_through,6,Outer,20,287.318,106.732,298.991,102.080
421.300,snap_through,6,Outer,21,295.067,97.629,307.421,93.672
421.300,snap_through,6,Outer,22,302.441,85.612,311.925,80.329
421.300,snap_through,6,Outer,23,309.452,71.869,315.039,65.232
421.300,snap_through,6,Outer,24,316.489,60.492,319.375,52.587
421.300,snap_through,6,Outer,25,323.620,52.470,325.572,43.832
421.300,snap_through,6,Outer,26,330.556,48.759,332.451,40.024
421.300,snap_through,6,Outer,27,338.041,48.311,339.944,39.758
421.300,snap_through,6,Outer,28,345.628,48.303,347.610,40.016
421.300,snap_through,6,Outer,29,353.214,48.303,355.192,40.258
421.300,snap_through,6,Outer,30,360.800,48.303,362.774,40.509
421.300,snap_through,6,Plate,1,140.800,45.839,141.409,45.126
421.300,snap_through,6,Plate,2,148.386,45.839,148.441,42.285
421.300,snap_through,6,Plate,3,155.972,45.839,155.470,39.436
421.300,snap_through,6,Plate,4,163.654,38.045,161.838,30.572
421.300,snap_through,6,Plate,5,171.343,27.651,170.088,20.620
421.300,snap_through,6,Plate,6,178.725,17.265,178.208,10.801
421.300,snap_through,6,Plate,7,186.317,10.369,186.168,4.331
421.300,snap_through,6,Plate,8,193.903,10.369,193.751,4.556
421.300,snap_through,6,Plate,9,201.490,10.369,201.337,4.679
421.300,snap_through,6,Plate,10,209.076,10.369,208.925,4.689
421.300,snap_through,6,Plate,11,216.709,12.191,216.586,6.399
421.300,snap_through,6,Plate,12,224.137,15.878,224.105,9.899
421.300,snap_through,6,Plate,13,231.834,18.101,231.855,11.936
421.300,snap_through,6,Plate,14,239.448,17.973,239.468,11.683
421.300,snap_through,6,Plate,15,247.013,17.623,247.031,11.263
421.300,snap_through,6,Plate,16,254.587,17.623,254.606,11.236
421.300,snap_through,6,Plate,17,262.152,17.973,262.172,11.600
421.300,snap_through,6,Plate,18,269.766,18.101,269.786,11.787
421.300,snap_through,6,Plate,19,277.463,15.878,277.514,9.668
421.300,snap_through,6,Plate,20,284.891,12.191,284.991,6.077
421.300,snap_through,6,Plate,21,292.524,10.369,292.629,4.272
421.300,snap_through,6,Plate,22,300.110,10.369,300.217,4.169
421.300,snap_through,6,Plate,23,307.697,10.369,307.801,3.976
421.300,snap_through,6,Plate,24,315.283,10.369,315.383,3.721
421.300,snap_through,6,Plate,25,322.875,17.265,323.306,10.238
421.300,snap_through,6,Plate,26,330.257,27.651,331.350,20.119
421.300,snap_through,6,Plate,27,337.946,38.045,339.750,29.947
421.300,snap_through,6,Plate,28,345.628,45.839,347.610,37.551
421.300,snap_through,6,Plate,29,353.214,45.839,355.192,37.794
421.300,snap_through,6,Plate,30,360.800,45.839,362.774,38.045
421.300,snap_through,6,Inner,1,186.317,12.833,186.168,6.795
421.300,snap_through,6,Inner,2,193.903,12.833,193.751,7.020
421.300,snap_through,6,Inner,3,201.490,12.833,201.337,7.143
421.300,snap_through,6,Inner,4,208.823,20.472,208.638,14.806
421.300,snap_through,6,Inner,5,216.119,32.216,216.006,26.503
421.300,snap_through,6,Inner,6,223.263,46.799,223.341,40.989
421.300,snap_through,6,Inner,7,230.709,59.201,231.022,53.242
421.300,snap_through,6,Inner,8,238.590,67.321,239.076,61.187
421.300,snap_through,6,Inner,9,246.762,70.662,247.283,64.432
421.300,snap_through,6,Inner,10,254.838,70.662,255.357,64.529
421.300,snap_through,6,Inner,11,263.010,67.321,263.594,61.358
421.300,snap_through,6,Inner,12,270.891,59.201,271.586,53.350
421.300,snap_through,6,Inner,13,278.337,46.799,279.035,40.954
421.300,snap_through,6,Inner,14,285.481,32.216,286.011,26.293
421.300,snap_through,6,Inner,15,292.777,20.472,293.098,14.424
421.300,snap_through,6,Inner,16,300.110,12.833,300.217,6.633
421.300,snap_through,6,Inner,17,307.697,12.833,307.801,6.440
421.300,snap_through,6,Inner,18,315.283,12.833,315.383,6.185
421.300,snap_through,6,Patch2,1,300.110,8.802,300.217,2.602
421.300,snap_through,6,Patch2,2,307.697,8.802,307.801,2.409
421.300,snap_through,6,Patch2,3,315.283,8.802,315.383,2.154
421.300,snap_through,6,Patch3,1,186.317,8.802,186.168,2.764
421.300,snap_through,6,Patch3,2,193.903,8.802,193.751,2.990
421.300,snap_through,6,Patch3,3,201.490,8.802,201.337,3.112
421.300,snap_through,6,Patch4,1,202.050,83.389,204.391,33.814
421.300,snap_through,6,Patch4,2,209.220,93.060,209.596,44.668
421.300,snap_through,6,Patch4,3,216.438,100.364,215.271,53.224
421.300,snap_through,6,Patch4,4,223.835,105.993,221.420,60.194
421.300,snap_through,6,Patch4,5,231.519,109.222,228.328,64.861
421.300,snap_through,6,Patch4,6,239.300,109.861,235.869,66.891
421.300,snap_through,6,Patch4,7,247.033,109.923,243.517,68.048
421.300,snap_through,6,Patch4,8,254.567,109.923,251.002,68.916
421.300,snap_through,6,Patch4,9,262.300,109.861,258.702,69.641
421.300,snap_through,6,Patch4,10,270.081,109.222,266.509,69.772
421.300,snap_through,6,Patch4,11,277.765,105.993,274.486,67.350
421.300,snap_through,6,Patch4,12,285.162,100.364,282.459,62.573
421.300,snap_through,6,Patch4,13,292.380,93.060,290.478,56.162
421.300,snap_through,6,Patch4,14,299.550,83.389,298.755,47.425
421.300,snap_through,7,Outer,1,140.800,45.954,142.492,45.996
421.300,snap_through,7,Outer,2,148.179,45.954,149.006,42.534
421.300,snap_through,7,Outer,3,155.559,45.954,155.517,39.065
421.300,snap_through,7,Outer,4,162.938,45.996,163.170,35.140
421.300,snap_through,7,Outer,5,170.236,46.502,169.670,31.790
421.300,snap_through,7,Outer,6,177.078,50.601,177.643,31.721
421.300,snap_through,7,Outer,7,184.022,58.912,187.729,35.650
421.300,snap_through,7,Outer,8,190.935,70.418,198.291,43.913
421.300,snap_through,7,Outer,9,197.805,83.736,208.509,54.855
421.300,snap_through,7,Outer,10,204.911,95.040,218.467,63.728
421.300,snap_through,7,Outer,11,212.547,103.832,228.374,69.828
421.300,snap_through,7,Outer,12,220.586,109.847,237.833,73.152
421.300,snap_through,7,Outer,13,228.504,112.543,246.164,73.648
421.300,snap_through,7,Outer,14,236.231,113.073,253.819,72.673
421.300,snap_through,7,Outer,15,243.939,113.130,261.484,73.184
421.300,snap_through,7,Outer,16,251.661,113.130,267.569,77.907
421.300,snap_through,7,Outer,17,259.369,113.073,272.586,83.732
421.300,snap_through,7,Outer,18,267.096,112.543,277.673,89.541
421.300,snap_through,7,Outer,19,275.014,109.847,284.524,94.291
421.300,snap_through,7,Outer,20,283.053,103.832,294.372,96.055
421.300,snap_through,7,Outer,21,290.689,95.040,304.335,90.079
421.300,snap_through,7,Outer,22,297.795,83.736,309.284,77.702
421.300,snap_through,7,Outer,23,304.665,70.418,312.041,62.987
421.300,snap_through,7,Outer,24,311.578,58.912,315.519,50.036
421.300,snap_through,7,Outer,25,318.522,50.601,320.992,40.708
421.300,snap_through,7,Outer,26,325.364,46.502,327.732,36.454
421.300,snap_through,7,Outer,27,332.662,45.996,335.041,36.164
421.300,snap_through,7,Outer,28,340.041,45.954,342.518,36.434
421.300,snap_through,7,Outer,29,347.421,45.954,349.892,36.721
421.300,snap_through,7,Outer,30,354.800,45.954,357.265,37.013
421.300,snap_through,7,Plate,1,140.800,43.490,142.492,43.531
421.300,snap_through,7,Plate,2,148.179,43.490,149.006,40.070
421.300,snap_through,7,Plate,3,155.559,43.490,155.517,36.601
421.300,snap_through,7,Plate,4,163.078,35.864,161.573,27.784
421.300,snap_through,7,Plate,5,170.565,25.613,169.533,17.895
421.300,snap_through,7,Plate,6,177.726,16.091,177.293,8.855
421.300,snap_through,7,Plate,7,185.076,9.485,184.961,2.620
421.300,snap_through,7,Plate,8,192.455,9.485,192.337,2.829
421.300,snap_through,7,Plate,9,199.834,9.485,199.716,2.942
421.300,snap_through,7,Plate,10,207.214,9.485,207.096,2.950
421.300,snap_through,7,Plate,11,214.614,11.430,214.524,4.795
421.300,snap_through,7,Plate,12,221.917,14.890,221.904,8.090
421.300,snap_through,7,Plate,13,229.396,16.811,229.423,9.859
421.300,snap_through,7,Plate,14,236.774,16.676,236.801,9.634
421.300,snap_through,7,Plate,15,244.121,16.365,244.149,9.285
421.300,snap_through,7,Plate,16,251.479,16.365,251.509,9.280
421.300,snap_through,7,Plate,17,258.826,16.676,258.857,9.618
421.300,snap_through,7,Plate,18,266.204,16.811,266.235,9.823
421.300,snap_through,7,Plate,19,273.683,14.890,273.745,8.016
421.300,snap_through,7,Plate,20,280.986,11.430,281.100,4.662
421.300,snap_through,7,Plate,21,288.386,9.485,288.506,2.736
421.300,snap_through,7,Plate,22,295.766,9.485,295.886,2.622
421.300,snap_through,7,Plate,23,303.145,9.485,303.262,2.400
421.300,snap_through,7,Plate,24,310.524,9.485,310.635,2.102
421.300,snap_through,7,Plate,25,317.874,16.091,318.362,8.263
421.300,snap_through,7,Plate,26,325.035,25.613,326.274,17.169
421.300,snap_through,7,Plate,27,332.522,35.864,334.674,26.685
421.300,snap_through,7,Plate,28,340.041,43.490,342.518,33.970
421.300,snap_through,7,Plate,29,347.421,43.490,349.892,34.256
421.300,snap_through,7,Plate,30,354.800,43.490,357.265,34.549
421.300,snap_through,7,Inner,1,185.076,11.949,184.961,5.084
421.300,snap_through,7,Inner,2,192.455,11.949,192.337,5.293
421.300,snap_through,7,Inner,3,199.834,11.949,199.716,5.406
421.300,snap_through,7,Inner,4,207.020,20.143,206.889,13.609
421.300,snap_through,7,Inner,5,214.142,31.992,214.140,25.378
421.300,snap_through,7,Inner,6,221.068,46.395,221.339,39.645
421.300,snap_through,7,Inner,7,228.320,58.606,228.829,51.711
421.300,snap_through,7,Inner,8,235.982,66.306,236.575,59.328
421.300,snap_through,7,Inner,9,243.897,69.252,244.480,62.304
421.300,snap_through,7,Inner,10,251.703,69.252,252.286,62.434
421.300,snap_through,7,Inner,11,259.618,66.306,260.268,59.674
421.300,snap_through,7,Inner,12,267.280,58.606,268.084,52.132
421.300,snap_through,7,Inner,13,274.532,46.395,275.395,39.959
421.300,snap_through,7,Inner,14,281.458,31.992,282.127,25.467
421.300,snap_through,7,Inner,15,288.580,20.143,288.974,13.459
421.300,snap_through,7,Inner,16,295.766,11.949,295.886,5.086
421.300,snap_through,7,Inner,17,303.145,11.949,303.262,4.864
421.300,snap_through,7,Inner,18,310.524,11.949,310.635,4.566
421.300,snap_through,7,Patch2,1,295.766,7.918,295.886,1.055
421.300,snap_through,7,Patch2,2,303.145,7.918,303.262,0.833
421.300,snap_through,7,Patch2,3,310.524,7.918,310.635,0.535
421.300,snap_through,7,Patch3,1,185.076,7.918,184.961,1.053
421.300,snap_through,7,Patch3,2,192.455,7.918,192.337,1.263
421.300,snap_through,7,Patch3,3,199.834,7.918,199.716,1.375
421.300,snap_through,7,Patch4,1,200.260,80.432,203.930,31.838
421.300,snap_through,7,Patch4,2,207.475,90.411,209.048,43.033
421.300,snap_through,7,Patch4,3,214.410,97.757,214.404,51.595
421.300,snap_through,7,Patch4,4,221.802,103.415,220.542,58.591
421.300,snap_through,7,Patch4,5,229.250,105.988,227.354,62.553
421.300,snap_through,7,Patch4,6,236.611,106.205,234.545,64.136
421.300,snap_through,7,Patch4,7,244.056,106.186,241.876,65.433
421.300,snap_through,7,Patch4,8,251.544,106.186,249.257,66.686
421.300,snap_through,7,Patch4,9,258.989,106.205,256.603,67.900
421.300,snap_through,7,Patch4,10,266.350,105.988,263.906,68.843
421.300,snap_through,7,Patch4,11,273.798,103.415,271.668,67.478
421.300,snap_through,7,Patch4,12,281.190,97.757,279.868,63.072
421.300,snap_through,7,Patch4,13,288.125,90.411,287.892,56.940
421.300,snap_through,7,Patch4,14,295.340,80.432,296.619,48.263
421.300,snap_through,8,Outer,1,140.800,43.924,143.542,44.705
421.300,snap_through,8,Outer,2,147.972,43.924,149.661,40.965
421.300,snap_through,8,Outer,3,155.145,43.924,155.774,37.217
421.300,snap_through,8,Outer,4,162.317,43.927,163.126,32.889
421.300,snap_through,8,Outer,5,169.423,44.390,169.186,29.152
421.300,snap_through,8,Outer,6,176.142,48.169,176.832,28.187
421.300,snap_through,8,Outer,7,182.888,56.052,186.923,30.581
421.300,snap_through,8,Outer,8,189.649,67.202,198.301,36.923
421.300,snap_through,8,Outer,9,196.363,79.659,209.249,45.865
421.300,snap_through,8,Outer,10,203.218,90.051,218.977,53.607
421.300,snap_through,8,Outer,11,210.667,98.241,228.168,59.763
421.300,snap_through,8,Outer,12,218.441,103.675,236.878,63.504
421.300,snap_through,8,Outer,13,226.079,105.997,244.741,64.872
421.300,snap_through,8,Outer,14,233.571,106.418,252.218,65.479
421.300,snap_through,8,Outer,15,241.055,106.449,259.443,67.413
421.300,snap_through,8,Outer,16,248.545,106.449,265.788,71.385
421.300,snap_through,8,Outer,17,256.029,106.418,270.902,76.845
421.300,snap_through,8,Outer,18,263.521,105.997,275.666,82.640
421.300,snap_through,8,Outer,19,271.159,103.675,281.757,87.780
421.300,snap_through,8,Outer,20,278.933,98.241,290.852,90.271
421.300,snap_through,8,Outer,21,286.382,90.051,300.289,84.572
421.300,snap_through,8,Outer,22,293.237,79.659,305.045,73.100
421.300,snap_through,8,Outer,23,299.951,67.202,307.619,59.202
421.300,snap_through,8,Outer,24,306.712,56.052,310.819,46.575
421.300,snap_through,8,Outer,25,313.458,48.169,316.033,37.624
421.300,snap_through,8,Outer,26,320.177,44.390,322.688,33.745
421.300,snap_through,8,Outer,27,327.283,43.927,329.804,33.541
421.300,snap_through,8,Outer,28,334.455,43.924,337.086,33.885
421.300,snap_through,8,Outer,29,341.628,43.924,344.252,34.192
421.300,snap_through,8,Outer,30,348.800,43.924,351.418,34.500
421.300,snap_through,8,Plate,1,140.800,41.459,143.542,42.241
421.300,snap_through,8,Plate,2,147.972,41.459,149.661,38.501
421.300,snap_through,8,Plate,3,155.145,41.459,155.774,34.753
421.300,snap_through,8,Plate,4,162.466,34.336,161.487,26.318
421.300,snap_through,8,Plate,5,169.751,24.669,169.016,16.841
421.300,snap_through,8,Plate,6,176.701,15.891,176.383,8.411
421.300,snap_through,8,Plate,7,183.834,9.845,183.755,2.654
421.300,snap_through,8,Plate,8,191.007,9.845,190.926,2.824
421.300,snap_through,8,Plate,9,198.179,9.845,198.099,2.927
421.300,snap_through,8,Plate,10,205.352,9.845,205.273,2.945
421.300,snap_through,8,Plate,11,212.526,11.670,212.469,4.689
421.300,snap_through,8,Plate,12,219.660,14.743,219.663,7.624
421.300,snap_through,8,Plate,13,226.927,16.409,226.960,9.166
421.300,snap_through,8,Plate,14,234.092,16.240,234.125,8.928
421.300,snap_through,8,Plate,15,241.226,15.949,241.261,8.614
421.300,snap_through,8,Plate,16,248.374,15.949,248.410,8.622
421.300,snap_through,8,Plate,17,255.508,16.240,255.545,8.953
421.300,snap_through,8,Plate,18,262.673,16.409,262.711,9.203
421.300,snap_through,8,Plate,19,269.940,14.743,270.008,7.665
421.300,snap_through,8,Plate,20,277.074,11.670,277.195,4.710
421.300,snap_through,8,Plate,21,284.248,9.845,284.376,2.905
421.300,snap_through,8,Plate,22,291.421,9.845,291.550,2.769
421.300,snap_through,8,Plate,23,298.593,9.845,298.719,2.522
421.300,snap_through,8,Plate,24,305.766,9.845,305.885,2.204
421.300,snap_through,8,Plate,25,312.899,15.891,313.411,7.757
421.300,snap_through,8,Plate,26,319.849,24.669,321.156,15.843
421.300,snap_through,8,Plate,27,327.134,34.336,329.407,24.698
421.300,snap_through,8,Plate,28,334.455,41.459,337.086,31.421
421.300,snap_through,8,Plate,29,341.628,41.459,344.252,31.727
421.300,snap_through,8,Plate,30,348.800,41.459,351.418,32.036
421.300,snap_through,8,Inner,1,183.834,12.309,183.755,5.119
421.300,snap_through,8,Inner,2,191.007,12.309,190.926,5.288
421.300,snap_through,8,Inner,3,198.179,12.309,198.099,5.391
421.300,snap_through,8,Inner,4,205.206,19.990,205.044,13.127
421.300,snap_through,8,Inner,5,212.126,31.298,211.932,24.451
421.300,snap_through,8,Inner,6,218.877,44.909,218.806,37.993
421.300,snap_through,8,Inner,7,225.964,56.366,226.269,49.199
421.300,snap_through,8,Inner,8,233.390,63.530,234.041,55.974
421.300,snap_through,8,Inner,9,241.025,66.240,241.740,58.460
421.300,snap_through,8,Inner,10,248.575,66.240,249.273,58.842
421.300,snap_through,8,Inner,11,256.210,63.530,257.075,56.684
421.300,snap_through,8,Inner,12,263.636,56.366,264.842,49.898
421.300,snap_through,8,Inner,13,270.723,44.909,272.025,38.505
421.300,snap_through,8,Inner,14,277.474,31.298,278.419,24.727
421.300,snap_through,8,Inner,15,284.394,19.990,284.892,13.159
421.300,snap_through,8,Inner,16,291.421,12.309,291.550,5.233
421.300,snap_through,8,Inner,17,298.593,12.309,298.719,4.987
421.300,snap_through,8,Inner,18,305.766,12.309,305.885,4.668
421.300,snap_through,8,Patch2,1,291.421,8.278,291.550,1.202
421.300,snap_through,8,Patch2,2,298.593,8.278,298.719,0.955
421.300,snap_through,8,Patch2,3,305.766,8.278,305.885,0.637
421.300,snap_through,8,Patch3,1,183.834,8.278,183.755,1.088
421.300,snap_through,8,Patch3,2,191.007,8.278,190.926,1.258
421.300,snap_through,8,Patch3,3,198.179,8.278,198.099,1.360
421.300,snap_through,8,Patch4,1,198.827,77.188,203.554,30.620
421.300,snap_through,8,Patch4,2,205.781,86.254,208.670,40.823
421.300,snap_through,8,Patch4,3,212.610,93.074,214.065,48.813
421.300,snap_through,8,Patch4,4,219.744,97.831,220.092,54.902
421.300,snap_through,8,Patch4,5,226.949,100.113,226.615,58.714
421.300,snap_through,8,Patch4,6,234.088,100.289,233.434,60.844
421.300,snap_through,8,Patch4,7,241.256,100.235,240.496,62.074
421.300,snap_through,8,Patch4,8,248.344,100.235,247.496,63.176
421.300,snap_through,8,Patch4,9,255.512,100.289,254.555,64.408
421.300,snap_through,8,Patch4,10,262.651,100.113,261.595,65.602
421.300,snap_through,8,Patch4,11,269.856,97.831,269.117,64.888
421.300,snap_through,8,Patch4,12,276.989,93.074,277.112,61.803
421.300,snap_through,8,Patch4,13,283.819,86.254,285.256,56.639
421.300,snap_through,8,Patch4,14,290.773,77.188,293.992,49.293
421.300,snap_through,9,Outer,1,140.800,41.821,143.481,42.524
421.300,snap_through,9,Outer,2,147.766,41.821,149.460,38.950
421.300,snap_through,9,Outer,3,154.731,41.821,155.432,35.366
421.300,snap_through,9,Outer,4,161.697,41.822,162.627,31.214
421.300,snap_through,9,Outer,5,168.609,42.268,168.547,27.616
421.300,snap_through,9,Outer,6,175.208,45.875,175.998,26.590
421.300,snap_through,9,Outer,7,181.788,53.270,185.693,28.576
421.300,snap_through,9,Outer,8,188.390,63.898,196.918,34.068
421.300,snap_through,9,Outer,9,194.949,75.960,207.712,42.517
421.300,snap_through,9,Outer,10,201.645,85.927,216.913,50.175
421.300,snap_through,9,Outer,11,208.805,93.528,225.087,56.601
421.300,snap_through,9,Outer,12,216.285,98.376,232.730,61.131
421.300,snap_through,9,Outer,13,223.660,100.324,239.961,63.481
421.300,snap_through,9,Outer,14,230.917,100.656,246.982,65.241
421.300,snap_through,9,Outer,15,238.170,100.670,253.633,68.093
421.300,snap_through,9,Outer,16,245.430,100.670,259.504,72.353
421.300,snap_through,9,Outer,17,252.682,100.656,264.802,77.304
421.300,snap_through,9,Outer,18,259.940,100.324,270.057,82.321
421.300,snap_through,9,Outer,19,267.315,98.376,276.489,86.406
421.300,snap_through,9,Outer,20,274.795,93.528,285.342,86.855
421.300,snap_through,9,Outer,21,281.955,85.927,292.997,79.828
421.300,snap_through,9,Outer,22,288.651,75.960,297.430,68.678
421.300,snap_through,9,Outer,23,295.210,63.898,300.728,55.359
421.300,snap_through,9,Outer,24,301.812,53.270,304.896,43.569
421.300,snap_through,9,Outer,25,308.392,45.875,310.680,35.545
421.300,snap_through,9,Outer,26,314.991,42.268,317.286,31.956
421.300,snap_through,9,Outer,27,321.903,41.822,324.211,31.797
421.300,snap_through,9,Outer,28,328.869,41.821,331.289,32.141
421.300,snap_through,9,Outer,29,335.834,41.821,338.248,32.430
421.300,snap_through,9,Outer,30,342.800,41.821,345.208,32.718
421.300,snap_through,9,Plate,1,140.800,39.357,143.481,40.060
421.300,snap_through,9,Plate,2,147.766,39.357,149.460,36.485
421.300,snap_through,9,Plate,3,154.731,39.357,155.432,32.902
421.300,snap_through,9,Plate,4,161.847,32.291,161.026,24.599
421.300,snap_through,9,Plate,5,168.904,22.942,168.275,15.399
421.300,snap_through,9,Plate,6,175.659,14.820,175.398,7.597
421.300,snap_through,9,Plate,7,182.593,9.592,182.552,2.674
421.300,snap_through,9,Plate,8,189.559,9.592,189.515,2.888
421.300,snap_through,9,Plate,9,196.524,9.592,196.480,3.030
421.300,snap_through,9,Plate,10,203.490,9.592,203.446,3.072
421.300,snap_through,9,Plate,11,210.433,11.441,210.402,4.881
421.300,snap_through,9,Plate,12,217.390,14.434,217.393,7.796
421.300,snap_through,9,Plate,13,224.447,15.934,224.467,9.219
421.300,snap_through,9,Plate,14,231.405,15.764,231.424,8.998
421.300,snap_through,9,Plate,15,238.329,15.482,238.348,8.691
421.300,snap_through,9,Plate,16,245.271,15.482,245.291,8.688
421.300,snap_through,9,Plate,17,252.195,15.764,252.215,8.990
421.300,snap_through,9,Plate,18,259.153,15.934,259.173,9.205
421.300,snap_through,9,Plate,19,266.210,14.434,266.245,7.776
421.300,snap_through,9,Plate,20,273.167,11.441,273.230,4.842
421.300,snap_through,9,Plate,21,280.110,9.592,280.174,2.986
421.300,snap_through,9,Plate,22,287.076,9.592,287.140,2.850
421.300,snap_through,9,Plate,23,294.041,9.592,294.102,2.592
421.300,snap_through,9,Plate,24,301.007,9.592,301.060,2.252
421.300,snap_through,9,Plate,25,307.941,14.820,308.347,6.977
421.300,snap_through,9,Plate,26,314.696,22.942,315.843,14.421
421.300,snap_through,9,Plate,27,321.753,32.291,323.829,22.988
421.300,snap_through,9,Plate,28,328.869,39.357,331.289,29.677
421.300,snap_through,9,Plate,29,335.834,39.357,338.248,29.966
421.300,snap_through,9,Plate,30,342.800,39.357,345.208,30.254
421.300,snap_through,9,Inner,1,182.593,12.056,182.552,5.138
421.300,snap_through,9,Inner,2,189.559,12.056,189.515,5.353
421.300,snap_through,9,Inner,3,196.524,12.056,196.480,5.494
421.300,snap_through,9,Inner,4,203.397,19.511,203.289,12.993
421.300,snap_through,9,Inner,5,210.133,30.518,210.102,23.952
421.300,snap_through,9,Inner,6,216.714,43.686,216.916,36.998
421.300,snap_through,9,Inner,7,223.599,54.542,224.048,47.691
421.300,snap_through,9,Inner,8,230.777,61.083,231.323,54.122
421.300,snap_through,9,Inner,9,238.147,63.531,238.686,56.596
421.300,snap_through,9,Inner,10,245.453,63.531,245.992,56.760
421.300,snap_through,9,Inner,11,252.823,61.083,253.438,54.554
421.300,snap_through,9,Inner,12,260.001,54.542,260.799,48.224
421.300,snap_through,9,Inner,13,266.886,43.686,267.779,37.434
421.300,snap_through,9,Inner,14,273.467,30.518,274.160,24.171
421.300,snap_through,9,Inner,15,280.203,19.511,280.583,12.980
421.300,snap_through,9,Inner,16,287.076,12.056,287.140,5.314
421.300,snap_through,9,Inner,17,294.041,12.056,294.102,5.056
421.300,snap_through,9,Inner,18,301.007,12.056,301.060,4.716
421.300,snap_through,9,Patch1,1,203.490,13.073,203.446,6.553
421.300,snap_through,9,Patch1,2,209.589,14.803,209.579,8.244
421.300,snap_through,9,Patch1,3,217.450,17.933,217.473,11.289
421.300,snap_through,9,Patch1,4,224.512,19.326,224.548,12.616
421.300,snap_through,9,Patch1,5,231.408,19.187,231.444,12.436
421.300,snap_through,9,Patch1,6,238.331,18.882,238.367,12.114
421.300,snap_through,9,Patch1,7,245.269,18.882,245.305,12.117
421.300,snap_through,9,Patch1,8,252.192,19.187,252.228,12.441
421.300,snap_through,9,Patch1,9,259.088,19.326,259.124,12.618
421.300,snap_through,9,Patch1,10,266.150,17.933,266.196,11.278
421.300,snap_through,9,Patch1,11,274.011,14.803,274.079,8.202
421.300,snap_through,9,Patch1,12,280.110,13.073,280.174,6.467
421.300,snap_through,9,Patch2,1,287.076,8.025,287.140,1.283
421.300,snap_through,9,Patch2,2,294.041,8.025,294.102,1.025
421.300,snap_through,9,Patch2,3,301.007,8.025,301.060,0.685
421.300,snap_through,9,Patch3,1,182.593,8.025,182.552,1.107
421.300,snap_through,9,Patch3,2,189.559,8.025,189.515,1.322
421.300,snap_through,9,Patch3,3,196.524,8.025,196.480,1.463
421.300,snap_through,9,Patch4,1,197.238,73.649,202.668,31.417
421.300,snap_through,9,Patch4,2,204.061,82.424,207.620,41.332
421.300,snap_through,9,Patch4,3,210.677,89.048,212.763,49.128
421.300,snap_through,9,Patch4,4,217.602,93.438,218.656,54.809
421.300,snap_through,9,Patch4,5,224.585,95.404,225.099,58.128
421.300,snap_through,9,Patch4,6,231.525,95.546,231.868,59.659
421.300,snap_through,9,Patch4,7,238.380,95.337,238.619,60.853
421.300,snap_through,9,Patch4,8,245.220,95.337,245.307,62.286
421.300,snap_through,9,Patch4,9,252.075,95.546,251.952,63.974
421.300,snap_through,9,Patch4,10,259.015,95.404,258.748,65.384
421.300,snap_through,9,Patch4,11,265.998,93.438,265.994,65.064
421.300,snap_through,9,Patch4,12,272.923,89.048,273.738,62.391
421.300,snap_through,9,Patch4,13,279.539,82.424,281.687,57.475
421.300,snap_through,9,Patch4,14,286.362,73.649,290.316,50.507
421.300,snap_through,10,Outer,1,140.800,39.668,142.031,39.099
421.300,snap_through,10,Outer,2,147.559,39.668,148.150,36.229
421.300,snap_through,10,Outer,3,154.317,39.668,154.264,33.350
421.300,snap_through,10,Outer,4,161.076,39.719,161.432,30.089
421.300,snap_through,10,Outer,5,167.791,40.129,167.531,27.246
421.300,snap_through,10,Outer,6,174.245,43.473,174.796,27.046
421.300,snap_through,10,Outer,7,180.654,50.504,183.739,30.270
421.300,snap_through,10,Outer,8,187.088,60.758,193.624,37.222
421.300,snap_through,10,Outer,9,193.474,72.697,202.732,47.190
421.300,snap_through,10,Outer,10,199.989,82.455,210.308,56.106
421.300,snap_through,10,Outer,11,206.913,89.649,217.231,63.268
421.300,snap_through,10,Outer,12,214.119,94.117,223.921,68.459
421.300,snap_through,10,Outer,13,221.244,95.761,230.563,71.477
421.300,snap_through,10,Outer,14,228.272,96.019,237.200,73.696
421.300,snap_through,10,Outer,15,235.290,96.026,243.705,76.234
421.300,snap_through,10,Outer,16,242.310,96.026,250.082,79.118
421.300,snap_through,10,Outer,17,249.328,96.019,256.402,82.137
421.300,snap_through,10,Outer,18,256.356,95.761,262.850,84.919
421.300,snap_through,10,Outer,19,263.481,94.117,270.022,86.255
421.300,snap_through,10,Outer,20,270.687,89.649,277.982,83.401
421.300,snap_through,10,Outer,21,277.611,82.455,284.425,75.792
421.300,snap_through,10,Outer,22,284.126,72.697,289.336,65.142
421.300,snap_through,10,Outer,23,290.512,60.758,293.713,52.334
421.300,snap_through,10,Outer,24,296.946,50.504,298.980,41.438
421.300,snap_through,10,Outer,25,303.355,43.473,305.150,34.202
421.300,snap_through,10,Outer,26,309.809,40.129,311.675,30.999
421.300,snap_through,10,Outer,27,316.524,39.719,318.403,30.885
421.300,snap_through,10,Outer,28,323.283,39.668,325.268,31.135
421.300,snap_through,10,Outer,29,330.041,39.668,332.023,31.361
421.300,snap_through,10,Outer,30,336.800,39.668,338.777,31.583
421.300,snap_through,10,Plate,1,140.800,37.204,142.031,36.635
421.300,snap_through,10,Plate,2,147.559,37.204,148.150,33.764
421.300,snap_through,10,Plate,3,154.317,37.204,154.264,30.885
421.300,snap_through,10,Plate,4,161.218,30.231,159.993,22.953
421.300,snap_through,10,Plate,5,168.054,21.110,167.258,14.173
421.300,snap_through,10,Plate,6,174.610,13.360,174.327,6.889
421.300,snap_through,10,Plate,7,181.352,8.626,181.344,2.573
421.300,snap_through,10,Plate,8,188.110,8.626,188.096,2.877
421.300,snap_through,10,Plate,9,194.869,8.626,194.852,3.097
421.300,snap_through,10,Plate,10,201.628,8.626,201.609,3.227
421.300,snap_through,10,Plate,11,208.345,10.370,208.314,5.021
421.300,snap_through,10,Plate,12,215.111,13.202,215.082,7.849
421.300,snap_through,10,Plate,13,221.958,14.570,221.935,9.199
421.300,snap_through,10,Plate,14,228.716,14.372,228.694,8.988
421.300,snap_through,10,Plate,15,235.433,14.065,235.413,8.671
421.300,snap_through,10,Plate,16,242.167,14.065,242.149,8.651
421.300,snap_through,10,Plate,17,248.884,14.372,248.870,8.929
421.300,snap_through,10,Plate,18,255.642,14.570,255.629,9.098
421.300,snap_through,10,Plate,19,262.489,13.202,262.473,7.705
421.300,snap_through,10,Plate,20,269.255,10.370,269.222,4.830
421.300,snap_through,10,Plate,21,275.972,8.626,275.912,2.982
421.300,snap_through,10,Plate,22,282.731,8.626,282.668,2.793
421.300,snap_through,10,Plate,23,289.490,8.626,289.421,2.515
421.300,snap_through,10,Plate,24,296.248,8.626,296.170,2.157
421.300,snap_through,10,Plate,25,302.990,13.360,303.233,6.397
421.300,snap_through,10,Plate,26,309.546,21.110,310.459,13.525
421.300,snap_through,10,Plate,27,316.382,30.231,318.121,21.961
421.300,snap_through,10,Plate,28,323.283,37.204,325.268,28.671
421.300,snap_through,10,Plate,29,330.041,37.204,332.023,28.896
421.300,snap_through,10,Plate,30,336.800,37.204,338.777,29.119
421.300,snap_through,10,Inner,1,181.352,11.090,181.344,5.037
421.300,snap_through,10,Inner,2,188.110,11.090,188.096,5.342
421.300,snap_through,10,Inner,3,194.869,11.090,194.852,5.561
421.300,snap_through,10,Inner,4,201.583,18.186,201.431,12.749
421.300,snap_through,10,Inner,5,208.099,28.933,208.004,23.460
421.300,snap_through,10,Inner,6,214.505,41.894,214.616,36.316
421.300,snap_through,10,Inner,7,221.206,52.486,221.469,46.809
421.300,snap_through,10,Inner,8,228.153,58.705,228.456,52.984
421.300,snap_through,10,Inner,9,235.268,61.015,235.568,55.301
421.300,snap_through,10,Inner,10,242.332,61.015,242.633,55.340
421.300,snap_through,10,Inner,11,249.447,58.705,249.765,53.083
421.300,snap_through,10,Inner,12,256.394,52.486,256.756,46.915
421.300,snap_through,10,Inner,13,263.095,41.894,263.494,36.349
421.300,snap_through,10,Inner,14,269.501,28.933,269.855,23.368
421.300,snap_through,10,Inner,15,276.017,18.186,276.217,12.531
421.300,snap_through,10,Inner,16,282.731,11.090,282.668,5.257
421.300,snap_through,10,Inner,17,289.490,11.090,289.421,4.980
421.300,snap_through,10,Inner,18,296.248,11.090,296.170,4.621
421.300,snap_through,10,Patch2,1,282.731,7.059,282.668,1.226
421.300,snap_through,10,Patch2,2,289.490,7.059,289.421,0.948
421.300,snap_through,10,Patch2,3,296.248,7.059,296.170,0.590
421.300,snap_through,10,Patch3,1,181.352,7.059,181.344,1.006
421.300,snap_through,10,Patch3,2,188.110,7.059,188.096,1.311
421.300,snap_through,10,Patch3,3,194.869,7.059,194.852,1.530
421.300,snap_through,10,Patch4,1,195.329,69.366,200.504,34.188
421.300,snap_through,10,Patch4,2,201.897,78.048,205.401,43.847
421.300,snap_through,10,Patch4,3,208.521,84.991,210.648,51.831
421.300,snap_through,10,Patch4,4,215.278,89.783,216.390,57.770
421.300,snap_through,10,Patch4,5,222.106,91.706,222.717,60.965
421.300,snap_through,10,Patch4,6,228.891,91.857,229.335,62.467
421.300,snap_through,10,Patch4,7,235.567,91.780,235.887,63.753
421.300,snap_through,10,Patch4,8,242.033,91.780,242.214,65.087
421.300,snap_through,10,Patch4,9,248.709,91.857,248.728,66.550
421.300,snap_through,10,Patch4,10,255.494,91.706,255.394,67.823
421.300,snap_through,10,Patch4,11,262.322,89.783,262.474,67.392
421.300,snap_through,10,Patch4,12,269.079,84.991,270.091,64.165
421.300,snap_through,10,Patch4,13,275.703,78.048,278.035,58.824
421.300,snap_through,10,Patch4,14,282.271,69.366,286.293,51.782
421.300,snap_through,11,Outer,1,140.800,37.778,140.652,35.999
421.300,snap_through,11,Outer,2,147.352,37.778,146.944,34.172
421.300,snap_through,11,Outer,3,153.903,37.778,153.236,32.348
421.300,snap_through,11,Outer,4,160.455,37.756,160.216,30.267
421.300,snap_through,11,Outer,5,166.972,38.129,166.511,28.544
421.300,snap_through,11,Outer,6,173.275,41.172,173.454,29.408
421.300,snap_through,11,Outer,7,179.510,47.531,181.307,33.591
421.300,snap_through,11,Outer,8,185.771,56.841,189.706,41.001
421.300,snap_through,11,Outer,9,191.988,67.968,197.786,50.822
421.300,snap_through,11,Outer,10,198.313,77.018,204.861,59.271
421.300,snap_through,11,Outer,11,204.978,83.598,211.437,65.924
421.300,snap_through,11,Outer,12,211.921,87.530,217.935,70.552
421.300,snap_through,11,Outer,13,218.813,88.897,224.485,73.093
421.300,snap_through,11,Outer,14,225.616,89.118,231.069,74.806
421.300,snap_through,11,Outer,15,232.405,89.133,237.629,76.536
421.300,snap_through,11,Outer,16,239.195,89.133,244.158,78.379
421.300,snap_through,11,Outer,17,245.984,89.118,250.687,80.221
421.300,snap_through,11,Outer,18,252.787,88.897,257.312,81.747
421.300,snap_through,11,Outer,19,259.679,87.530,264.323,81.839
421.300,snap_through,11,Outer,20,266.622,83.598,271.459,78.335
421.300,snap_through,11,Outer,21,273.287,77.018,277.619,71.291
421.300,snap_through,11,Outer,22,279.612,67.968,282.881,61.591
421.300,snap_through,11,Outer,23,285.829,56.841,287.873,49.869
421.300,snap_through,11,Outer,24,292.090,47.531,293.524,40.181
421.300,snap_through,11,Outer,25,298.325,41.172,299.681,33.750
421.300,snap_through,11,Outer,26,304.628,38.129,306.051,30.852
421.300,snap_through,11,Outer,27,311.145,37.756,312.578,30.711
421.300,snap_through,11,Outer,28,317.697,37.778,319.202,30.935
421.300,snap_through,11,Outer,29,324.248,37.778,325.753,31.050
421.300,snap_through,11,Outer,30,330.800,37.778,332.304,31.164
421.300,snap_through,11,Plate,1,140.800,35.313,140.652,33.535
421.300,snap_through,11,Plate,2,147.352,35.313,146.944,31.708
421.300,snap_through,11,Plate,3,153.903,35.313,153.236,29.884
421.300,snap_through,11,Plate,4,160.593,28.814,159.244,22.770
421.300,snap_through,11,Plate,5,167.202,20.300,166.382,14.699
421.300,snap_through,11,Plate,6,173.563,13.270,173.277,8.191
421.300,snap_through,11,Plate,7,180.110,9.254,180.081,4.627
421.300,snap_through,11,Plate,8,186.662,9.254,186.625,4.953
421.300,snap_through,11,Plate,9,193.214,9.254,193.174,5.192
421.300,snap_through,11,Plate,10,199.766,9.254,199.726,5.326
421.300,snap_through,11,Plate,11,206.252,10.912,206.201,7.036
421.300,snap_through,11,Plate,12,212.838,13.547,212.781,9.684
421.300,snap_through,11,Plate,13,219.480,14.725,219.424,10.859
421.300,snap_through,11,Plate,14,226.031,14.516,225.976,10.639
421.300,snap_through,11,Plate,15,232.537,14.211,232.481,10.317
421.300,snap_through,11,Plate,16,239.063,14.211,239.008,10.290
421.300,snap_through,11,Plate,17,245.569,14.516,245.515,10.557
421.300,snap_through,11,Plate,18,252.120,14.725,252.069,10.719
421.300,snap_through,11,Plate,19,258.762,13.547,258.700,9.480
421.300,snap_through,11,Plate,20,265.348,10.912,265.252,6.765
421.300,snap_through,11,Plate,21,271.834,9.254,271.709,4.992
421.300,snap_through,11,Plate,22,278.386,9.254,278.259,4.808
421.300,snap_through,11,Plate,23,284.938,9.254,284.806,4.530
421.300,snap_through,11,Plate,24,291.490,9.254,291.348,4.174
421.300,snap_through,11,Plate,25,298.037,13.270,298.160,7.722
421.300,snap_through,11,Plate,26,304.398,20.300,305.079,14.203
421.300,snap_through,11,Plate,27,311.007,28.814,312.344,22.160
421.300,snap_through,11,Plate,28,317.697,35.313,319.202,28.470
421.300,snap_through,11,Plate,29,324.248,35.313,325.753,28.586
421.300,snap_through,11,Plate,30,330.800,35.313,332.304,28.699
421.300,snap_through,11,Inner,1,180.110,11.718,180.081,7.091
421.300,snap_through,11,Inner,2,186.662,11.718,186.625,7.417
421.300,snap_through,11,Inner,3,193.214,11.718,193.174,7.657
421.300,snap_through,11,Inner,4,199.736,18.029,199.534,14.085
421.300,snap_through,11,Inner,5,206.081,28.040,205.877,24.096
421.300,snap_through,11,Inner,6,212.309,40.061,212.240,36.045
421.300,snap_through,11,Inner,7,218.819,49.723,218.883,45.612
421.300,snap_through,11,Inner,8,225.513,55.281,225.638,51.095
421.300,snap_through,11,Inner,9,232.382,57.312,232.521,53.075
421.300,snap_through,11,Inner,10,239.218,57.312,239.358,53.048
421.300,snap_through,11,Inner,11,246.087,55.281,246.225,51.010
421.300,snap_through,11,Inner,12,252.781,49.723,252.929,45.466
421.300,snap_through,11,Inner,13,259.291,40.061,259.474,35.831
421.300,snap_through,11,Inner,14,265.519,28.040,265.716,23.818
421.300,snap_through,11,Inner,15,271.864,18.029,271.964,13.748
421.300,snap_through,11,Inner,16,278.386,11.718,278.259,7.272
421.300,snap_through,11,Inner,17,284.938,11.718,284.806,6.994
421.300,snap_through,11,Inner,18,291.490,11.718,291.348,6.638
421.300,snap_through,11,Patch1,1,199.766,12.597,199.726,8.669
421.300,snap_through,11,Patch1,2,205.429,14.310,205.373,10.400
421.300,snap_through,11,Patch1,3,212.897,17.027,212.855,13.077
421.300,snap_through,11,Patch1,4,219.549,17.995,219.514,14.004
421.300,snap_through,11,Patch1,5,226.056,17.807,226.021,13.786
421.300,snap_through,11,Patch1,6,232.539,17.524,232.504,13.480
421.300,snap_through,11,Patch1,7,239.061,17.524,239.026,13.458
421.300,snap_through,11,Patch1,8,245.544,17.807,245.511,13.719
421.300,snap_through,11,Patch1,9,252.051,17.995,252.019,13.884
421.300,snap_through,11,Patch1,10,258.703,17.027,258.669,12.892
421.300,snap_through,11,Patch1,11,266.171,14.310,266.120,10.128
421.300,snap_through,11,Patch1,12,271.834,12.597,271.709,8.336
421.300,snap_through,11,Patch2,1,278.386,7.687,278.259,3.241
421.300,snap_through,11,Patch2,2,284.938,7.687,284.806,2.963
421.300,snap_through,11,Patch2,3,291.490,7.687,291.348,2.607
421.300,snap_through,11,Patch3,1,180.110,7.687,180.081,3.060
421.300,snap_through,11,Patch3,2,186.662,7.687,186.625,3.386
421.300,snap_through,11,Patch3,3,193.214,7.687,193.174,3.626
421.300,snap_through,11,Patch4,1,194.083,66.285,198.480,39.648
421.300,snap_through,11,Patch4,2,200.528,74.107,203.568,48.344
421.300,snap_through,11,Patch4,3,206.781,80.139,208.748,55.265
421.300,snap_through,11,Patch4,4,213.263,83.631,214.560,59.756
421.300,snap_through,11,Patch4,5,219.783,85.206,220.718,62.400
421.300,snap_through,11,Patch4,6,226.300,85.292,227.120,63.614
421.300,snap_through,11,Patch4,7,232.666,85.106,233.419,64.561
421.300,snap_through,11,Patch4,8,238.934,85.106,239.583,65.692
421.300,snap_through,11,Patch4,9,245.300,85.292,245.807,67.041
421.300,snap_through,11,Patch4,10,251.817,85.206,252.227,68.164
421.300,snap_through,11,Patch4,11,258.336,83.631,258.925,67.842
421.300,snap_through,11,Patch4,12,264.818,80.139,265.942,65.640
421.300,snap_through,11,Patch4,13,271.072,74.107,273.205,60.912
421.300,snap_through,11,Patch4,14,277.517,66.285,280.984,54.465
421.300,snap_through,12,Outer,1,140.800,35.764,140.112,33.701
421.300,snap_through,12,Outer,2,147.145,35.764,146.396,32.823
421.300,snap_through,12,Outer,3,153.490,35.764,152.681,31.955
421.300,snap_through,12,Outer,4,159.834,35.798,159.329,30.999
421.300,snap_through,12,Outer,5,166.153,36.172,165.617,30.290
421.300,snap_through,12,Outer,6,172.304,39.184,172.194,32.187
421.300,snap_through,12,Outer,7,178.365,45.306,179.157,37.245
421.300,snap_through,12,Outer,8,184.455,54.259,186.369,45.297
421.300,snap_through,12,Outer,9,190.512,64.860,193.333,55.294
421.300,snap_through,12,Outer,10,196.621,73.524,199.773,63.691
421.300,snap_through,12,Outer,11,203.038,80.001,206.123,70.220
421.300,snap_through,12,Outer,12,209.702,83.742,212.574,74.314
421.300,snap_through,12,Outer,13,216.367,85.039,219.094,76.205
421.300,snap_through,12,Outer,14,222.951,85.249,225.606,77.180
421.300,snap_through,12,Outer,15,229.518,85.264,232.108,78.068
421.300,snap_through,12,Outer,16,236.082,85.264,238.606,78.975
421.300,snap_through,12,Outer,17,242.649,85.249,245.114,79.818
421.300,snap_through,12,Outer,18,249.233,85.039,251.678,80.331
421.300,snap_through,12,Outer,19,255.898,83.742,258.418,79.547
421.300,snap_through,12,Outer,20,262.562,80.001,265.178,75.996
421.300,snap_through,12,Outer,21,268.979,73.524,271.440,69.378
421.300,snap_through,12,Outer,22,275.088,64.860,277.043,60.386
421.300,snap_through,12,Outer,23,281.145,54.259,282.432,49.438
421.300,snap_through,12,Outer,24,287.235,45.306,288.177,40.266
421.300,snap_through,12,Outer,25,293.296,39.184,294.189,34.100
421.300,snap_through,12,Outer,26,299.447,36.172,300.382,31.178
421.300,snap_through,12,Outer,27,305.766,35.798,306.709,30.940
421.300,snap_through,12,Outer,28,312.110,35.764,313.090,30.998
421.300,snap_through,12,Outer,29,318.455,35.764,319.435,31.014
421.300,snap_through,12,Outer,30,324.800,35.764,325.779,31.027
421.300,snap_through,12,Plate,1,140.800,33.300,140.112,31.237
421.300,snap_through,12,Plate,2,147.145,33.300,146.396,30.359
421.300,snap_through,12,Plate,3,153.490,33.300,152.681,29.491
421.300,snap_through,12,Plate,4,159.968,26.864,158.876,22.781
421.300,snap_through,12,Plate,5,166.351,18.503,165.730,14.803
421.300,snap_through,12,Plate,6,172.533,11.872,172.343,8.602
421.300,snap_through,12,Plate,7,178.869,8.323,178.873,5.425
421.300,snap_through,12,Plate,8,185.214,8.323,185.212,5.707
421.300,snap_through,12,Plate,9,191.559,8.323,191.554,5.927
421.300,snap_through,12,Plate,10,197.903,8.323,197.897,6.074
421.300,snap_through,12,Plate,11,204.172,10.250,204.135,8.097
421.300,snap_through,12,Plate,12,210.585,12.745,210.517,10.669
421.300,snap_through,12,Plate,13,217.010,13.760,216.934,11.738
421.300,snap_through,12,Plate,14,223.350,13.533,223.274,11.542
421.300,snap_through,12,Plate,15,229.641,13.231,229.565,11.247
421.300,snap_through,12,Plate,16,235.959,13.231,235.883,11.228
421.300,snap_through,12,Plate,17,242.250,13.533,242.175,11.483
421.300,snap_through,12,Plate,18,248.590,13.760,248.517,11.631
421.300,snap_through,12,Plate,19,255.015,12.745,254.922,10.498
421.300,snap_through,12,Plate,20,261.428,10.250,261.272,7.853
421.300,snap_through,12,Plate,21,267.697,8.323,267.485,5.757
421.300,snap_through,12,Plate,22,274.041,8.323,273.825,5.545
421.300,snap_through,12,Plate,23,280.386,8.323,280.163,5.254
421.300,snap_through,12,Plate,24,286.731,8.323,286.497,4.900
421.300,snap_through,12,Plate,25,293.067,11.872,293.047,8.034
421.300,snap_through,12,Plate,26,299.249,18.503,299.660,14.232
421.300,snap_through,12,Plate,27,305.632,26.864,306.496,22.222
421.300,snap_through,12,Plate,28,312.110,33.300,313.090,28.534
421.300,snap_through,12,Plate,29,318.455,33.300,319.435,28.550
421.300,snap_through,12,Plate,30,324.800,33.300,325.779,28.563
421.300,snap_through,12,Inner,1,178.869,10.788,178.873,7.889
421.300,snap_through,12,Inner,2,185.214,10.788,185.212,8.171
421.300,snap_through,12,Inner,3,191.559,10.788,191.554,8.391
421.300,snap_through,12,Inner,4,197.895,17.093,197.713,14.820
421.300,snap_through,12,Inner,5,204.082,27.105,203.861,24.854
421.300,snap_through,12,Inner,6,210.140,38.557,210.005,36.256
421.300,snap_through,12,Inner,7,216.462,47.473,216.436,45.091
421.300,snap_through,12,Inner,8,222.882,52.427,222.916,49.965
421.300,snap_through,12,Inner,9,229.495,54.128,229.546,51.597
421.300,snap_through,12,Inner,10,236.104,54.128,236.155,51.548
421.300,snap_through,12,Inner,11,242.718,52.427,242.762,49.823
421.300,snap_through,12,Inner,12,249.138,47.473,249.184,44.872
421.300,snap_through,12,Inner,13,255.460,38.557,255.543,35.984
421.300,snap_through,12,Inner,14,261.518,27.105,261.633,24.552
421.300,snap_through,12,Inner,15,267.705,17.093,267.732,14.486
421.300,snap_through,12,Inner,16,274.041,10.788,273.825,8.009
421.300,snap_through,12,Inner,17,280.386,10.788,280.163,7.718
421.300,snap_through,12,Inner,18,286.731,10.788,286.497,7.364
421.300,snap_through,12,Patch1,1,197.903,11.612,197.897,9.362
421.300,snap_through,12,Patch1,2,203.450,13.990,203.390,11.791
421.300,snap_through,12,Patch1,3,210.648,16.002,210.586,13.813
421.300,snap_through,12,Patch1,4,217.038,16.838,216.977,14.645
421.300,snap_through,12,Patch1,5,223.344,16.600,223.283,14.399
421.300,snap_through,12,Patch1,6,229.641,16.306,229.581,14.092
421.300,snap_through,12,Patch1,7,235.959,16.306,235.899,14.071
421.300,snap_through,12,Patch1,8,242.256,16.600,242.198,14.334
421.300,snap_through,12,Patch1,9,248.562,16.838,248.506,14.531
421.300,snap_through,12,Patch1,10,254.952,16.002,254.889,13.641
421.300,snap_through,12,Patch1,11,262.150,13.990,262.061,11.539
421.300,snap_through,12,Patch1,12,267.697,11.612,267.485,9.046
421.300,snap_through,12,Patch2,1,274.041,6.756,273.825,3.978
421.300,snap_through,12,Patch2,2,280.386,6.756,280.163,3.687
421.300,snap_through,12,Patch2,3,286.731,6.756,286.497,3.333
421.300,snap_through,12,Patch3,1,178.869,6.757,178.873,3.858
421.300,snap_through,12,Patch3,2,185.214,6.757,185.212,4.141
421.300,snap_through,12,Patch3,3,191.559,6.757,191.554,4.360
421.300,snap_through,12,Patch4,1,192.077,61.597,195.300,44.532
421.300,snap_through,12,Patch4,2,198.301,69.349,200.524,52.915
421.300,snap_through,12,Patch4,3,204.533,75.546,205.936,59.781
421.300,snap_through,12,Patch4,4,210.875,80.134,211.645,65.096
421.300,snap_through,12,Patch4,5,217.255,81.458,217.802,67.221
421.300,snap_through,12,Patch4,6,223.597,81.558,224.076,68.150
421.300,snap_through,12,Patch4,7,229.747,81.611,230.164,69.020
421.300,snap_through,12,Patch4,8,235.853,81.611,236.214,69.843
421.300,snap_through,12,Patch4,9,242.003,81.558,242.313,70.633
421.300,snap_through,12,Patch4,10,248.345,81.458,248.607,71.414
421.300,snap_through,12,Patch4,11,254.725,80.134,255.110,71.010
421.300,snap_through,12,Patch4,12,261.067,75.546,262.039,67.396
421.300,snap_through,12,Patch4,13,267.299,69.349,269.092,62.188
421.300,snap_through,12,Patch4,14,273.523,61.597,276.358,55.446
421.300,snap_through,13,Outer,1,140.800,33.866,140.382,32.675
421.300,snap_through,13,Outer,2,146.938,33.866,146.514,32.397
421.300,snap_through,13,Outer,3,153.076,33.866,152.645,32.125
421.300,snap_through,13,Outer,4,159.214,33.898,158.910,31.814
421.300,snap_through,13,Outer,5,165.337,34.286,165.044,31.769
421.300,snap_through,13,Outer,6,171.352,37.358,171.272,34.374
421.300,snap_through,13,Outer,7,177.259,43.243,177.571,39.826
421.300,snap_through,13,Outer,8,183.190,51.657,183.940,47.897
421.300,snap_through,13,Outer,9,189.097,61.538,190.151,57.570
421.300,snap_through,13,Outer,10,195.018,69.686,196.157,65.640
421.300,snap_through,13,Outer,11,201.192,75.889,202.296,71.869
421.300,snap_through,13,Outer,12,207.563,79.241,208.603,75.336
421.300,snap_through,13,Outer,13,213.958,80.350,214.962,76.634
421.300,snap_through,13,Outer,14,220.301,80.555,221.291,77.086
421.300,snap_through,13,Outer,15,226.634,80.597,227.615,77.416
421.300,snap_through,13,Outer,16,232.966,80.597,233.938,77.722
421.300,snap_through,13,Outer,17,239.299,80.555,240.266,77.973
421.300,snap_through,13,Outer,18,245.642,80.350,246.612,78.011
421.300,snap_through,13,Outer,19,252.037,79.241,253.030,77.061
421.300,snap_through,13,Outer,20,258.408,75.889,259.417,73.748
421.300,snap_through,13,Outer,21,264.582,69.686,265.489,67.454
421.300,snap_through,13,Outer,22,270.503,61.538,271.147,59.128
421.300,snap_through,13,Outer,23,276.410,51.657,276.754,49.081
421.300,snap_through,13,Outer,24,282.341,43.243,282.634,40.635
421.300,snap_through,13,Outer,25,288.248,37.358,288.595,34.806
421.300,snap_through,13,Outer,26,294.263,34.286,294.649,31.810
421.300,snap_through,13,Outer,27,300.386,33.898,300.778,31.504
421.300,snap_through,13,Outer,28,306.524,33.866,306.936,31.518
421.300,snap_through,13,Outer,29,312.662,33.866,313.074,31.508
421.300,snap_through,13,Outer,30,318.800,33.866,319.211,31.494
421.300,snap_through,13,Plate,1,140.800,31.401,140.382,30.210
421.300,snap_through,13,Plate,2,146.938,31.401,146.514,29.932
421.300,snap_through,13,Plate,3,153.076,31.401,152.645,29.661
421.300,snap_through,13,Plate,4,159.343,24.803,158.827,22.983
421.300,snap_through,13,Plate,5,165.508,16.664,165.224,15.026
421.300,snap_through,13,Plate,6,171.521,10.866,171.451,9.459
421.300,snap_through,13,Plate,7,177.628,8.057,177.654,6.868
421.300,snap_through,13,Plate,8,183.766,8.057,183.790,7.052
421.300,snap_through,13,Plate,9,189.903,8.057,189.926,7.204
421.300,snap_through,13,Plate,10,196.041,8.057,196.063,7.324
421.300,snap_through,13,Plate,11,202.121,10.574,202.103,9.936
421.300,snap_through,13,Plate,12,208.355,12.863,208.305,12.308
421.300,snap_through,13,Plate,13,214.549,13.670,214.490,13.181
421.300,snap_through,13,Plate,14,220.666,13.483,220.608,13.039
421.300,snap_through,13,Plate,15,226.748,13.233,226.691,12.810
421.300,snap_through,13,Plate,16,232.852,13.233,232.795,12.807
421.300,snap_through,13,Plate,17,238.934,13.483,238.878,13.023
421.300,snap_through,13,Plate,18,245.051,13.670,244.996,13.143
421.300,snap_through,13,Plate,19,251.245,12.863,251.174,12.229
421.300,snap_through,13,Plate,20,257.479,10.574,257.352,9.799
421.300,snap_through,13,Plate,21,263.559,8.057,263.366,7.132
421.300,snap_through,13,Plate,22,269.697,8.057,269.501,6.961
421.300,snap_through,13,Plate,23,275.834,8.057,275.635,6.739
421.300,snap_through,13,Plate,24,281.972,8.057,281.767,6.477
421.300,snap_through,13,Plate,25,288.079,10.866,287.997,8.997
421.300,snap_through,13,Plate,26,294.092,16.664,294.268,14.511
421.300,snap_through,13,Plate,27,300.257,24.803,300.642,22.483
421.300,snap_through,13,Plate,28,306.524,31.401,306.936,29.053
421.300,snap_through,13,Plate,29,312.662,31.401,313.074,29.044
421.300,snap_through,13,Plate,30,318.800,31.401,319.211,29.030
421.300,snap_through,13,Inner,1,177.628,10.521,177.654,9.332
421.300,snap_through,13,Inner,2,183.766,10.521,183.790,9.516
421.300,snap_through,13,Inner,3,189.903,10.521,189.926,9.668
421.300,snap_through,13,Inner,4,196.084,17.518,195.968,16.753
421.300,snap_through,13,Inner,5,202.108,27.666,201.971,26.912
421.300,snap_through,13,Inner,6,208.009,38.178,207.926,37.391
421.300,snap_through,13,Inner,7,214.126,45.932,214.103,45.095
421.300,snap_through,13,Inner,8,220.294,49.823,220.301,48.937
421.300,snap_through,13,Inner,9,226.628,50.991,226.642,50.065
421.300,snap_through,13,Inner,10,232.972,50.991,232.986,50.036
421.300,snap_through,13,Inner,11,239.306,49.823,239.318,48.852
421.300,snap_through,13,Inner,12,245.474,45.932,245.486,44.963
421.300,snap_through,13,Inner,13,251.591,38.178,251.624,37.227
421.300,snap_through,13,Inner,14,257.491,27.666,257.552,26.731
421.300,snap_through,13,Inner,15,263.516,17.518,263.520,16.551
421.300,snap_through,13,Inner,16,269.697,10.521,269.501,9.425
421.300,snap_through,13,Inner,17,275.834,10.521,275.635,9.203
421.300,snap_through,13,Inner,18,281.972,10.521,281.767,8.941
421.300,snap_through,13,Patch1,1,196.041,11.292,196.063,10.559
421.300,snap_through,13,Patch1,2,201.468,14.254,201.414,13.586
421.300,snap_through,13,Patch1,3,208.403,15.939,208.337,15.316
421.300,snap_through,13,Patch1,4,214.559,16.611,214.491,16.005
421.300,snap_through,13,Patch1,5,220.661,16.401,220.593,15.797
421.300,snap_through,13,Patch1,6,226.746,16.147,226.678,15.531
421.300,snap_through,13,Patch1,7,232.854,16.147,232.786,15.507
421.300,snap_through,13,Patch1,8,238.939,16.401,238.873,15.728
421.300,snap_through,13,Patch1,9,245.041,16.611,244.976,15.896
421.300,snap_through,13,Patch1,10,251.197,15.939,251.127,15.175
421.300,snap_through,13,Patch1,11,258.132,14.254,258.045,13.420
421.300,snap_through,13,Patch1,12,263.559,11.292,263.366,10.368
421.300,snap_through,13,Patch2,1,269.697,6.490,269.501,5.394
421.300,snap_through,13,Patch2,2,275.834,6.490,275.635,5.172
421.300,snap_through,13,Patch2,3,281.972,6.490,281.767,4.909
421.300,snap_through,13,Patch3,1,177.628,6.491,177.654,5.301
421.300,snap_through,13,Patch3,2,183.766,6.491,183.790,5.485
421.300,snap_through,13,Patch3,3,189.903,6.491,189.926,5.637
421.300,snap_through,13,Patch4,1,190.376,57.996,191.453,51.195
421.300,snap_through,13,Patch4,2,196.436,65.473,197.189,58.858
421.300,snap_through,13,Patch4,3,202.467,71.300,202.949,64.907
421.300,snap_through,13,Patch4,4,208.614,75.198,208.896,69.076
421.300,snap_through,13,Patch4,5,214.771,76.642,214.968,70.834
421.300,snap_through,13,Patch4,6,220.846,77.102,221.006,71.632
421.300,snap_through,13,Patch4,7,226.823,77.282,226.960,72.173
421.300,snap_through,13,Patch4,8,232.777,77.282,232.900,72.561
421.300,snap_through,13,Patch4,9,238.754,77.102,238.875,72.798
421.300,snap_through,13,Patch4,10,244.829,76.642,244.967,72.787
421.300,snap_through,13,Patch4,11,250.986,75.198,251.215,71.823
421.300,snap_through,13,Patch4,12,257.133,71.300,257.651,68.437
421.300,snap_through,13,Patch4,13,263.164,65.473,264.136,63.140
421.300,snap_through,13,Patch4,14,269.224,57.996,270.790,56.211
421.300,snap_through,14,Outer,1,140.800,32.045,140.800,32.045
421.300,snap_through,14,Outer,2,146.731,32.045,146.731,32.045
421.300,snap_through,14,Outer,3,152.662,32.045,152.662,32.045
421.300,snap_through,14,Outer,4,158.593,32.049,158.593,32.049
421.300,snap_through,14,Outer,5,164.523,32.484,164.523,32.484
421.300,snap_through,14,Outer,6,170.423,35.821,170.423,35.821
421.300,snap_through,14,Outer,7,176.197,41.604,176.197,41.604
421.300,snap_through,14,Outer,8,181.983,49.464,181.983,49.464
421.300,snap_through,14,Outer,9,187.757,58.532,187.757,58.532
421.300,snap_through,14,Outer,10,193.509,66.117,193.509,66.117
421.300,snap_through,14,Outer,11,199.438,72.003,199.438,72.003
421.300,snap_through,14,Outer,12,205.496,74.850,205.496,74.850
421.300,snap_through,14,Outer,13,211.583,75.698,211.583,75.698
421.300,snap_through,14,Outer,14,217.666,75.897,217.666,75.897
421.300,snap_through,14,Outer,15,223.755,75.979,223.755,75.979
421.300,snap_through,14,Outer,16,229.845,75.979,229.845,75.979
421.300,snap_through,14,Outer,17,235.934,75.897,235.934,75.897
421.300,snap_through,14,Outer,18,242.017,75.698,242.017,75.698
421.300,snap_through,14,Outer,19,248.104,74.850,248.104,74.850
421.300,snap_through,14,Outer,20,254.162,72.003,254.162,72.003
421.300,snap_through,14,Outer,21,260.091,66.117,260.091,66.117
421.300,snap_through,14,Outer,22,265.843,58.532,265.843,58.532
421.300,snap_through,14,Outer,23,271.617,49.464,271.617,49.464
421.300,snap_through,14,Outer,24,277.403,41.604,277.403,41.604
421.300,snap_through,14,Outer,25,283.177,35.821,283.177,35.821
421.300,snap_through,14,Outer,26,289.077,32.484,289.077,32.484
421.300,snap_through,14,Outer,27,295.007,32.049,295.007,32.049
421.300,snap_through,14,Outer,28,300.938,32.045,300.938,32.045
421.300,snap_through,14,Outer,29,306.869,32.045,306.869,32.045
421.300,snap_through,14,Outer,30,312.800,32.045,312.800,32.045
421.300,snap_through,14,Plate,1,140.800,29.580,140.800,29.580
421.300,snap_through,14,Plate,2,146.731,29.580,146.731,29.580
421.300,snap_through,14,Plate,3,152.662,29.580,152.662,29.580
421.300,snap_through,14,Plate,4,158.723,22.515,158.723,22.515
421.300,snap_through,14,Plate,5,164.673,14.537,164.673,14.537
421.300,snap_through,14,Plate,6,170.530,9.892,170.530,9.892
421.300,snap_through,14,Plate,7,176.386,8.038,176.386,8.038
421.300,snap_through,14,Plate,8,182.317,8.038,182.317,8.038
421.300,snap_through,14,Plate,9,188.248,8.038,188.248,8.038
421.300,snap_through,14,Plate,10,194.179,8.038,194.179,8.038
421.300,snap_through,14,Plate,11,200.094,11.507,200.094,11.507
421.300,snap_through,14,Plate,12,206.152,13.587,206.152,13.587
421.300,snap_through,14,Plate,13,212.101,14.155,212.101,14.155
421.300,snap_through,14,Plate,14,217.981,14.064,217.981,14.064
421.300,snap_through,14,Plate,15,223.856,13.910,223.856,13.910
421.300,snap_through,14,Plate,16,229.744,13.910,229.744,13.910
421.300,snap_through,14,Plate,17,235.619,14.064,235.619,14.064
421.300,snap_through,14,Plate,18,241.499,14.155,241.499,14.155
421.300,snap_through,14,Plate,19,247.448,13.587,247.448,13.587
421.300,snap_through,14,Plate,20,253.506,11.507,253.506,11.507
421.300,snap_through,14,Plate,21,259.421,8.038,259.421,8.038
421.300,snap_through,14,Plate,22,265.352,8.038,265.352,8.038
421.300,snap_through,14,Plate,23,271.283,8.038,271.283,8.038
421.300,snap_through,14,Plate,24,277.214,8.038,277.214,8.038
421.300,snap_through,14,Plate,25,283.070,9.892,283.070,9.892
421.300,snap_through,14,Plate,26,288.927,14.537,288.927,14.537
421.300,snap_through,14,Plate,27,294.877,22.515,294.877,22.515
421.300,snap_through,14,Plate,28,300.938,29.580,300.938,29.580
421.300,snap_through,14,Plate,29,306.869,29.580,306.869,29.580
421.300,snap_through,14,Plate,30,312.800,29.580,312.800,29.580
421.300,snap_through,14,Inner,1,176.386,10.503,176.386,10.503
421.300,snap_through,14,Inner,2,182.317,10.503,182.317,10.503
421.300,snap_through,14,Inner,3,188.248,10.503,188.248,10.503
421.300,snap_through,14,Inner,4,194.303,19.004,194.303,19.004
421.300,snap_through,14,Inner,5,200.172,29.589,200.172,29.589
421.300,snap_through,14,Inner,6,205.926,38.974,205.926,38.974
421.300,snap_through,14,Inner,7,211.821,45.264,211.821,45.264
421.300,snap_through,14,Inner,8,217.746,47.702,217.746,47.702
421.300,snap_through,14,Inner,9,223.776,48.140,223.776,48.140
421.300,snap_through,14,Inner,10,229.824,48.140,229.824,48.140
421.300,snap_through,14,Inner,11,235.854,47.702,235.854,47.702
421.300,snap_through,14,Inner,12,241.779,45.264,241.779,45.264
421.300,snap_through,14,Inner,13,247.674,38.974,247.674,38.974
421.300,snap_through,14,Inner,14,253.428,29.589,253.428,29.589
421.300,snap_through,14,Inner,15,259.297,19.004,259.297,19.004
421.300,snap_through,14,Inner,16,265.352,10.503,265.352,10.503
421.300,snap_through,14,Inner,17,271.283,10.503,271.283,10.503
421.300,snap_through,14,Inner,18,277.214,10.503,277.214,10.503
421.300,snap_through,14,Patch2,1,265.352,6.471,265.352,6.471
421.300,snap_through,14,Patch2,2,271.283,6.471,271.283,6.471
421.300,snap_through,14,Patch2,3,277.214,6.471,277.214,6.471
421.300,snap_through,14,Patch3,1,176.386,6.472,176.386,6.472
421.300,snap_through,14,Patch3,2,182.317,6.472,182.317,6.472
421.300,snap_through,14,Patch3,3,188.248,6.472,188.248,6.472
421.300,snap_through,14,Patch4,1,188.813,54.965,188.813,54.965
421.300,snap_through,14,Patch4,2,194.711,61.612,194.711,61.612
421.300,snap_through,14,Patch4,3,200.511,67.178,200.511,67.178
421.300,snap_through,14,Patch4,4,206.420,70.274,206.420,70.274
421.300,snap_through,14,Patch4,5,212.306,71.319,212.306,71.319
421.300,snap_through,14,Patch4,6,218.131,71.494,218.131,71.494
421.300,snap_through,14,Patch4,7,223.908,71.503,223.908,71.503
421.300,snap_through,14,Patch4,8,229.692,71.503,229.692,71.503
421.300,snap_through,14,Patch4,9,235.469,71.494,235.469,71.494
421.300,snap_through,14,Patch4,10,241.294,71.319,241.294,71.319
421.300,snap_through,14,Patch4,11,247.180,70.274,247.180,70.274
421.300,snap_through,14,Patch4,12,253.089,67.178,253.089,67.178
421.300,snap_through,14,Patch4,13,258.889,61.612,258.889,61.612
421.300,snap_through,14,Patch4,14,264.787,54.965,264.787,54.965
526.600,snap_through,0,Outer,1,0.000,77.176,0.000,77.176
526.600,snap_through,0,Outer,2,22.952,77.176,22.952,77.176
526.600,snap_through,0,Outer,3,45.903,77.176,45.903,77.176
526.600,snap_through,0,Outer,4,68.855,77.179,68.855,77.179
526.600,snap_through,0,Outer,5,91.792,78.077,91.792,78.077
526.600,snap_through,0,Outer,6,114.593,85.124,114.593,85.124
526.600,snap_through,0,Outer,7,137.122,98.200,137.122,98.200
526.600,snap_through,0,Outer,8,159.711,115.776,159.711,115.776
526.600,snap_through,0,Outer,9,181.710,136.686,181.710,136.686
526.600,snap_through,0,Outer,10,203.804,155.760,203.804,155.760
526.600,snap_through,0,Outer,11,226.449,171.309,226.449,171.309
526.600,snap_through,0,Outer,12,250.090,183.123,250.090,183.123
526.600,snap_through,0,Outer,13,273.409,191.435,273.409,191.435
526.600,snap_through,0,Outer,14,297.146,196.498,297.146,196.498
526.600,snap_through,0,Outer,15,320.863,198.450,320.863,198.450
526.600,snap_through,0,Outer,16,344.737,198.450,344.737,198.450
526.600,snap_through,0,Outer,17,368.454,196.498,368.454,196.498
526.600,snap_through,0,Outer,18,392.191,191.435,392.191,191.435
526.600,snap_through,0,Outer,19,415.510,183.123,415.510,183.123
526.600,snap_through,0,Outer,20,439.151,171.309,439.151,171.309
526.600,snap_through,0,Outer,21,461.796,155.760,461.796,155.760
526.600,snap_through,0,Outer,22,483.890,136.686,483.890,136.686
526.600,snap_through,0,Outer,23,505.889,115.776,505.889,115.776
526.600,snap_through,0,Outer,24,528.478,98.200,528.478,98.200
526.600,snap_through,0,Outer,25,551.007,85.124,551.007,85.124
526.600,snap_through,0,Outer,26,573.808,78.077,573.808,78.077
526.600,snap_through,0,Outer,27,596.745,77.179,596.745,77.179
526.600,snap_through,0,Outer,28,619.697,77.176,619.697,77.176
526.600,snap_through,0,Outer,29,642.648,77.176,642.648,77.176
526.600,snap_through,0,Outer,30,665.600,77.176,665.600,77.176
526.600,snap_through,0,Plate,1,0.000,74.712,0.000,74.712
526.600,snap_through,0,Plate,2,22.952,74.712,22.952,74.712
526.600,snap_through,0,Plate,3,45.903,74.712,45.903,74.712
526.600,snap_through,0,Plate,4,68.670,59.831,68.670,59.831
526.600,snap_through,0,Plate,5,91.365,40.578,91.365,40.578
526.600,snap_through,0,Plate,6,114.568,23.951,114.568,23.951
526.600,snap_through,0,Plate,7,137.710,12.233,137.710,12.233
526.600,snap_through,0,Plate,8,160.662,12.233,160.662,12.233
526.600,snap_through,0,Plate,9,183.614,12.233,183.614,12.233
526.600,snap_through,0,Plate,10,206.566,12.233,206.566,12.233
526.600,snap_through,0,Plate,11,229.750,16.398,229.750,16.398
526.600,snap_through,0,Plate,12,253.240,20.696,253.240,20.696
526.600,snap_through,0,Plate,13,275.756,23.795,275.756,23.795
526.600,snap_through,0,Plate,14,298.909,25.770,298.909,25.770
526.600,snap_through,0,Plate,15,321.607,26.483,321.607,26.483
526.600,snap_through,0,Plate,16,343.993,26.483,343.993,26.483
526.600,snap_through,0,Plate,17,366.691,25.770,366.691,25.770
526.600,snap_through,0,Plate,18,389.844,23.795,389.844,23.795
526.600,snap_through,0,Plate,19,412.360,20.696,412.360,20.696
526.600,snap_through,0,Plate,20,435.850,16.398,435.850,16.398
526.600,snap_through,0,Plate,21,459.034,12.233,459.034,12.233
526.600,snap_through,0,Plate,22,481.986,12.233,481.986,12.233
526.600,snap_through,0,Plate,23,504.938,12.233,504.938,12.233
526.600,snap_through,0,Plate,24,527.890,12.233,527.890,12.233
526.600,snap_through,0,Plate,25,551.032,23.951,551.032,23.951
526.600,snap_through,0,Plate,26,574.235,40.578,574.235,40.578
526.600,snap_through,0,Plate,27,596.930,59.831,596.930,59.831
526.600,snap_through,0,Plate,28,619.697,74.712,619.697,74.712
526.600,snap_through,0,Plate,29,642.648,74.712,642.648,74.712
526.600,snap_through,0,Plate,30,665.600,74.712,665.600,74.712
526.600,snap_through,0,Inner,1,137.710,14.698,137.710,14.698
526.600,snap_through,0,Inner,2,160.662,14.698,160.662,14.698
526.600,snap_through,0,Inner,3,183.614,14.698,183.614,14.698
526.600,snap_through,0,Inner,4,205.946,28.584,205.946,28.584
526.600,snap_through,0,Inner,5,228.148,46.667,228.148,46.667
526.600,snap_through,0,Inner,6,250.657,67.900,250.657,67.900
526.600,snap_through,0,Inner,7,273.978,86.397,273.978,86.397
526.600,snap_through,0,Inner,8,297.624,99.495,297.624,99.495
526.600,snap_through,0,Inner,9,321.194,106.375,321.194,106.375
526.600,snap_through,0,Inner,10,344.406,106.375,344.406,106.375
526.600,snap_through,0,Inner,11,367.976,99.495,367.976,99.495
526.600,snap_through,0,Inner,12,391.622,86.397,391.622,86.397
526.600,snap_through,0,Inner,13,414.943,67.900,414.943,67.900
526.600,snap_through,0,Inner,14,437.452,46.667,437.452,46.667
526.600,snap_through,0,Inner,15,459.654,28.584,459.654,28.584
526.600,snap_through,0,Inner,16,481.986,14.698,481.986,14.698
526.600,snap_through,0,Inner,17,504.938,14.698,504.938,14.698
526.600,snap_through,0,Inner,18,527.890,14.698,527.890,14.698
526.600,snap_through,0,Patch2,1,481.986,10.666,481.986,10.666
526.600,snap_through,0,Patch2,2,504.938,10.666,504.938,10.666
526.600,snap_through,0,Patch2,3,527.890,10.666,527.890,10.666
526.600,snap_through,0,Patch3,1,137.710,10.667,137.710,10.667
526.600,snap_through,0,Patch3,2,160.662,10.667,160.662,10.667
526.600,snap_through,0,Patch3,3,183.614,10.667,183.614,10.667
526.600,snap_through,0,Patch4,1,187.098,137.722,187.098,137.722
526.600,snap_through,0,Patch4,2,208.654,153.385,208.654,153.385
526.600,snap_through,0,Patch4,3,231.566,166.352,231.566,166.352
526.600,snap_through,0,Patch4,4,253.461,175.656,253.461,175.656
526.600,snap_through,0,Patch4,5,276.821,183.870,276.821,183.870
526.600,snap_through,0,Patch4,6,299.323,189.200,299.323,189.200
526.600,snap_through,0,Patch4,7,321.567,192.149,321.567,192.149
526.600,snap_through,0,Patch4,8,344.033,192.149,344.033,192.149
526.600,snap_through,0,Patch4,9,366.277,189.200,366.277,189.200
526.600,snap_through,0,Patch4,10,388.779,183.870,388.779,183.870
526.600,snap_through,0,Patch4,11,412.139,175.656,412.139,175.656
526.600,snap_through,0,Patch4,12,434.034,166.352,434.034,166.352
526.600,snap_through,0,Patch4,13,456.946,153.385,456.946,153.385
526.600,snap_through,0,Patch4,14,478.502,137.722,478.502,137.722
526.600,snap_through,1,Outer,1,97.397,60.197,97.397,59.510
526.600,snap_through,1,Outer,2,112.005,60.197,112.005,59.662
526.600,snap_through,1,Outer,3,126.612,60.197,126.618,59.826
526.600,snap_through,1,Outer,4,141.219,60.237,141.124,60.481
526.600,snap_through,1,Outer,5,155.751,60.865,155.602,62.059
526.600,snap_through,1,Outer,6,169.822,65.726,169.440,67.585
526.600,snap_through,1,Outer,7,183.819,74.544,183.078,76.972
526.600,snap_through,1,Outer,8,198.046,87.541,196.711,90.618
526.600,snap_through,1,Outer,9,211.802,102.987,209.859,106.638
526.600,snap_through,1,Outer,10,225.848,116.516,223.566,120.627
526.600,snap_through,1,Outer,11,240.338,128.410,238.183,132.640
526.600,snap_through,1,Outer,12,255.796,138.853,254.301,142.579
526.600,snap_through,1,Outer,13,271.284,145.897,270.486,148.988
526.600,snap_through,1,Outer,14,286.468,149.143,285.915,152.324
526.600,snap_through,1,Outer,15,301.594,150.184,301.214,153.411
526.600,snap_through,1,Outer,16,316.811,150.184,316.585,152.974
526.600,snap_through,1,Outer,17,331.937,149.143,331.824,151.105
526.600,snap_through,1,Outer,18,347.122,145.897,347.033,147.230
526.600,snap_through,1,Outer,19,362.610,138.853,362.605,140.026
526.600,snap_through,1,Outer,20,378.068,128.410,378.180,129.584
526.600,snap_through,1,Outer,21,392.557,116.516,392.749,117.673
526.600,snap_through,1,Outer,22,406.603,102.987,406.834,104.106
526.600,snap_through,1,Outer,23,420.360,87.541,420.565,88.590
526.600,snap_through,1,Outer,24,434.586,74.544,434.768,75.541
526.600,snap_through,1,Outer,25,448.583,65.726,448.706,66.609
526.600,snap_through,1,Outer,26,462.654,60.865,462.649,61.362
526.600,snap_through,1,Outer,27,477.186,60.237,477.145,60.023
526.600,snap_through,1,Outer,28,491.794,60.197,491.687,59.572
526.600,snap_through,1,Outer,29,506.401,60.197,506.300,59.565
526.600,snap_through,1,Outer,30,521.008,60.197,520.909,59.591
526.600,snap_through,1,Plate,1,97.397,57.733,97.397,57.046
526.600,snap_through,1,Plate,2,112.005,57.733,112.005,57.198
526.600,snap_through,1,Plate,3,126.612,57.733,126.618,57.361
526.600,snap_through,1,Plate,4,140.862,48.632,140.901,48.282
526.600,snap_through,1,Plate,5,155.243,35.513,155.419,35.296
526.600,snap_through,1,Plate,6,170.168,21.392,170.467,21.295
526.600,snap_through,1,Plate,7,185.041,11.236,185.229,10.978
526.600,snap_through,1,Plate,8,199.648,11.236,199.834,10.810
526.600,snap_through,1,Plate,9,214.255,11.236,214.443,10.762
526.600,snap_through,1,Plate,10,228.863,11.236,229.032,10.294
526.600,snap_through,1,Plate,11,243.703,12.624,243.892,11.386
526.600,snap_through,1,Plate,12,258.371,16.101,258.544,14.919
526.600,snap_through,1,Plate,13,272.893,19.011,272.993,18.123
526.600,snap_through,1,Plate,14,287.535,20.699,287.574,20.154
526.600,snap_through,1,Plate,15,302.017,21.120,302.029,20.787
526.600,snap_through,1,Plate,16,316.389,21.120,316.382,20.843
526.600,snap_through,1,Plate,17,330.871,20.699,330.844,20.300
526.600,snap_through,1,Plate,18,345.513,19.011,345.434,18.306
526.600,snap_through,1,Plate,19,360.034,16.101,359.885,15.086
526.600,snap_through,1,Plate,20,374.703,12.624,374.525,11.484
526.600,snap_through,1,Plate,21,389.543,11.236,389.380,10.166
526.600,snap_through,1,Plate,22,404.150,11.236,403.996,10.306
526.600,snap_through,1,Plate,23,418.757,11.236,418.609,10.390
526.600,snap_through,1,Plate,24,433.365,11.236,433.218,10.569
526.600,snap_through,1,Plate,25,448.237,21.392,448.042,20.808
526.600,snap_through,1,Plate,26,463.163,35.513,463.017,34.891
526.600,snap_through,1,Plate,27,477.543,48.632,477.442,47.980
526.600,snap_through,1,Plate,28,491.794,57.733,491.687,57.107
526.600,snap_through,1,Plate,29,506.401,57.733,506.300,57.101
526.600,snap_through,1,Plate,30,521.008,57.733,520.909,57.127
526.600,snap_through,1,Inner,1,185.041,13.700,185.229,13.442
526.600,snap_through,1,Inner,2,199.648,13.700,199.834,13.274
526.600,snap_through,1,Inner,3,214.255,13.700,214.443,13.226
526.600,snap_through,1,Inner,4,228.453,19.191,228.655,18.736
526.600,snap_through,1,Inner,5,242.488,31.270,242.558,31.005
526.600,snap_through,1,Inner,6,256.943,47.431,256.783,47.414
526.600,snap_through,1,Inner,7,271.825,62.634,271.565,62.770
526.600,snap_through,1,Inner,8,286.862,73.925,286.758,73.927
526.600,snap_through,1,Inner,9,301.841,79.683,301.901,79.378
526.600,snap_through,1,Inner,10,316.565,79.683,316.667,79.217
526.600,snap_through,1,Inner,11,331.544,73.925,331.689,73.456
526.600,snap_through,1,Inner,12,346.581,62.634,346.761,62.149
526.600,snap_through,1,Inner,13,361.463,47.431,361.567,46.830
526.600,snap_through,1,Inner,14,375.917,31.270,375.885,30.522
526.600,snap_through,1,Inner,15,389.952,19.191,389.824,18.320
526.600,snap_through,1,Inner,16,404.150,13.700,403.996,12.770
526.600,snap_through,1,Inner,17,418.757,13.700,418.609,12.855
526.600,snap_through,1,Inner,18,433.365,13.700,433.218,13.034
526.600,snap_through,1,Patch1,1,228.863,13.824,229.032,12.883
526.600,snap_through,1,Patch1,2,243.070,15.777,243.269,14.747
526.600,snap_through,1,Patch1,3,258.414,19.225,258.555,18.447
526.600,snap_through,1,Patch1,4,272.814,21.462,272.901,21.001
526.600,snap_through,1,Patch1,5,287.381,23.368,287.424,23.199
526.600,snap_through,1,Patch1,6,302.003,23.612,302.039,23.599
526.600,snap_through,1,Patch1,7,316.402,23.612,316.434,23.613
526.600,snap_through,1,Patch1,8,331.024,23.368,331.050,23.239
526.600,snap_through,1,Patch1,9,345.591,21.462,345.576,21.063
526.600,snap_through,1,Patch1,10,359.992,19.225,359.923,18.516
526.600,snap_through,1,Patch1,11,375.336,15.777,375.199,14.786
526.600,snap_through,1,Patch1,12,389.543,13.824,389.380,12.754
526.600,snap_through,1,Patch2,1,404.150,9.669,403.996,8.739
526.600,snap_through,1,Patch2,2,418.757,9.669,418.609,8.823
526.600,snap_through,1,Patch2,3,433.365,9.669,433.218,9.002
526.600,snap_through,1,Patch3,1,185.041,9.669,185.229,9.411
526.600,snap_through,1,Patch3,2,199.648,9.669,199.834,9.243
526.600,snap_through,1,Patch3,3,214.255,9.669,214.443,9.195
526.600,snap_through,1,Patch4,1,216.285,101.557,217.312,99.989
526.600,snap_through,1,Patch4,2,229.667,112.774,230.425,111.514
526.600,snap_through,1,Patch4,3,244.116,124.447,244.582,123.530
526.600,snap_through,1,Patch4,4,257.887,133.856,258.126,133.251
526.600,snap_through,1,Patch4,5,272.378,141.447,272.466,141.111
526.600,snap_through,1,Patch4,6,287.127,145.349,287.177,145.139
526.600,snap_through,1,Patch4,7,301.796,146.111,301.845,145.884
526.600,snap_through,1,Patch4,8,316.609,146.111,316.658,145.778
526.600,snap_through,1,Patch4,9,331.279,145.349,331.317,144.846
526.600,snap_through,1,Patch4,10,346.027,141.447,346.008,140.727
526.600,snap_through,1,Patch4,11,360.519,133.856,360.378,132.909
526.600,snap_through,1,Patch4,12,374.289,124.447,374.001,123.288
526.600,snap_through,1,Patch4,13,388.738,112.774,388.266,111.393
526.600,snap_through,1,Patch4,14,402.121,101.557,401.464,99.964
526.600,snap_through,2,Outer,1,113.689,57.760,113.282,55.405
526.600,snap_through,2,Outer,2,125.842,57.760,125.433,55.562
526.600,snap_through,2,Outer,3,137.995,57.760,137.584,55.757
526.600,snap_through,2,Outer,4,150.149,57.749,149.654,56.110
526.600,snap_through,2,Outer,5,162.192,58.278,161.672,57.015
526.600,snap_through,2,Outer,6,173.599,62.559,173.014,61.464
526.600,snap_through,2,Outer,7,185.095,71.380,184.657,70.087
526.600,snap_through,2,Outer,8,196.817,84.268,197.075,82.304
526.600,snap_through,2,Outer,9,208.209,99.135,209.526,96.291
526.600,snap_through,2,Outer,10,219.956,111.960,221.916,108.498
526.600,snap_through,2,Outer,11,232.101,123.030,234.236,119.376
526.600,snap_through,2,Outer,12,245.128,132.263,247.068,128.889
526.600,snap_through,2,Outer,13,258.404,138.045,260.006,135.407
526.600,snap_through,2,Outer,14,271.049,139.973,272.478,138.264
526.600,snap_through,2,Outer,15,283.611,140.420,284.987,139.513
526.600,snap_through,2,Outer,16,296.211,140.420,297.578,139.895
526.600,snap_through,2,Outer,17,308.773,139.973,310.124,139.286
526.600,snap_through,2,Outer,18,321.419,138.045,322.647,136.758
526.600,snap_through,2,Outer,19,334.694,132.263,335.506,130.151
526.600,snap_through,2,Outer,20,347.721,123.030,347.908,120.125
526.600,snap_through,2,Outer,21,359.866,111.960,359.543,108.533
526.600,snap_through,2,Outer,22,371.613,99.135,370.931,95.390
526.600,snap_through,2,Outer,23,383.005,84.268,382.202,80.430
526.600,snap_through,2,Outer,24,394.728,71.380,394.345,67.938
526.600,snap_through,2,Outer,25,406.223,62.559,406.197,59.606
526.600,snap_through,2,Outer,26,417.630,58.278,417.702,55.604
526.600,snap_through,2,Outer,27,429.674,57.749,429.743,55.146
526.600,snap_through,2,Outer,28,441.827,57.760,441.895,55.178
526.600,snap_through,2,Outer,29,453.980,57.760,454.047,55.372
526.600,snap_through,2,Outer,30,466.133,57.760,466.198,55.590
526.600,snap_through,2,Plate,1,113.689,55.295,113.282,52.941
526.600,snap_through,2,Plate,2,125.842,55.295,125.433,53.098
526.600,snap_through,2,Plate,3,137.995,55.295,137.584,53.293
526.600,snap_through,2,Plate,4,149.809,45.886,149.505,44.019
526.600,snap_through,2,Plate,5,161.818,33.361,161.617,31.594
526.600,snap_through,2,Plate,6,174.224,20.802,174.205,19.220
526.600,snap_through,2,Plate,7,186.608,11.916,186.694,10.483
526.600,snap_through,2,Plate,8,198.762,11.916,198.847,10.480
526.600,snap_through,2,Plate,9,210.915,11.916,210.998,10.355
526.600,snap_through,2,Plate,10,223.068,11.916,223.146,10.244
526.600,snap_through,2,Plate,11,235.431,14.224,235.495,12.594
526.600,snap_through,2,Plate,12,247.358,17.674,247.381,16.171
526.600,snap_through,2,Plate,13,259.631,20.393,259.625,19.012
526.600,snap_through,2,Plate,14,271.744,21.656,271.732,20.339
526.600,snap_through,2,Plate,15,283.855,21.842,283.845,20.510
526.600,snap_through,2,Plate,16,295.967,21.842,295.959,20.397
526.600,snap_through,2,Plate,17,308.078,21.656,308.067,19.996
526.600,snap_through,2,Plate,18,320.191,20.393,320.147,18.431
526.600,snap_through,2,Plate,19,332.464,17.674,332.334,15.348
526.600,snap_through,2,Plate,20,344.391,14.224,344.157,11.563
526.600,snap_through,2,Plate,21,356.754,11.916,356.482,9.062
526.600,snap_through,2,Plate,22,368.907,11.916,368.634,9.125
526.600,snap_through,2,Plate,23,381.061,11.916,380.785,9.342
526.600,snap_through,2,Plate,24,393.214,11.916,392.937,9.591
526.600,snap_through,2,Plate,25,405.598,20.802,405.250,18.585
526.600,snap_through,2,Plate,26,418.004,33.361,417.929,30.878
526.600,snap_through,2,Plate,27,430.013,45.886,430.138,43.221
526.600,snap_through,2,Plate,28,441.827,55.295,441.895,52.714
526.600,snap_through,2,Plate,29,453.980,55.295,454.047,52.908
526.600,snap_through,2,Plate,30,466.133,55.295,466.198,53.125
526.600,snap_through,2,Inner,1,186.608,14.380,186.694,12.947
526.600,snap_through,2,Inner,2,198.762,14.380,198.847,12.944
526.600,snap_through,2,Inner,3,210.915,14.380,210.998,12.819
526.600,snap_through,2,Inner,4,222.789,22.464,223.095,20.644
526.600,snap_through,2,Inner,5,234.500,34.242,235.038,32.185
526.600,snap_through,2,Inner,6,246.598,49.503,247.239,47.364
526.600,snap_through,2,Inner,7,258.910,63.582,259.436,61.542
526.600,snap_through,2,Inner,8,271.329,73.553,271.720,71.679
526.600,snap_through,2,Inner,9,283.773,78.321,284.144,76.493
526.600,snap_through,2,Inner,10,296.049,78.321,296.416,76.316
526.600,snap_through,2,Inner,11,308.493,73.553,308.721,71.212
526.600,snap_through,2,Inner,12,320.912,63.582,320.858,60.908
526.600,snap_through,2,Inner,13,333.224,49.503,332.887,46.593
526.600,snap_through,2,Inner,14,345.322,34.242,344.865,31.242
526.600,snap_through,2,Inner,15,357.033,22.464,356.658,19.552
526.600,snap_through,2,Inner,16,368.907,14.380,368.634,11.589
526.600,snap_through,2,Inner,17,381.061,14.380,380.785,11.806
526.600,snap_through,2,Inner,18,393.214,14.380,392.937,12.055
526.600,snap_through,2,Patch2,1,368.907,10.349,368.634,7.558
526.600,snap_through,2,Patch2,2,381.061,10.349,380.785,7.775
526.600,snap_through,2,Patch2,3,393.214,10.349,392.937,8.024
526.600,snap_through,2,Patch3,1,186.608,10.349,186.694,8.916
526.600,snap_through,2,Patch3,2,198.762,10.349,198.847,8.913
526.600,snap_through,2,Patch3,3,210.915,10.349,210.998,8.788
526.600,snap_through,2,Patch4,1,211.968,96.300,214.098,91.581
526.600,snap_through,2,Patch4,2,224.001,108.348,225.483,104.236
526.600,snap_through,2,Patch4,3,235.531,117.659,236.504,114.142
526.600,snap_through,2,Patch4,4,247.396,125.986,247.928,123.060
526.600,snap_through,2,Patch4,5,259.328,130.868,259.631,128.467
526.600,snap_through,2,Patch4,6,271.463,132.793,271.695,130.792
526.600,snap_through,2,Patch4,7,283.785,133.242,284.003,131.489
526.600,snap_through,2,Patch4,8,296.038,133.242,296.254,131.580
526.600,snap_through,2,Patch4,9,308.359,132.793,308.570,131.059
526.600,snap_through,2,Patch4,10,320.494,130.868,320.661,128.885
526.600,snap_through,2,Patch4,11,332.426,125.986,332.416,123.599
526.600,snap_through,2,Patch4,12,344.291,117.659,343.907,114.775
526.600,snap_through,2,Patch4,13,355.821,108.348,354.991,104.948
526.600,snap_through,2,Patch4,14,367.854,96.300,366.442,92.363
526.600,snap_through,3,Outer,1,125.925,55.289,125.171,51.998
526.600,snap_through,3,Outer,2,136.184,55.289,135.425,51.699
526.600,snap_through,3,Outer,3,146.442,55.289,145.681,51.424
526.600,snap_through,3,Outer,4,156.701,55.312,156.004,51.164
526.600,snap_through,3,Outer,5,166.853,55.906,166.173,51.250
526.600,snap_through,3,Outer,6,176.432,60.600,176.116,55.114
526.600,snap_through,3,Outer,7,186.279,69.578,186.958,62.856
526.600,snap_through,3,Outer,8,196.021,82.377,198.342,74.206
526.600,snap_through,3,Outer,9,205.598,97.285,209.550,87.906
526.600,snap_through,3,Outer,10,215.299,109.979,219.955,100.008
526.600,snap_through,3,Outer,11,225.579,120.488,230.251,110.485
526.600,snap_through,3,Outer,12,236.336,128.994,240.620,119.449
526.600,snap_through,3,Outer,13,247.507,134.127,251.354,125.438
526.600,snap_through,3,Outer,14,258.470,135.642,262.111,128.029
526.600,snap_through,3,Outer,15,269.279,136.054,272.812,129.572
526.600,snap_through,3,Outer,16,280.071,136.054,283.550,130.579
526.600,snap_through,3,Outer,17,290.880,135.642,294.354,130.826
526.600,snap_through,3,Outer,18,301.843,134.127,305.316,129.434
526.600,snap_through,3,Outer,19,313.014,128.994,316.247,123.871
526.600,snap_through,3,Outer,20,323.771,120.488,326.252,114.534
526.600,snap_through,3,Outer,21,334.051,109.979,335.468,103.105
526.600,snap_through,3,Outer,22,343.752,97.285,343.990,89.599
526.600,snap_through,3,Outer,23,353.329,82.377,352.547,74.087
526.600,snap_through,3,Outer,24,363.071,69.578,362.489,61.449
526.600,snap_through,3,Outer,25,372.918,60.600,372.884,53.122
526.600,snap_through,3,Outer,26,382.497,55.906,382.774,49.141
526.600,snap_through,3,Outer,27,392.649,55.312,392.937,49.216
526.600,snap_through,3,Outer,28,402.908,55.289,403.301,49.711
526.600,snap_through,3,Outer,29,413.166,55.289,413.546,50.224
526.600,snap_through,3,Outer,30,423.425,55.289,423.791,50.751
526.600,snap_through,3,Plate,1,125.925,52.825,125.171,49.534
526.600,snap_through,3,Plate,2,136.184,52.825,135.425,49.235
526.600,snap_through,3,Plate,3,146.442,52.825,145.681,48.960
526.600,snap_through,3,Plate,4,156.714,44.118,155.848,40.125
526.600,snap_through,3,Plate,5,167.104,32.311,166.453,28.508
526.600,snap_through,3,Plate,6,177.231,20.040,176.982,16.578
526.600,snap_through,3,Plate,7,187.477,11.002,187.413,7.753
526.600,snap_through,3,Plate,8,197.735,11.002,197.673,7.737
526.600,snap_through,3,Plate,9,207.994,11.002,207.932,7.625
526.600,snap_through,3,Plate,10,218.253,11.002,218.192,7.550
526.600,snap_through,3,Plate,11,228.623,13.554,228.569,10.082
526.600,snap_through,3,Plate,12,238.582,17.756,238.538,14.261
526.600,snap_through,3,Plate,13,248.928,20.676,248.893,17.151
526.600,snap_through,3,Plate,14,259.272,21.407,259.241,17.837
526.600,snap_through,3,Plate,15,269.548,21.486,269.518,17.830
526.600,snap_through,3,Plate,16,279.802,21.486,279.771,17.690
526.600,snap_through,3,Plate,17,290.078,21.407,290.043,17.411
526.600,snap_through,3,Plate,18,300.422,20.676,300.367,16.425
526.600,snap_through,3,Plate,19,310.768,17.756,310.626,13.216
526.600,snap_through,3,Plate,20,320.727,13.554,320.466,8.743
526.600,snap_through,3,Plate,21,331.097,11.002,330.783,5.979
526.600,snap_through,3,Plate,22,341.356,11.002,341.043,5.906
526.600,snap_through,3,Plate,23,351.615,11.002,351.303,5.931
526.600,snap_through,3,Plate,24,361.873,11.002,361.563,5.976
526.600,snap_through,3,Plate,25,372.119,20.040,371.824,15.000
526.600,snap_through,3,Plate,26,382.246,32.311,382.406,26.887
526.600,snap_through,3,Plate,27,392.636,44.118,393.172,38.363
526.600,snap_through,3,Plate,28,402.908,52.825,403.301,47.247
526.600,snap_through,3,Plate,29,413.166,52.825,413.546,47.760
526.600,snap_through,3,Plate,30,423.425,52.825,423.791,48.287
526.600,snap_through,3,Inner,1,187.477,13.466,187.413,10.217
526.600,snap_through,3,Inner,2,197.735,13.466,197.673,10.202
526.600,snap_through,3,Inner,3,207.994,13.466,207.932,10.089
526.600,snap_through,3,Inner,4,218.065,22.629,218.314,18.968
526.600,snap_through,3,Inner,5,227.955,35.554,228.570,31.598
526.600,snap_through,3,Inner,6,238.006,51.396,238.795,47.320
526.600,snap_through,3,Inner,7,248.213,64.987,248.929,60.958
526.600,snap_through,3,Inner,8,258.686,74.658,259.322,70.709
526.600,snap_through,3,Inner,9,269.387,78.923,270.030,74.952
526.600,snap_through,3,Inner,10,279.963,78.923,280.603,74.771
526.600,snap_through,3,Inner,11,290.664,74.658,291.170,70.198
526.600,snap_through,3,Inner,12,301.137,64.987,301.332,60.212
526.600,snap_through,3,Inner,13,311.344,51.396,311.210,46.389
526.600,snap_through,3,Inner,14,321.395,35.554,321.053,30.424
526.600,snap_through,3,Inner,15,331.285,22.629,330.961,17.518
526.600,snap_through,3,Inner,16,341.356,13.466,341.043,8.371
526.600,snap_through,3,Inner,17,351.615,13.466,351.303,8.395
526.600,snap_through,3,Inner,18,361.873,13.466,361.563,8.440
526.600,snap_through,3,Patch2,1,341.356,9.435,341.043,4.339
526.600,snap_through,3,Patch2,2,351.615,9.435,351.303,4.364
526.600,snap_through,3,Patch2,3,361.873,9.435,361.563,4.409
526.600,snap_through,3,Patch3,1,187.477,9.436,187.413,6.186
526.600,snap_through,3,Patch3,2,197.735,9.436,197.673,6.171
526.600,snap_through,3,Patch3,3,207.994,9.436,207.932,6.058
526.600,snap_through,4,Outer,1,134.356,52.895,133.453,49.050
526.600,snap_through,4,Outer,2,143.244,52.895,142.274,47.952
526.600,snap_through,4,Outer,3,152.133,52.895,151.096,46.868
526.600,snap_through,4,Outer,4,161.022,52.930,160.240,45.672
526.600,snap_through,4,Outer,5,169.798,53.466,168.977,44.714
526.600,snap_through,4,Outer,6,177.971,57.810,177.833,47.398
526.600,snap_through,4,Outer,7,186.431,66.673,187.883,54.395
526.600,snap_through,4,Outer,8,194.685,79.140,198.206,65.190
526.600,snap_through,4,Outer,9,202.936,94.258,208.242,79.152
526.600,snap_through,4,Outer,10,211.425,107.455,217.697,91.643
526.600,snap_through,4,Outer,11,220.269,117.444,226.953,101.230
526.600,snap_through,4,Outer,12,229.785,125.140,236.522,108.847
526.600,snap_through,4,Outer,13,239.572,129.567,246.129,113.645
526.600,snap_through,4,Outer,14,249.075,130.767,255.477,115.709
526.600,snap_through,4,Outer,15,258.526,131.041,264.779,117.361
526.600,snap_through,4,Outer,16,267.963,131.041,274.046,119.111
526.600,snap_through,4,Outer,17,277.414,130.767,283.369,120.661
526.600,snap_through,4,Outer,18,286.917,129.567,292.935,121.015
526.600,snap_through,4,Outer,19,296.703,125.140,303.017,117.373
526.600,snap_through,4,Outer,20,306.220,117.444,312.236,109.369
526.600,snap_through,4,Outer,21,315.064,107.455,319.785,98.396
526.600,snap_through,4,Outer,22,323.553,94.258,325.970,83.988
526.600,snap_through,4,Outer,23,331.804,79.140,331.905,67.827
526.600,snap_through,4,Outer,24,340.058,66.673,339.853,55.174
526.600,snap_through,4,Outer,25,348.518,57.810,348.826,46.843
526.600,snap_through,4,Outer,26,356.691,53.466,357.351,43.251
526.600,snap_through,4,Outer,27,365.467,52.930,366.133,43.546
526.600,snap_through,4,Outer,28,374.356,52.895,375.184,44.214
526.600,snap_through,4,Outer,29,383.244,52.895,384.050,44.838
526.600,snap_through,4,Outer,30,392.133,52.895,392.916,45.474
526.600,snap_through,4,Plate,1,134.356,50.431,133.453,46.586
526.600,snap_through,4,Plate,2,143.244,50.431,142.274,45.487
526.600,snap_through,4,Plate,3,152.133,50.431,151.096,44.404
526.600,snap_through,4,Plate,4,161.165,41.997,159.644,35.469
526.600,snap_through,4,Plate,5,170.169,30.733,169.047,24.534
526.600,snap_through,4,Plate,6,178.883,18.942,178.397,13.239
526.600,snap_through,4,Plate,7,187.689,10.528,187.472,5.114
526.600,snap_through,4,Plate,8,196.578,10.528,196.362,5.141
526.600,snap_through,4,Plate,9,205.467,10.528,205.251,5.069
526.600,snap_through,4,Plate,10,214.356,10.528,214.141,4.962
526.600,snap_through,4,Plate,11,223.367,12.884,223.187,7.184
526.600,snap_through,4,Plate,12,231.986,17.106,231.882,11.247
526.600,snap_through,4,Plate,13,241.018,19.893,240.961,13.876
526.600,snap_through,4,Plate,14,249.946,20.173,249.893,14.027
526.600,snap_through,4,Plate,15,258.814,20.049,258.758,13.793
526.600,snap_through,4,Plate,16,267.675,20.049,267.618,13.689
526.600,snap_through,4,Plate,17,276.542,20.173,276.487,13.702
526.600,snap_through,4,Plate,18,285.471,19.893,285.410,13.292
526.600,snap_through,4,Plate,19,294.503,17.106,294.390,10.346
526.600,snap_through,4,Plate,20,303.122,12.884,302.923,5.956
526.600,snap_through,4,Plate,21,312.133,10.528,311.886,3.425
526.600,snap_through,4,Plate,22,321.022,10.528,320.773,3.244
526.600,snap_through,4,Plate,23,329.911,10.528,329.659,3.004
526.600,snap_through,4,Plate,24,338.800,10.528,338.544,2.738
526.600,snap_through,4,Plate,25,347.606,18.942,347.581,10.900
526.600,snap_through,4,Plate,26,356.320,30.733,356.845,22.262
526.600,snap_through,4,Plate,27,365.324,41.997,366.312,33.143
526.600,snap_through,4,Plate,28,374.356,50.431,375.184,41.750
526.600,snap_through,4,Plate,29,383.244,50.431,384.050,42.373
526.600,snap_through,4,Plate,30,392.133,50.431,392.916,43.010
526.600,snap_through,4,Inner,1,187.689,12.992,187.472,7.579
526.600,snap_through,4,Inner,2,196.578,12.992,196.362,7.605
526.600,snap_through,4,Inner,3,205.467,12.992,205.251,7.533
526.600,snap_through,4,Inner,4,214.071,21.972,214.082,16.332
526.600,snap_through,4,Inner,5,222.646,34.962,222.963,29.108
526.600,snap_through,4,Inner,6,231.167,50.669,231.735,44.667
526.600,snap_through,4,Inner,7,239.966,63.790,240.642,57.708
526.600,snap_through,4,Inner,8,249.081,73.146,249.829,66.990
526.600,snap_through,4,Inner,9,258.542,77.247,259.340,70.972
526.600,snap_through,4,Inner,10,267.947,77.247,268.742,70.805
526.600,snap_through,4,Inner,11,277.408,73.146,278.116,66.515
526.600,snap_through,4,Inner,12,286.523,63.790,287.050,56.991
526.600,snap_through,4,Inner,13,295.322,50.669,295.647,43.743
526.600,snap_through,4,Inner,14,303.843,34.962,303.965,27.932
526.600,snap_through,4,Inner,15,312.418,21.972,312.398,14.853
526.600,snap_through,4,Inner,16,321.022,12.992,320.773,5.708
526.600,snap_through,4,Inner,17,329.911,12.992,329.659,5.468
526.600,snap_through,4,Inner,18,338.800,12.992,338.544,5.202
526.600,snap_through,4,Patch2,1,321.022,8.960,320.773,1.677
526.600,snap_through,4,Patch2,2,329.911,8.960,329.659,1.437
526.600,snap_through,4,Patch2,3,338.800,8.960,338.544,1.171
526.600,snap_through,4,Patch3,1,187.689,8.961,187.472,3.548
526.600,snap_through,4,Patch3,2,196.578,8.961,196.362,3.575
526.600,snap_through,4,Patch3,3,205.467,8.961,205.251,3.502
526.600,snap_through,5,Outer,1,139.231,50.583,138.683,46.401
526.600,snap_through,5,Outer,2,147.240,50.583,146.424,44.351
526.600,snap_through,5,Outer,3,155.250,50.583,154.163,42.298
526.600,snap_through,5,Outer,4,163.259,50.590,162.541,39.985
526.600,snap_through,5,Outer,5,171.156,51.029,170.194,38.014
526.600,snap_through,5,Outer,6,178.442,54.693,178.242,39.314
526.600,snap_through,5,Outer,7,185.991,62.770,187.658,45.092
526.600,snap_through,5,Outer,8,193.391,74.459,197.148,55.132
526.600,snap_through,5,Outer,9,200.785,88.877,206.469,68.349
526.600,snap_through,5,Outer,10,208.546,101.631,216.262,79.586
526.600,snap_through,5,Outer,11,216.606,111.225,226.151,87.264
526.600,snap_through,5,Outer,12,225.335,118.356,236.237,92.277
526.600,snap_through,5,Outer,13,234.192,122.123,245.639,94.224
526.600,snap_through,5,Outer,14,242.699,123.045,254.139,93.994
526.600,snap_through,5,Outer,15,251.146,123.226,262.524,94.620
526.600,snap_through,5,Outer,16,259.593,123.226,270.286,97.874
526.600,snap_through,5,Outer,17,268.040,123.045,277.644,101.946
526.600,snap_through,5,Outer,18,276.547,122.123,285.329,105.626
526.600,snap_through,5,Outer,19,285.404,118.356,294.866,106.763
526.600,snap_through,5,Outer,20,294.133,111.225,305.048,102.030
526.600,snap_through,5,Outer,21,302.192,101.631,311.774,91.506
526.600,snap_through,5,Outer,22,309.953,88.877,315.813,77.151
526.600,snap_through,5,Outer,23,317.348,74.459,319.217,61.318
526.600,snap_through,5,Outer,24,324.748,62.770,325.230,48.868
526.600,snap_through,5,Outer,25,332.297,54.693,333.045,41.057
526.600,snap_through,5,Outer,26,339.583,51.029,340.636,38.086
526.600,snap_through,5,Outer,27,347.480,50.590,348.531,38.494
526.600,snap_through,5,Outer,28,355.489,50.583,356.737,39.264
526.600,snap_through,5,Outer,29,363.499,50.583,364.717,39.939
526.600,snap_through,5,Outer,30,371.508,50.583,372.697,40.624
526.600,snap_through,5,Plate,1,139.231,48.119,138.683,43.937
526.600,snap_through,5,Plate,2,147.240,48.119,146.424,41.886
526.600,snap_through,5,Plate,3,155.250,48.119,154.163,39.833
526.600,snap_through,5,Plate,4,163.353,40.122,161.387,31.045
526.600,snap_through,5,Plate,5,171.459,29.444,170.067,20.832
526.600,snap_through,5,Plate,6,179.280,18.227,178.634,10.178
526.600,snap_through,5,Plate,7,187.288,10.680,186.950,2.970
526.600,snap_through,5,Plate,8,195.298,10.680,194.959,3.057
526.600,snap_through,5,Plate,9,203.307,10.680,202.970,3.038
526.600,snap_through,5,Plate,10,211.317,10.680,210.980,2.922
526.600,snap_through,5,Plate,11,219.406,12.553,219.119,4.575
526.600,snap_through,5,Plate,12,227.186,16.545,227.033,8.294
526.600,snap_through,5,Plate,13,235.334,18.997,235.256,10.482
526.600,snap_through,5,Plate,14,243.388,18.963,243.309,10.258
526.600,snap_through,5,Plate,15,251.376,18.674,251.293,9.842
526.600,snap_through,5,Plate,16,259.363,18.674,259.280,9.758
526.600,snap_through,5,Plate,17,267.351,18.963,267.271,9.993
526.600,snap_through,5,Plate,18,275.405,18.997,275.327,10.001
526.600,snap_through,5,Plate,19,283.553,16.545,283.472,7.539
526.600,snap_through,5,Plate,20,291.333,12.553,291.235,3.517
526.600,snap_through,5,Plate,21,299.422,10.680,299.299,1.537
526.600,snap_through,5,Plate,22,307.432,10.680,307.306,1.311
526.600,snap_through,5,Plate,23,315.441,10.680,315.309,0.961
526.600,snap_through,5,Plate,24,323.451,10.680,323.308,0.550
526.600,snap_through,5,Plate,25,331.459,18.227,331.707,7.656
526.600,snap_through,5,Plate,26,339.280,29.444,340.115,18.434
526.600,snap_through,5,Plate,27,347.386,40.122,348.751,28.686
526.600,snap_through,5,Plate,28,355.489,48.119,356.737,36.800
526.600,snap_through,5,Plate,29,363.499,48.119,364.717,37.474
526.600,snap_through,5,Plate,30,371.508,48.119,372.697,38.160
526.600,snap_through,5,Inner,1,187.288,13.144,186.950,5.434
526.600,snap_through,5,Inner,2,195.298,13.144,194.959,5.521
526.600,snap_through,5,Inner,3,203.307,13.144,202.970,5.502
526.600,snap_through,5,Inner,4,211.019,20.775,210.820,13.021
526.600,snap_through,5,Inner,5,218.700,32.823,218.750,24.900
526.600,snap_through,5,Inner,6,226.287,47.873,226.667,39.773
526.600,snap_through,5,Inner,7,234.161,60.570,234.795,52.303
526.600,snap_through,5,Inner,8,242.456,69.396,243.248,60.973
526.600,snap_through,5,Inner,9,251.070,73.216,251.925,64.649
526.600,snap_through,5,Inner,10,259.669,73.216,260.522,64.533
526.600,snap_through,5,Inner,11,268.283,69.396,269.094,60.623
526.600,snap_through,5,Inner,12,276.577,60.570,277.310,51.728
526.600,snap_through,5,Inner,13,284.452,47.873,285.075,38.970
526.600,snap_through,5,Inner,14,292.039,32.823,292.475,23.833
526.600,snap_through,5,Inner,15,299.720,20.775,299.928,11.648
526.600,snap_through,5,Inner,16,307.432,13.144,307.306,3.775
526.600,snap_through,5,Inner,17,315.441,13.144,315.309,3.425
526.600,snap_through,5,Inner,18,323.451,13.144,323.308,3.015
526.600,snap_through,5,Patch2,1,307.432,9.113,307.306,-0.256
526.600,snap_through,5,Patch2,2,315.441,9.113,315.309,-0.606
526.600,snap_through,5,Patch2,3,323.451,9.113,323.308,-1.017
526.600,snap_through,5,Patch3,1,187.288,9.113,186.950,1.403
526.600,snap_through,5,Patch3,2,195.298,9.113,194.959,1.490
526.600,snap_through,5,Patch3,3,203.307,9.113,202.970,1.471
526.600,snap_through,5,Patch4,1,203.773,86.983,201.466,37.119
526.600,snap_through,5,Patch4,2,211.281,96.878,208.429,47.404
526.600,snap_through,5,Patch4,3,218.935,105.036,215.668,55.933
526.600,snap_through,5,Patch4,4,226.845,111.238,223.311,62.460
526.600,snap_through,5,Patch4,5,235.042,114.695,231.394,66.173
526.600,snap_through,5,Patch4,6,243.299,115.481,239.634,67.123
526.600,snap_through,5,Patch4,7,251.419,115.459,247.753,67.167
526.600,snap_through,5,Patch4,8,259.320,115.459,255.653,67.145
526.600,snap_through,5,Patch4,9,267.439,115.481,263.771,67.061
526.600,snap_through,5,Patch4,10,275.697,114.695,272.011,66.108
526.600,snap_through,5,Patch4,11,283.893,111.238,280.122,62.456
526.600,snap_through,5,Patch4,12,291.804,105.036,287.878,56.061
526.600,snap_through,5,Patch4,13,299.458,96.878,295.333,47.721
526.600,snap_through,5,Patch4,14,306.966,86.983,302.606,37.652
526.600,snap_through,6,Outer,1,140.800,48.303,141.249,44.023
526.600,snap_through,6,Outer,2,148.386,48.303,148.252,41.112
526.600,snap_through,6,Outer,3,155.972,48.303,155.249,38.192
526.600,snap_through,6,Outer,4,163.559,48.311,163.180,34.883
526.600,snap_through,6,Outer,5,171.044,48.759,170.124,32.066
526.600,snap_through,6,Outer,6,177.980,52.470,177.977,32.481
526.600,snap_through,6,Outer,7,185.111,60.492,187.577,37.266
526.600,snap_through,6,Outer,8,192.148,71.869,197.354,46.368
526.600,snap_through,6,Outer,9,199.159,85.612,207.155,58.237
526.600,snap_through,6,Outer,10,206.533,97.629,217.799,67.438
526.600,snap_through,6,Outer,11,214.282,106.732,228.337,73.051
526.600,snap_through,6,Outer,12,222.564,113.316,238.467,76.040
526.600,snap_through,6,Outer,13,230.837,116.566,247.317,76.270
526.600,snap_through,6,Outer,14,238.842,117.305,255.158,74.769
526.600,snap_through,6,Outer,15,246.809,117.432,263.091,74.604
526.600,snap_through,6,Outer,16,254.791,117.432,270.103,78.374
526.600,snap_through,6,Outer,17,262.758,117.305,275.980,83.686
526.600,snap_through,6,Outer,18,270.763,116.566,281.883,89.068
526.600,snap_through,6,Outer,19,279.036,113.316,289.661,93.268
526.600,snap_through,6,Outer,20,287.318,106.732,300.155,94.073
526.600,snap_through,6,Outer,21,295.067,97.629,309.476,86.679
526.600,snap_through,6,Outer,22,302.441,85.612,313.214,73.117
526.600,snap_through,6,Outer,23,309.452,71.869,314.582,57.769
526.600,snap_through,6,Outer,24,316.489,60.492,318.003,44.856
526.600,snap_through,6,Outer,25,323.620,52.470,324.595,36.402
526.600,snap_through,6,Outer,26,330.556,48.759,331.876,33.436
526.600,snap_through,6,Outer,27,338.041,48.311,339.353,33.983
526.600,snap_through,6,Outer,28,345.628,48.303,347.185,34.934
526.600,snap_through,6,Outer,29,353.214,48.303,354.725,35.760
526.600,snap_through,6,Outer,30,360.800,48.303,362.265,36.590
526.600,snap_through,6,Plate,1,140.800,45.839,141.249,41.558
526.600,snap_through,6,Plate,2,148.386,45.839,148.252,38.648
526.600,snap_through,6,Plate,3,155.972,45.839,155.249,35.727
526.600,snap_through,6,Plate,4,163.654,38.045,161.602,26.854
526.600,snap_through,6,Plate,5,171.343,27.651,169.902,16.946
526.600,snap_through,6,Plate,6,178.725,17.265,178.010,7.118
526.600,snap_through,6,Plate,7,186.317,10.369,185.905,0.568
526.600,snap_through,6,Plate,8,193.903,10.369,193.491,0.661
526.600,snap_through,6,Plate,9,201.490,10.369,201.078,0.642
526.600,snap_through,6,Plate,10,209.076,10.369,208.666,0.507
526.600,snap_through,6,Plate,11,216.709,12.191,216.359,2.063
526.600,snap_through,6,Plate,12,224.137,15.878,223.947,5.414
526.600,snap_through,6,Plate,13,231.834,18.101,231.731,7.320
526.600,snap_through,6,Plate,14,239.448,17.973,239.340,6.971
526.600,snap_through,6,Plate,15,247.013,17.623,246.899,6.483
526.600,snap_through,6,Plate,16,254.587,17.623,254.474,6.404
526.600,snap_through,6,Plate,17,262.152,17.973,262.042,6.730
526.600,snap_through,6,Plate,18,269.766,18.101,269.657,6.892
526.600,snap_through,6,Plate,19,277.463,15.878,277.382,4.760
526.600,snap_through,6,Plate,20,284.891,12.191,284.850,1.152
526.600,snap_through,6,Plate,21,292.524,10.369,292.479,-0.697
526.600,snap_through,6,Plate,22,300.110,10.369,300.065,-0.882
526.600,snap_through,6,Plate,23,307.697,10.369,307.645,-1.195
526.600,snap_through,6,Plate,24,315.283,10.369,315.222,-1.586
526.600,snap_through,6,Plate,25,322.875,17.265,323.260,4.786
526.600,snap_through,6,Plate,26,330.257,27.651,331.397,14.589
526.600,snap_through,6,Plate,27,337.946,38.045,339.723,24.476
526.600,snap_through,6,Plate,28,345.628,45.839,347.185,32.470
526.600,snap_through,6,Plate,29,353.214,45.839,354.725,33.296
526.600,snap_through,6,Plate,30,360.800,45.839,362.265,34.126
526.600,snap_through,6,Inner,1,186.317,12.833,185.905,3.032
526.600,snap_through,6,Inner,2,193.903,12.833,193.491,3.125
526.600,snap_through,6,Inner,3,201.490,12.833,201.078,3.106
526.600,snap_through,6,Inner,4,208.823,20.472,208.555,10.637
526.600,snap_through,6,Inner,5,216.119,32.216,216.088,22.225
526.600,snap_through,6,Inner,6,223.263,46.799,223.583,36.625
526.600,snap_through,6,Inner,7,230.709,59.201,231.376,48.804
526.600,snap_through,6,Inner,8,238.590,67.321,239.494,56.680
526.600,snap_through,6,Inner,9,246.762,70.662,247.727,59.861
526.600,snap_through,6,Inner,10,254.838,70.662,255.802,59.892
526.600,snap_through,6,Inner,11,263.010,67.321,264.011,56.653
526.600,snap_through,6,Inner,12,270.891,59.201,271.933,48.579
526.600,snap_through,6,Inner,13,278.337,46.799,279.271,36.120
526.600,snap_through,6,Inner,14,285.481,32.216,286.112,21.399
526.600,snap_through,6,Inner,15,292.777,20.472,293.080,9.462
526.600,snap_through,6,Inner,16,300.110,12.833,300.065,1.583
526.600,snap_through,6,Inner,17,307.697,12.833,307.645,1.270
526.600,snap_through,6,Inner,18,315.283,12.833,315.222,0.878
526.600,snap_through,6,Patch2,1,300.110,8.802,300.065,-2.449
526.600,snap_through,6,Patch2,2,307.697,8.802,307.645,-2.762
526.600,snap_through,6,Patch2,3,315.283,8.802,315.222,-3.153
526.600,snap_through,6,Patch3,1,186.317,8.802,185.905,-0.999
526.600,snap_through,6,Patch3,2,193.903,8.802,193.491,-0.906
526.600,snap_through,6,Patch3,3,201.490,8.802,201.078,-0.925
526.600,snap_through,6,Patch4,1,202.050,83.389,202.172,32.188
526.600,snap_through,6,Patch4,2,209.220,93.060,208.281,42.563
526.600,snap_through,6,Patch4,3,216.438,100.364,214.670,50.604
526.600,snap_through,6,Patch4,4,223.835,105.993,221.408,57.009
526.600,snap_through,6,Patch4,5,231.519,109.222,228.715,61.027
526.600,snap_through,6,Patch4,6,239.300,109.861,236.417,62.323
526.600,snap_through,6,Patch4,7,247.033,109.923,244.146,62.643
526.600,snap_through,6,Patch4,8,254.567,109.923,251.681,62.638
526.600,snap_through,6,Patch4,9,262.300,109.861,259.412,62.434
526.600,snap_through,6,Patch4,10,270.081,109.222,267.176,61.598
526.600,snap_through,6,Patch4,11,277.765,105.993,274.781,58.184
526.600,snap_through,6,Patch4,12,285.162,100.364,282.071,52.416
526.600,snap_through,6,Patch4,13,292.380,93.060,289.189,45.014
526.600,snap_through,6,Patch4,14,299.550,83.389,296.257,35.268
526.600,snap_through,7,Outer,1,140.800,45.954,142.432,41.795
526.600,snap_through,7,Outer,2,148.179,45.954,148.929,38.303
526.600,snap_through,7,Outer,3,155.559,45.954,155.423,34.805
526.600,snap_through,7,Outer,4,162.938,45.996,163.068,30.847
526.600,snap_through,7,Outer,5,170.236,46.502,169.554,27.472
526.600,snap_through,7,Outer,6,177.078,50.601,177.527,27.369
526.600,snap_through,7,Outer,7,184.022,58.912,187.638,31.235
526.600,snap_through,7,Outer,8,190.935,70.418,198.326,39.336
526.600,snap_through,7,Outer,9,197.805,83.736,208.941,49.894
526.600,snap_through,7,Outer,10,204.911,95.040,219.460,58.094
526.600,snap_through,7,Outer,11,212.547,103.832,229.882,63.257
526.600,snap_through,7,Outer,12,220.586,109.847,239.646,65.517
526.600,snap_through,7,Outer,13,228.504,112.543,247.969,64.983
526.600,snap_through,7,Outer,14,236.231,113.073,255.423,62.995
526.600,snap_through,7,Outer,15,243.939,113.130,263.083,62.410
526.600,snap_through,7,Outer,16,251.661,113.130,269.532,66.629
526.600,snap_through,7,Outer,17,259.369,113.073,274.320,72.640
526.600,snap_through,7,Outer,18,267.096,112.543,278.900,78.856
526.600,snap_through,7,Outer,19,275.014,109.847,285.250,84.251
526.600,snap_through,7,Outer,20,283.053,103.832,294.818,87.129
526.600,snap_through,7,Outer,21,290.689,95.040,305.430,82.418
526.600,snap_through,7,Outer,22,297.795,83.736,310.249,70.008
526.600,snap_through,7,Outer,23,304.665,70.418,311.696,55.113
526.600,snap_through,7,Outer,24,311.578,58.912,313.998,41.906
526.600,snap_through,7,Outer,25,318.522,50.601,319.571,32.659
526.600,snap_through,7,Outer,26,325.364,46.502,326.815,29.337
526.600,snap_through,7,Outer,27,332.662,45.996,334.102,29.964
526.600,snap_through,7,Outer,28,340.041,45.954,341.769,31.044
526.600,snap_through,7,Outer,29,347.421,45.954,349.083,32.016
526.600,snap_through,7,Outer,30,354.800,45.954,356.397,32.990
526.600,snap_through,7,Plate,1,140.800,43.490,142.432,39.331
526.600,snap_through,7,Plate,2,148.179,43.490,148.929,35.839
526.600,snap_through,7,Plate,3,155.559,43.490,155.423,32.340
526.600,snap_through,7,Plate,4,163.078,35.864,161.463,23.512
526.600,snap_through,7,Plate,5,170.565,25.613,169.395,13.603
526.600,snap_through,7,Plate,6,177.726,16.091,177.070,4.491
526.600,snap_through,7,Plate,7,185.076,9.485,184.628,-1.877
526.600,snap_through,7,Plate,8,192.455,9.485,192.008,-1.839
526.600,snap_through,7,Plate,9,199.834,9.485,199.387,-1.899
526.600,snap_through,7,Plate,10,207.214,9.485,206.767,-2.056
526.600,snap_through,7,Plate,11,214.614,11.430,214.238,-0.393
526.600,snap_through,7,Plate,12,221.917,14.890,221.699,2.718
526.600,snap_through,7,Plate,13,229.396,16.811,229.255,4.331
526.600,snap_through,7,Plate,14,236.774,16.676,236.630,4.000
526.600,snap_through,7,Plate,15,244.121,16.365,243.975,3.579
526.600,snap_through,7,Plate,16,251.479,16.365,251.337,3.521
526.600,snap_through,7,Plate,17,258.826,16.676,258.688,3.823
526.600,snap_through,7,Plate,18,266.204,16.811,266.068,4.013
526.600,snap_through,7,Plate,19,273.683,14.890,273.582,2.221
526.600,snap_through,7,Plate,20,280.986,11.430,280.948,-1.109
526.600,snap_through,7,Plate,21,288.386,9.485,288.355,-3.040
526.600,snap_through,7,Plate,22,295.766,9.485,295.734,-3.201
526.600,snap_through,7,Plate,23,303.145,9.485,303.109,-3.485
526.600,snap_through,7,Plate,24,310.524,9.485,310.479,-3.845
526.600,snap_through,7,Plate,25,317.874,16.091,318.257,2.252
526.600,snap_through,7,Plate,26,325.035,25.613,326.179,11.149
526.600,snap_through,7,Plate,27,332.522,35.864,334.397,20.821
526.600,snap_through,7,Plate,28,340.041,43.490,341.769,28.580
526.600,snap_through,7,Plate,29,347.421,43.490,349.083,29.552
526.600,snap_through,7,Plate,30,354.800,43.490,356.397,30.526
526.600,snap_through,7,Inner,1,185.076,11.949,184.628,0.587
526.600,snap_through,7,Inner,2,192.455,11.949,192.008,0.625
526.600,snap_through,7,Inner,3,199.834,11.949,199.387,0.565
526.600,snap_through,7,Inner,4,207.020,20.143,206.754,8.632
526.600,snap_through,7,Inner,5,214.142,31.992,214.133,20.317
526.600,snap_through,7,Inner,6,221.068,46.395,221.452,34.519
526.600,snap_through,7,Inner,7,228.320,58.606,229.122,46.465
526.600,snap_through,7,Inner,8,235.982,66.306,237.033,53.907
526.600,snap_through,7,Inner,9,243.897,69.252,244.988,56.742
526.600,snap_through,7,Inner,10,251.703,69.252,252.795,56.862
526.600,snap_through,7,Inner,11,259.618,66.306,260.801,54.175
526.600,snap_through,7,Inner,12,267.280,58.606,268.670,46.690
526.600,snap_through,7,Inner,13,274.532,46.395,275.907,34.477
526.600,snap_through,7,Inner,14,281.458,31.992,282.364,19.864
526.600,snap_through,7,Inner,15,288.580,20.143,288.971,7.726
526.600,snap_through,7,Inner,16,295.766,11.949,295.734,-0.737
526.600,snap_through,7,Inner,17,303.145,11.949,303.109,-1.021
526.600,snap_through,7,Inner,18,310.524,11.949,310.479,-1.380
526.600,snap_through,7,Patch2,1,295.766,7.918,295.734,-4.768
526.600,snap_through,7,Patch2,2,303.145,7.918,303.109,-5.052
526.600,snap_through,7,Patch2,3,310.524,7.918,310.479,-5.412
526.600,snap_through,7,Patch3,1,185.076,7.918,184.628,-3.444
526.600,snap_through,7,Patch3,2,192.455,7.918,192.008,-3.406
526.600,snap_through,7,Patch3,3,199.834,7.918,199.387,-3.465
526.600,snap_through,7,Patch4,1,200.260,80.432,201.841,28.427
526.600,snap_through,7,Patch4,2,207.475,90.411,207.770,39.219
526.600,snap_through,7,Patch4,3,214.410,97.757,213.717,47.386
526.600,snap_through,7,Patch4,4,221.802,103.415,220.301,53.971
526.600,snap_through,7,Patch4,5,229.250,105.988,227.347,57.503
526.600,snap_through,7,Patch4,6,236.611,106.205,234.631,58.596
526.600,snap_through,7,Patch4,7,244.056,106.186,242.051,59.221
526.600,snap_through,7,Patch4,8,251.544,106.186,249.536,59.485
526.600,snap_through,7,Patch4,9,258.989,106.205,256.982,59.571
526.600,snap_through,7,Patch4,10,266.350,105.988,264.345,59.360
526.600,snap_through,7,Patch4,11,273.798,103.415,271.810,56.828
526.600,snap_through,7,Patch4,12,281.190,97.757,279.281,51.272
526.600,snap_through,7,Patch4,13,288.125,90.411,286.358,44.064
526.600,snap_through,7,Patch4,14,295.340,80.432,293.788,34.246
526.600,snap_through,8,Outer,1,140.800,43.924,143.607,40.181
526.600,snap_through,8,Outer,2,147.972,43.924,149.704,36.407
526.600,snap_through,8,Outer,3,155.145,43.924,155.796,32.625
526.600,snap_through,8,Outer,4,162.317,43.927,163.137,28.259
526.600,snap_through,8,Outer,5,169.423,44.390,169.178,24.492
526.600,snap_through,8,Outer,6,176.142,48.169,176.819,23.491
526.600,snap_through,8,Outer,7,182.888,56.052,186.920,25.839
526.600,snap_through,8,Outer,8,189.649,67.202,198.357,32.072
526.600,snap_through,8,Outer,9,196.363,79.659,209.518,40.745
526.600,snap_through,8,Outer,10,203.218,90.051,219.572,48.058
526.600,snap_through,8,Outer,11,210.667,98.241,229.121,53.636
526.600,snap_through,8,Outer,12,218.441,103.675,238.111,56.640
526.600,snap_through,8,Outer,13,226.079,105.997,246.080,57.035
526.600,snap_through,8,Outer,14,233.571,106.418,253.555,56.418
526.600,snap_through,8,Outer,15,241.055,106.449,261.015,57.042
526.600,snap_through,8,Outer,16,248.545,106.449,267.688,60.440
526.600,snap_through,8,Outer,17,256.029,106.418,272.461,66.196
526.600,snap_through,8,Outer,18,263.521,105.997,276.600,72.452
526.600,snap_through,8,Outer,19,271.159,103.675,282.123,78.198
526.600,snap_through,8,Outer,20,278.933,98.241,290.897,81.641
526.600,snap_through,8,Outer,21,286.382,90.051,300.860,76.932
526.600,snap_through,8,Outer,22,293.237,79.659,305.401,65.375
526.600,snap_through,8,Outer,23,299.951,67.202,306.907,51.324
526.600,snap_through,8,Outer,24,306.712,56.052,309.150,38.494
526.600,snap_through,8,Outer,25,313.458,48.169,314.429,29.591
526.600,snap_through,8,Outer,26,320.177,44.390,321.531,26.610
526.600,snap_through,8,Outer,27,327.283,43.927,328.620,27.264
526.600,snap_through,8,Outer,28,334.455,43.924,336.081,28.371
526.600,snap_through,8,Outer,29,341.628,43.924,343.188,29.330
526.600,snap_through,8,Outer,30,348.800,43.924,350.295,30.290
526.600,snap_through,8,Plate,1,140.800,41.459,143.607,37.717
526.600,snap_through,8,Plate,2,147.972,41.459,149.704,33.943
526.600,snap_through,8,Plate,3,155.145,41.459,155.796,30.161
526.600,snap_through,8,Plate,4,162.466,34.336,161.476,21.702
526.600,snap_through,8,Plate,5,169.751,24.669,168.935,12.169
526.600,snap_through,8,Plate,6,176.701,15.891,176.170,3.623
526.600,snap_through,8,Plate,7,183.834,9.845,183.397,-2.318
526.600,snap_through,8,Plate,8,191.007,9.845,190.570,-2.358
526.600,snap_through,8,Plate,9,198.179,9.845,197.743,-2.447
526.600,snap_through,8,Plate,10,205.352,9.845,204.916,-2.603
526.600,snap_through,8,Plate,11,212.526,11.670,212.160,-1.058
526.600,snap_through,8,Plate,12,219.660,14.743,219.436,1.673
526.600,snap_through,8,Plate,13,226.927,16.409,226.768,3.047
526.600,snap_through,8,Plate,14,234.092,16.240,233.931,2.701
526.600,snap_through,8,Plate,15,241.226,15.949,241.065,2.318
526.600,snap_through,8,Plate,16,248.374,15.949,248.217,2.280
526.600,snap_through,8,Plate,17,255.508,16.240,255.356,2.581
526.600,snap_through,8,Plate,18,262.673,16.409,262.523,2.831
526.600,snap_through,8,Plate,19,269.940,14.743,269.830,1.331
526.600,snap_through,8,Plate,20,277.074,11.670,277.041,-1.569
526.600,snap_through,8,Plate,21,284.248,9.845,284.230,-3.350
526.600,snap_through,8,Plate,22,291.421,9.845,291.404,-3.524
526.600,snap_through,8,Plate,23,298.593,9.845,298.571,-3.825
526.600,snap_through,8,Plate,24,305.766,9.845,305.736,-4.169
526.600,snap_through,8,Plate,25,312.899,15.891,313.257,1.393
526.600,snap_through,8,Plate,26,319.849,24.669,320.906,9.570
526.600,snap_through,8,Plate,27,327.134,34.336,328.865,18.690
526.600,snap_through,8,Plate,28,334.455,41.459,336.081,25.906
526.600,snap_through,8,Plate,29,341.628,41.459,343.188,26.866
526.600,snap_through,8,Plate,30,348.800,41.459,350.295,27.825
526.600,snap_through,8,Inner,1,183.834,12.309,183.397,0.146
526.600,snap_through,8,Inner,2,191.007,12.309,190.570,0.106
526.600,snap_through,8,Inner,3,198.179,12.309,197.743,0.017
526.600,snap_through,8,Inner,4,205.206,19.990,204.799,7.673
526.600,snap_through,8,Inner,5,212.126,31.298,211.629,19.029
526.600,snap_through,8,Inner,6,218.877,44.909,218.499,32.567
526.600,snap_through,8,Inner,7,225.964,56.366,226.311,43.527
526.600,snap_through,8,Inner,8,233.390,63.530,234.490,49.798
526.600,snap_through,8,Inner,9,241.025,66.240,242.332,51.774
526.600,snap_through,8,Inner,10,248.575,66.240,249.852,52.300
526.600,snap_through,8,Inner,11,256.210,63.530,257.764,50.584
526.600,snap_through,8,Inner,12,263.636,56.366,265.837,44.170
526.600,snap_through,8,Inner,13,270.723,44.909,273.085,32.828
526.600,snap_through,8,Inner,14,277.474,31.298,279.019,18.849
526.600,snap_through,8,Inner,15,284.394,19.990,285.007,7.027
526.600,snap_through,8,Inner,16,291.421,12.309,291.404,-1.060
526.600,snap_through,8,Inner,17,298.593,12.309,298.571,-1.361
526.600,snap_through,8,Inner,18,305.766,12.309,305.736,-1.705
526.600,snap_through,8,Patch2,1,291.421,8.278,291.404,-5.091
526.600,snap_through,8,Patch2,2,298.593,8.278,298.571,-5.392
526.600,snap_through,8,Patch2,3,305.766,8.278,305.736,-5.736
526.600,snap_through,8,Patch3,1,183.834,8.278,183.397,-3.884
526.600,snap_through,8,Patch3,2,191.007,8.278,190.570,-3.925
526.600,snap_through,8,Patch3,3,198.179,8.278,197.743,-4.014
526.600,snap_through,8,Patch4,1,198.827,77.188,201.085,26.118
526.600,snap_through,8,Patch4,2,205.781,86.254,206.894,35.949
526.600,snap_through,8,Patch4,3,212.610,93.074,212.817,43.563
526.600,snap_through,8,Patch4,4,219.744,97.831,219.242,49.238
526.600,snap_through,8,Patch4,5,226.949,100.113,226.026,52.567
526.600,snap_through,8,Patch4,6,234.088,100.289,232.991,54.155
526.600,snap_through,8,Patch4,7,241.256,100.235,240.144,54.571
526.600,snap_through,8,Patch4,8,248.344,100.235,247.227,54.789
526.600,snap_through,8,Patch4,9,255.512,100.289,254.391,55.026
526.600,snap_through,8,Patch4,10,262.651,100.113,261.533,55.078
526.600,snap_through,8,Patch4,11,269.856,97.831,268.838,53.132
526.600,snap_through,8,Patch4,12,276.989,93.074,276.249,48.820
526.600,snap_through,8,Patch4,13,283.819,86.254,283.539,42.500
526.600,snap_through,8,Patch4,14,290.773,77.188,291.135,33.971
526.600,snap_through,9,Outer,1,140.800,41.821,143.742,38.218
526.600,snap_through,9,Outer,2,147.766,41.821,149.672,34.565
526.600,snap_through,9,Outer,3,154.731,41.821,155.599,30.905
526.600,snap_through,9,Outer,4,161.697,41.822,162.772,26.666
526.600,snap_through,9,Outer,5,168.609,42.268,168.646,22.994
526.600,snap_through,9,Outer,6,175.208,45.875,176.082,21.871
526.600,snap_through,9,Outer,7,181.788,53.270,185.808,23.705
526.600,snap_through,9,Outer,8,188.390,63.898,197.161,28.934
526.600,snap_through,9,Outer,9,194.949,75.960,208.261,36.991
526.600,snap_through,9,Outer,10,201.645,85.927,217.831,44.208
526.600,snap_through,9,Outer,11,208.805,93.528,226.456,50.048
526.600,snap_through,9,Outer,12,216.285,98.376,234.568,53.706
526.600,snap_through,9,Outer,13,223.660,100.324,242.094,54.868
526.600,snap_through,9,Outer,14,230.917,100.656,249.336,55.077
526.600,snap_through,9,Outer,15,238.170,100.670,256.472,56.214
526.600,snap_through,9,Outer,16,245.430,100.670,262.708,59.813
526.600,snap_through,9,Outer,17,252.682,100.656,267.138,65.538
526.600,snap_through,9,Outer,18,259.940,100.324,271.283,71.502
526.600,snap_through,9,Outer,19,267.315,98.376,276.770,76.793
526.600,snap_through,9,Outer,20,274.795,93.528,285.355,79.024
526.600,snap_through,9,Outer,21,281.955,85.927,293.861,73.067
526.600,snap_through,9,Outer,22,288.651,75.960,297.686,61.700
526.600,snap_through,9,Outer,23,295.210,63.898,299.898,48.159
526.600,snap_through,9,Outer,24,301.812,53.270,303.157,36.087
526.600,snap_through,9,Outer,25,308.392,45.875,309.139,28.223
526.600,snap_through,9,Outer,26,314.991,42.268,316.079,25.339
526.600,snap_through,9,Outer,27,321.903,41.822,322.986,25.858
526.600,snap_through,9,Outer,28,328.869,41.821,330.219,26.812
526.600,snap_through,9,Outer,29,335.834,41.821,337.136,27.628
526.600,snap_through,9,Outer,30,342.800,41.821,344.053,28.443
526.600,snap_through,9,Plate,1,140.800,39.357,143.742,35.754
526.600,snap_through,9,Plate,2,147.766,39.357,149.672,32.101
526.600,snap_through,9,Plate,3,154.731,39.357,155.599,28.441
526.600,snap_through,9,Plate,4,161.847,32.291,161.108,20.079
526.600,snap_through,9,Plate,5,168.904,22.942,168.236,10.784
526.600,snap_through,9,Plate,6,175.659,14.820,175.195,2.834
526.600,snap_through,9,Plate,7,182.593,9.592,182.206,-2.293
526.600,snap_through,9,Plate,8,189.559,9.592,189.172,-2.294
526.600,snap_through,9,Plate,9,196.524,9.592,196.138,-2.338
526.600,snap_through,9,Plate,10,203.490,9.592,203.106,-2.451
526.600,snap_through,9,Plate,11,210.433,11.441,210.105,-0.810
526.600,snap_through,9,Plate,12,217.390,14.434,217.168,1.930
526.600,snap_through,9,Plate,13,224.447,15.934,224.271,3.205
526.600,snap_through,9,Plate,14,231.405,15.764,231.226,2.879
526.600,snap_through,9,Plate,15,238.329,15.482,238.147,2.499
526.600,snap_through,9,Plate,16,245.271,15.482,245.091,2.445
526.600,snap_through,9,Plate,17,252.195,15.764,252.017,2.717
526.600,snap_through,9,Plate,18,259.153,15.934,258.976,2.929
526.600,snap_through,9,Plate,19,266.210,14.434,266.056,1.527
526.600,snap_through,9,Plate,20,273.167,11.441,273.060,-1.363
526.600,snap_through,9,Plate,21,280.110,9.592,280.010,-3.199
526.600,snap_through,9,Plate,22,287.076,9.592,286.978,-3.364
526.600,snap_through,9,Plate,23,294.041,9.592,293.938,-3.653
526.600,snap_through,9,Plate,24,301.007,9.592,300.897,-3.987
526.600,snap_through,9,Plate,25,307.941,14.820,308.151,0.789
526.600,snap_through,9,Plate,26,314.696,22.942,315.513,8.366
526.600,snap_through,9,Plate,27,321.753,32.291,323.186,17.213
526.600,snap_through,9,Plate,28,328.869,39.357,330.219,24.347
526.600,snap_through,9,Plate,29,335.834,39.357,337.136,25.164
526.600,snap_through,9,Plate,30,342.800,39.357,344.053,25.979
526.600,snap_through,9,Inner,1,182.593,12.056,182.206,0.172
526.600,snap_through,9,Inner,2,189.559,12.056,189.172,0.171
526.600,snap_through,9,Inner,3,196.524,12.056,196.138,0.126
526.600,snap_through,9,Inner,4,203.397,19.511,203.036,7.559
526.600,snap_through,9,Inner,5,210.133,30.518,209.741,18.577
526.600,snap_through,9,Inner,6,216.714,43.686,216.492,31.646
526.600,snap_through,9,Inner,7,223.599,54.542,224.009,42.057
526.600,snap_through,9,Inner,8,230.777,61.083,231.762,47.885
526.600,snap_through,9,Inner,9,238.147,63.531,239.275,49.802
526.600,snap_through,9,Inner,10,245.453,63.531,246.558,50.181
526.600,snap_through,9,Inner,11,252.823,61.083,254.139,48.531
526.600,snap_through,9,Inner,12,260.001,54.542,261.827,42.616
526.600,snap_through,9,Inner,13,266.886,43.686,268.836,31.852
526.600,snap_through,9,Inner,14,273.467,30.518,274.720,18.367
526.600,snap_through,9,Inner,15,280.203,19.511,280.659,6.915
526.600,snap_through,9,Inner,16,287.076,12.056,286.978,-0.899
526.600,snap_through,9,Inner,17,294.041,12.056,293.938,-1.189
526.600,snap_through,9,Inner,18,301.007,12.056,300.897,-1.523
526.600,snap_through,9,Patch1,1,203.490,13.073,203.106,1.030
526.600,snap_through,9,Patch1,2,209.589,14.803,209.348,2.588
526.600,snap_through,9,Patch1,3,217.450,17.933,217.297,5.488
526.600,snap_through,9,Patch1,4,224.512,19.326,224.390,6.710
526.600,snap_through,9,Patch1,5,231.408,19.187,231.283,6.447
526.600,snap_through,9,Patch1,6,238.331,18.882,238.203,6.058
526.600,snap_through,9,Patch1,7,245.269,18.882,245.141,6.008
526.600,snap_through,9,Patch1,8,252.192,19.187,252.066,6.295
526.600,snap_through,9,Patch1,9,259.088,19.326,258.962,6.446
526.600,snap_through,9,Patch1,10,266.150,17.933,266.032,5.093
526.600,snap_through,9,Patch1,11,274.011,14.803,273.914,2.015
526.600,snap_through,9,Patch1,12,280.110,13.073,280.010,0.282
526.600,snap_through,9,Patch2,1,287.076,8.025,286.978,-4.931
526.600,snap_through,9,Patch2,2,294.041,8.025,293.938,-5.220
526.600,snap_through,9,Patch2,3,301.007,8.025,300.897,-5.554
526.600,snap_through,9,Patch3,1,182.593,8.025,182.206,-3.859
526.600,snap_through,9,Patch3,2,189.559,8.025,189.172,-3.860
526.600,snap_through,9,Patch3,3,196.524,8.025,196.138,-3.905
526.600,snap_through,9,Patch4,1,197.238,73.649,199.653,26.339
526.600,snap_through,9,Patch4,2,204.061,82.424,205.451,35.798
526.600,snap_through,9,Patch4,3,210.677,89.048,211.239,43.139
526.600,snap_through,9,Patch4,4,217.602,93.438,217.557,48.356
526.600,snap_through,9,Patch4,5,224.585,95.404,224.219,51.228
526.600,snap_through,9,Patch4,6,231.525,95.546,231.097,52.212
526.600,snap_through,9,Patch4,7,238.380,95.337,237.956,52.371
526.600,snap_through,9,Patch4,8,245.220,95.337,244.792,52.645
526.600,snap_through,9,Patch4,9,252.075,95.546,251.622,53.275
526.600,snap_through,9,Patch4,10,259.015,95.404,258.549,53.720
526.600,snap_through,9,Patch4,11,265.998,93.438,265.696,52.487
526.600,snap_through,9,Patch4,12,272.923,89.048,273.078,48.933
526.600,snap_through,9,Patch4,13,279.539,82.424,280.437,43.168
526.600,snap_through,9,Patch4,14,286.362,73.649,288.261,35.302
526.600,snap_through,10,Outer,1,140.800,39.668,142.440,35.530
526.600,snap_through,10,Outer,2,147.559,39.668,148.475,32.487
526.600,snap_through,10,Outer,3,154.317,39.668,154.505,29.434
526.600,snap_through,10,Outer,4,161.076,39.719,161.646,25.957
526.600,snap_through,10,Outer,5,167.791,40.129,167.655,22.928
526.600,snap_through,10,Outer,6,174.245,43.473,174.911,22.494
526.600,snap_through,10,Outer,7,180.654,50.504,183.959,25.411
526.600,snap_through,10,Outer,8,187.088,60.758,194.119,31.953
526.600,snap_through,10,Outer,9,193.474,72.697,203.867,41.294
526.600,snap_through,10,Outer,10,199.989,82.455,212.475,49.224
526.600,snap_through,10,Outer,11,206.913,89.649,220.717,54.830
526.600,snap_through,10,Outer,12,214.119,94.117,228.652,57.790
526.600,snap_through,10,Outer,13,221.244,95.761,235.930,58.227
526.600,snap_through,10,Outer,14,228.272,96.019,242.910,57.751
526.600,snap_through,10,Outer,15,235.290,96.026,249.784,58.775
526.600,snap_through,10,Outer,16,242.310,96.026,255.242,63.141
526.600,snap_through,10,Outer,17,249.328,96.019,259.950,68.339
526.600,snap_through,10,Outer,18,256.356,95.761,264.735,73.488
526.600,snap_through,10,Outer,19,263.481,94.117,270.702,77.702
526.600,snap_through,10,Outer,20,270.687,89.649,279.143,77.940
526.600,snap_through,10,Outer,21,277.611,82.455,285.856,70.595
526.600,snap_through,10,Outer,22,284.126,72.697,289.829,59.564
526.600,snap_through,10,Outer,23,290.512,60.758,293.052,46.420
526.600,snap_through,10,Outer,24,296.946,50.504,297.625,35.219
526.600,snap_through,10,Outer,25,303.355,43.473,303.918,28.093
526.600,snap_through,10,Outer,26,309.809,40.129,310.633,25.314
526.600,snap_through,10,Outer,27,316.524,39.719,317.355,25.625
526.600,snap_through,10,Outer,28,323.283,39.668,324.335,26.273
526.600,snap_through,10,Outer,29,330.041,39.668,331.068,26.857
526.600,snap_through,10,Outer,30,336.800,39.668,337.801,27.438
526.600,snap_through,10,Plate,1,140.800,37.204,142.440,33.066
526.600,snap_through,10,Plate,2,147.559,37.204,148.475,30.023
526.600,snap_through,10,Plate,3,154.317,37.204,154.505,26.970
526.600,snap_through,10,Plate,4,161.218,30.231,160.061,18.920
526.600,snap_through,10,Plate,5,168.054,21.110,167.174,10.018
526.600,snap_through,10,Plate,6,174.610,13.360,174.104,2.604
526.600,snap_through,10,Plate,7,181.352,8.626,181.031,-1.855
526.600,snap_through,10,Plate,8,188.110,8.626,187.788,-1.696
526.600,snap_through,10,Plate,9,194.869,8.626,194.546,-1.617
526.600,snap_through,10,Plate,10,201.628,8.626,201.306,-1.612
526.600,snap_through,10,Plate,11,208.345,10.370,208.042,0.062
526.600,snap_through,10,Plate,12,215.111,13.202,214.860,2.771
526.600,snap_through,10,Plate,13,221.958,14.570,221.733,4.020
526.600,snap_through,10,Plate,14,228.716,14.372,228.490,3.733
526.600,snap_through,10,Plate,15,235.433,14.065,235.206,3.353
526.600,snap_through,10,Plate,16,242.167,14.065,241.944,3.275
526.600,snap_through,10,Plate,17,248.884,14.372,248.667,3.498
526.600,snap_through,10,Plate,18,255.642,14.570,255.429,3.619
526.600,snap_through,10,Plate,19,262.489,13.202,262.267,2.194
526.600,snap_through,10,Plate,20,269.255,10.370,269.007,-0.702
526.600,snap_through,10,Plate,21,275.972,8.626,275.691,-2.570
526.600,snap_through,10,Plate,22,282.731,8.626,282.447,-2.781
526.600,snap_through,10,Plate,23,289.490,8.626,289.200,-3.062
526.600,snap_through,10,Plate,24,296.248,8.626,295.949,-3.406
526.600,snap_through,10,Plate,25,302.990,13.360,302.983,0.883
526.600,snap_through,10,Plate,26,309.546,21.110,310.093,8.124
526.600,snap_through,10,Plate,27,316.382,30.231,317.507,16.777
526.600,snap_through,10,Plate,28,323.283,37.204,324.335,23.809
526.600,snap_through,10,Plate,29,330.041,37.204,331.068,24.393
526.600,snap_through,10,Plate,30,336.800,37.204,337.801,24.974
526.600,snap_through,10,Inner,1,181.352,11.090,181.031,0.609
526.600,snap_through,10,Inner,2,188.110,11.090,187.788,0.769
526.600,snap_through,10,Inner,3,194.869,11.090,194.546,0.848
526.600,snap_through,10,Inner,4,201.583,18.186,201.300,7.910
526.600,snap_through,10,Inner,5,208.099,28.933,208.037,18.514
526.600,snap_through,10,Inner,6,214.505,41.894,214.810,31.281
526.600,snap_through,10,Inner,7,221.206,52.486,221.773,41.699
526.600,snap_through,10,Inner,8,228.153,58.705,228.809,47.817
526.600,snap_through,10,Inner,9,235.268,61.015,235.932,50.098
526.600,snap_through,10,Inner,10,242.332,61.015,242.997,50.117
526.600,snap_through,10,Inner,11,249.447,58.705,250.121,47.838
526.600,snap_through,10,Inner,12,256.394,52.486,257.070,41.626
526.600,snap_through,10,Inner,13,263.095,41.894,263.676,30.981
526.600,snap_through,10,Inner,14,269.501,28.933,269.832,17.907
526.600,snap_through,10,Inner,15,276.017,18.186,276.055,6.993
526.600,snap_through,10,Inner,16,282.731,11.090,282.447,-0.316
526.600,snap_through,10,Inner,17,289.490,11.090,289.200,-0.598
526.600,snap_through,10,Inner,18,296.248,11.090,295.949,-0.942
526.600,snap_through,10,Patch2,1,282.731,7.059,282.447,-4.348
526.600,snap_through,10,Patch2,2,289.490,7.059,289.200,-4.629
526.600,snap_through,10,Patch2,3,296.248,7.059,295.949,-4.973
526.600,snap_through,10,Patch3,1,181.352,7.059,181.031,-3.421
526.600,snap_through,10,Patch3,2,188.110,7.059,187.788,-3.262
526.600,snap_through,10,Patch3,3,194.869,7.059,194.546,-3.183
526.600,snap_through,10,Patch4,1,195.329,69.366,197.068,28.865
526.600,snap_through,10,Patch4,2,201.897,78.048,203.056,37.886
526.600,snap_through,10,Patch4,3,208.521,84.991,209.214,45.188
526.600,snap_through,10,Patch4,4,215.278,89.783,215.631,50.385
526.600,snap_through,10,Patch4,5,222.106,91.706,222.288,52.809
526.600,snap_through,10,Patch4,6,228.891,91.857,229.024,53.605
526.600,snap_through,10,Patch4,7,235.567,91.780,235.665,54.269
526.600,snap_through,10,Patch4,8,242.033,91.780,242.081,55.055
526.600,snap_through,10,Patch4,9,248.709,91.857,248.689,55.992
526.600,snap_through,10,Patch4,10,255.494,91.706,255.432,56.751
526.600,snap_through,10,Patch4,11,262.322,89.783,262.457,55.784
526.600,snap_through,10,Patch4,12,269.079,84.991,269.802,51.989
526.600,snap_through,10,Patch4,13,275.703,78.048,277.302,46.058
526.600,snap_through,10,Patch4,14,282.271,69.366,284.975,38.405
526.600,snap_through,11,Outer,1,140.800,37.778,140.949,33.291
526.600,snap_through,11,Outer,2,147.352,37.778,147.168,31.232
526.600,snap_through,11,Outer,3,153.903,37.778,153.387,29.173
526.600,snap_through,11,Outer,4,160.455,37.756,160.377,26.823
526.600,snap_through,11,Outer,5,166.972,38.129,166.604,24.868
526.600,snap_through,11,Outer,6,173.275,41.172,173.571,25.496
526.600,snap_through,11,Outer,7,179.510,47.531,181.538,29.451
526.600,snap_through,11,Outer,8,185.771,56.841,190.124,36.630
526.600,snap_through,11,Outer,9,191.988,67.968,198.596,46.096
526.600,snap_through,11,Outer,10,198.313,77.018,206.344,53.918
526.600,snap_through,11,Outer,11,204.978,83.598,213.758,59.616
526.600,snap_through,11,Outer,12,211.921,87.530,220.971,63.014
526.600,snap_through,11,Outer,13,218.813,88.897,227.876,64.237
526.600,snap_through,11,Outer,14,225.616,89.118,234.612,64.957
526.600,snap_through,11,Outer,15,232.405,89.133,241.049,66.957
526.600,snap_through,11,Outer,16,239.195,89.133,247.119,69.970
526.600,snap_through,11,Outer,17,245.984,89.118,253.078,73.211
526.600,snap_through,11,Outer,18,252.787,88.897,259.141,76.288
526.600,snap_through,11,Outer,19,259.679,87.530,265.926,78.063
526.600,snap_through,11,Outer,20,266.622,83.598,273.289,75.070
526.600,snap_through,11,Outer,21,273.287,77.018,278.846,67.544
526.600,snap_through,11,Outer,22,279.612,67.968,283.227,57.417
526.600,snap_through,11,Outer,23,285.829,56.841,287.376,45.372
526.600,snap_through,11,Outer,24,292.090,47.531,292.712,35.509
526.600,snap_through,11,Outer,25,298.325,41.172,298.893,29.104
526.600,snap_through,11,Outer,26,304.628,38.129,305.312,26.315
526.600,snap_through,11,Outer,27,311.145,37.756,311.841,26.314
526.600,snap_through,11,Outer,28,317.697,37.778,318.519,26.702
526.600,snap_through,11,Outer,29,324.248,37.778,325.064,26.995
526.600,snap_through,11,Outer,30,330.800,37.778,331.609,27.286
526.600,snap_through,11,Plate,1,140.800,35.313,140.949,30.827
526.600,snap_through,11,Plate,2,147.352,35.313,147.168,28.768
526.600,snap_through,11,Plate,3,153.903,35.313,153.387,26.709
526.600,snap_through,11,Plate,4,160.593,28.814,159.212,19.454
526.600,snap_through,11,Plate,5,167.202,20.300,166.254,11.304
526.600,snap_through,11,Plate,6,173.563,13.270,173.074,4.720
526.600,snap_through,11,Plate,7,180.110,9.254,179.839,1.082
526.600,snap_through,11,Plate,8,186.662,9.254,186.387,1.335
526.600,snap_through,11,Plate,9,193.214,9.254,192.937,1.502
526.600,snap_through,11,Plate,10,199.766,9.254,199.491,1.562
526.600,snap_through,11,Plate,11,206.252,10.912,205.984,3.197
526.600,snap_through,11,Plate,12,212.838,13.547,212.593,5.773
526.600,snap_through,11,Plate,13,219.480,14.725,219.248,6.879
526.600,snap_through,11,Plate,14,226.031,14.516,225.797,6.596
526.600,snap_through,11,Plate,15,232.537,14.211,232.299,6.213
526.600,snap_through,11,Plate,16,239.063,14.211,238.825,6.128
526.600,snap_through,11,Plate,17,245.569,14.516,245.334,6.337
526.600,snap_through,11,Plate,18,252.120,14.725,251.888,6.438
526.600,snap_through,11,Plate,19,258.762,13.547,258.506,5.134
526.600,snap_through,11,Plate,20,265.348,10.912,265.029,2.352
526.600,snap_through,11,Plate,21,271.834,9.254,271.467,0.515
526.600,snap_through,11,Plate,22,278.386,9.254,278.014,0.273
526.600,snap_through,11,Plate,23,284.938,9.254,284.557,-0.063
526.600,snap_through,11,Plate,24,291.490,9.254,291.097,-0.469
526.600,snap_through,11,Plate,25,298.037,13.270,297.914,3.067
526.600,snap_through,11,Plate,26,304.398,20.300,304.774,9.607
526.600,snap_through,11,Plate,27,311.007,28.814,311.856,17.724
526.600,snap_through,11,Plate,28,317.697,35.313,318.519,24.238
526.600,snap_through,11,Plate,29,324.248,35.313,325.064,24.531
526.600,snap_through,11,Plate,30,330.800,35.313,331.609,24.821
526.600,snap_through,11,Inner,1,180.110,11.718,179.839,3.546
526.600,snap_through,11,Inner,2,186.662,11.718,186.387,3.799
526.600,snap_through,11,Inner,3,193.214,11.718,192.937,3.967
526.600,snap_through,11,Inner,4,199.736,18.029,199.388,10.326
526.600,snap_through,11,Inner,5,206.081,28.040,205.823,20.272
526.600,snap_through,11,Inner,6,212.309,40.061,212.293,32.158
526.600,snap_through,11,Inner,7,218.819,49.723,219.019,41.662
526.600,snap_through,11,Inner,8,225.513,55.281,225.824,47.079
526.600,snap_through,11,Inner,9,232.382,57.312,232.728,48.987
526.600,snap_through,11,Inner,10,239.218,57.312,239.563,48.881
526.600,snap_through,11,Inner,11,246.087,55.281,246.404,46.759
526.600,snap_through,11,Inner,12,252.781,49.723,253.037,41.134
526.600,snap_through,11,Inner,13,259.291,40.061,259.475,31.432
526.600,snap_through,11,Inner,14,265.519,28.040,265.615,19.372
526.600,snap_through,11,Inner,15,271.864,18.029,271.788,9.259
526.600,snap_through,11,Inner,16,278.386,11.718,278.014,2.737
526.600,snap_through,11,Inner,17,284.938,11.718,284.557,2.401
526.600,snap_through,11,Inner,18,291.490,11.718,291.097,1.996
526.600,snap_through,11,Patch1,1,199.766,12.597,199.491,4.905
526.600,snap_through,11,Patch1,2,205.429,14.310,205.196,6.567
526.600,snap_through,11,Patch1,3,212.897,17.027,212.709,9.157
526.600,snap_through,11,Patch1,4,219.549,17.995,219.378,10.014
526.600,snap_through,11,Patch1,5,226.056,17.807,225.882,9.738
526.600,snap_through,11,Patch1,6,232.539,17.524,232.363,9.379
526.600,snap_through,11,Patch1,7,239.061,17.524,238.884,9.305
526.600,snap_through,11,Patch1,8,245.544,17.807,245.371,9.513
526.600,snap_through,11,Patch1,9,252.051,17.995,251.880,9.619
526.600,snap_through,11,Patch1,10,258.703,17.027,258.519,8.560
526.600,snap_through,11,Patch1,11,266.171,14.310,265.937,5.712
526.600,snap_through,11,Patch1,12,271.834,12.597,271.467,3.859
526.600,snap_through,11,Patch2,1,278.386,7.687,278.014,-1.294
526.600,snap_through,11,Patch2,2,284.938,7.687,284.557,-1.630
526.600,snap_through,11,Patch2,3,291.490,7.687,291.097,-2.036
526.600,snap_through,11,Patch3,1,180.110,7.687,179.839,-0.484
526.600,snap_through,11,Patch3,2,186.662,7.687,186.387,-0.232
526.600,snap_through,11,Patch3,3,193.214,7.687,192.937,-0.064
526.600,snap_through,11,Patch4,1,194.083,66.285,195.893,35.232
526.600,snap_through,11,Patch4,2,200.528,74.107,201.820,43.352
526.600,snap_through,11,Patch4,3,206.781,80.139,207.662,49.706
526.600,snap_through,11,Patch4,4,213.263,83.631,213.883,53.599
526.600,snap_through,11,Patch4,5,219.783,85.206,220.261,55.653
526.600,snap_through,11,Patch4,6,226.300,85.292,226.746,56.303
526.600,snap_through,11,Patch4,7,232.666,85.106,233.101,56.732
526.600,snap_through,11,Patch4,8,238.934,85.106,239.334,57.389
526.600,snap_through,11,Patch4,9,245.300,85.292,245.640,58.288
526.600,snap_through,11,Patch4,10,251.817,85.206,252.120,58.976
526.600,snap_through,11,Patch4,11,258.336,83.631,258.783,58.232
526.600,snap_through,11,Patch4,12,264.818,80.139,265.649,55.610
526.600,snap_through,11,Patch4,13,271.072,74.107,272.599,50.462
526.600,snap_through,11,Patch4,14,277.517,66.285,279.950,43.567
526.600,snap_through,12,Outer,1,140.800,35.764,140.213,31.845
526.600,snap_through,12,Outer,2,147.145,35.764,146.473,30.811
526.600,snap_through,12,Outer,3,153.490,35.764,152.734,29.787
526.600,snap_through,12,Outer,4,159.834,35.798,159.416,28.673
526.600,snap_through,12,Outer,5,166.153,36.172,165.686,27.819
526.600,snap_through,12,Outer,6,172.304,39.184,172.307,29.554
526.600,snap_through,12,Outer,7,178.365,45.306,179.404,34.416
526.600,snap_through,12,Outer,8,184.455,54.259,186.874,42.220
526.600,snap_through,12,Outer,9,190.512,64.860,194.223,51.925
526.600,snap_through,12,Outer,10,196.621,73.524,201.003,60.040
526.600,snap_through,12,Outer,11,203.038,80.001,207.568,66.347
526.600,snap_through,12,Outer,12,209.702,83.742,214.067,70.367
526.600,snap_through,12,Outer,13,216.367,85.039,220.554,72.375
526.600,snap_through,12,Outer,14,222.951,85.249,227.025,73.601
526.600,snap_through,12,Outer,15,229.518,85.264,233.478,74.814
526.600,snap_through,12,Outer,16,236.082,85.264,239.919,76.071
526.600,snap_through,12,Outer,17,242.649,85.249,246.377,77.250
526.600,snap_through,12,Outer,18,249.233,85.039,252.912,78.060
526.600,snap_through,12,Outer,19,255.898,83.742,259.666,77.430
526.600,snap_through,12,Outer,20,262.562,80.001,266.323,73.696
526.600,snap_through,12,Outer,21,268.979,73.524,272.182,66.724
526.600,snap_through,12,Outer,22,275.088,64.860,277.288,57.445
526.600,snap_through,12,Outer,23,281.145,54.259,282.226,46.292
526.600,snap_through,12,Outer,24,287.235,45.306,287.844,37.044
526.600,snap_through,12,Outer,25,293.296,39.184,293.813,30.839
526.600,snap_through,12,Outer,26,299.447,36.172,299.992,27.885
526.600,snap_through,12,Outer,27,305.766,35.798,306.318,27.636
526.600,snap_through,12,Outer,28,312.110,35.764,312.701,27.698
526.600,snap_through,12,Outer,29,318.455,35.764,319.046,27.729
526.600,snap_through,12,Outer,30,324.800,35.764,325.390,27.760
526.600,snap_through,12,Plate,1,140.800,33.300,140.213,29.381
526.600,snap_through,12,Plate,2,147.145,33.300,146.473,28.347
526.600,snap_through,12,Plate,3,153.490,33.300,152.734,27.323
526.600,snap_through,12,Plate,4,159.968,26.864,158.825,20.517
526.600,snap_through,12,Plate,5,166.351,18.503,165.632,12.502
526.600,snap_through,12,Plate,6,172.533,11.872,172.199,6.257
526.600,snap_through,12,Plate,7,178.869,8.323,178.711,3.043
526.600,snap_through,12,Plate,8,185.214,8.323,185.051,3.294
526.600,snap_through,12,Plate,9,191.559,8.323,191.393,3.486
526.600,snap_through,12,Plate,10,197.903,8.323,197.737,3.607
526.600,snap_through,12,Plate,11,204.172,10.250,203.983,5.606
526.600,snap_through,12,Plate,12,210.585,12.745,210.374,8.152
526.600,snap_through,12,Plate,13,217.010,13.760,216.794,9.195
526.600,snap_through,12,Plate,14,223.350,13.533,223.134,8.966
526.600,snap_through,12,Plate,15,229.641,13.231,229.422,8.630
526.600,snap_through,12,Plate,16,235.959,13.231,235.739,8.560
526.600,snap_through,12,Plate,17,242.250,13.533,242.033,8.753
526.600,snap_through,12,Plate,18,248.590,13.760,248.376,8.826
526.600,snap_through,12,Plate,19,255.015,12.745,254.764,7.606
526.600,snap_through,12,Plate,20,261.428,10.250,261.072,4.866
526.600,snap_through,12,Plate,21,267.697,8.323,267.253,2.680
526.600,snap_through,12,Plate,22,274.041,8.323,273.588,2.382
526.600,snap_through,12,Plate,23,280.386,8.323,279.920,1.993
526.600,snap_through,12,Plate,24,286.731,8.323,286.248,1.537
526.600,snap_through,12,Plate,25,293.067,11.872,292.842,4.574
526.600,snap_through,12,Plate,26,299.249,18.503,299.516,10.704
526.600,snap_through,12,Plate,27,305.632,26.864,306.233,18.792
526.600,snap_through,12,Plate,28,312.110,33.300,312.701,25.233
526.600,snap_through,12,Plate,29,318.455,33.300,319.046,25.265
526.600,snap_through,12,Plate,30,324.800,33.300,325.390,25.296
526.600,snap_through,12,Inner,1,178.869,10.788,178.711,5.507
526.600,snap_through,12,Inner,2,185.214,10.788,185.051,5.758
526.600,snap_through,12,Inner,3,191.559,10.788,191.393,5.950
526.600,snap_through,12,Inner,4,197.895,17.093,197.583,12.352
526.600,snap_through,12,Inner,5,204.082,27.105,203.772,22.354
526.600,snap_through,12,Inner,6,210.140,38.557,209.982,33.712
526.600,snap_through,12,Inner,7,216.462,47.473,216.490,42.484
526.600,snap_through,12,Inner,8,222.882,52.427,223.024,47.282
526.600,snap_through,12,Inner,9,229.495,54.128,229.675,48.828
526.600,snap_through,12,Inner,10,236.104,54.128,236.283,48.692
526.600,snap_through,12,Inner,11,242.718,52.427,242.868,46.886
526.600,snap_through,12,Inner,12,249.138,47.473,249.238,41.871
526.600,snap_through,12,Inner,13,255.460,38.557,255.530,32.942
526.600,snap_through,12,Inner,14,261.518,27.105,261.561,21.486
526.600,snap_through,12,Inner,15,267.705,17.093,267.594,11.386
526.600,snap_through,12,Inner,16,274.041,10.788,273.588,4.846
526.600,snap_through,12,Inner,17,280.386,10.788,279.920,4.458
526.600,snap_through,12,Inner,18,286.731,10.788,286.248,4.002
526.600,snap_through,12,Patch1,1,197.903,11.612,197.737,6.896
526.600,snap_through,12,Patch1,2,203.450,13.990,203.259,9.292
526.600,snap_through,12,Patch1,3,210.648,16.002,210.467,11.269
526.600,snap_through,12,Patch1,4,217.038,16.838,216.863,12.057
526.600,snap_through,12,Patch1,5,223.344,16.600,223.168,11.769
526.600,snap_through,12,Patch1,6,229.641,16.306,229.463,11.416
526.600,snap_through,12,Patch1,7,235.959,16.306,235.781,11.344
526.600,snap_through,12,Patch1,8,242.256,16.600,242.082,11.549
526.600,snap_through,12,Patch1,9,248.562,16.838,248.392,11.682
526.600,snap_through,12,Patch1,10,254.952,16.002,254.765,10.722
526.600,snap_through,12,Patch1,11,262.150,13.990,261.910,8.532
526.600,snap_through,12,Patch1,12,267.697,11.612,267.253,5.969
526.600,snap_through,12,Patch2,1,274.041,6.756,273.588,0.815
526.600,snap_through,12,Patch2,2,280.386,6.756,279.920,0.426
526.600,snap_through,12,Patch2,3,286.731,6.756,286.248,-0.030
526.600,snap_through,12,Patch3,1,178.869,6.757,178.711,1.476
526.600,snap_through,12,Patch3,2,185.214,6.757,185.051,1.727
526.600,snap_through,12,Patch3,3,191.559,6.757,191.393,1.919
526.600,snap_through,12,Patch4,1,192.077,61.597,193.570,41.664
526.600,snap_through,12,Patch4,2,198.301,69.349,199.352,49.637
526.600,snap_through,12,Patch4,3,204.533,75.546,205.215,56.095
526.600,snap_through,12,Patch4,4,210.875,80.134,211.265,60.999
526.600,snap_through,12,Patch4,5,217.255,81.458,217.546,62.716
526.600,snap_through,12,Patch4,6,223.597,81.558,223.866,63.250
526.600,snap_through,12,Patch4,7,229.747,81.611,229.995,63.747
526.600,snap_through,12,Patch4,8,235.853,81.611,236.084,64.210
526.600,snap_through,12,Patch4,9,242.003,81.558,242.218,64.644
526.600,snap_through,12,Patch4,10,248.345,81.458,248.547,65.067
526.600,snap_through,12,Patch4,11,254.725,80.134,255.017,64.306
526.600,snap_through,12,Patch4,12,261.067,75.546,261.736,60.343
526.600,snap_through,12,Patch4,13,267.299,69.349,268.495,54.795
526.600,snap_through,12,Patch4,14,273.523,61.597,275.387,47.715
526.600,snap_through,13,Outer,1,140.800,33.866,140.396,31.725
526.600,snap_through,13,Outer,2,146.938,33.866,146.524,31.382
526.600,snap_through,13,Outer,3,153.076,33.866,152.653,31.048
526.600,snap_through,13,Outer,4,159.214,33.898,158.938,30.677
526.600,snap_through,13,Outer,5,165.337,34.286,165.071,30.570
526.600,snap_through,13,Outer,6,171.352,37.358,171.331,33.095
526.600,snap_through,13,Outer,7,177.259,43.243,177.717,38.438
526.600,snap_through,13,Outer,8,183.190,51.657,184.254,46.365
526.600,snap_through,13,Outer,9,189.097,61.538,190.686,55.881
526.600,snap_through,13,Outer,10,195.018,69.686,196.839,63.830
526.600,snap_through,13,Outer,11,201.192,75.889,203.032,69.998
526.600,snap_through,13,Outer,12,207.563,79.241,209.333,73.476
526.600,snap_through,13,Outer,13,213.958,80.350,215.676,74.848
526.600,snap_through,13,Outer,14,220.301,80.555,221.995,75.415
526.600,snap_through,13,Outer,15,226.634,80.597,228.310,75.880
526.600,snap_through,13,Outer,16,232.966,80.597,234.625,76.320
526.600,snap_through,13,Outer,17,239.299,80.555,240.946,76.677
526.600,snap_through,13,Outer,18,245.642,80.350,247.290,76.773
526.600,snap_through,13,Outer,19,252.037,79.241,253.705,75.816
526.600,snap_through,13,Outer,20,258.408,75.889,260.044,72.418
526.600,snap_through,13,Outer,21,264.582,69.686,265.951,65.975
526.600,snap_through,13,Outer,22,270.503,61.538,271.349,57.485
526.600,snap_through,13,Outer,23,276.410,51.657,276.757,47.334
526.600,snap_through,13,Outer,24,282.341,43.243,282.633,38.886
526.600,snap_through,13,Outer,25,288.248,37.358,288.554,33.017
526.600,snap_through,13,Outer,26,294.263,34.286,294.570,29.947
526.600,snap_through,13,Outer,27,300.386,33.898,300.696,29.572
526.600,snap_through,13,Outer,28,306.524,33.866,306.827,29.518
526.600,snap_through,13,Outer,29,312.662,33.866,312.964,29.444
526.600,snap_through,13,Outer,30,318.800,33.866,319.102,29.368
526.600,snap_through,13,Plate,1,140.800,31.401,140.396,29.260
526.600,snap_through,13,Plate,2,146.938,31.401,146.524,28.918
526.600,snap_through,13,Plate,3,153.076,31.401,152.653,28.583
526.600,snap_through,13,Plate,4,159.343,24.803,158.813,21.885
526.600,snap_through,13,Plate,5,165.508,16.664,165.190,13.914
526.600,snap_through,13,Plate,6,171.521,10.866,171.406,8.337
526.600,snap_through,13,Plate,7,177.628,8.057,177.608,5.744
526.600,snap_through,13,Plate,8,183.766,8.057,183.743,5.930
526.600,snap_through,13,Plate,9,189.903,8.057,189.879,6.091
526.600,snap_through,13,Plate,10,196.041,8.057,196.016,6.229
526.600,snap_through,13,Plate,11,202.121,10.574,202.042,8.869
526.600,snap_through,13,Plate,12,208.355,12.863,208.231,11.272
526.600,snap_through,13,Plate,13,214.549,13.670,214.413,12.166
526.600,snap_through,13,Plate,14,220.666,13.483,220.531,12.029
526.600,snap_through,13,Plate,15,226.748,13.233,226.612,11.786
526.600,snap_through,13,Plate,16,232.852,13.233,232.716,11.748
526.600,snap_through,13,Plate,17,238.934,13.483,238.800,11.909
526.600,snap_through,13,Plate,18,245.051,13.670,244.919,11.952
526.600,snap_through,13,Plate,19,251.245,12.863,251.081,10.943
526.600,snap_through,13,Plate,20,257.479,10.574,257.215,8.406
526.600,snap_through,13,Plate,21,263.559,8.057,263.182,5.640
526.600,snap_through,13,Plate,22,269.697,8.057,269.313,5.371
526.600,snap_through,13,Plate,23,275.834,8.057,275.442,5.045
526.600,snap_through,13,Plate,24,281.972,8.057,281.568,4.672
526.600,snap_through,13,Plate,25,288.079,10.866,287.847,7.067
526.600,snap_through,13,Plate,26,294.092,16.664,294.233,12.445
526.600,snap_through,13,Plate,27,300.257,24.803,300.576,20.443
526.600,snap_through,13,Plate,28,306.524,31.401,306.827,27.054
526.600,snap_through,13,Plate,29,312.662,31.401,312.964,26.980
526.600,snap_through,13,Plate,30,318.800,31.401,319.102,26.904
526.600,snap_through,13,Inner,1,177.628,10.521,177.608,8.208
526.600,snap_through,13,Inner,2,183.766,10.521,183.743,8.394
526.600,snap_through,13,Inner,3,189.903,10.521,189.879,8.555
526.600,snap_through,13,Inner,4,196.084,17.518,195.911,15.641
526.600,snap_through,13,Inner,5,202.108,27.666,201.930,25.783
526.600,snap_through,13,Inner,6,208.009,38.178,207.935,36.225
526.600,snap_through,13,Inner,7,214.126,45.932,214.176,43.872
526.600,snap_through,13,Inner,8,220.294,49.823,220.410,47.652
526.600,snap_through,13,Inner,9,226.628,50.991,226.762,48.722
526.600,snap_through,13,Inner,10,232.972,50.991,233.106,48.647
526.600,snap_through,13,Inner,11,239.306,49.823,239.431,47.431
526.600,snap_through,13,Inner,12,245.474,45.932,245.587,43.524
526.600,snap_through,13,Inner,13,251.591,38.178,251.700,35.774
526.600,snap_through,13,Inner,14,257.491,27.666,257.571,25.255
526.600,snap_through,13,Inner,15,263.516,17.518,263.454,15.032
526.600,snap_through,13,Inner,16,269.697,10.521,269.313,7.835
526.600,snap_through,13,Inner,17,275.834,10.521,275.442,7.510
526.600,snap_through,13,Inner,18,281.972,10.521,281.568,7.136
526.600,snap_through,13,Patch1,1,196.041,11.292,196.016,9.464
526.600,snap_through,13,Patch1,2,201.468,14.254,201.344,12.506
526.600,snap_through,13,Patch1,3,208.403,15.939,208.265,14.243
526.600,snap_through,13,Patch1,4,214.559,16.611,214.420,14.925
526.600,snap_through,13,Patch1,5,220.661,16.401,220.521,14.698
526.600,snap_through,13,Patch1,6,226.746,16.147,226.604,14.401
526.600,snap_through,13,Patch1,7,232.854,16.147,232.712,14.335
526.600,snap_through,13,Patch1,8,238.939,16.401,238.801,14.504
526.600,snap_through,13,Patch1,9,245.041,16.611,244.905,14.613
526.600,snap_through,13,Patch1,10,251.197,15.939,251.049,13.827
526.600,snap_through,13,Patch1,11,258.132,14.254,257.946,11.993
526.600,snap_through,13,Patch1,12,263.559,11.292,263.182,8.875
526.600,snap_through,13,Patch2,1,269.697,6.490,269.313,3.804
526.600,snap_through,13,Patch2,2,275.834,6.490,275.442,3.478
526.600,snap_through,13,Patch2,3,281.972,6.490,281.568,3.105
526.600,snap_through,13,Patch3,1,177.628,6.491,177.608,4.177
526.600,snap_through,13,Patch3,2,183.766,6.491,183.743,4.364
526.600,snap_through,13,Patch3,3,189.903,6.491,189.879,4.524
526.600,snap_through,13,Patch4,1,190.376,57.996,190.612,50.105
526.600,snap_through,13,Patch4,2,196.436,65.473,196.651,57.495
526.600,snap_through,13,Patch4,3,202.467,71.300,202.645,63.283
526.600,snap_through,13,Patch4,4,208.614,75.198,208.748,67.202
526.600,snap_through,13,Patch4,5,214.771,76.642,214.880,68.730
526.600,snap_through,13,Patch4,6,220.846,77.102,220.942,69.318
526.600,snap_through,13,Patch4,7,226.823,77.282,226.910,69.669
526.600,snap_through,13,Patch4,8,232.777,77.282,232.859,69.883
526.600,snap_through,13,Patch4,9,238.754,77.102,238.837,69.962
526.600,snap_through,13,Patch4,10,244.829,76.642,244.926,69.803
526.600,snap_through,13,Patch4,11,250.986,75.198,251.150,68.700
526.600,snap_through,13,Patch4,12,257.133,71.300,257.506,65.190
526.600,snap_through,13,Patch4,13,263.164,65.473,263.868,59.781
526.600,snap_through,13,Patch4,14,269.224,57.996,270.360,52.748
526.600,snap_through,14,Outer,1,140.800,32.045,140.800,32.045
526.600,snap_through,14,Outer,2,146.731,32.045,146.731,32.045
526.600,snap_through,14,Outer,3,152.662,32.045,152.662,32.045
526.600,snap_through,14,Outer,4,158.593,32.049,158.593,32.049
526.600,snap_through,14,Outer,5,164.523,32.484,164.523,32.484
526.600,snap_through,14,Outer,6,170.423,35.821,170.423,35.821
526.600,snap_through,14,Outer,7,176.197,41.604,176.197,41.604
526.600,snap_through,14,Outer,8,181.983,49.464,181.983,49.464
526.600,snap_through,14,Outer,9,187.757,58.532,187.757,58.532
526.600,snap_through,14,Outer,10,193.509,66.117,193.509,66.117
526.600,snap_through,14,Outer,11,199.438,72.003,199.438,72.003
526.600,snap_through,14,Outer,12,205.496,74.850,205.496,74.850
526.600,snap_through,14,Outer,13,211.583,75.698,211.583,75.698
526.600,snap_through,14,Outer,14,217.666,75.897,217.666,75.897
526.600,snap_through,14,Outer,15,223.755,75.979,223.755,75.979
526.600,snap_through,14,Outer,16,229.845,75.979,229.845,75.979
526.600,snap_through,14,Outer,17,235.934,75.897,235.934,75.897
526.600,snap_through,14,Outer,18,242.017,75.698,242.017,75.698
526.600,snap_through,14,Outer,19,248.104,74.850,248.104,74.850
526.600,snap_through,14,Outer,20,254.162,72.003,254.162,72.003
526.600,snap_through,14,Outer,21,260.091,66.117,260.091,66.117
526.600,snap_through,14,Outer,22,265.843,58.532,265.843,58.532
526.600,snap_through,14,Outer,23,271.617,49.464,271.617,49.464
526.600,snap_through,14,Outer,24,277.403,41.604,277.403,41.604
526.600,snap_through,14,Outer,25,283.177,35.821,283.177,35.821
526.600,snap_through,14,Outer,26,289.077,32.484,289.077,32.484
526.600,snap_through,14,Outer,27,295.007,32.049,295.007,32.049
526.600,snap_through,14,Outer,28,300.938,32.045,300.938,32.045
526.600,snap_through,14,Outer,29,306.869,32.045,306.869,32.045
526.600,snap_through,14,Outer,30,312.800,32.045,312.800,32.045
526.600,snap_through,14,Plate,1,140.800,29.580,140.800,29.580
526.600,snap_through,14,Plate,2,146.731,29.580,146.731,29.580
526.600,snap_through,14,Plate,3,152.662,29.580,152.662,29.580
526.600,snap_through,14,Plate,4,158.723,22.515,158.723,22.515
526.600,snap_through,14,Plate,5,164.673,14.537,164.673,14.537
526.600,snap_through,14,Plate,6,170.530,9.892,170.530,9.892
526.600,snap_through,14,Plate,7,176.386,8.038,176.386,8.038
526.600,snap_through,14,Plate,8,182.317,8.038,182.317,8.038
526.600,snap_through,14,Plate,9,188.248,8.038,188.248,8.038
526.600,snap_through,14,Plate,10,194.179,8.038,194.179,8.038
526.600,snap_through,14,Plate,11,200.094,11.507,200.094,11.507
526.600,snap_through,14,Plate,12,206.152,13.587,206.152,13.587
526.600,snap_through,14,Plate,13,212.101,14.155,212.101,14.155
526.600,snap_through,14,Plate,14,217.981,14.064,217.981,14.064
526.600,snap_through,14,Plate,15,223.856,13.910,223.856,13.910
526.600,snap_through,14,Plate,16,229.744,13.910,229.744,13.910
526.600,snap_through,14,Plate,17,235.619,14.064,235.619,14.064
526.600,snap_through,14,Plate,18,241.499,14.155,241.499,14.155
526.600,snap_through,14,Plate,19,247.448,13.587,247.448,13.587
526.600,snap_through,14,Plate,20,253.506,11.507,253.506,11.507
526.600,snap_through,14,Plate,21,259.421,8.038,259.421,8.038
526.600,snap_through,14,Plate,22,265.352,8.038,265.352,8.038
526.600,snap_through,14,Plate,23,271.283,8.038,271.283,8.038
526.600,snap_through,14,Plate,24,277.214,8.038,277.214,8.038
526.600,snap_through,14,Plate,25,283.070,9.892,283.070,9.892
526.600,snap_through,14,Plate,26,288.927,14.537,288.927,14.537
526.600,snap_through,14,Plate,27,294.877,22.515,294.877,22.515
526.600,snap_through,14,Plate,28,300.938,29.580,300.938,29.580
526.600,snap_through,14,Plate,29,306.869,29.580,306.869,29.580
526.600,snap_through,14,Plate,30,312.800,29.580,312.800,29.580
526.600,snap_through,14,Inner,1,176.386,10.503,176.386,10.503
526.600,snap_through,14,Inner,2,182.317,10.503,182.317,10.503
526.600,snap_through,14,Inner,3,188.248,10.503,188.248,10.503
526.600,snap_through,14,Inner,4,194.303,19.004,194.303,19.004
526.600,snap_through,14,Inner,5,200.172,29.589,200.172,29.589
526.600,snap_through,14,Inner,6,205.926,38.974,205.926,38.974
526.600,snap_through,14,Inner,7,211.821,45.264,211.821,45.264
526.600,snap_through,14,Inner,8,217.746,47.702,217.746,47.702
526.600,snap_through,14,Inner,9,223.776,48.140,223.776,48.140
526.600,snap_through,14,Inner,10,229.824,48.140,229.824,48.140
526.600,snap_through,14,Inner,11,235.854,47.702,235.854,47.702
526.600,snap_through,14,Inner,12,241.779,45.264,241.779,45.264
526.600,snap_through,14,Inner,13,247.674,38.974,247.674,38.974
526.600,snap_through,14,Inner,14,253.428,29.589,253.428,29.589
526.600,snap_through,14,Inner,15,259.297,19.004,259.297,19.004
526.600,snap_through,14,Inner,16,265.352,10.503,265.352,10.503
526.600,snap_through,14,Inner,17,271.283,10.503,271.283,10.503
526.600,snap_through,14,Inner,18,277.214,10.503,277.214,10.503
526.600,snap_through,14,Patch2,1,265.352,6.471,265.352,6.471
526.600,snap_through,14,Patch2,2,271.283,6.471,271.283,6.471
526.600,snap_through,14,Patch2,3,277.214,6.471,277.214,6.471
526.600,snap_through,14,Patch3,1,176.386,6.472,176.386,6.472
526.600,snap_through,14,Patch3,2,182.317,6.472,182.317,6.472
526.600,snap_through,14,Patch3,3,188.248,6.472,188.248,6.472
526.600,snap_through,14,Patch4,1,188.813,54.965,188.813,54.965
526.600,snap_through,14,Patch4,2,194.711,61.612,194.711,61.612
526.600,snap_through,14,Patch4,3,200.511,67.178,200.511,67.178
526.600,snap_through,14,Patch4,4,206.420,70.274,206.420,70.274
526.600,snap_through,14,Patch4,5,212.306,71.319,212.306,71.319
526.600,snap_through,14,Patch4,6,218.131,71.494,218.131,71.494
526.600,snap_through,14,Patch4,7,223.908,71.503,223.908,71.503
526.600,snap_through,14,Patch4,8,229.692,71.503,229.692,71.503
526.600,snap_through,14,Patch4,9,235.469,71.494,235.469,71.494
526.600,snap_through,14,Patch4,10,241.294,71.319,241.294,71.319
526.600,snap_through,14,Patch4,11,247.180,70.274,247.180,70.274
526.600,snap_through,14,Patch4,12,253.089,67.178,253.089,67.178
526.600,snap_through,14,Patch4,13,258.889,61.612,258.889,61.612
526.600,snap_through,14,Patch4,14,264.787,54.965,264.787,54.965
631.900,snap_through,0,Outer,1,0.000,77.176,0.000,77.176
631.900,snap_through,0,Outer,2,22.952,77.176,22.952,77.176
631.900,snap_through,0,Outer,3,45.903,77.176,45.903,77.176
631.900,snap_through,0,Outer,4,68.855,77.179,68.855,77.179
631.900,snap_through,0,Outer,5,91.792,78.077,91.792,78.077
631.900,snap_through,0,Outer,6,114.593,85.124,114.593,85.124
631.900,snap_through,0,Outer,7,137.122,98.200,137.122,98.200
631.900,snap_through,0,Outer,8,159.711,115.776,159.711,115.776
631.900,snap_through,0,Outer,9,181.710,136.686,181.710,136.686
631.900,snap_through,0,Outer,10,203.804,155.760,203.804,155.760
631.900,snap_through,0,Outer,11,226.449,171.309,226.449,171.309
631.900,snap_through,0,Outer,12,250.090,183.123,250.090,183.123
631.900,snap_through,0,Outer,13,273.409,191.435,273.409,191.435
631.900,snap_through,0,Outer,14,297.146,196.498,297.146,196.498
631.900,snap_through,0,Outer,15,320.863,198.450,320.863,198.450
631.900,snap_through,0,Outer,16,344.737,198.450,344.737,198.450
631.900,snap_through,0,Outer,17,368.454,196.498,368.454,196.498
631.900,snap_through,0,Outer,18,392.191,191.435,392.191,191.435
631.900,snap_through,0,Outer,19,415.510,183.123,415.510,183.123
631.900,snap_through,0,Outer,20,439.151,171.309,439.151,171.309
631.900,snap_through,0,Outer,21,461.796,155.760,461.796,155.760
631.900,snap_through,0,Outer,22,483.890,136.686,483.890,136.686
631.900,snap_through,0,Outer,23,505.889,115.776,505.889,115.776
631.900,snap_through,0,Outer,24,528.478,98.200,528.478,98.200
631.900,snap_through,0,Outer,25,551.007,85.124,551.007,85.124
631.900,snap_through,0,Outer,26,573.808,78.077,573.808,78.077
631.900,snap_through,0,Outer,27,596.745,77.179,596.745,77.179
631.900,snap_through,0,Outer,28,619.697,77.176,619.697,77.176
631.900,snap_through,0,Outer,29,642.648,77.176,642.648,77.176
631.900,snap_through,0,Outer,30,665.600,77.176,665.600,77.176
631.900,snap_through,0,Plate,1,0.000,74.712,0.000,74.712
631.900,snap_through,0,Plate,2,22.952,74.712,22.952,74.712
631.900,snap_through,0,Plate,3,45.903,74.712,45.903,74.712
631.900,snap_through,0,Plate,4,68.670,59.831,68.670,59.831
631.900,snap_through,0,Plate,5,91.365,40.578,91.365,40.578
631.900,snap_through,0,Plate,6,114.568,23.951,114.568,23.951
631.900,snap_through,0,Plate,7,137.710,12.233,137.710,12.233
631.900,snap_through,0,Plate,8,160.662,12.233,160.662,12.233
631.900,snap_through,0,Plate,9,183.614,12.233,183.614,12.233
631.900,snap_through,0,Plate,10,206.566,12.233,206.566,12.233
631.900,snap_through,0,Plate,11,229.750,16.398,229.750,16.398
631.900,snap_through,0,Plate,12,253.240,20.696,253.240,20.696
631.900,snap_through,0,Plate,13,275.756,23.795,275.756,23.795
631.900,snap_through,0,Plate,14,298.909,25.770,298.909,25.770
631.900,snap_through,0,Plate,15,321.607,26.483,321.607,26.483
631.900,snap_through,0,Plate,16,343.993,26.483,343.993,26.483
631.900,snap_through,0,Plate,17,366.691,25.770,366.691,25.770
631.900,snap_through,0,Plate,18,389.844,23.795,389.844,23.795
631.900,snap_through,0,Plate,19,412.360,20.696,412.360,20.696
631.900,snap_through,0,Plate,20,435.850,16.398,435.850,16.398
631.900,snap_through,0,Plate,21,459.034,12.233,459.034,12.233
631.900,snap_through,0,Plate,22,481.986,12.233,481.986,12.233
631.900,snap_through,0,Plate,23,504.938,12.233,504.938,12.233
631.900,snap_through,0,Plate,24,527.890,12.233,527.890,12.233
631.900,snap_through,0,Plate,25,551.032,23.951,551.032,23.951
631.900,snap_through,0,Plate,26,574.235,40.578,574.235,40.578
631.900,snap_through,0,Plate,27,596.930,59.831,596.930,59.831
631.900,snap_through,0,Plate,28,619.697,74.712,619.697,74.712
631.900,snap_through,0,Plate,29,642.648,74.712,642.648,74.712
631.900,snap_through,0,Plate,30,665.600,74.712,665.600,74.712
631.900,snap_through,0,Inner,1,137.710,14.698,137.710,14.698
631.900,snap_through,0,Inner,2,160.662,14.698,160.662,14.698
631.900,snap_through,0,Inner,3,183.614,14.698,183.614,14.698
631.900,snap_through,0,Inner,4,205.946,28.584,205.946,28.584
631.900,snap_through,0,Inner,5,228.148,46.667,228.148,46.667
631.900,snap_through,0,Inner,6,250.657,67.900,250.657,67.900
631.900,snap_through,0,Inner,7,273.978,86.397,273.978,86.397
631.900,snap_through,0,Inner,8,297.624,99.495,297.624,99.495
631.900,snap_through,0,Inner,9,321.194,106.375,321.194,106.375
631.900,snap_through,0,Inner,10,344.406,106.375,344.406,106.375
631.900,snap_through,0,Inner,11,367.976,99.495,367.976,99.495
631.900,snap_through,0,Inner,12,391.622,86.397,391.622,86.397
631.900,snap_through,0,Inner,13,414.943,67.900,414.943,67.900
631.900,snap_through,0,Inner,14,437.452,46.667,437.452,46.667
631.900,snap_through,0,Inner,15,459.654,28.584,459.654,28.584
631.900,snap_through,0,Inner,16,481.986,14.698,481.986,14.698
631.900,snap_through,0,Inner,17,504.938,14.698,504.938,14.698
631.900,snap_through,0,Inner,18,527.890,14.698,527.890,14.698
631.900,snap_through,0,Patch2,1,481.986,10.666,481.986,10.666
631.900,snap_through,0,Patch2,2,504.938,10.666,504.938,10.666
631.900,snap_through,0,Patch2,3,527.890,10.666,527.890,10.666
631.900,snap_through,0,Patch3,1,137.710,10.667,137.710,10.667
631.900,snap_through,0,Patch3,2,160.662,10.667,160.662,10.667
631.900,snap_through,0,Patch3,3,183.614,10.667,183.614,10.667
631.900,snap_through,0,Patch4,1,187.098,137.722,187.098,137.722
631.900,snap_through,0,Patch4,2,208.654,153.385,208.654,153.385
631.900,snap_through,0,Patch4,3,231.566,166.352,231.566,166.352
631.900,snap_through,0,Patch4,4,253.461,175.656,253.461,175.656
631.900,snap_through,0,Patch4,5,276.821,183.870,276.821,183.870
631.900,snap_through,0,Patch4,6,299.323,189.200,299.323,189.200
631.900,snap_through,0,Patch4,7,321.567,192.149,321.567,192.149
631.900,snap_through,0,Patch4,8,344.033,192.149,344.033,192.149
631.900,snap_through,0,Patch4,9,366.277,189.200,366.277,189.200
631.900,snap_through,0,Patch4,10,388.779,183.870,388.779,183.870
631.900,snap_through,0,Patch4,11,412.139,175.656,412.139,175.656
631.900,snap_through,0,Patch4,12,434.034,166.352,434.034,166.352
631.900,snap_through,0,Patch4,13,456.946,153.385,456.946,153.385
631.900,snap_through,0,Patch4,14,478.502,137.722,478.502,137.722
631.900,snap_through,1,Outer,1,97.397,60.197,97.212,58.803
631.900,snap_through,1,Outer,2,112.005,60.197,111.816,59.149
631.900,snap_through,1,Outer,3,126.612,60.197,126.425,59.518
631.900,snap_through,1,Outer,4,141.219,60.237,140.838,60.576
631.900,snap_through,1,Outer,5,155.751,60.865,155.244,62.691
631.900,snap_through,1,Outer,6,169.822,65.726,168.872,68.693
631.900,snap_through,1,Outer,7,183.819,74.544,182.173,78.524
631.900,snap_through,1,Outer,8,198.046,87.541,195.333,92.594
631.900,snap_through,1,Outer,9,211.802,102.987,208.162,108.854
631.900,snap_through,1,Outer,10,225.848,116.516,222.225,122.622
631.900,snap_through,1,Outer,11,240.338,128.410,237.385,134.052
631.900,snap_through,1,Outer,12,255.796,138.853,254.079,143.238
631.900,snap_through,1,Outer,13,271.284,145.897,270.460,149.227
631.900,snap_through,1,Outer,14,286.468,149.143,285.965,152.471
631.900,snap_through,1,Outer,15,301.594,150.184,301.293,153.691
631.900,snap_through,1,Outer,16,316.811,150.184,316.733,153.327
631.900,snap_through,1,Outer,17,331.937,149.143,332.037,151.443
631.900,snap_through,1,Outer,18,347.122,145.897,347.277,147.630
631.900,snap_through,1,Outer,19,362.610,138.853,362.932,140.613
631.900,snap_through,1,Outer,20,378.068,128.410,378.576,130.251
631.900,snap_through,1,Outer,21,392.557,116.516,393.232,118.458
631.900,snap_through,1,Outer,22,406.603,102.987,407.433,105.021
631.900,snap_through,1,Outer,23,420.360,87.541,421.238,89.574
631.900,snap_through,1,Outer,24,434.586,74.544,435.431,76.512
631.900,snap_through,1,Outer,25,448.583,65.726,449.256,67.414
631.900,snap_through,1,Outer,26,462.654,60.865,463.066,61.849
631.900,snap_through,1,Outer,27,477.186,60.237,477.506,60.067
631.900,snap_through,1,Outer,28,491.794,60.197,491.962,59.242
631.900,snap_through,1,Outer,29,506.401,60.197,506.572,59.016
631.900,snap_through,1,Outer,30,521.008,60.197,521.178,58.812
631.900,snap_through,1,Plate,1,97.397,57.733,97.212,56.339
631.900,snap_through,1,Plate,2,112.005,57.733,111.816,56.685
631.900,snap_through,1,Plate,3,126.612,57.733,126.425,57.054
631.900,snap_through,1,Plate,4,140.862,48.632,140.780,48.090
631.900,snap_through,1,Plate,5,155.243,35.513,155.403,35.225
631.900,snap_through,1,Plate,6,170.168,21.392,170.553,21.338
631.900,snap_through,1,Plate,7,185.041,11.236,185.299,11.001
631.900,snap_through,1,Plate,8,199.648,11.236,199.902,10.792
631.900,snap_through,1,Plate,9,214.255,11.236,214.509,10.768
631.900,snap_through,1,Plate,10,228.863,11.236,229.083,9.991
631.900,snap_through,1,Plate,11,243.703,12.624,243.943,11.109
631.900,snap_through,1,Plate,12,258.371,16.101,258.569,14.753
631.900,snap_through,1,Plate,13,272.893,19.011,272.994,18.074
631.900,snap_through,1,Plate,14,287.535,20.699,287.568,20.179
631.900,snap_through,1,Plate,15,302.017,21.120,302.028,20.818
631.900,snap_through,1,Plate,16,316.389,21.120,316.386,20.815
631.900,snap_through,1,Plate,17,330.871,20.699,330.849,20.177
631.900,snap_through,1,Plate,18,345.513,19.011,345.433,18.103
631.900,snap_through,1,Plate,19,360.034,16.101,359.876,14.839
631.900,snap_through,1,Plate,20,374.703,12.624,374.518,11.236
631.900,snap_through,1,Plate,21,389.543,11.236,389.378,9.968
631.900,snap_through,1,Plate,22,404.150,11.236,403.992,10.199
631.900,snap_through,1,Plate,23,418.757,11.236,418.603,10.340
631.900,snap_through,1,Plate,24,433.365,11.236,433.212,10.577
631.900,snap_through,1,Plate,25,448.237,21.392,448.025,20.830
631.900,snap_through,1,Plate,26,463.163,35.513,463.127,34.780
631.900,snap_through,1,Plate,27,477.543,48.632,477.644,47.767
631.900,snap_through,1,Plate,28,491.794,57.733,491.962,56.777
631.900,snap_through,1,Plate,29,506.401,57.733,506.572,56.552
631.900,snap_through,1,Plate,30,521.008,57.733,521.178,56.348
631.900,snap_through,1,Inner,1,185.041,13.700,185.299,13.465
631.900,snap_through,1,Inner,2,199.648,13.700,199.902,13.256
631.900,snap_through,1,Inner,3,214.255,13.700,214.509,13.232
631.900,snap_through,1,Inner,4,228.453,19.191,228.620,18.929
631.900,snap_through,1,Inner,5,242.488,31.270,242.220,31.543
631.900,snap_through,1,Inner,6,256.943,47.431,256.065,48.285
631.900,snap_through,1,Inner,7,271.825,62.634,270.915,63.608
631.900,snap_through,1,Inner,8,286.862,73.925,286.630,74.084
631.900,snap_through,1,Inner,9,301.841,79.683,301.970,79.032
631.900,snap_through,1,Inner,10,316.565,79.683,316.751,78.934
631.900,snap_through,1,Inner,11,331.544,73.925,331.935,73.580
631.900,snap_through,1,Inner,12,346.581,62.634,347.192,62.503
631.900,snap_through,1,Inner,13,361.463,47.431,361.928,47.102
631.900,snap_through,1,Inner,14,375.917,31.270,376.046,30.620
631.900,snap_through,1,Inner,15,389.952,19.191,389.859,18.278
631.900,snap_through,1,Inner,16,404.150,13.700,403.992,12.663
631.900,snap_through,1,Inner,17,418.757,13.700,418.603,12.804
631.900,snap_through,1,Inner,18,433.365,13.700,433.212,13.041
631.900,snap_through,1,Patch1,1,228.863,13.824,229.083,12.579
631.900,snap_through,1,Patch1,2,243.070,15.777,243.310,14.470
631.900,snap_through,1,Patch1,3,258.414,19.225,258.578,18.237
631.900,snap_through,1,Patch1,4,272.814,21.462,272.914,20.845
631.900,snap_through,1,Patch1,5,287.381,23.368,287.432,23.070
631.900,snap_through,1,Patch1,6,302.003,23.612,302.047,23.470
631.900,snap_through,1,Patch1,7,316.402,23.612,316.443,23.466
631.900,snap_through,1,Patch1,8,331.024,23.368,331.058,23.067
631.900,snap_through,1,Patch1,9,345.591,21.462,345.581,20.870
631.900,snap_through,1,Patch1,10,359.992,19.225,359.924,18.309
631.900,snap_through,1,Patch1,11,375.336,15.777,375.194,14.567
631.900,snap_through,1,Patch1,12,389.543,13.824,389.378,12.557
631.900,snap_through,1,Patch2,1,404.150,9.669,403.992,8.632
631.900,snap_through,1,Patch2,2,418.757,9.669,418.603,8.773
631.900,snap_through,1,Patch2,3,433.365,9.669,433.212,9.010
631.900,snap_through,1,Patch3,1,185.041,9.669,185.299,9.434
631.900,snap_through,1,Patch3,2,199.648,9.669,199.902,9.225
631.900,snap_through,1,Patch3,3,214.255,9.669,214.509,9.201
631.900,snap_through,1,Patch4,1,216.285,101.557,217.703,99.358
631.900,snap_through,1,Patch4,2,229.667,112.774,230.722,110.983
631.900,snap_through,1,Patch4,3,244.116,124.447,244.773,123.118
631.900,snap_through,1,Patch4,4,257.887,133.856,258.233,132.948
631.900,snap_through,1,Patch4,5,272.378,141.447,272.519,140.897
631.900,snap_through,1,Patch4,6,287.127,145.349,287.225,144.932
631.900,snap_through,1,Patch4,7,301.796,146.111,301.896,145.600
631.900,snap_through,1,Patch4,8,316.609,146.111,316.706,145.352
631.900,snap_through,1,Patch4,9,331.279,145.349,331.351,144.228
631.900,snap_through,1,Patch4,10,346.027,141.447,345.976,139.887
631.900,snap_through,1,Patch4,11,360.519,133.856,360.221,131.850
631.900,snap_through,1,Patch4,12,374.289,124.447,373.698,122.037
631.900,snap_through,1,Patch4,13,388.738,112.774,387.785,109.946
631.900,snap_through,1,Patch4,14,402.121,101.557,400.807,98.332
631.900,snap_through,2,Outer,1,113.689,57.760,112.709,53.258
631.900,snap_through,2,Outer,2,125.842,57.760,124.851,53.726
631.900,snap_through,2,Outer,3,137.995,57.760,136.991,54.258
631.900,snap_through,2,Outer,4,150.149,57.749,148.945,55.053
631.900,snap_through,2,Outer,5,162.192,58.278,160.912,56.468
631.900,snap_through,2,Outer,6,173.599,62.559,172.065,61.359
631.900,snap_through,2,Outer,7,185.095,71.380,183.450,70.304
631.900,snap_through,2,Outer,8,196.817,84.268,195.749,82.622
631.900,snap_through,2,Outer,9,208.209,99.135,208.376,96.428
631.900,snap_through,2,Outer,10,219.956,111.960,221.195,108.170
631.900,snap_through,2,Outer,11,232.101,123.030,234.099,118.342
631.900,snap_through,2,Outer,12,245.128,132.263,247.519,127.005
631.900,snap_through,2,Outer,13,258.404,138.045,260.836,132.710
631.900,snap_through,2,Outer,14,271.049,139.973,273.436,134.912
631.900,snap_through,2,Outer,15,283.611,140.420,285.975,135.688
631.900,snap_through,2,Outer,16,296.211,140.420,298.561,135.869
631.900,snap_through,2,Outer,17,308.773,139.973,311.103,135.437
631.900,snap_through,2,Outer,18,321.419,138.045,323.718,133.516
631.900,snap_through,2,Outer,19,334.694,132.263,336.978,127.792
631.900,snap_through,2,Outer,20,347.721,123.030,349.966,118.537
631.900,snap_through,2,Outer,21,359.866,111.960,361.677,107.008
631.900,snap_through,2,Outer,22,371.613,99.135,372.186,93.150
631.900,snap_through,2,Outer,23,383.005,84.268,382.918,77.805
631.900,snap_through,2,Outer,24,394.728,71.380,395.325,65.573
631.900,snap_through,2,Outer,25,406.223,62.559,407.360,57.511
631.900,snap_through,2,Outer,26,417.630,58.278,418.845,53.468
631.900,snap_through,2,Outer,27,429.674,57.749,430.871,52.760
631.900,snap_through,2,Outer,28,441.827,57.760,442.961,52.532
631.900,snap_through,2,Outer,29,453.980,57.760,455.112,52.647
631.900,snap_through,2,Outer,30,466.133,57.760,467.262,52.811
631.900,snap_through,2,Plate,1,113.689,55.295,112.709,50.794
631.900,snap_through,2,Plate,2,125.842,55.295,124.851,51.262
631.900,snap_through,2,Plate,3,137.995,55.295,136.991,51.794
631.900,snap_through,2,Plate,4,149.809,45.886,149.135,42.814
631.900,snap_through,2,Plate,5,161.818,33.361,161.429,30.573
631.900,snap_through,2,Plate,6,174.224,20.802,174.106,18.293
631.900,snap_through,2,Plate,7,186.608,11.916,186.611,9.581
631.900,snap_through,2,Plate,8,198.762,11.916,198.764,9.568
631.900,snap_through,2,Plate,9,210.915,11.916,210.914,9.421
631.900,snap_through,2,Plate,10,223.068,11.916,223.061,9.307
631.900,snap_through,2,Plate,11,235.431,14.224,235.416,11.625
631.900,snap_through,2,Plate,12,247.358,17.674,247.328,15.110
631.900,snap_through,2,Plate,13,259.631,20.393,259.605,17.802
631.900,snap_through,2,Plate,14,271.744,21.656,271.730,18.946
631.900,snap_through,2,Plate,15,283.855,21.842,283.844,18.914
631.900,snap_through,2,Plate,16,295.967,21.842,295.953,18.595
631.900,snap_through,2,Plate,17,308.078,21.656,308.052,18.003
631.900,snap_through,2,Plate,18,320.191,20.393,320.109,16.284
631.900,snap_through,2,Plate,19,332.464,17.674,332.269,13.110
631.900,snap_through,2,Plate,20,344.391,14.224,344.089,9.321
631.900,snap_through,2,Plate,21,356.754,11.916,356.429,6.900
631.900,snap_through,2,Plate,22,368.907,11.916,368.580,7.152
631.900,snap_through,2,Plate,23,381.061,11.916,380.722,7.669
631.900,snap_through,2,Plate,24,393.214,11.916,392.866,8.175
631.900,snap_through,2,Plate,25,405.598,20.802,405.198,17.141
631.900,snap_through,2,Plate,26,418.004,33.361,418.388,28.886
631.900,snap_through,2,Plate,27,430.013,45.886,431.064,40.749
631.900,snap_through,2,Plate,28,441.827,55.295,442.961,50.068
631.900,snap_through,2,Plate,29,453.980,55.295,455.112,50.182
631.900,snap_through,2,Plate,30,466.133,55.295,467.262,50.347
631.900,snap_through,2,Inner,1,186.608,14.380,186.611,12.046
631.900,snap_through,2,Inner,2,198.762,14.380,198.764,12.032
631.900,snap_through,2,Inner,3,210.915,14.380,210.914,11.885
631.900,snap_through,2,Inner,4,222.789,22.464,223.031,19.677
631.900,snap_through,2,Inner,5,234.500,34.242,235.032,31.147
631.900,snap_through,2,Inner,6,246.598,49.503,247.371,46.201
631.900,snap_through,2,Inner,7,258.910,63.582,259.761,60.199
631.900,snap_through,2,Inner,8,271.329,73.553,272.207,70.126
631.900,snap_through,2,Inner,9,283.773,78.321,284.691,74.784
631.900,snap_through,2,Inner,10,296.049,78.321,296.962,74.581
631.900,snap_through,2,Inner,11,308.493,73.553,309.298,69.569
631.900,snap_through,2,Inner,12,320.912,63.582,321.465,59.322
631.900,snap_through,2,Inner,13,333.224,49.503,333.103,44.700
631.900,snap_through,2,Inner,14,345.322,34.242,344.560,28.966
631.900,snap_through,2,Inner,15,357.033,22.464,356.429,17.364
631.900,snap_through,2,Inner,16,368.907,14.380,368.580,9.616
631.900,snap_through,2,Inner,17,381.061,14.380,380.722,10.133
631.900,snap_through,2,Inner,18,393.214,14.380,392.866,10.639
631.900,snap_through,2,Patch2,1,368.907,10.349,368.580,5.585
631.900,snap_through,2,Patch2,2,381.061,10.349,380.722,6.102
631.900,snap_through,2,Patch2,3,393.214,10.349,392.866,6.608
631.900,snap_through,2,Patch3,1,186.608,10.349,186.611,8.015
631.900,snap_through,2,Patch3,2,198.762,10.349,198.764,8.002
631.900,snap_through,2,Patch3,3,210.915,10.349,210.914,7.855
631.900,snap_through,2,Patch4,1,211.968,96.300,214.323,90.423
631.900,snap_through,2,Patch4,2,224.001,108.348,225.721,103.062
631.900,snap_through,2,Patch4,3,235.531,117.659,236.754,112.949
631.900,snap_through,2,Patch4,4,247.396,125.986,248.193,121.847
631.900,snap_through,2,Patch4,5,259.328,130.868,259.906,127.232
631.900,snap_through,2,Patch4,6,271.463,132.793,271.977,129.520
631.900,snap_through,2,Patch4,7,283.785,133.242,284.289,130.138
631.900,snap_through,2,Patch4,8,296.038,133.242,296.538,130.085
631.900,snap_through,2,Patch4,9,308.359,132.793,308.841,129.326
631.900,snap_through,2,Patch4,10,320.494,130.868,320.861,126.810
631.900,snap_through,2,Patch4,11,332.426,125.986,332.407,121.103
631.900,snap_through,2,Patch4,12,344.291,117.659,343.511,111.829
631.900,snap_through,2,Patch4,13,355.821,108.348,354.156,101.566
631.900,snap_through,2,Patch4,14,367.854,96.300,365.056,88.547
631.900,snap_through,3,Outer,1,125.925,55.289,124.262,48.644
631.900,snap_through,3,Outer,2,136.184,55.289,134.520,48.622
631.900,snap_through,3,Outer,3,146.442,55.289,144.779,48.634
631.900,snap_through,3,Outer,4,156.701,55.312,155.026,48.700
631.900,snap_through,3,Outer,5,166.853,55.906,165.187,49.108
631.900,snap_through,3,Outer,6,176.432,60.600,175.026,53.222
631.900,snap_through,3,Outer,7,186.279,69.578,185.740,61.123
631.900,snap_through,3,Outer,8,196.021,82.377,197.107,72.464
631.900,snap_through,3,Outer,9,205.598,97.285,208.599,85.896
631.900,snap_through,3,Outer,10,215.299,109.979,219.620,97.418
631.900,snap_through,3,Outer,11,225.579,120.488,230.746,106.994
631.900,snap_through,3,Outer,12,236.336,128.994,242.002,114.811
631.900,snap_through,3,Outer,13,247.507,134.127,253.352,119.530
631.900,snap_through,3,Outer,14,258.470,135.642,264.322,120.923
631.900,snap_through,3,Outer,15,269.279,136.054,275.113,121.442
631.900,snap_through,3,Outer,16,280.071,136.054,285.886,121.703
631.900,snap_through,3,Outer,17,290.880,135.642,296.684,121.610
631.900,snap_through,3,Outer,18,301.843,134.127,307.655,120.419
631.900,snap_through,3,Outer,19,313.014,128.994,318.911,115.615
631.900,snap_through,3,Outer,20,323.771,120.488,329.357,106.795
631.900,snap_through,3,Outer,21,334.051,109.979,338.416,95.233
631.900,snap_through,3,Outer,22,343.752,97.285,345.665,81.000
631.900,snap_through,3,Outer,23,353.329,82.377,352.948,64.857
631.900,snap_through,3,Outer,24,363.071,69.578,363.404,52.647
631.900,snap_through,3,Outer,25,372.918,60.600,374.396,45.139
631.900,snap_through,3,Outer,26,382.497,55.906,384.545,41.891
631.900,snap_through,3,Outer,27,392.649,55.312,394.679,42.588
631.900,snap_through,3,Outer,28,402.908,55.289,405.108,43.502
631.900,snap_through,3,Outer,29,413.166,55.289,415.329,44.354
631.900,snap_through,3,Outer,30,423.425,55.289,425.550,45.224
631.900,snap_through,3,Plate,1,125.925,52.825,124.262,46.180
631.900,snap_through,3,Plate,2,136.184,52.825,134.520,46.158
631.900,snap_through,3,Plate,3,146.442,52.825,144.779,46.169
631.900,snap_through,3,Plate,4,156.714,44.118,155.179,37.609
631.900,snap_through,3,Plate,5,167.104,32.311,166.087,26.275
631.900,snap_through,3,Plate,6,177.231,20.040,176.780,14.495
631.900,snap_through,3,Plate,7,187.477,11.002,187.191,5.648
631.900,snap_through,3,Plate,8,197.735,11.002,197.450,5.491
631.900,snap_through,3,Plate,9,207.994,11.002,207.706,5.212
631.900,snap_through,3,Plate,10,218.253,11.002,217.965,4.976
631.900,snap_through,3,Plate,11,228.623,13.554,228.382,7.335
631.900,snap_through,3,Plate,12,238.582,17.756,238.429,11.316
631.900,snap_through,3,Plate,13,248.928,20.676,248.845,13.971
631.900,snap_through,3,Plate,14,259.272,21.407,259.207,14.391
631.900,snap_through,3,Plate,15,269.548,21.486,269.479,14.099
631.900,snap_through,3,Plate,16,279.802,21.486,279.724,13.671
631.900,snap_through,3,Plate,17,290.078,21.407,289.986,13.127
631.900,snap_through,3,Plate,18,300.422,20.676,300.286,11.926
631.900,snap_through,3,Plate,19,310.768,17.756,310.502,8.585
631.900,snap_through,3,Plate,20,320.727,13.554,320.314,4.059
631.900,snap_through,3,Plate,21,331.097,11.002,330.629,1.281
631.900,snap_through,3,Plate,22,341.356,11.002,340.893,1.284
631.900,snap_through,3,Plate,23,351.615,11.002,351.150,1.530
631.900,snap_through,3,Plate,24,361.873,11.002,361.409,1.762
631.900,snap_through,3,Plate,25,372.119,20.040,371.818,10.602
631.900,snap_through,3,Plate,26,382.246,32.311,383.311,21.604
631.900,snap_through,3,Plate,27,392.636,44.118,394.800,32.351
631.900,snap_through,3,Plate,28,402.908,52.825,405.108,41.037
631.900,snap_through,3,Plate,29,413.166,52.825,415.329,41.890
631.900,snap_through,3,Plate,30,423.425,52.825,425.550,42.759
631.900,snap_through,3,Inner,1,187.477,13.466,187.191,8.112
631.900,snap_through,3,Inner,2,197.735,13.466,197.450,7.956
631.900,snap_through,3,Inner,3,207.994,13.466,207.706,7.676
631.900,snap_through,3,Inner,4,218.065,22.629,218.298,16.345
631.900,snap_through,3,Inner,5,227.955,35.554,228.792,28.762
631.900,snap_through,3,Inner,6,238.006,51.396,239.274,44.294
631.900,snap_through,3,Inner,7,248.213,64.987,249.626,57.751
631.900,snap_through,3,Inner,8,258.686,74.658,260.201,67.290
631.900,snap_through,3,Inner,9,269.387,78.923,271.000,71.289
631.900,snap_through,3,Inner,10,279.963,78.923,281.564,70.871
631.900,snap_through,3,Inner,11,290.664,74.658,292.039,66.110
631.900,snap_through,3,Inner,12,301.137,64.987,302.069,56.015
631.900,snap_through,3,Inner,13,311.344,51.396,311.498,41.899
631.900,snap_through,3,Inner,14,321.395,35.554,320.614,25.523
631.900,snap_through,3,Inner,15,331.285,22.629,330.612,12.703
631.900,snap_through,3,Inner,16,341.356,13.466,340.893,3.748
631.900,snap_through,3,Inner,17,351.615,13.466,351.150,3.994
631.900,snap_through,3,Inner,18,361.873,13.466,361.409,4.226
631.900,snap_through,3,Patch2,1,341.356,9.435,340.893,-0.283
631.900,snap_through,3,Patch2,2,351.615,9.435,351.150,-0.037
631.900,snap_through,3,Patch2,3,361.873,9.435,361.409,0.195
631.900,snap_through,3,Patch3,1,187.477,9.436,187.191,4.081
631.900,snap_through,3,Patch3,2,197.735,9.436,197.450,3.925
631.900,snap_through,3,Patch3,3,207.994,9.436,207.706,3.645
631.900,snap_through,4,Outer,1,134.356,52.895,132.328,44.389
631.900,snap_through,4,Outer,2,143.244,52.895,141.167,43.449
631.900,snap_through,4,Outer,3,152.133,52.895,150.008,42.528
631.900,snap_through,4,Outer,4,161.022,52.930,159.123,41.523
631.900,snap_through,4,Outer,5,169.798,53.466,167.876,40.730
631.900,snap_through,4,Outer,6,177.971,57.810,176.692,43.535
631.900,snap_through,4,Outer,7,186.431,66.673,186.699,50.579
631.900,snap_through,4,Outer,8,194.685,79.140,197.105,61.269
631.900,snap_through,4,Outer,9,202.936,94.258,207.635,74.831
631.900,snap_through,4,Outer,10,211.425,107.455,217.992,86.562
631.900,snap_through,4,Outer,11,220.269,117.444,228.234,95.079
631.900,snap_through,4,Outer,12,229.785,125.140,238.732,101.352
631.900,snap_through,4,Outer,13,239.572,129.567,248.945,104.666
631.900,snap_through,4,Outer,14,249.075,130.767,258.484,105.245
631.900,snap_through,4,Outer,15,258.526,131.041,267.908,105.485
631.900,snap_through,4,Outer,16,267.963,131.041,277.310,106.038
631.900,snap_through,4,Outer,17,277.414,130.767,286.734,106.628
631.900,snap_through,4,Outer,18,286.917,129.567,296.290,106.339
631.900,snap_through,4,Outer,19,296.703,125.140,306.278,102.532
631.900,snap_through,4,Outer,20,306.220,117.444,315.440,94.510
631.900,snap_through,4,Outer,21,315.064,107.455,322.166,83.014
631.900,snap_through,4,Outer,22,323.553,94.258,326.580,67.960
631.900,snap_through,4,Outer,23,331.804,79.140,330.790,51.268
631.900,snap_through,4,Outer,24,340.058,66.673,339.964,39.490
631.900,snap_through,4,Outer,25,348.518,57.810,350.314,32.955
631.900,snap_through,4,Outer,26,356.691,53.466,359.353,31.001
631.900,snap_through,4,Outer,27,365.467,52.930,367.950,32.801
631.900,snap_through,4,Outer,28,374.356,52.895,377.161,34.781
631.900,snap_through,4,Outer,29,383.244,52.895,385.890,36.448
631.900,snap_through,4,Outer,30,392.133,52.895,394.623,38.104
631.900,snap_through,4,Plate,1,134.356,50.431,132.328,41.925
631.900,snap_through,4,Plate,2,143.244,50.431,141.167,40.985
631.900,snap_through,4,Plate,3,152.133,50.431,150.008,40.063
631.900,snap_through,4,Plate,4,161.165,41.997,158.770,31.333
631.900,snap_through,4,Plate,5,170.169,30.733,168.480,20.673
631.900,snap_through,4,Plate,6,178.883,18.942,178.075,9.592
631.900,snap_through,4,Plate,7,187.689,10.528,187.097,1.408
631.900,snap_through,4,Plate,8,196.578,10.528,195.985,1.217
631.900,snap_through,4,Plate,9,205.467,10.528,204.869,0.904
631.900,snap_through,4,Plate,10,214.356,10.528,213.752,0.544
631.900,snap_through,4,Plate,11,223.367,12.884,222.862,2.486
631.900,snap_through,4,Plate,12,231.986,17.106,231.680,6.264
631.900,snap_through,4,Plate,13,241.018,19.893,240.841,8.589
631.900,snap_through,4,Plate,14,249.946,20.173,249.772,8.443
631.900,snap_through,4,Plate,15,258.814,20.049,258.626,7.922
631.900,snap_through,4,Plate,16,267.675,20.049,267.478,7.547
631.900,snap_through,4,Plate,17,276.542,20.173,276.345,7.318
631.900,snap_through,4,Plate,18,285.471,19.893,285.257,6.707
631.900,snap_through,4,Plate,19,294.503,17.106,294.186,3.613
631.900,snap_through,4,Plate,20,303.122,12.884,302.660,-0.882
631.900,snap_through,4,Plate,21,312.133,10.528,311.593,-3.521
631.900,snap_through,4,Plate,22,321.022,10.528,320.479,-3.794
631.900,snap_through,4,Plate,23,329.911,10.528,329.363,-4.112
631.900,snap_through,4,Plate,24,338.800,10.528,338.244,-4.501
631.900,snap_through,4,Plate,25,347.606,18.942,347.521,3.365
631.900,snap_through,4,Plate,26,356.320,30.733,357.868,13.735
631.900,snap_through,4,Plate,27,365.324,41.997,368.235,23.752
631.900,snap_through,4,Plate,28,374.356,50.431,377.161,32.316
631.900,snap_through,4,Plate,29,383.244,50.431,385.890,33.984
631.900,snap_through,4,Plate,30,392.133,50.431,394.623,35.640
631.900,snap_through,4,Inner,1,187.689,12.992,187.097,3.872
631.900,snap_through,4,Inner,2,196.578,12.992,195.985,3.681
631.900,snap_through,4,Inner,3,205.467,12.992,204.869,3.369
631.900,snap_through,4,Inner,4,214.071,21.972,213.997,11.912
631.900,snap_through,4,Inner,5,222.646,34.962,223.191,24.445
631.900,snap_through,4,Inner,6,231.167,50.669,232.318,39.777
631.900,snap_through,4,Inner,7,239.966,63.790,241.527,52.587
631.900,snap_through,4,Inner,8,249.081,73.146,250.958,61.607
631.900,snap_through,4,Inner,9,258.542,77.247,260.588,65.287
631.900,snap_through,4,Inner,10,267.947,77.247,269.978,64.815
631.900,snap_through,4,Inner,11,277.408,73.146,279.217,60.253
631.900,snap_through,4,Inner,12,286.523,63.790,287.923,50.538
631.900,snap_through,4,Inner,13,295.322,50.669,296.207,37.110
631.900,snap_through,4,Inner,14,303.843,34.962,303.829,20.965
631.900,snap_through,4,Inner,15,312.418,21.972,312.165,7.841
631.900,snap_through,4,Inner,16,321.022,12.992,320.479,-1.330
631.900,snap_through,4,Inner,17,329.911,12.992,329.363,-1.648
631.900,snap_through,4,Inner,18,338.800,12.992,338.244,-2.037
631.900,snap_through,4,Patch2,1,321.022,8.960,320.479,-5.361
631.900,snap_through,4,Patch2,2,329.911,8.960,329.363,-5.680
631.900,snap_through,4,Patch2,3,338.800,8.960,338.244,-6.068
631.900,snap_through,4,Patch3,1,187.689,8.961,187.097,-0.158
631.900,snap_through,4,Patch3,2,196.578,8.961,195.985,-0.350
631.900,snap_through,4,Patch3,3,205.467,8.961,204.869,-0.662
631.900,snap_through,5,Outer,1,139.231,50.583,137.575,40.253
631.900,snap_through,5,Outer,2,147.240,50.583,145.317,38.211
631.900,snap_through,5,Outer,3,155.250,50.583,153.058,36.172
631.900,snap_through,5,Outer,4,163.259,50.590,161.434,33.900
631.900,snap_through,5,Outer,5,171.156,51.029,169.096,31.974
631.900,snap_through,5,Outer,6,178.442,54.693,177.140,33.296
631.900,snap_through,5,Outer,7,185.991,62.770,186.564,39.050
631.900,snap_through,5,Outer,8,193.391,74.459,196.145,48.979
631.900,snap_through,5,Outer,9,200.785,88.877,206.018,61.756
631.900,snap_through,5,Outer,10,208.546,101.631,216.834,71.995
631.900,snap_through,5,Outer,11,216.606,111.225,227.629,78.339
631.900,snap_through,5,Outer,12,225.335,118.356,238.299,81.948
631.900,snap_through,5,Outer,13,234.192,122.123,247.861,82.637
631.900,snap_through,5,Outer,14,242.699,123.045,256.223,81.285
631.900,snap_through,5,Outer,15,251.146,123.226,264.591,80.707
631.900,snap_through,5,Outer,16,259.593,123.226,272.783,82.686
631.900,snap_through,5,Outer,17,268.040,123.045,280.748,85.440
631.900,snap_through,5,Outer,18,276.547,122.123,288.975,87.731
631.900,snap_through,5,Outer,19,285.404,118.356,298.579,87.309
631.900,snap_through,5,Outer,20,294.133,111.225,308.063,81.355
631.900,snap_through,5,Outer,21,302.192,101.631,312.754,69.781
631.900,snap_through,5,Outer,22,309.953,88.877,313.919,54.897
631.900,snap_through,5,Outer,23,317.348,74.459,315.858,38.808
631.900,snap_through,5,Outer,24,324.748,62.770,324.347,27.885
631.900,snap_through,5,Outer,25,332.297,54.693,334.161,22.805
631.900,snap_through,5,Outer,26,339.583,51.029,342.283,22.161
631.900,snap_through,5,Outer,27,347.480,50.590,349.770,24.686
631.900,snap_through,5,Outer,28,355.489,50.583,358.137,27.509
631.900,snap_through,5,Outer,29,363.499,50.583,365.774,29.915
631.900,snap_through,5,Outer,30,371.508,50.583,373.417,32.302
631.900,snap_through,5,Plate,1,139.231,48.119,137.575,37.788
631.900,snap_through,5,Plate,2,147.240,48.119,145.317,35.747
631.900,snap_through,5,Plate,3,155.250,48.119,153.058,33.707
631.900,snap_through,5,Plate,4,163.353,40.122,160.390,25.006
631.900,snap_through,5,Plate,5,171.459,29.444,169.323,15.019
631.900,snap_through,5,Plate,6,179.280,18.227,178.137,4.574
631.900,snap_through,5,Plate,7,187.288,10.680,186.423,-2.664
631.900,snap_through,5,Plate,8,195.298,10.680,194.433,-2.788
631.900,snap_through,5,Plate,9,203.307,10.680,202.439,-3.044
631.900,snap_through,5,Plate,10,211.317,10.680,210.441,-3.432
631.900,snap_through,5,Plate,11,219.406,12.553,218.638,-2.098
631.900,snap_through,5,Plate,12,227.186,16.545,226.698,1.288
631.900,snap_through,5,Plate,13,235.334,18.997,235.001,3.147
631.900,snap_through,5,Plate,14,243.388,18.963,243.042,2.637
631.900,snap_through,5,Plate,15,251.376,18.674,251.009,1.966
631.900,snap_through,5,Plate,16,259.363,18.674,258.991,1.651
631.900,snap_through,5,Plate,17,267.351,18.963,266.987,1.683
631.900,snap_through,5,Plate,18,275.405,18.997,275.042,1.524
631.900,snap_through,5,Plate,19,283.553,16.545,283.148,-1.064
631.900,snap_through,5,Plate,20,291.333,12.553,290.852,-5.196
631.900,snap_through,5,Plate,21,299.422,10.680,298.876,-7.334
631.900,snap_through,5,Plate,22,307.432,10.680,306.874,-7.799
631.900,snap_through,5,Plate,23,315.441,10.680,314.856,-8.476
631.900,snap_through,5,Plate,24,323.451,10.680,322.825,-9.286
631.900,snap_through,5,Plate,25,331.459,18.227,331.663,-2.752
631.900,snap_through,5,Plate,26,339.280,29.444,341.145,7.073
631.900,snap_through,5,Plate,27,347.386,40.122,350.754,16.401
631.900,snap_through,5,Plate,28,355.489,48.119,358.137,25.044
631.900,snap_through,5,Plate,29,363.499,48.119,365.774,27.451
631.900,snap_through,5,Plate,30,371.508,48.119,373.417,29.837
631.900,snap_through,5,Inner,1,187.288,13.144,186.423,-0.200
631.900,snap_through,5,Inner,2,195.298,13.144,194.433,-0.324
631.900,snap_through,5,Inner,3,203.307,13.144,202.439,-0.579
631.900,snap_through,5,Inner,4,211.019,20.775,210.597,6.675
631.900,snap_through,5,Inner,5,218.700,32.823,218.909,18.273
631.900,snap_through,5,Inner,6,226.287,47.873,227.326,32.847
631.900,snap_through,5,Inner,7,234.161,60.570,235.850,45.094
631.900,snap_through,5,Inner,8,242.456,69.396,244.541,53.514
631.900,snap_through,5,Inner,9,251.070,73.216,253.309,56.963
631.900,snap_through,5,Inner,10,259.669,73.216,261.901,56.621
631.900,snap_through,5,Inner,11,268.283,69.396,270.362,52.487
631.900,snap_through,5,Inner,12,276.577,60.570,278.348,43.398
631.900,snap_through,5,Inner,13,284.452,47.873,285.818,30.480
631.900,snap_through,5,Inner,14,292.039,32.823,292.674,15.102
631.900,snap_through,5,Inner,15,299.720,20.775,299.831,2.756
631.900,snap_through,5,Inner,16,307.432,13.144,306.874,-5.335
631.900,snap_through,5,Inner,17,315.441,13.144,314.856,-6.012
631.900,snap_through,5,Inner,18,323.451,13.144,322.825,-6.821
631.900,snap_through,5,Patch2,1,307.432,9.113,306.874,-9.366
631.900,snap_through,5,Patch2,2,315.441,9.113,314.856,-10.043
631.900,snap_through,5,Patch2,3,323.451,9.113,322.825,-10.853
631.900,snap_through,5,Patch3,1,187.288,9.113,186.423,-4.231
631.900,snap_through,5,Patch3,2,195.298,9.113,194.433,-4.354
631.900,snap_through,5,Patch3,3,203.307,9.113,202.439,-4.610
631.900,snap_through,5,Patch4,1,203.773,86.983,201.462,30.160
631.900,snap_through,5,Patch4,2,211.281,96.878,208.512,40.380
631.900,snap_through,5,Patch4,3,218.935,105.036,215.813,48.850
631.900,snap_through,5,Patch4,4,226.845,111.238,223.496,55.330
631.900,snap_through,5,Patch4,5,235.042,114.695,231.597,59.004
631.900,snap_through,5,Patch4,6,243.299,115.481,239.840,59.926
631.900,snap_through,5,Patch4,7,251.419,115.459,247.959,59.956
631.900,snap_through,5,Patch4,8,259.320,115.459,255.858,59.935
631.900,snap_through,5,Patch4,9,267.439,115.481,263.977,59.873
631.900,snap_through,5,Patch4,10,275.697,114.695,272.218,58.946
631.900,snap_through,5,Patch4,11,283.893,111.238,280.334,55.311
631.900,snap_through,5,Patch4,12,291.804,105.036,288.083,48.917
631.900,snap_through,5,Patch4,13,299.458,96.878,295.515,40.566
631.900,snap_through,5,Patch4,14,306.966,86.983,302.752,30.483
631.900,snap_through,6,Outer,1,140.800,48.303,140.511,36.536
631.900,snap_through,6,Outer,2,148.386,48.303,147.442,33.470
631.900,snap_through,6,Outer,3,155.972,48.303,154.367,30.392
631.900,snap_through,6,Outer,4,163.559,48.311,162.275,26.915
631.900,snap_through,6,Outer,5,171.044,48.759,169.160,23.970
631.900,snap_through,6,Outer,6,177.980,52.470,177.017,24.245
631.900,snap_through,6,Outer,7,185.111,60.492,186.697,28.862
631.900,snap_through,6,Outer,8,192.148,71.869,196.690,37.709
631.900,snap_through,6,Outer,9,199.159,85.612,207.030,49.087
631.900,snap_through,6,Outer,10,206.533,97.629,218.503,57.216
631.900,snap_through,6,Outer,11,214.282,106.732,229.580,61.668
631.900,snap_through,6,Outer,12,222.564,113.316,239.951,63.640
631.900,snap_through,6,Outer,13,230.837,116.566,248.770,63.028
631.900,snap_through,6,Outer,14,238.842,117.305,256.401,60.747
631.900,snap_through,6,Outer,15,246.809,117.432,264.248,59.649
631.900,snap_through,6,Outer,16,254.791,117.432,271.738,62.378
631.900,snap_through,6,Outer,17,262.758,117.305,278.434,66.648
631.900,snap_through,6,Outer,18,270.763,116.566,285.231,70.883
631.900,snap_through,6,Outer,19,279.036,113.316,293.679,73.562
631.900,snap_through,6,Outer,20,287.318,106.732,304.159,72.410
631.900,snap_through,6,Outer,21,295.067,97.629,311.998,63.465
631.900,snap_through,6,Outer,22,302.441,85.612,312.578,49.403
631.900,snap_through,6,Outer,23,309.452,71.869,311.190,34.043
631.900,snap_through,6,Outer,24,316.489,60.492,315.842,21.516
631.900,snap_through,6,Outer,25,323.620,52.470,324.847,15.686
631.900,snap_through,6,Outer,26,330.556,48.759,332.703,15.417
631.900,snap_through,6,Outer,27,338.041,48.311,339.597,18.354
631.900,snap_through,6,Outer,28,345.628,48.303,347.513,21.769
631.900,snap_through,6,Outer,29,353.214,48.303,354.480,24.759
631.900,snap_through,6,Outer,30,360.800,48.303,361.455,27.732
631.900,snap_through,6,Plate,1,140.800,45.839,140.511,34.071
631.900,snap_through,6,Plate,2,148.386,45.839,147.442,31.006
631.900,snap_through,6,Plate,3,155.972,45.839,154.367,27.928
631.900,snap_through,6,Plate,4,163.654,38.045,160.671,19.027
631.900,snap_through,6,Plate,5,171.343,27.651,169.108,9.244
631.900,snap_through,6,Plate,6,178.725,17.265,177.345,-0.469
631.900,snap_through,6,Plate,7,186.317,10.369,185.189,-7.078
631.900,snap_through,6,Plate,8,193.903,10.369,192.776,-7.200
631.900,snap_through,6,Plate,9,201.490,10.369,200.359,-7.460
631.900,snap_through,6,Plate,10,209.076,10.369,207.937,-7.865
631.900,snap_through,6,Plate,11,216.709,12.191,215.689,-6.624
631.900,snap_through,6,Plate,12,224.137,15.878,223.412,-3.604
631.900,snap_through,6,Plate,13,231.834,18.101,231.266,-2.007
631.900,snap_through,6,Plate,14,239.448,17.973,238.860,-2.607
631.900,snap_through,6,Plate,15,247.013,17.623,246.404,-3.310
631.900,snap_through,6,Plate,16,254.587,17.623,253.976,-3.580
631.900,snap_through,6,Plate,17,262.152,17.973,261.551,-3.426
631.900,snap_through,6,Plate,18,269.766,18.101,269.169,-3.409
631.900,snap_through,6,Plate,19,277.463,15.878,276.862,-5.657
631.900,snap_through,6,Plate,20,284.891,12.191,284.275,-9.378
631.900,snap_through,6,Plate,21,292.524,10.369,291.859,-11.402
631.900,snap_through,6,Plate,22,300.110,10.369,299.434,-11.893
631.900,snap_through,6,Plate,23,307.697,10.369,306.986,-12.620
631.900,snap_through,6,Plate,24,315.283,10.369,314.525,-13.475
631.900,snap_through,6,Plate,25,322.875,17.265,323.010,-7.720
631.900,snap_through,6,Plate,26,330.257,27.651,331.926,1.365
631.900,snap_through,6,Plate,27,337.946,38.045,340.995,10.560
631.900,snap_through,6,Plate,28,345.628,45.839,347.513,19.305
631.900,snap_through,6,Plate,29,353.214,45.839,354.480,22.295
631.900,snap_through,6,Plate,30,360.800,45.839,361.455,25.268
631.900,snap_through,6,Inner,1,186.317,12.833,185.189,-4.614
631.900,snap_through,6,Inner,2,193.903,12.833,192.776,-4.736
631.900,snap_through,6,Inner,3,201.490,12.833,200.359,-4.996
631.900,snap_through,6,Inner,4,208.823,20.472,208.181,2.252
631.900,snap_through,6,Inner,5,216.119,32.216,216.159,13.523
631.900,snap_through,6,Inner,6,223.263,46.799,224.271,27.562
631.900,snap_through,6,Inner,7,230.709,59.201,232.626,39.342
631.900,snap_through,6,Inner,8,238.590,67.321,241.068,46.860
631.900,snap_through,6,Inner,9,246.762,70.662,249.380,49.824
631.900,snap_through,6,Inner,10,254.838,70.662,257.455,49.842
631.900,snap_through,6,Inner,11,263.010,67.321,265.721,46.763
631.900,snap_through,6,Inner,12,270.891,59.201,273.721,38.783
631.900,snap_through,6,Inner,13,278.337,46.799,280.721,26.153
631.900,snap_through,6,Inner,14,285.481,32.216,286.727,11.092
631.900,snap_through,6,Inner,15,292.777,20.472,293.006,-1.206
631.900,snap_through,6,Inner,16,300.110,12.833,299.434,-9.429
631.900,snap_through,6,Inner,17,307.697,12.833,306.986,-10.156
631.900,snap_through,6,Inner,18,315.283,12.833,314.525,-11.011
631.900,snap_through,6,Patch2,1,300.110,8.802,299.434,-13.461
631.900,snap_through,6,Patch2,2,307.697,8.802,306.986,-14.187
631.900,snap_through,6,Patch2,3,315.283,8.802,314.525,-15.042
631.900,snap_through,6,Patch3,1,186.317,8.802,185.189,-8.645
631.900,snap_through,6,Patch3,2,193.903,8.802,192.776,-8.766
631.900,snap_through,6,Patch3,3,201.490,8.802,200.359,-9.027
631.900,snap_through,6,Patch4,1,202.050,83.389,201.705,22.811
631.900,snap_through,6,Patch4,2,209.220,93.060,208.104,33.001
631.900,snap_through,6,Patch4,3,216.438,100.364,214.704,40.865
631.900,snap_through,6,Patch4,4,223.835,105.993,221.582,47.117
631.900,snap_through,6,Patch4,5,231.519,109.222,228.946,51.030
631.900,snap_through,6,Patch4,6,239.300,109.861,236.658,52.283
631.900,snap_through,6,Patch4,7,247.033,109.923,244.389,52.597
631.900,snap_through,6,Patch4,8,254.567,109.923,251.926,52.584
631.900,snap_through,6,Patch4,9,262.300,109.861,259.658,52.319
631.900,snap_through,6,Patch4,10,270.081,109.222,267.404,51.329
631.900,snap_through,6,Patch4,11,277.765,105.993,274.932,47.750
631.900,snap_through,6,Patch4,12,285.162,100.364,282.120,41.864
631.900,snap_through,6,Patch4,13,292.380,93.060,289.152,34.388
631.900,snap_through,6,Patch4,14,299.550,83.389,296.144,24.596
631.900,snap_through,7,Outer,1,140.800,45.954,142.258,33.134
631.900,snap_through,7,Outer,2,148.179,45.954,148.616,29.404
631.900,snap_through,7,Outer,3,155.559,45.954,154.967,25.661
631.900,snap_through,7,Outer,4,162.938,45.996,162.542,21.394
631.900,snap_through,7,Outer,5,170.236,46.502,168.870,17.742
631.900,snap_through,7,Outer,6,177.078,50.601,176.827,17.264
631.900,snap_through,7,Outer,7,184.022,58.912,187.125,20.601
631.900,snap_through,7,Outer,8,190.935,70.418,198.274,28.053
631.900,snap_through,7,Outer,9,197.805,83.736,209.568,37.874
631.900,snap_through,7,Outer,10,204.911,95.040,220.567,45.416
631.900,snap_through,7,Outer,11,212.547,103.832,231.201,50.133
631.900,snap_through,7,Outer,12,220.586,109.847,241.027,52.107
631.900,snap_through,7,Outer,13,228.504,112.543,249.318,51.297
631.900,snap_through,7,Outer,14,236.231,113.073,256.640,48.927
631.900,snap_through,7,Outer,15,243.939,113.130,264.192,47.686
631.900,snap_through,7,Outer,16,251.661,113.130,271.218,50.799
631.900,snap_through,7,Outer,17,259.369,113.073,276.846,55.993
631.900,snap_through,7,Outer,18,267.096,112.543,282.297,61.457
631.900,snap_through,7,Outer,19,275.014,109.847,289.476,65.698
631.900,snap_through,7,Outer,20,283.053,103.832,299.431,66.710
631.900,snap_through,7,Outer,21,290.689,95.040,308.906,59.984
631.900,snap_through,7,Outer,22,297.795,83.736,311.184,46.869
631.900,snap_through,7,Outer,23,304.665,70.418,310.073,31.938
631.900,snap_through,7,Outer,24,311.578,58.912,311.325,18.589
631.900,snap_through,7,Outer,25,318.522,50.601,318.873,10.869
631.900,snap_through,7,Outer,26,325.364,46.502,326.823,10.340
631.900,snap_through,7,Outer,27,332.662,45.996,333.472,13.385
631.900,snap_through,7,Outer,28,340.041,45.954,341.176,17.005
631.900,snap_through,7,Outer,29,347.421,45.954,347.821,20.207
631.900,snap_through,7,Outer,30,354.800,45.954,354.472,23.398
631.900,snap_through,7,Plate,1,140.800,43.490,142.258,30.669
631.900,snap_through,7,Plate,2,148.179,43.490,148.616,26.939
631.900,snap_through,7,Plate,3,155.559,43.490,154.967,23.197
631.900,snap_through,7,Plate,4,163.078,35.864,160.820,14.254
631.900,snap_through,7,Plate,5,170.565,25.613,168.704,4.312
631.900,snap_through,7,Plate,6,177.726,16.091,176.276,-4.881
631.900,snap_through,7,Plate,7,185.076,9.485,183.674,-11.434
631.900,snap_through,7,Plate,8,192.455,9.485,191.050,-11.672
631.900,snap_through,7,Plate,9,199.834,9.485,198.422,-12.006
631.900,snap_through,7,Plate,10,207.214,9.485,205.794,-12.424
631.900,snap_through,7,Plate,11,214.614,11.430,213.324,-11.046
631.900,snap_through,7,Plate,12,221.917,14.890,220.902,-8.227
631.900,snap_through,7,Plate,13,229.396,16.811,228.508,-6.860
631.900,snap_through,7,Plate,14,236.774,16.676,235.875,-7.364
631.900,snap_through,7,Plate,15,244.121,16.365,243.214,-7.920
631.900,snap_through,7,Plate,16,251.479,16.365,250.576,-8.098
631.900,snap_through,7,Plate,17,258.826,16.676,257.933,-7.913
631.900,snap_through,7,Plate,18,266.204,16.811,265.316,-7.826
631.900,snap_through,7,Plate,19,273.683,14.890,272.812,-9.703
631.900,snap_through,7,Plate,20,280.986,11.430,280.137,-13.124
631.900,snap_through,7,Plate,21,288.386,9.485,287.501,-15.216
631.900,snap_through,7,Plate,22,295.766,9.485,294.868,-15.743
631.900,snap_through,7,Plate,23,303.145,9.485,302.207,-16.516
631.900,snap_through,7,Plate,24,310.524,9.485,309.542,-17.331
631.900,snap_through,7,Plate,25,317.874,16.091,317.663,-11.704
631.900,snap_through,7,Plate,26,325.035,25.613,326.050,-3.250
631.900,snap_through,7,Plate,27,332.522,35.864,334.699,6.032
631.900,snap_through,7,Plate,28,340.041,43.490,341.176,14.541
631.900,snap_through,7,Plate,29,347.421,43.490,347.821,17.743
631.900,snap_through,7,Plate,30,354.800,43.490,354.472,20.934
631.900,snap_through,7,Inner,1,185.076,11.949,183.674,-8.970
631.900,snap_through,7,Inner,2,192.455,11.949,191.050,-9.207
631.900,snap_through,7,Inner,3,199.834,11.949,198.422,-9.541
631.900,snap_through,7,Inner,4,207.020,20.143,206.106,-1.719
631.900,snap_through,7,Inner,5,214.142,31.992,213.816,9.736
631.900,snap_through,7,Inner,6,221.068,46.395,221.713,23.607
631.900,snap_through,7,Inner,7,228.320,58.606,230.225,34.956
631.900,snap_through,7,Inner,8,235.982,66.306,238.909,41.465
631.900,snap_through,7,Inner,9,243.897,69.252,247.171,43.174
631.900,snap_through,7,Inner,10,251.703,69.252,254.938,42.988
631.900,snap_through,7,Inner,11,259.618,66.306,263.313,42.010
631.900,snap_through,7,Inner,12,267.280,58.606,272.437,36.148
631.900,snap_through,7,Inner,13,274.532,46.395,279.613,23.929
631.900,snap_through,7,Inner,14,281.458,31.992,284.141,8.622
631.900,snap_through,7,Inner,15,288.580,20.143,289.150,-4.244
631.900,snap_through,7,Inner,16,295.766,11.949,294.868,-13.279
631.900,snap_through,7,Inner,17,303.145,11.949,302.207,-14.052
631.900,snap_through,7,Inner,18,310.524,11.949,309.542,-14.867
631.900,snap_through,7,Patch2,1,295.766,7.918,294.868,-17.310
631.900,snap_through,7,Patch2,2,303.145,7.918,302.207,-18.083
631.900,snap_through,7,Patch2,3,310.524,7.918,309.542,-18.898
631.900,snap_through,7,Patch3,1,185.076,7.918,183.674,-13.001
631.900,snap_through,7,Patch3,2,192.455,7.918,191.050,-13.238
631.900,snap_through,7,Patch3,3,199.834,7.918,198.422,-13.572
631.900,snap_through,7,Patch4,1,200.260,80.432,200.529,17.009
631.900,snap_through,7,Patch4,2,207.475,90.411,207.003,27.478
631.900,snap_through,7,Patch4,3,214.410,97.757,213.359,35.328
631.900,snap_through,7,Patch4,4,221.802,103.415,220.271,41.564
631.900,snap_through,7,Patch4,5,229.250,105.988,227.493,44.721
631.900,snap_through,7,Patch4,6,236.611,106.205,234.822,45.426
631.900,snap_through,7,Patch4,7,244.056,106.186,242.261,45.650
631.900,snap_through,7,Patch4,8,251.544,106.186,249.743,45.500
631.900,snap_through,7,Patch4,9,258.989,106.205,257.180,45.359
631.900,snap_through,7,Patch4,10,266.350,105.988,264.534,45.225
631.900,snap_through,7,Patch4,11,273.798,103.415,272.071,42.949
631.900,snap_through,7,Patch4,12,281.190,97.757,279.689,37.612
631.900,snap_through,7,Patch4,13,288.125,90.411,286.887,30.532
631.900,snap_through,7,Patch4,14,295.340,80.432,294.442,20.814
631.900,snap_through,8,Outer,1,140.800,43.924,143.648,30.127
631.900,snap_through,8,Outer,2,147.972,43.924,149.645,26.200
631.900,snap_through,8,Outer,3,155.145,43.924,155.635,22.262
631.900,snap_through,8,Outer,4,162.317,43.927,162.909,17.660
631.900,snap_through,8,Outer,5,169.423,44.390,168.785,13.644
631.900,snap_through,8,Outer,6,176.142,48.169,176.360,12.237
631.900,snap_through,8,Outer,7,182.888,56.052,186.599,13.884
631.900,snap_through,8,Outer,8,189.649,67.202,198.527,19.115
631.900,snap_through,8,Outer,9,196.363,79.659,210.455,26.688
631.900,snap_through,8,Outer,10,203.218,90.051,221.104,33.085
631.900,snap_through,8,Outer,11,210.667,98.241,231.004,37.990
631.900,snap_through,8,Outer,12,218.441,103.675,240.097,40.629
631.900,snap_through,8,Outer,13,226.079,105.997,248.064,40.903
631.900,snap_through,8,Outer,14,233.571,106.418,255.531,40.245
631.900,snap_through,8,Outer,15,241.055,106.449,263.003,40.699
631.900,snap_through,8,Outer,16,248.545,106.449,269.903,43.618
631.900,snap_through,8,Outer,17,256.029,106.418,275.279,48.817
631.900,snap_through,8,Outer,18,263.521,105.997,280.182,54.495
631.900,snap_through,8,Outer,19,271.159,103.675,286.415,59.464
631.900,snap_through,8,Outer,20,278.933,98.241,295.569,61.726
631.900,snap_through,8,Outer,21,286.382,90.051,304.729,55.598
631.900,snap_through,8,Outer,22,293.237,79.659,306.995,43.387
631.900,snap_through,8,Outer,23,299.951,67.202,305.953,29.290
631.900,snap_through,8,Outer,24,306.712,56.052,306.423,16.272
631.900,snap_through,8,Outer,25,313.458,48.169,313.048,8.321
631.900,snap_through,8,Outer,26,320.177,44.390,320.727,7.751
631.900,snap_through,8,Outer,27,327.283,43.927,327.278,10.542
631.900,snap_through,8,Outer,28,334.455,43.924,334.806,13.923
631.900,snap_through,8,Outer,29,341.628,43.924,341.326,16.910
631.900,snap_through,8,Outer,30,348.800,43.924,347.849,19.890
631.900,snap_through,8,Plate,1,140.800,41.459,143.648,27.663
631.900,snap_through,8,Plate,2,147.972,41.459,149.645,23.736
631.900,snap_through,8,Plate,3,155.145,41.459,155.635,19.798
631.900,snap_through,8,Plate,4,162.466,34.336,161.151,11.226
631.900,snap_through,8,Plate,5,169.751,24.669,168.416,1.542
631.900,snap_through,8,Plate,6,176.701,15.891,175.360,-7.242
631.900,snap_through,8,Plate,7,183.834,9.845,182.289,-13.528
631.900,snap_through,8,Plate,8,191.007,9.845,189.448,-13.975
631.900,snap_through,8,Plate,9,198.179,9.845,196.606,-14.445
631.900,snap_through,8,Plate,10,205.352,9.845,203.771,-14.883
631.900,snap_through,8,Plate,11,212.526,11.670,211.058,-13.547
631.900,snap_through,8,Plate,12,219.660,14.743,218.397,-10.983
631.900,snap_through,8,Plate,13,226.927,16.409,225.750,-9.716
631.900,snap_through,8,Plate,14,234.092,16.240,232.913,-10.111
631.900,snap_through,8,Plate,15,241.226,15.949,240.047,-10.518
631.900,snap_through,8,Plate,16,248.374,15.949,247.201,-10.583
631.900,snap_through,8,Plate,17,255.508,16.240,254.342,-10.319
631.900,snap_through,8,Plate,18,262.673,16.409,261.512,-10.108
631.900,snap_through,8,Plate,19,269.940,14.743,268.814,-11.641
631.900,snap_through,8,Plate,20,277.074,11.670,276.008,-14.586
631.900,snap_through,8,Plate,21,284.248,9.845,283.173,-16.481
631.900,snap_through,8,Plate,22,291.421,9.845,290.340,-17.044
631.900,snap_through,8,Plate,23,298.593,9.845,297.468,-17.842
631.900,snap_through,8,Plate,24,305.766,9.845,304.602,-18.600
631.900,snap_through,8,Plate,25,312.899,15.891,312.364,-13.381
631.900,snap_through,8,Plate,26,319.849,24.669,320.251,-5.433
631.900,snap_through,8,Plate,27,327.134,34.336,328.345,3.569
631.900,snap_through,8,Plate,28,334.455,41.459,334.806,11.458
631.900,snap_through,8,Plate,29,341.628,41.459,341.326,14.445
631.900,snap_through,8,Plate,30,348.800,41.459,347.849,17.426
631.900,snap_through,8,Inner,1,183.834,12.309,182.289,-11.064
631.900,snap_through,8,Inner,2,191.007,12.309,189.448,-11.510
631.900,snap_through,8,Inner,3,198.179,12.309,196.606,-11.981
631.900,snap_through,8,Inner,4,205.206,19.990,204.167,-4.706
631.900,snap_through,8,Inner,5,212.126,31.298,211.692,6.190
631.900,snap_through,8,Inner,6,218.877,44.909,219.657,19.099
631.900,snap_through,8,Inner,7,225.964,56.366,228.603,29.137
631.900,snap_through,8,Inner,8,233.390,63.530,237.436,34.443
631.900,snap_through,8,Inner,9,241.025,66.240,245.443,35.580
631.900,snap_through,8,Inner,10,248.575,66.240,252.927,36.263
631.900,snap_through,8,Inner,11,256.210,63.530,261.021,36.448
631.900,snap_through,8,Inner,12,263.636,56.366,270.556,32.523
631.900,snap_through,8,Inner,13,270.723,44.909,278.673,21.866
631.900,snap_through,8,Inner,14,277.474,31.298,281.789,7.009
631.900,snap_through,8,Inner,15,284.394,19.990,285.448,-5.726
631.900,snap_through,8,Inner,16,291.421,12.309,290.340,-14.579
631.900,snap_through,8,Inner,17,298.593,12.309,297.468,-15.377
631.900,snap_through,8,Inner,18,305.766,12.309,304.602,-16.136
631.900,snap_through,8,Patch2,1,291.421,8.278,290.340,-18.611
631.900,snap_through,8,Patch2,2,298.593,8.278,297.468,-19.409
631.900,snap_through,8,Patch2,3,305.766,8.278,304.602,-20.167
631.900,snap_through,8,Patch3,1,183.834,8.278,182.289,-15.095
631.900,snap_through,8,Patch3,2,191.007,8.278,189.448,-15.541
631.900,snap_through,8,Patch3,3,198.179,8.278,196.606,-16.012
631.900,snap_through,8,Patch4,1,198.827,77.188,199.196,12.607
631.900,snap_through,8,Patch4,2,205.781,86.254,205.841,21.901
631.900,snap_through,8,Patch4,3,212.610,93.074,212.402,28.979
631.900,snap_through,8,Patch4,4,219.744,97.831,219.278,34.103
631.900,snap_through,8,Patch4,5,226.949,100.113,226.298,36.905
631.900,snap_through,8,Patch4,6,234.088,100.289,233.346,38.065
631.900,snap_through,8,Patch4,7,241.256,100.235,240.502,38.425
631.900,snap_through,8,Patch4,8,248.344,100.235,247.582,38.706
631.900,snap_through,8,Patch4,9,255.512,100.289,254.746,38.918
631.900,snap_through,8,Patch4,10,262.651,100.113,261.887,38.933
631.900,snap_through,8,Patch4,11,269.856,97.831,269.205,37.040
631.900,snap_through,8,Patch4,12,276.989,93.074,276.694,32.862
631.900,snap_through,8,Patch4,13,283.819,86.254,284.124,26.705
631.900,snap_through,8,Patch4,14,290.773,77.188,291.917,18.353
631.900,snap_through,9,Outer,1,140.800,41.821,143.953,28.157
631.900,snap_through,9,Outer,2,147.766,41.821,149.804,24.378
631.900,snap_through,9,Outer,3,154.731,41.821,155.650,20.591
631.900,snap_through,9,Outer,4,161.697,41.822,162.768,16.146
631.900,snap_through,9,Outer,5,168.609,42.268,168.495,12.247
631.900,snap_through,9,Outer,6,175.208,45.875,175.865,10.753
631.900,snap_through,9,Outer,7,181.788,53.270,185.689,11.950
631.900,snap_through,9,Outer,8,188.390,63.898,197.442,16.205
631.900,snap_through,9,Outer,9,194.949,75.960,209.255,23.175
631.900,snap_through,9,Outer,10,201.645,85.927,219.415,29.540
631.900,snap_through,9,Outer,11,208.805,93.528,228.471,34.691
631.900,snap_through,9,Outer,12,216.285,98.376,236.780,37.883
631.900,snap_through,9,Outer,13,223.660,100.324,244.330,38.907
631.900,snap_through,9,Outer,14,230.917,100.656,251.577,39.141
631.900,snap_through,9,Outer,15,238.170,100.670,258.730,40.215
631.900,snap_through,9,Outer,16,245.430,100.670,265.156,43.476
631.900,snap_through,9,Outer,17,252.682,100.656,270.102,48.763
631.900,snap_through,9,Outer,18,259.940,100.324,274.878,54.235
631.900,snap_through,9,Outer,19,267.315,98.376,280.906,58.905
631.900,snap_through,9,Outer,20,274.795,93.528,289.663,60.314
631.900,snap_through,9,Outer,21,281.955,85.927,297.462,53.473
631.900,snap_through,9,Outer,22,288.651,75.960,299.026,41.586
631.900,snap_through,9,Outer,23,295.210,63.898,298.367,27.879
631.900,snap_through,9,Outer,24,301.812,53.270,299.856,15.472
631.900,snap_through,9,Outer,25,308.392,45.875,307.065,8.732
631.900,snap_through,9,Outer,26,314.991,42.268,314.546,8.016
631.900,snap_through,9,Outer,27,321.903,41.822,321.026,10.468
631.900,snap_through,9,Outer,28,328.869,41.821,328.397,13.455
631.900,snap_through,9,Outer,29,335.834,41.821,334.848,16.082
631.900,snap_through,9,Outer,30,342.800,41.821,341.302,18.703
631.900,snap_through,9,Plate,1,140.800,39.357,143.953,25.693
631.900,snap_through,9,Plate,2,147.766,39.357,149.804,21.914
631.900,snap_through,9,Plate,3,154.731,39.357,155.650,18.126
631.900,snap_through,9,Plate,4,161.847,32.291,160.996,9.656
631.900,snap_through,9,Plate,5,168.904,22.942,167.878,0.178
631.900,snap_through,9,Plate,6,175.659,14.820,174.513,-8.043
631.900,snap_through,9,Plate,7,182.593,9.592,181.247,-13.527
631.900,snap_through,9,Plate,8,189.559,9.592,188.203,-13.919
631.900,snap_through,9,Plate,9,196.524,9.592,195.158,-14.323
631.900,snap_through,9,Plate,10,203.490,9.592,202.118,-14.691
631.900,snap_through,9,Plate,11,210.433,11.441,209.159,-13.233
631.900,snap_through,9,Plate,12,217.390,14.434,216.280,-10.640
631.900,snap_through,9,Plate,13,224.447,15.934,223.400,-9.448
631.900,snap_through,9,Plate,14,231.405,15.764,230.356,-9.796
631.900,snap_through,9,Plate,15,238.329,15.482,237.279,-10.176
631.900,snap_through,9,Plate,16,245.271,15.482,244.226,-10.235
631.900,snap_through,9,Plate,17,252.195,15.764,251.154,-9.984
631.900,snap_through,9,Plate,18,259.153,15.934,258.116,-9.798
631.900,snap_through,9,Plate,19,266.210,14.434,265.193,-11.218
631.900,snap_through,9,Plate,20,273.167,11.441,272.188,-14.133
631.900,snap_through,9,Plate,21,280.110,9.592,279.123,-16.035
631.900,snap_through,9,Plate,22,287.076,9.592,286.087,-16.499
631.900,snap_through,9,Plate,23,294.041,9.592,293.015,-17.229
631.900,snap_through,9,Plate,24,301.007,9.592,299.947,-17.918
631.900,snap_through,9,Plate,25,307.941,14.820,307.358,-13.391
631.900,snap_through,9,Plate,26,314.696,22.942,314.808,-5.903
631.900,snap_through,9,Plate,27,321.753,32.291,322.415,2.998
631.900,snap_through,9,Plate,28,328.869,39.357,328.397,10.991
631.900,snap_through,9,Plate,29,335.834,39.357,334.848,13.618
631.900,snap_through,9,Plate,30,342.800,39.357,341.302,16.238
631.900,snap_through,9,Inner,1,182.593,12.056,181.247,-11.063
631.900,snap_through,9,Inner,2,189.559,12.056,188.203,-11.455
631.900,snap_through,9,Inner,3,196.524,12.056,195.158,-11.859
631.900,snap_through,9,Inner,4,203.397,19.511,202.514,-4.775
631.900,snap_through,9,Inner,5,210.133,30.518,209.796,5.851
631.900,snap_through,9,Inner,6,216.714,43.686,217.509,18.347
631.900,snap_through,9,Inner,7,223.599,54.542,226.214,27.754
631.900,snap_through,9,Inner,8,230.777,61.083,234.637,32.555
631.900,snap_through,9,Inner,9,238.147,63.531,242.319,33.600
631.900,snap_through,9,Inner,10,245.453,63.531,249.537,34.260
631.900,snap_through,9,Inner,11,252.823,61.083,257.271,34.833
631.900,snap_through,9,Inner,12,260.001,54.542,266.348,31.460
631.900,snap_through,9,Inner,13,266.886,43.686,273.788,21.069
631.900,snap_through,9,Inner,14,273.467,30.518,277.117,6.740
631.900,snap_through,9,Inner,15,280.203,19.511,281.023,-5.551
631.900,snap_through,9,Inner,16,287.076,12.056,286.087,-14.035
631.900,snap_through,9,Inner,17,294.041,12.056,293.015,-14.764
631.900,snap_through,9,Inner,18,301.007,12.056,299.947,-15.454
631.900,snap_through,9,Patch1,1,203.490,13.073,202.118,-11.209
631.900,snap_through,9,Patch1,2,209.589,14.803,208.487,-9.817
631.900,snap_through,9,Patch1,3,217.450,17.933,216.489,-7.064
631.900,snap_through,9,Patch1,4,224.512,19.326,223.595,-5.921
631.900,snap_through,9,Patch1,5,231.408,19.187,230.486,-6.223
631.900,snap_through,9,Patch1,6,238.331,18.882,237.405,-6.627
631.900,snap_through,9,Patch1,7,245.269,18.882,244.343,-6.678
631.900,snap_through,9,Patch1,8,252.192,19.187,251.267,-6.390
631.900,snap_through,9,Patch1,9,259.088,19.326,258.163,-6.244
631.900,snap_through,9,Patch1,10,266.150,17.933,265.228,-7.619
631.900,snap_through,9,Patch1,11,274.011,14.803,273.089,-10.751
631.900,snap_through,9,Patch1,12,280.110,13.073,279.123,-12.554
631.900,snap_through,9,Patch2,1,287.076,8.025,286.087,-18.066
631.900,snap_through,9,Patch2,2,294.041,8.025,293.015,-18.796
631.900,snap_through,9,Patch2,3,301.007,8.025,299.947,-19.485
631.900,snap_through,9,Patch3,1,182.593,8.025,181.247,-15.094
631.900,snap_through,9,Patch3,2,189.559,8.025,188.203,-15.486
631.900,snap_through,9,Patch3,3,196.524,8.025,195.158,-15.890
631.900,snap_through,9,Patch4,1,197.238,73.649,197.997,12.606
631.900,snap_through,9,Patch4,2,204.061,82.424,204.595,21.509
631.900,snap_through,9,Patch4,3,210.677,89.048,211.004,28.301
631.900,snap_through,9,Patch4,4,217.602,93.438,217.725,32.977
631.900,snap_through,9,Patch4,5,224.585,95.404,224.565,35.387
631.900,snap_through,9,Patch4,6,231.525,95.546,231.474,36.083
631.900,snap_through,9,Patch4,7,238.380,95.337,238.331,36.285
631.900,snap_through,9,Patch4,8,245.220,95.337,245.159,36.689
631.900,snap_through,9,Patch4,9,252.075,95.546,251.985,37.335
631.900,snap_through,9,Patch4,10,259.015,95.404,258.912,37.745
631.900,snap_through,9,Patch4,11,265.998,93.438,266.060,36.524
631.900,snap_through,9,Patch4,12,272.923,89.048,273.456,33.009
631.900,snap_through,9,Patch4,13,279.539,82.424,280.833,27.279
631.900,snap_through,9,Patch4,14,286.362,73.649,288.671,19.441
631.900,snap_through,10,Outer,1,140.800,39.668,143.080,27.741
631.900,snap_through,10,Outer,2,147.559,39.668,148.935,24.367
631.900,snap_through,10,Outer,3,154.317,39.668,154.784,20.981
631.900,snap_through,10,Outer,4,161.076,39.719,161.851,17.070
631.900,snap_through,10,Outer,5,167.791,40.129,167.647,13.652
631.900,snap_through,10,Outer,6,174.245,43.473,174.853,12.692
631.900,snap_through,10,Outer,7,180.654,50.504,184.109,14.864
631.900,snap_through,10,Outer,8,187.088,60.758,194.800,20.487
631.900,snap_through,10,Outer,9,193.474,72.697,205.274,28.991
631.900,snap_through,10,Outer,10,199.989,82.455,214.334,36.388
631.900,snap_through,10,Outer,11,206.913,89.649,222.771,41.692
631.900,snap_through,10,Outer,12,214.119,94.117,230.776,44.463
631.900,snap_through,10,Outer,13,221.244,95.761,238.062,44.792
631.900,snap_through,10,Outer,14,228.272,96.019,245.033,44.201
631.900,snap_through,10,Outer,15,235.290,96.026,251.940,44.998
631.900,snap_through,10,Outer,16,242.310,96.026,257.639,49.047
631.900,snap_through,10,Outer,17,249.328,96.019,262.708,53.890
631.900,snap_through,10,Outer,18,256.356,95.761,267.879,58.650
631.900,snap_through,10,Outer,19,263.481,94.117,274.147,62.407
631.900,snap_through,10,Outer,20,270.687,89.649,282.573,61.923
631.900,snap_through,10,Outer,21,277.611,82.455,287.947,53.571
631.900,snap_through,10,Outer,22,284.126,72.697,289.395,41.940
631.900,snap_through,10,Outer,23,290.512,60.758,289.728,28.413
631.900,snap_through,10,Outer,24,296.946,50.504,293.814,17.033
631.900,snap_through,10,Outer,25,303.355,43.473,301.537,11.504
631.900,snap_through,10,Outer,26,309.809,40.129,308.745,10.574
631.900,snap_through,10,Outer,27,316.524,39.719,315.179,12.546
631.900,snap_through,10,Outer,28,323.283,39.668,322.392,14.916
631.900,snap_through,10,Outer,29,330.041,39.668,328.805,17.048
631.900,snap_through,10,Outer,30,336.800,39.668,335.220,19.173
631.900,snap_through,10,Plate,1,140.800,37.204,143.080,25.276
631.900,snap_through,10,Plate,2,147.559,37.204,148.935,21.903
631.900,snap_through,10,Plate,3,154.317,37.204,154.784,18.517
631.900,snap_through,10,Plate,4,161.218,30.231,159.997,10.255
631.900,snap_through,10,Plate,5,168.054,21.110,166.840,1.156
631.900,snap_through,10,Plate,6,174.610,13.360,173.530,-6.467
631.900,snap_through,10,Plate,7,181.352,8.626,180.296,-11.161
631.900,snap_through,10,Plate,8,188.110,8.626,187.055,-11.250
631.900,snap_through,10,Plate,9,194.869,8.626,193.812,-11.406
631.900,snap_through,10,Plate,10,201.628,8.626,200.572,-11.583
631.900,snap_through,10,Plate,11,208.345,10.370,207.345,-10.058
631.900,snap_through,10,Plate,12,215.111,13.202,214.215,-7.485
631.900,snap_through,10,Plate,13,221.958,14.570,221.108,-6.342
631.900,snap_through,10,Plate,14,228.716,14.372,227.862,-6.705
631.900,snap_through,10,Plate,15,235.433,14.065,234.575,-7.156
631.900,snap_through,10,Plate,16,242.167,14.065,241.312,-7.318
631.900,snap_through,10,Plate,17,248.884,14.372,248.039,-7.200
631.900,snap_through,10,Plate,18,255.642,14.570,254.802,-7.206
631.900,snap_through,10,Plate,19,262.489,13.202,261.607,-8.782
631.900,snap_through,10,Plate,20,269.255,10.370,268.265,-11.854
631.900,snap_through,10,Plate,21,275.972,8.626,274.884,-13.932
631.900,snap_through,10,Plate,22,282.731,8.626,281.626,-14.405
631.900,snap_through,10,Plate,23,289.490,8.626,288.361,-14.961
631.900,snap_through,10,Plate,24,296.248,8.626,295.094,-15.538
631.900,snap_through,10,Plate,25,302.990,13.360,302.220,-11.409
631.900,snap_through,10,Plate,26,309.546,21.110,309.351,-4.196
631.900,snap_through,10,Plate,27,316.382,30.231,316.589,4.592
631.900,snap_through,10,Plate,28,323.283,37.204,322.392,12.452
631.900,snap_through,10,Plate,29,330.041,37.204,328.805,14.584
631.900,snap_through,10,Plate,30,336.800,37.204,335.220,16.709
631.900,snap_through,10,Inner,1,181.352,11.090,180.296,-8.697
631.900,snap_through,10,Inner,2,188.110,11.090,187.055,-8.785
631.900,snap_through,10,Inner,3,194.869,11.090,193.812,-8.941
631.900,snap_through,10,Inner,4,201.583,18.186,200.906,-2.152
631.900,snap_through,10,Inner,5,208.099,28.933,208.110,8.118
631.900,snap_through,10,Inner,6,214.505,41.894,215.537,20.490
631.900,snap_through,10,Inner,7,221.206,52.486,223.037,30.506
631.900,snap_through,10,Inner,8,228.153,58.705,230.294,36.349
631.900,snap_through,10,Inner,9,235.268,61.015,237.426,38.609
631.900,snap_through,10,Inner,10,242.332,61.015,244.484,38.960
631.900,snap_through,10,Inner,11,249.447,58.705,251.742,37.175
631.900,snap_through,10,Inner,12,256.394,52.486,258.974,31.321
631.900,snap_through,10,Inner,13,263.095,41.894,265.331,20.556
631.900,snap_through,10,Inner,14,269.501,28.933,270.481,7.073
631.900,snap_through,10,Inner,15,276.017,18.186,275.820,-4.284
631.900,snap_through,10,Inner,16,282.731,11.090,281.626,-11.941
631.900,snap_through,10,Inner,17,289.490,11.090,288.361,-12.497
631.900,snap_through,10,Inner,18,296.248,11.090,295.094,-13.074
631.900,snap_through,10,Patch2,1,282.731,7.059,281.626,-15.972
631.900,snap_through,10,Patch2,2,289.490,7.059,288.361,-16.528
631.900,snap_through,10,Patch2,3,296.248,7.059,295.094,-17.105
631.900,snap_through,10,Patch3,1,181.352,7.059,180.296,-12.728
631.900,snap_through,10,Patch3,2,188.110,7.059,187.055,-12.816
631.900,snap_through,10,Patch3,3,194.869,7.059,193.812,-12.972
631.900,snap_through,10,Patch4,1,195.329,69.366,196.223,16.796
631.900,snap_through,10,Patch4,2,201.897,78.048,202.626,25.478
631.900,snap_through,10,Patch4,3,208.521,84.991,209.093,32.470
631.900,snap_through,10,Patch4,4,215.278,89.783,215.684,37.419
631.900,snap_through,10,Patch4,5,222.106,91.706,222.389,39.694
631.900,snap_through,10,Patch4,6,228.891,91.857,229.129,40.465
631.900,snap_through,10,Patch4,7,235.567,91.780,235.775,41.080
631.900,snap_through,10,Patch4,8,242.033,91.780,242.210,41.702
631.900,snap_through,10,Patch4,9,248.709,91.857,248.852,42.375
631.900,snap_through,10,Patch4,10,255.494,91.706,255.625,42.817
631.900,snap_through,10,Patch4,11,262.322,89.783,262.598,41.529
631.900,snap_through,10,Patch4,12,269.079,84.991,269.769,37.437
631.900,snap_through,10,Patch4,13,275.703,78.048,277.022,31.236
631.900,snap_through,10,Patch4,14,282.271,69.366,284.390,23.325
631.900,snap_through,11,Outer,1,140.800,37.778,141.438,27.717
631.900,snap_through,11,Outer,2,147.352,37.778,147.498,25.232
631.900,snap_through,11,Outer,3,153.903,37.778,153.556,22.743
631.900,snap_through,11,Outer,4,160.455,37.756,160.537,19.889
631.900,snap_through,11,Outer,5,166.972,38.129,166.607,17.496
631.900,snap_through,11,Outer,6,173.275,41.172,173.602,17.624
631.900,snap_through,11,Outer,7,179.510,47.531,181.823,21.009
631.900,snap_through,11,Outer,8,185.771,56.841,190.847,27.605
631.900,snap_through,11,Outer,9,191.988,67.968,199.830,36.546
631.900,snap_through,11,Outer,10,198.313,77.018,207.943,43.955
631.900,snap_through,11,Outer,11,204.978,83.598,215.580,49.331
631.900,snap_through,11,Outer,12,211.921,87.530,222.898,52.493
631.900,snap_through,11,Outer,13,218.813,88.897,229.828,53.561
631.900,snap_through,11,Outer,14,225.616,89.118,236.568,54.236
631.900,snap_through,11,Outer,15,232.405,89.133,243.009,56.233
631.900,snap_through,11,Outer,16,239.195,89.133,249.108,59.187
631.900,snap_through,11,Outer,17,245.984,89.118,255.130,62.309
631.900,snap_through,11,Outer,18,252.787,88.897,261.280,65.213
631.900,snap_through,11,Outer,19,259.679,87.530,268.159,66.557
631.900,snap_through,11,Outer,20,266.622,83.598,274.851,62.275
631.900,snap_through,11,Outer,21,273.287,77.018,278.550,53.698
631.900,snap_through,11,Outer,22,279.612,67.968,280.751,42.901
631.900,snap_through,11,Outer,23,285.829,56.841,283.155,30.412
631.900,snap_through,11,Outer,24,292.090,47.531,289.326,21.052
631.900,snap_through,11,Outer,25,298.325,41.172,296.752,16.159
631.900,snap_through,11,Outer,26,304.628,38.129,303.606,14.741
631.900,snap_through,11,Outer,27,311.145,37.756,310.018,15.963
631.900,snap_through,11,Outer,28,317.697,37.778,316.957,17.552
631.900,snap_through,11,Outer,29,324.248,37.778,323.357,18.949
631.900,snap_through,11,Outer,30,330.800,37.778,329.757,20.343
631.900,snap_through,11,Plate,1,140.800,35.313,141.438,25.253
631.900,snap_through,11,Plate,2,147.352,35.313,147.498,22.768
631.900,snap_through,11,Plate,3,153.903,35.313,153.556,20.278
631.900,snap_through,11,Plate,4,160.593,28.814,159.006,12.763
631.900,snap_through,11,Plate,5,167.202,20.300,165.859,4.467
631.900,snap_through,11,Plate,6,173.563,13.270,172.560,-2.225
631.900,snap_through,11,Plate,7,180.110,9.254,179.274,-5.950
631.900,snap_through,11,Plate,8,186.662,9.254,185.825,-5.782
631.900,snap_through,11,Plate,9,193.214,9.254,192.377,-5.708
631.900,snap_through,11,Plate,10,199.766,9.254,198.930,-5.758
631.900,snap_through,11,Plate,11,206.252,10.912,205.449,-4.233
631.900,snap_through,11,Plate,12,212.838,13.547,212.096,-1.767
631.900,snap_through,11,Plate,13,219.480,14.725,218.767,-0.776
631.900,snap_through,11,Plate,14,226.031,14.516,225.309,-1.185
631.900,snap_through,11,Plate,15,232.537,14.211,231.800,-1.708
631.900,snap_through,11,Plate,16,239.063,14.211,238.321,-1.951
631.900,snap_through,11,Plate,17,245.569,14.516,244.833,-1.914
631.900,snap_through,11,Plate,18,252.120,14.725,251.387,-2.004
631.900,snap_through,11,Plate,19,258.762,13.547,257.959,-3.514
631.900,snap_through,11,Plate,20,265.348,10.912,264.384,-6.506
631.900,snap_through,11,Plate,21,271.834,9.254,270.757,-8.549
631.900,snap_through,11,Plate,22,278.386,9.254,277.291,-8.992
631.900,snap_through,11,Plate,23,284.938,9.254,283.819,-9.544
631.900,snap_through,11,Plate,24,291.490,9.254,290.341,-10.166
631.900,snap_through,11,Plate,25,298.037,13.270,297.259,-6.837
631.900,snap_through,11,Plate,26,304.398,20.300,304.230,-0.427
631.900,snap_through,11,Plate,27,311.007,28.814,311.096,7.862
631.900,snap_through,11,Plate,28,317.697,35.313,316.957,15.088
631.900,snap_through,11,Plate,29,324.248,35.313,323.357,16.485
631.900,snap_through,11,Plate,30,330.800,35.313,329.757,17.879
631.900,snap_through,11,Inner,1,180.110,11.718,179.274,-3.485
631.900,snap_through,11,Inner,2,186.662,11.718,185.825,-3.317
631.900,snap_through,11,Inner,3,193.214,11.718,192.377,-3.244
631.900,snap_through,11,Inner,4,199.736,18.029,199.002,2.965
631.900,snap_through,11,Inner,5,206.081,28.040,205.707,12.710
631.900,snap_through,11,Inner,6,212.309,40.061,212.543,24.363
631.900,snap_through,11,Inner,7,218.819,49.723,219.522,33.663
631.900,snap_through,11,Inner,8,225.513,55.281,226.434,38.935
631.900,snap_through,11,Inner,9,232.382,57.312,233.368,40.730
631.900,snap_through,11,Inner,10,239.218,57.312,240.200,40.512
631.900,snap_through,11,Inner,11,246.087,55.281,246.994,38.258
631.900,snap_through,11,Inner,12,252.781,49.723,253.480,32.480
631.900,snap_through,11,Inner,13,259.291,40.061,259.632,22.616
631.900,snap_through,11,Inner,14,265.519,28.040,265.425,10.410
631.900,snap_through,11,Inner,15,271.864,18.029,271.324,0.154
631.900,snap_through,11,Inner,16,278.386,11.718,277.291,-6.528
631.900,snap_through,11,Inner,17,284.938,11.718,283.819,-7.080
631.900,snap_through,11,Inner,18,291.490,11.718,290.341,-7.702
631.900,snap_through,11,Patch1,1,199.766,12.597,198.930,-2.415
631.900,snap_through,11,Patch1,2,205.429,14.310,204.734,-0.879
631.900,snap_through,11,Patch1,3,212.897,17.027,212.304,1.535
631.900,snap_through,11,Patch1,4,219.549,17.995,218.989,2.244
631.900,snap_through,11,Patch1,5,226.056,17.807,225.487,1.833
631.900,snap_through,11,Patch1,6,232.539,17.524,231.959,1.343
631.900,snap_through,11,Patch1,7,239.061,17.524,238.478,1.134
631.900,snap_through,11,Patch1,8,245.544,17.807,244.968,1.196
631.900,snap_through,11,Patch1,9,252.051,17.995,251.477,1.140
631.900,snap_through,11,Patch1,10,258.703,17.027,258.083,-0.104
631.900,snap_through,11,Patch1,11,266.171,14.310,265.405,-3.181
631.900,snap_through,11,Patch1,12,271.834,12.597,270.757,-5.206
631.900,snap_through,11,Patch2,1,278.386,7.687,277.291,-10.559
631.900,snap_through,11,Patch2,2,284.938,7.687,283.819,-11.111
631.900,snap_through,11,Patch2,3,291.490,7.687,290.341,-11.733
631.900,snap_through,11,Patch3,1,180.110,7.687,179.274,-7.516
631.900,snap_through,11,Patch3,2,186.662,7.687,185.825,-7.348
631.900,snap_through,11,Patch3,3,193.214,7.687,192.377,-7.275
631.900,snap_through,11,Patch4,1,194.083,66.285,195.059,26.244
631.900,snap_through,11,Patch4,2,200.528,74.107,201.259,34.092
631.900,snap_through,11,Patch4,3,206.781,80.139,207.318,40.188
631.900,snap_through,11,Patch4,4,213.263,83.631,213.676,43.826
631.900,snap_through,11,Patch4,5,219.783,85.206,220.126,45.626
631.900,snap_through,11,Patch4,6,226.300,85.292,226.631,46.022
631.900,snap_through,11,Patch4,7,232.666,85.106,232.999,46.194
631.900,snap_through,11,Patch4,8,238.934,85.106,239.253,46.587
631.900,snap_through,11,Patch4,9,245.300,85.292,245.591,47.202
631.900,snap_through,11,Patch4,10,251.817,85.206,252.097,47.573
631.900,snap_through,11,Patch4,11,258.336,83.631,258.706,46.472
631.900,snap_through,11,Patch4,12,264.818,80.139,265.386,43.441
631.900,snap_through,11,Patch4,13,271.072,74.107,271.930,37.836
631.900,snap_through,11,Patch4,14,277.517,66.285,278.686,30.421
631.900,snap_through,12,Outer,1,140.800,35.764,140.316,28.205
631.900,snap_through,12,Outer,2,147.145,35.764,146.513,26.845
631.900,snap_through,12,Outer,3,153.490,35.764,152.711,25.494
631.900,snap_through,12,Outer,4,159.834,35.798,159.455,24.029
631.900,snap_through,12,Outer,5,166.153,36.172,165.674,22.866
631.900,snap_through,12,Outer,6,172.304,39.184,172.368,24.286
631.900,snap_through,12,Outer,7,178.365,45.306,179.658,28.834
631.900,snap_through,12,Outer,8,184.455,54.259,187.392,36.340
631.900,snap_through,12,Outer,9,190.512,64.860,195.026,45.776
631.900,snap_through,12,Outer,10,196.621,73.524,202.031,53.659
631.900,snap_through,12,Outer,11,203.038,80.001,208.747,59.779
631.900,snap_through,12,Outer,12,209.702,83.742,215.309,63.688
631.900,snap_through,12,Outer,13,216.367,85.039,221.808,65.665
631.900,snap_through,12,Outer,14,222.951,85.249,228.281,66.882
631.900,snap_through,12,Outer,15,229.518,85.264,234.737,68.074
631.900,snap_through,12,Outer,16,236.082,85.264,241.188,69.284
631.900,snap_through,12,Outer,17,242.649,85.249,247.659,70.379
631.900,snap_through,12,Outer,18,249.233,85.039,254.210,71.029
631.900,snap_through,12,Outer,19,255.898,83.742,260.857,69.721
631.900,snap_through,12,Outer,20,262.562,80.001,266.687,64.824
631.900,snap_through,12,Outer,21,268.979,73.524,271.102,56.885
631.900,snap_through,12,Outer,22,275.088,64.860,274.655,46.943
631.900,snap_through,12,Outer,23,281.145,54.259,278.956,35.571
631.900,snap_through,12,Outer,24,287.235,45.306,285.785,27.198
631.900,snap_through,12,Outer,25,293.296,39.184,292.487,21.810
631.900,snap_through,12,Outer,26,299.447,36.172,298.975,19.621
631.900,snap_through,12,Outer,27,305.766,35.798,305.289,20.072
631.900,snap_through,12,Outer,28,312.110,35.764,311.883,20.796
631.900,snap_through,12,Outer,29,318.455,35.764,318.193,21.448
631.900,snap_through,12,Outer,30,324.800,35.764,324.504,22.100
631.900,snap_through,12,Plate,1,140.800,33.300,140.316,25.740
631.900,snap_through,12,Plate,2,147.145,33.300,146.513,24.381
631.900,snap_through,12,Plate,3,153.490,33.300,152.711,23.030
631.900,snap_through,12,Plate,4,159.968,26.864,158.568,16.032
631.900,snap_through,12,Plate,5,166.351,18.503,165.316,7.982
631.900,snap_through,12,Plate,6,172.533,11.872,171.831,1.694
631.900,snap_through,12,Plate,7,178.869,8.323,178.325,-1.549
631.900,snap_through,12,Plate,8,185.214,8.323,184.666,-1.323
631.900,snap_through,12,Plate,9,191.559,8.323,191.009,-1.159
631.900,snap_through,12,Plate,10,197.903,8.323,197.353,-1.074
631.900,snap_through,12,Plate,11,204.172,10.250,203.609,0.882
631.900,snap_through,12,Plate,12,210.585,12.745,210.017,3.375
631.900,snap_through,12,Plate,13,217.010,13.760,216.448,4.342
631.900,snap_through,12,Plate,14,223.350,13.533,222.782,4.010
631.900,snap_through,12,Plate,15,229.641,13.231,229.062,3.542
631.900,snap_through,12,Plate,16,235.959,13.231,235.374,3.311
631.900,snap_through,12,Plate,17,242.250,13.533,241.671,3.318
631.900,snap_through,12,Plate,18,248.590,13.760,248.012,3.180
631.900,snap_through,12,Plate,19,255.015,12.745,254.350,1.732
631.900,snap_through,12,Plate,20,261.428,10.250,260.550,-1.235
631.900,snap_through,12,Plate,21,267.697,8.323,266.648,-3.634
631.900,snap_through,12,Plate,22,274.041,8.323,272.974,-4.057
631.900,snap_through,12,Plate,23,280.386,8.323,279.291,-4.644
631.900,snap_through,12,Plate,24,286.731,8.323,285.601,-5.310
631.900,snap_through,12,Plate,25,293.067,11.872,292.299,-2.517
631.900,snap_through,12,Plate,26,299.249,18.503,299.184,3.362
631.900,snap_through,12,Plate,27,305.632,26.864,305.838,11.499
631.900,snap_through,12,Plate,28,312.110,33.300,311.883,18.332
631.900,snap_through,12,Plate,29,318.455,33.300,318.193,18.983
631.900,snap_through,12,Plate,30,324.800,33.300,324.504,19.635
631.900,snap_through,12,Inner,1,178.869,10.788,178.325,0.915
631.900,snap_through,12,Inner,2,185.214,10.788,184.666,1.141
631.900,snap_through,12,Inner,3,191.559,10.788,191.009,1.305
631.900,snap_through,12,Inner,4,197.895,17.093,197.252,7.647
631.900,snap_through,12,Inner,5,204.082,27.105,203.541,17.561
631.900,snap_through,12,Inner,6,210.140,38.557,209.934,28.788
631.900,snap_through,12,Inner,7,216.462,47.473,216.642,37.386
631.900,snap_through,12,Inner,8,222.882,52.427,223.311,41.983
631.900,snap_through,12,Inner,9,229.495,54.128,230.007,43.314
631.900,snap_through,12,Inner,10,236.104,54.128,236.607,42.965
631.900,snap_through,12,Inner,11,242.718,52.427,243.133,40.961
631.900,snap_through,12,Inner,12,249.138,47.473,249.364,35.789
631.900,snap_through,12,Inner,13,255.460,38.557,255.468,26.753
631.900,snap_through,12,Inner,14,261.518,27.105,261.322,15.236
631.900,snap_through,12,Inner,15,267.705,17.093,267.197,5.068
631.900,snap_through,12,Inner,16,274.041,10.788,272.974,-1.593
631.900,snap_through,12,Inner,17,280.386,10.788,279.291,-2.180
631.900,snap_through,12,Inner,18,286.731,10.788,285.601,-2.846
631.900,snap_through,12,Patch1,1,197.903,11.612,197.353,2.215
631.900,snap_through,12,Patch1,2,203.450,13.990,202.925,4.545
631.900,snap_through,12,Patch1,3,210.648,16.002,210.161,6.413
631.900,snap_through,12,Patch1,4,217.038,16.838,216.570,7.083
631.900,snap_through,12,Patch1,5,223.344,16.600,222.868,6.665
631.900,snap_through,12,Patch1,6,229.641,16.306,229.153,6.168
631.900,snap_through,12,Patch1,7,235.959,16.306,235.467,5.936
631.900,snap_through,12,Patch1,8,242.256,16.600,241.772,5.969
631.900,snap_through,12,Patch1,9,248.562,16.838,248.083,5.921
631.900,snap_through,12,Patch1,10,254.952,16.002,254.424,4.774
631.900,snap_through,12,Patch1,11,262.150,13.990,261.498,2.371
631.900,snap_through,12,Patch1,12,267.697,11.612,266.648,-0.345
631.900,snap_through,12,Patch2,1,274.041,6.756,272.974,-5.624
631.900,snap_through,12,Patch2,2,280.386,6.756,279.291,-6.211
631.900,snap_through,12,Patch2,3,286.731,6.756,285.601,-6.878
631.900,snap_through,12,Patch3,1,178.869,6.757,178.325,-3.115
631.900,snap_through,12,Patch3,2,185.214,6.757,184.666,-2.890
631.900,snap_through,12,Patch3,3,191.559,6.757,191.009,-2.726
631.900,snap_through,12,Patch4,1,192.077,61.597,193.017,35.747
631.900,snap_through,12,Patch4,2,198.301,69.349,198.968,43.520
631.900,snap_through,12,Patch4,3,204.533,75.546,204.965,49.793
631.900,snap_through,12,Patch4,4,210.875,80.134,211.128,54.507
631.900,snap_through,12,Patch4,5,217.255,81.458,217.455,56.035
631.900,snap_through,12,Patch4,6,223.597,81.558,223.789,56.364
631.900,snap_through,12,Patch4,7,229.747,81.611,229.932,56.639
631.900,snap_through,12,Patch4,8,235.853,81.611,236.034,56.862
631.900,snap_through,12,Patch4,9,242.003,81.558,242.182,57.037
631.900,snap_through,12,Patch4,10,248.345,81.458,248.523,57.176
631.900,snap_through,12,Patch4,11,254.725,80.134,254.950,56.127
631.900,snap_through,12,Patch4,12,261.067,75.546,261.468,51.890
631.900,snap_through,12,Patch4,13,267.299,69.349,267.940,46.076
631.900,snap_through,12,Patch4,14,273.523,61.597,274.461,38.736
631.900,snap_through,13,Outer,1,140.800,33.866,140.343,29.918
631.900,snap_through,13,Outer,2,146.938,33.866,146.464,29.462
631.900,snap_through,13,Outer,3,153.076,33.866,152.585,29.018
631.900,snap_through,13,Outer,4,159.214,33.898,158.902,28.547
631.900,snap_through,13,Outer,5,165.337,34.286,165.032,28.352
631.900,snap_through,13,Outer,6,171.352,37.358,171.328,30.776
631.900,snap_through,13,Outer,7,177.259,43.243,177.805,35.991
631.900,snap_through,13,Outer,8,183.190,51.657,184.494,43.756
631.900,snap_through,13,Outer,9,189.097,61.538,191.096,53.112
631.900,snap_through,13,Outer,10,195.018,69.686,197.348,60.945
631.900,snap_through,13,Outer,11,201.192,75.889,203.588,67.041
631.900,snap_through,13,Outer,12,207.563,79.241,209.907,70.480
631.900,snap_through,13,Outer,13,213.958,80.350,216.255,71.824
631.900,snap_through,13,Outer,14,220.301,80.555,222.577,72.353
631.900,snap_through,13,Outer,15,226.634,80.597,228.893,72.755
631.900,snap_through,13,Outer,16,232.966,80.597,235.212,73.089
631.900,snap_through,13,Outer,17,239.299,80.555,241.537,73.280
631.900,snap_through,13,Outer,18,245.642,80.350,247.877,73.127
631.900,snap_through,13,Outer,19,252.037,79.241,254.214,71.775
631.900,snap_through,13,Outer,20,258.408,75.889,260.237,67.871
631.900,snap_through,13,Outer,21,264.582,69.686,265.557,60.970
631.900,snap_through,13,Outer,22,270.503,61.538,270.355,52.170
631.900,snap_through,13,Outer,23,276.410,51.657,275.808,42.075
631.900,snap_through,13,Outer,24,282.341,43.243,282.179,34.002
631.900,snap_through,13,Outer,25,288.248,37.358,288.246,28.298
631.900,snap_through,13,Outer,26,294.263,34.286,294.349,25.411
631.900,snap_through,13,Outer,27,300.386,33.898,300.481,25.216
631.900,snap_through,13,Outer,28,306.524,33.866,306.671,25.314
631.900,snap_through,13,Outer,29,312.662,33.866,312.808,25.386
631.900,snap_through,13,Outer,30,318.800,33.866,318.945,25.468
631.900,snap_through,13,Plate,1,140.800,31.401,140.343,27.454
631.900,snap_through,13,Plate,2,146.938,31.401,146.464,26.998
631.900,snap_through,13,Plate,3,153.076,31.401,152.585,26.554
631.900,snap_through,13,Plate,4,159.343,24.803,158.723,19.837
631.900,snap_through,13,Plate,5,165.508,16.664,165.089,11.867
631.900,snap_through,13,Plate,6,171.521,10.866,171.270,6.261
631.900,snap_through,13,Plate,7,177.628,8.057,177.461,3.645
631.900,snap_through,13,Plate,8,183.766,8.057,183.597,3.814
631.900,snap_through,13,Plate,9,189.903,8.057,189.733,3.962
631.900,snap_through,13,Plate,10,196.041,8.057,195.869,4.098
631.900,snap_through,13,Plate,11,202.121,10.574,201.885,6.749
631.900,snap_through,13,Plate,12,208.355,12.863,208.065,9.166
631.900,snap_through,13,Plate,13,214.549,13.670,214.246,10.055
631.900,snap_through,13,Plate,14,220.666,13.483,220.363,9.883
631.900,snap_through,13,Plate,15,226.748,13.233,226.440,9.574
631.900,snap_through,13,Plate,16,232.852,13.233,232.542,9.438
631.900,snap_through,13,Plate,17,238.934,13.483,238.628,9.475
631.900,snap_through,13,Plate,18,245.051,13.670,244.745,9.368
631.900,snap_through,13,Plate,19,251.245,12.863,250.876,8.188
631.900,snap_through,13,Plate,20,257.479,10.574,256.929,5.471
631.900,snap_through,13,Plate,21,263.559,8.057,262.807,2.530
631.900,snap_through,13,Plate,22,269.697,8.057,268.920,2.025
631.900,snap_through,13,Plate,23,275.834,8.057,275.036,1.515
631.900,snap_through,13,Plate,24,281.972,8.057,281.147,0.936
631.900,snap_through,13,Plate,25,288.079,10.866,287.516,3.076
631.900,snap_through,13,Plate,26,294.092,16.664,294.092,8.213
631.900,snap_through,13,Plate,27,300.257,24.803,300.525,16.139
631.900,snap_through,13,Plate,28,306.524,31.401,306.671,22.849
631.900,snap_through,13,Plate,29,312.662,31.401,312.808,22.922
631.900,snap_through,13,Plate,30,318.800,31.401,318.945,23.004
631.900,snap_through,13,Inner,1,177.628,10.521,177.461,6.109
631.900,snap_through,13,Inner,2,183.766,10.521,183.597,6.278
631.900,snap_through,13,Inner,3,189.903,10.521,189.733,6.426
631.900,snap_through,13,Inner,4,196.084,17.518,195.793,13.472
631.900,snap_through,13,Inner,5,202.108,27.666,201.876,23.551
631.900,snap_through,13,Inner,6,208.009,38.178,207.998,33.900
631.900,snap_through,13,Inner,7,214.126,45.932,214.367,41.422
631.900,snap_through,13,Inner,8,220.294,49.823,220.677,45.064
631.900,snap_through,13,Inner,9,226.628,50.991,227.050,45.993
631.900,snap_through,13,Inner,10,232.972,50.991,233.392,45.782
631.900,snap_through,13,Inner,11,239.306,49.823,239.692,44.444
631.900,snap_through,13,Inner,12,245.474,45.932,245.779,40.440
631.900,snap_through,13,Inner,13,251.591,38.178,251.780,32.624
631.900,snap_through,13,Inner,14,257.491,27.666,257.522,22.063
631.900,snap_through,13,Inner,15,263.516,17.518,263.274,11.792
631.900,snap_through,13,Inner,16,269.697,10.521,268.920,4.489
631.900,snap_through,13,Inner,17,275.834,10.521,275.036,3.979
631.900,snap_through,13,Inner,18,281.972,10.521,281.147,3.400
631.900,snap_through,13,Patch1,1,196.041,11.292,195.869,7.333
631.900,snap_through,13,Patch1,2,201.468,14.254,201.206,10.352
631.900,snap_through,13,Patch1,3,208.403,15.939,208.135,12.050
631.900,snap_through,13,Patch1,4,214.559,16.611,214.295,12.689
631.900,snap_through,13,Patch1,5,220.661,16.401,220.394,12.409
631.900,snap_through,13,Patch1,6,226.746,16.147,226.474,12.046
631.900,snap_through,13,Patch1,7,232.854,16.147,232.581,11.894
631.900,snap_through,13,Patch1,8,238.939,16.401,238.671,11.955
631.900,snap_through,13,Patch1,9,245.041,16.611,244.777,11.938
631.900,snap_through,13,Patch1,10,251.197,15.939,250.900,11.010
631.900,snap_through,13,Patch1,11,258.132,14.254,257.749,9.007
631.900,snap_through,13,Patch1,12,263.559,11.292,262.807,5.765
631.900,snap_through,13,Patch2,1,269.697,6.490,268.920,0.458
631.900,snap_through,13,Patch2,2,275.834,6.490,275.036,-0.052
631.900,snap_through,13,Patch2,3,281.972,6.490,281.147,-0.631
631.900,snap_through,13,Patch3,1,177.628,6.491,177.461,2.079
631.900,snap_through,13,Patch3,2,183.766,6.491,183.597,2.248
631.900,snap_through,13,Patch3,3,189.903,6.491,189.733,2.395
631.900,snap_through,13,Patch4,1,190.376,57.996,190.450,47.387
631.900,snap_through,13,Patch4,2,196.436,65.473,196.519,54.674
631.900,snap_through,13,Patch4,3,202.467,71.300,202.546,60.368
631.900,snap_through,13,Patch4,4,208.614,75.198,208.682,64.198
631.900,snap_through,13,Patch4,5,214.771,76.642,214.830,65.643
631.900,snap_through,13,Patch4,6,220.846,77.102,220.900,66.139
631.900,snap_through,13,Patch4,7,226.823,77.282,226.873,66.377
631.900,snap_through,13,Patch4,8,232.777,77.282,232.825,66.456
631.900,snap_through,13,Patch4,9,238.754,77.102,238.803,66.371
631.900,snap_through,13,Patch4,10,244.829,76.642,244.883,66.017
631.900,snap_through,13,Patch4,11,250.986,75.198,251.059,64.691
631.900,snap_through,13,Patch4,12,257.133,71.300,257.255,60.948
631.900,snap_through,13,Patch4,13,263.164,65.473,263.346,55.302
631.900,snap_through,13,Patch4,14,269.224,57.996,269.469,48.029
631.900,snap_through,14,Outer,1,140.800,32.045,140.800,32.045
631.900,snap_through,14,Outer,2,146.731,32.045,146.731,32.045
631.900,snap_through,14,Outer,3,152.662,32.045,152.662,32.045
631.900,snap_through,14,Outer,4,158.593,32.049,158.593,32.049
631.900,snap_through,14,Outer,5,164.523,32.484,164.523,32.484
631.900,snap_through,14,Outer,6,170.423,35.821,170.423,35.821
631.900,snap_through,14,Outer,7,176.197,41.604,176.197,41.604
631.900,snap_through,14,Outer,8,181.983,49.464,181.983,49.464
631.900,snap_through,14,Outer,9,187.757,58.532,187.757,58.532
631.900,snap_through,14,Outer,10,193.509,66.117,193.509,66.117
631.900,snap_through,14,Outer,11,199.438,72.003,199.438,72.003
631.900,snap_through,14,Outer,12,205.496,74.850,205.496,74.850
631.900,snap_through,14,Outer,13,211.583,75.698,211.583,75.698
631.900,snap_through,14,Outer,14,217.666,75.897,217.666,75.897
631.900,snap_through,14,Outer,15,223.755,75.979,223.755,75.979
631.900,snap_through,14,Outer,16,229.845,75.979,229.845,75.979
631.900,snap_through,14,Outer,17,235.934,75.897,235.934,75.897
631.900,snap_through,14,Outer,18,242.017,75.698,242.017,75.698
631.900,snap_through,14,Outer,19,248.104,74.850,248.104,74.850
631.900,snap_through,14,Outer,20,254.162,72.003,254.162,72.003
631.900,snap_through,14,Outer,21,260.091,66.117,260.091,66.117
631.900,snap_through,14,Outer,22,265.843,58.532,265.843,58.532
631.900,snap_through,14,Outer,23,271.617,49.464,271.617,49.464
631.900,snap_through,14,Outer,24,277.403,41.604,277.403,41.604
631.900,snap_through,14,Outer,25,283.177,35.821,283.177,35.821
631.900,snap_through,14,Outer,26,289.077,32.484,289.077,32.484
631.900,snap_through,14,Outer,27,295.007,32.049,295.007,32.049
631.900,snap_through,14,Outer,28,300.938,32.045,300.938,32.045
631.900,snap_through,14,Outer,29,306.869,32.045,306.869,32.045
631.900,snap_through,14,Outer,30,312.800,32.045,312.800,32.045
631.900,snap_through,14,Plate,1,140.800,29.580,140.800,29.580
631.900,snap_through,14,Plate,2,146.731,29.580,146.731,29.580
631.900,snap_through,14,Plate,3,152.662,29.580,152.662,29.580
631.900,snap_through,14,Plate,4,158.723,22.515,158.723,22.515
631.900,snap_through,14,Plate,5,164.673,14.537,164.673,14.537
631.900,snap_through,14,Plate,6,170.530,9.892,170.530,9.892
631.900,snap_through,14,Plate,7,176.386,8.038,176.386,8.038
631.900,snap_through,14,Plate,8,182.317,8.038,182.317,8.038
631.900,snap_through,14,Plate,9,188.248,8.038,188.248,8.038
631.900,snap_through,14,Plate,10,194.179,8.038,194.179,8.038
631.900,snap_through,14,Plate,11,200.094,11.507,200.094,11.507
631.900,snap_through,14,Plate,12,206.152,13.587,206.152,13.587
631.900,snap_through,14,Plate,13,212.101,14.155,212.101,14.155
631.900,snap_through,14,Plate,14,217.981,14.064,217.981,14.064
631.900,snap_through,14,Plate,15,223.856,13.910,223.856,13.910
631.900,snap_through,14,Plate,16,229.744,13.910,229.744,13.910
631.900,snap_through,14,Plate,17,235.619,14.064,235.619,14.064
631.900,snap_through,14,Plate,18,241.499,14.155,241.499,14.155
631.900,snap_through,14,Plate,19,247.448,13.587,247.448,13.587
631.900,snap_through,14,Plate,20,253.506,11.507,253.506,11.507
631.900,snap_through,14,Plate,21,259.421,8.038,259.421,8.038
631.900,snap_through,14,Plate,22,265.352,8.038,265.352,8.038
631.900,snap_through,14,Plate,23,271.283,8.038,271.283,8.038
631.900,snap_through,14,Plate,24,277.214,8.038,277.214,8.038
631.900,snap_through,14,Plate,25,283.070,9.892,283.070,9.892
631.900,snap_through,14,Plate,26,288.927,14.537,288.927,14.537
631.900,snap_through,14,Plate,27,294.877,22.515,294.877,22.515
631.900,snap_through,14,Plate,28,300.938,29.580,300.938,29.580
631.900,snap_through,14,Plate,29,306.869,29.580,306.869,29.580
631.900,snap_through,14,Plate,30,312.800,29.580,312.800,29.580
631.900,snap_through,14,Inner,1,176.386,10.503,176.386,10.503
631.900,snap_through,14,Inner,2,182.317,10.503,182.317,10.503
631.900,snap_through,14,Inner,3,188.248,10.503,188.248,10.503
631.900,snap_through,14,Inner,4,194.303,19.004,194.303,19.004
631.900,snap_through,14,Inner,5,200.172,29.589,200.172,29.589
631.900,snap_through,14,Inner,6,205.926,38.974,205.926,38.974
631.900,snap_through,14,Inner,7,211.821,45.264,211.821,45.264
631.900,snap_through,14,Inner,8,217.746,47.702,217.746,47.702
631.900,snap_through,14,Inner,9,223.776,48.140,223.776,48.140
631.900,snap_through,14,Inner,10,229.824,48.140,229.824,48.140
631.900,snap_through,14,Inner,11,235.854,47.702,235.854,47.702
631.900,snap_through,14,Inner,12,241.779,45.264,241.779,45.264
631.900,snap_through,14,Inner,13,247.674,38.974,247.674,38.974
631.900,snap_through,14,Inner,14,253.428,29.589,253.428,29.589
631.900,snap_through,14,Inner,15,259.297,19.004,259.297,19.004
631.900,snap_through,14,Inner,16,265.352,10.503,265.352,10.503
631.900,snap_through,14,Inner,17,271.283,10.503,271.283,10.503
631.900,snap_through,14,Inner,18,277.214,10.503,277.214,10.503
631.900,snap_through,14,Patch2,1,265.352,6.471,265.352,6.471
631.900,snap_through,14,Patch2,2,271.283,6.471,271.283,6.471
631.900,snap_through,14,Patch2,3,277.214,6.471,277.214,6.471
631.900,snap_through,14,Patch3,1,176.386,6.472,176.386,6.472
631.900,snap_through,14,Patch3,2,182.317,6.472,182.317,6.472
631.900,snap_through,14,Patch3,3,188.248,6.472,188.248,6.472
631.900,snap_through,14,Patch4,1,188.813,54.965,188.813,54.965
631.900,snap_through,14,Patch4,2,194.711,61.612,194.711,61.612
631.900,snap_through,14,Patch4,3,200.511,67.178,200.511,67.178
631.900,snap_through,14,Patch4,4,206.420,70.274,206.420,70.274
631.900,snap_through,14,Patch4,5,212.306,71.319,212.306,71.319
631.900,snap_through,14,Patch4,6,218.131,71.494,218.131,71.494
631.900,snap_through,14,Patch4,7,223.908,71.503,223.908,71.503
631.900,snap_through,14,Patch4,8,229.692,71.503,229.692,71.503
631.900,snap_through,14,Patch4,9,235.469,71.494,235.469,71.494
631.900,snap_through,14,Patch4,10,241.294,71.319,241.294,71.319
631.900,snap_through,14,Patch4,11,247.180,70.274,247.180,70.274
631.900,snap_through,14,Patch4,12,253.089,67.178,253.089,67.178
631.900,snap_through,14,Patch4,13,258.889,61.612,258.889,61.612
631.900,snap_through,14,Patch4,14,264.787,54.965,264.787,54.965
