F0_kN,status,sec,part,point_idx,x0_mm,y0_mm,x_mm,y_mm
131.700,stable,0,Outer,1,0.000,77.176,0.000,77.176
131.700,stable,0,Outer,2,22.952,77.176,22.952,77.176
131.700,stable,0,Outer,3,45.903,77.176,45.903,77.176
131.700,stable,0,Outer,4,68.855,77.179,68.855,77.179
131.700,stable,0,Outer,5,91.792,78.077,91.792,78.077
131.700,stable,0,Outer,6,114.593,85.124,114.593,85.124
131.700,stable,0,Outer,7,137.122,98.200,137.122,98.200
131.700,stable,0,Outer,8,159.711,115.776,159.711,115.776
131.700,stable,0,Outer,9,181.710,136.686,181.710,136.686
131.700,stable,0,Outer,10,203.804,155.760,203.804,155.760
131.700,stable,0,Outer,11,226.449,171.309,226.449,171.309
131.700,stable,0,Outer,12,250.090,183.123,250.090,183.123
131.700,stable,0,Outer,13,273.409,191.435,273.409,191.435
131.700,stable,0,Outer,14,297.146,196.498,297.146,196.498
131.700,stable,0,Outer,15,320.863,198.450,320.863,198.450
131.700,stable,0,Outer,16,344.737,198.450,344.737,198.450
131.700,stable,0,Outer,17,368.454,196.498,368.454,196.498
131.700,stable,0,Outer,18,392.191,191.435,392.191,191.435
131.700,stable,0,Outer,19,415.510,183.123,415.510,183.123
131.700,stable,0,Outer,20,439.151,171.309,439.151,171.309
131.700,stable,0,Outer,21,461.796,155.760,461.796,155.760
131.700,stable,0,Outer,22,483.890,136.686,483.890,136.686
131.700,stable,0,Outer,23,505.889,115.776,505.889,115.776
131.700,stable,0,Outer,24,528.478,98.200,528.478,98.200
131.700,stable,0,Outer,25,551.007,85.124,551.007,85.124
131.700,stable,0,Outer,26,573.808,78.077,573.808,78.077
131.700,stable,0,Outer,27,596.745,77.179,596.745,77.179
131.700,stable,0,Outer,28,619.697,77.176,619.697,77.176
131.700,stable,0,Outer,29,642.648,77.176,642.648,77.176
131.700,stable,0,Outer,30,665.600,77.176,665.600,77.176
131.700,stable,0,Plate,1,0.000,74.712,0.000,74.712
131.700,stable,0,Plate,2,22.952,74.712,22.952,74.712
131.700,stable,0,Plate,3,45.903,74.712,45.903,74.712
131.700,stable,0,Plate,4,68.670,59.831,68.670,59.831
131.700,stable,0,Plate,5,91.365,40.578,91.365,40.578
131.700,stable,0,Plate,6,114.568,23.951,114.568,23.951
131.700,stable,0,Plate,7,137.710,12.233,137.710,12.233
131.700,stable,0,Plate,8,160.662,12.233,160.662,12.233
131.700,stable,0,Plate,9,183.614,12.233,183.614,12.233
131.700,stable,0,Plate,10,206.566,12.233,206.566,12.233
131.700,stable,0,Plate,11,229.750,16.398,229.750,16.398
131.700,stable,0,Plate,12,253.240,20.696,253.240,20.696
131.700,stable,0,Plate,13,275.756,23.795,275.756,23.795
131.700,stable,0,Plate,14,298.909,25.770,298.909,25.770
131.700,stable,0,Plate,15,321.607,26.483,321.607,26.483
131.700,stable,0,Plate,16,343.993,26.483,343.993,26.483
131.700,stable,0,Plate,17,366.691,25.770,366.691,25.770
131.700,stable,0,Plate,18,389.844,23.795,389.844,23.795
131.700,stable,0,Plate,19,412.360,20.696,412.360,20.696
131.700,stable,0,Plate,20,435.850,16.398,435.850,16.398
131.700,stable,0,Plate,21,459.034,12.233,459.034,12.233
131.700,stable,0,Plate,22,481.986,12.233,481.986,12.233
131.700,stable,0,Plate,23,504.938,12.233,504.938,12.233
131.700,stable,0,Plate,24,527.890,12.233,527.890,12.233
131.700,stable,0,Plate,25,551.032,23.951,551.032,23.951
131.700,stable,0,Plate,26,574.235,40.578,574.235,40.578
131.700,stable,0,Plate,27,596.930,59.831,596.930,59.831
131.700,stable,0,Plate,28,619.697,74.712,619.697,74.712
131.700,stable,0,Plate,29,642.648,74.712,642.648,74.712
131.700,stable,0,Plate,30,665.600,74.712,665.600,74.712
131.700,stable,0,Inner,1,137.710,14.698,137.710,14.698
131.700,stable,0,Inner,2,160.662,14.698,160.662,14.698
131.700,stable,0,Inner,3,183.614,14.698,183.614,14.698
131.700,stable,0,Inner,4,205.946,28.584,205.946,28.584
131.700,stable,0,Inner,5,228.148,46.667,228.148,46.667
131.700,stable,0,Inner,6,250.657,67.900,250.657,67.900
131.700,stable,0,Inner,7,273.978,86.397,273.978,86.397
131.700,stable,0,Inner,8,297.624,99.495,297.624,99.495
131.700,stable,0,Inner,9,321.194,106.375,321.194,106.375
131.700,stable,0,Inner,10,344.406,106.375,344.406,106.375
131.700,stable,0,Inner,11,367.976,99.495,367.976,99.495
131.700,stable,0,Inner,12,391.622,86.397,391.622,86.397
131.700,stable,0,Inner,13,414.943,67.900,414.943,67.900
131.700,stable,0,Inner,14,437.452,46.667,437.452,46.667
131.700,stable,0,Inner,15,459.654,28.584,459.654,28.584
131.700,stable,0,Inner,16,481.986,14.698,481.986,14.698
131.700,stable,0,Inner,17,504.938,14.698,504.938,14.698
131.700,stable,0,Inner,18,527.890,14.698,527.890,14.698
131.700,stable,0,Patch2,1,481.986,10.666,481.986,10.666
131.700,stable,0,Patch2,2,504.938,10.666,504.938,10.666
131.700,stable,0,Patch2,3,527.890,10.666,527.890,10.666
131.700,stable,0,Patch3,1,137.710,10.667,137.710,10.667
131.700,stable,0,Patch3,2,160.662,10.667,160.662,10.667
131.700,stable,0,Patch3,3,183.614,10.667,183.614,10.667
131.700,stable,0,Patch4,1,187.098,137.722,187.098,137.722
131.700,stable,0,Patch4,2,208.654,153.385,208.654,153.385
131.700,stable,0,Patch4,3,231.566,166.352,231.566,166.352
131.700,stable,0,Patch4,4,253.461,175.656,253.461,175.656
131.700,stable,0,Patch4,5,276.821,183.870,276.821,183.870
131.700,stable,0,Patch4,6,299.323,189.200,299.323,189.200
131.700,stable,0,Patch4,7,321.567,192.149,321.567,192.149
131.700,stable,0,Patch4,8,344.033,192.149,344.033,192.149
131.700,stable,0,Patch4,9,366.277,189.200,366.277,189.200
131.700,stable,0,Patch4,10,388.779,183.870,388.779,183.870
131.700,stable,0,Patch4,11,412.139,175.656,412.139,175.656
131.700,stable,0,Patch4,12,434.034,166.352,434.034,166.352
131.700,stable,0,Patch4,13,456.946,153.385,456.946,153.385
131.700,stable,0,Patch4,14,478.502,137.722,478.502,137.722
131.700,stable,1,Outer,1,97.397,60.197,97.434,60.105
131.700,stable,1,Outer,2,112.005,60.197,112.042,60.062
131.700,stable,1,Outer,3,126.612,60.197,126.651,60.023
131.700,stable,1,Outer,4,141.219,60.237,141.255,60.108
131.700,stable,1,Outer,5,155.751,60.865,155.788,60.834
131.700,stable,1,Outer,6,169.822,65.726,169.847,65.743
131.700,stable,1,Outer,7,183.819,74.544,183.826,74.602
131.700,stable,1,Outer,8,198.046,87.541,198.008,87.665
131.700,stable,1,Outer,9,211.802,102.987,211.704,103.187
131.700,stable,1,Outer,10,225.848,116.516,225.708,116.793
131.700,stable,1,Outer,11,240.338,128.410,240.185,128.747
131.700,stable,1,Outer,12,255.796,138.853,255.666,139.219
131.700,stable,1,Outer,13,271.284,145.897,271.187,146.284
131.700,stable,1,Outer,14,286.468,149.143,286.394,149.582
131.700,stable,1,Outer,15,301.594,150.184,301.547,150.666
131.700,stable,1,Outer,16,316.811,150.184,316.790,150.663
131.700,stable,1,Outer,17,331.937,149.143,331.940,149.578
131.700,stable,1,Outer,18,347.122,145.897,347.146,146.295
131.700,stable,1,Outer,19,362.610,138.853,362.664,139.249
131.700,stable,1,Outer,20,378.068,128.410,378.146,128.796
131.700,stable,1,Outer,21,392.557,116.516,392.638,116.874
131.700,stable,1,Outer,22,406.603,102.987,406.668,103.307
131.700,stable,1,Outer,23,420.360,87.541,420.397,87.823
131.700,stable,1,Outer,24,434.586,74.544,434.593,74.783
131.700,stable,1,Outer,25,448.583,65.726,448.564,65.915
131.700,stable,1,Outer,26,462.654,60.865,462.606,60.956
131.700,stable,1,Outer,27,477.186,60.237,477.135,60.160
131.700,stable,1,Outer,28,491.794,60.197,491.732,60.036
131.700,stable,1,Outer,29,506.401,60.197,506.342,60.045
131.700,stable,1,Outer,30,521.008,60.197,520.950,60.056
131.700,stable,1,Plate,1,97.397,57.733,97.434,57.640
131.700,stable,1,Plate,2,112.005,57.733,112.042,57.597
131.700,stable,1,Plate,3,126.612,57.733,126.651,57.559
131.700,stable,1,Plate,4,140.862,48.632,140.894,48.437
131.700,stable,1,Plate,5,155.243,35.513,155.300,35.341
131.700,stable,1,Plate,6,170.168,21.392,170.236,21.230
131.700,stable,1,Plate,7,185.041,11.236,185.087,11.045
131.700,stable,1,Plate,8,199.648,11.236,199.694,11.060
131.700,stable,1,Plate,9,214.255,11.236,214.301,11.093
131.700,stable,1,Plate,10,228.863,11.236,228.905,11.034
131.700,stable,1,Plate,11,243.703,12.624,243.748,12.369
131.700,stable,1,Plate,12,258.371,16.101,258.411,15.865
131.700,stable,1,Plate,13,272.893,19.011,272.916,18.839
131.700,stable,1,Plate,14,287.535,20.699,287.545,20.584
131.700,stable,1,Plate,15,302.017,21.120,302.020,21.027
131.700,stable,1,Plate,16,316.389,21.120,316.386,21.025
131.700,stable,1,Plate,17,330.871,20.699,330.862,20.575
131.700,stable,1,Plate,18,345.513,19.011,345.490,18.820
131.700,stable,1,Plate,19,360.034,16.101,359.994,15.834
131.700,stable,1,Plate,20,374.703,12.624,374.654,12.322
131.700,stable,1,Plate,21,389.543,11.236,389.497,10.945
131.700,stable,1,Plate,22,404.150,11.236,404.106,10.971
131.700,stable,1,Plate,23,418.757,11.236,418.714,10.984
131.700,stable,1,Plate,24,433.365,11.236,433.323,11.028
131.700,stable,1,Plate,25,448.237,21.392,448.184,21.203
131.700,stable,1,Plate,26,463.163,35.513,463.104,35.335
131.700,stable,1,Plate,27,477.543,48.632,477.485,48.459
131.700,stable,1,Plate,28,491.794,57.733,491.732,57.572
131.700,stable,1,Plate,29,506.401,57.733,506.342,57.580
131.700,stable,1,Plate,30,521.008,57.733,520.950,57.592
131.700,stable,1,Inner,1,185.041,13.700,185.087,13.509
131.700,stable,1,Inner,2,199.648,13.700,199.694,13.524
131.700,stable,1,Inner,3,214.255,13.700,214.301,13.557
131.700,stable,1,Inner,4,228.453,19.191,228.504,19.050
131.700,stable,1,Inner,5,242.488,31.270,242.530,31.147
131.700,stable,1,Inner,6,256.943,47.431,256.962,47.337
131.700,stable,1,Inner,7,271.825,62.634,271.826,62.567
131.700,stable,1,Inner,8,286.862,73.925,286.871,73.858
131.700,stable,1,Inner,9,301.841,79.683,301.868,79.586
131.700,stable,1,Inner,10,316.565,79.683,316.599,79.555
131.700,stable,1,Inner,11,331.544,73.925,331.577,73.775
131.700,stable,1,Inner,12,346.581,62.634,346.603,62.459
131.700,stable,1,Inner,13,361.463,47.431,361.462,47.225
131.700,stable,1,Inner,14,375.917,31.270,375.890,31.034
131.700,stable,1,Inner,15,389.952,19.191,389.910,18.934
131.700,stable,1,Inner,16,404.150,13.700,404.106,13.435
131.700,stable,1,Inner,17,418.757,13.700,418.714,13.448
131.700,stable,1,Inner,18,433.365,13.700,433.323,13.492
131.700,stable,1,Patch1,1,228.863,13.824,228.905,13.623
131.700,stable,1,Patch1,2,243.070,15.777,243.116,15.571
131.700,stable,1,Patch1,3,258.414,19.225,258.444,19.088
131.700,stable,1,Patch1,4,272.814,21.462,272.832,21.404
131.700,stable,1,Patch1,5,287.381,23.368,287.389,23.375
131.700,stable,1,Patch1,6,302.003,23.612,302.009,23.643
131.700,stable,1,Patch1,7,316.402,23.612,316.406,23.629
131.700,stable,1,Patch1,8,331.024,23.368,331.026,23.336
131.700,stable,1,Patch1,9,345.591,21.462,345.581,21.349
131.700,stable,1,Patch1,10,359.992,19.225,359.968,19.028
131.700,stable,1,Patch1,11,375.336,15.777,375.296,15.508
131.700,stable,1,Patch1,12,389.543,13.824,389.497,13.534
131.700,stable,1,Patch2,1,404.150,9.669,404.106,9.403
131.700,stable,1,Patch2,2,418.757,9.669,418.714,9.417
131.700,stable,1,Patch2,3,433.365,9.669,433.323,9.461
131.700,stable,1,Patch3,1,185.041,9.669,185.087,9.478
131.700,stable,1,Patch3,2,199.648,9.669,199.694,9.494
131.700,stable,1,Patch3,3,214.255,9.669,214.301,9.526
131.700,stable,1,Patch4,1,216.285,101.557,216.477,101.259
131.700,stable,1,Patch4,2,229.667,112.774,229.808,112.537
131.700,stable,1,Patch4,3,244.116,124.447,244.202,124.277
131.700,stable,1,Patch4,4,257.887,133.856,257.930,133.746
131.700,stable,1,Patch4,5,272.378,141.447,272.391,141.391
131.700,stable,1,Patch4,6,287.127,145.349,287.130,145.324
131.700,stable,1,Patch4,7,301.796,146.111,301.798,146.093
131.700,stable,1,Patch4,8,316.609,146.111,316.611,146.087
131.700,stable,1,Patch4,9,331.279,145.349,331.279,145.309
131.700,stable,1,Patch4,10,346.027,141.447,346.019,141.378
131.700,stable,1,Patch4,11,360.519,133.856,360.491,133.751
131.700,stable,1,Patch4,12,374.289,124.447,374.237,124.305
131.700,stable,1,Patch4,13,388.738,112.774,388.653,112.591
131.700,stable,1,Patch4,14,402.121,101.557,402.005,101.338
131.700,stable,2,Outer,1,113.689,57.760,113.763,57.624
131.700,stable,2,Outer,2,125.842,57.760,125.916,57.539
131.700,stable,2,Outer,3,137.995,57.760,138.069,57.457
131.700,stable,2,Outer,4,150.149,57.749,150.233,57.389
131.700,stable,2,Outer,5,162.192,58.278,162.280,57.852
131.700,stable,2,Outer,6,173.599,62.559,173.735,62.006
131.700,stable,2,Outer,7,185.095,71.380,185.387,70.622
131.700,stable,2,Outer,8,196.817,84.268,197.353,83.287
131.700,stable,2,Outer,9,208.209,99.135,208.878,98.052
131.700,stable,2,Outer,10,219.956,111.960,220.522,110.972
131.700,stable,2,Outer,11,232.101,123.030,232.434,122.291
131.700,stable,2,Outer,12,245.128,132.263,245.230,131.843
131.700,stable,2,Outer,13,258.404,138.045,258.385,137.895
131.700,stable,2,Outer,14,271.049,139.973,271.006,139.973
131.700,stable,2,Outer,15,283.611,140.420,283.567,140.453
131.700,stable,2,Outer,16,296.211,140.420,296.167,140.376
131.700,stable,2,Outer,17,308.773,139.973,308.722,139.771
131.700,stable,2,Outer,18,321.419,138.045,321.338,137.657
131.700,stable,2,Outer,19,334.694,132.263,334.538,131.705
131.700,stable,2,Outer,20,347.721,123.030,347.486,122.362
131.700,stable,2,Outer,21,359.866,111.960,359.596,111.255
131.700,stable,2,Outer,22,371.613,99.135,371.361,98.446
131.700,stable,2,Outer,23,383.005,84.268,382.817,83.629
131.700,stable,2,Outer,24,394.728,71.380,394.622,70.816
131.700,stable,2,Outer,25,406.223,62.559,406.171,62.066
131.700,stable,2,Outer,26,417.630,58.278,417.592,57.822
131.700,stable,2,Outer,27,429.674,57.749,429.634,57.293
131.700,stable,2,Outer,28,441.827,57.760,441.785,57.297
131.700,stable,2,Outer,29,453.980,57.760,453.938,57.328
131.700,stable,2,Outer,30,466.133,57.760,466.091,57.360
131.700,stable,2,Plate,1,113.689,55.295,113.763,55.159
131.700,stable,2,Plate,2,125.842,55.295,125.916,55.075
131.700,stable,2,Plate,3,137.995,55.295,138.069,54.992
131.700,stable,2,Plate,4,149.809,45.886,149.815,45.499
131.700,stable,2,Plate,5,161.818,33.361,161.771,32.921
131.700,stable,2,Plate,6,174.224,20.802,174.203,20.387
131.700,stable,2,Plate,7,186.608,11.916,186.636,11.570
131.700,stable,2,Plate,8,198.762,11.916,198.789,11.623
131.700,stable,2,Plate,9,210.915,11.916,210.942,11.652
131.700,stable,2,Plate,10,223.068,11.916,223.095,11.673
131.700,stable,2,Plate,11,235.431,14.224,235.451,14.011
131.700,stable,2,Plate,12,247.358,17.674,247.369,17.491
131.700,stable,2,Plate,13,259.631,20.393,259.637,20.234
131.700,stable,2,Plate,14,271.744,21.656,271.749,21.511
131.700,stable,2,Plate,15,283.855,21.842,283.860,21.699
131.700,stable,2,Plate,16,295.967,21.842,295.973,21.684
131.700,stable,2,Plate,17,308.078,21.656,308.084,21.463
131.700,stable,2,Plate,18,320.191,20.393,320.191,20.146
131.700,stable,2,Plate,19,332.464,17.674,332.449,17.355
131.700,stable,2,Plate,20,344.391,14.224,344.354,13.831
131.700,stable,2,Plate,21,356.754,11.916,356.706,11.468
131.700,stable,2,Plate,22,368.907,11.916,368.859,11.451
131.700,stable,2,Plate,23,381.061,11.916,381.012,11.445
131.700,stable,2,Plate,24,393.214,11.916,393.166,11.449
131.700,stable,2,Plate,25,405.598,20.802,405.556,20.329
131.700,stable,2,Plate,26,418.004,33.361,417.972,32.881
131.700,stable,2,Plate,27,430.013,45.886,429.980,45.411
131.700,stable,2,Plate,28,441.827,55.295,441.785,54.833
131.700,stable,2,Plate,29,453.980,55.295,453.938,54.863
131.700,stable,2,Plate,30,466.133,55.295,466.091,54.896
131.700,stable,2,Inner,1,186.608,14.380,186.636,14.034
131.700,stable,2,Inner,2,198.762,14.380,198.789,14.087
131.700,stable,2,Inner,3,210.915,14.380,210.942,14.117
131.700,stable,2,Inner,4,222.789,22.464,222.823,22.194
131.700,stable,2,Inner,5,234.500,34.242,234.557,33.948
131.700,stable,2,Inner,6,246.598,49.503,246.673,49.195
131.700,stable,2,Inner,7,258.910,63.582,258.983,63.275
131.700,stable,2,Inner,8,271.329,73.553,271.396,73.254
131.700,stable,2,Inner,9,283.773,78.321,283.841,78.019
131.700,stable,2,Inner,10,296.049,78.321,296.117,77.995
131.700,stable,2,Inner,11,308.493,73.553,308.547,73.189
131.700,stable,2,Inner,12,320.912,63.582,320.933,63.179
131.700,stable,2,Inner,13,333.224,49.503,333.209,49.068
131.700,stable,2,Inner,14,345.322,34.242,345.284,33.788
131.700,stable,2,Inner,15,357.033,22.464,356.991,22.007
131.700,stable,2,Inner,16,368.907,14.380,368.859,13.916
131.700,stable,2,Inner,17,381.061,14.380,381.012,13.910
131.700,stable,2,Inner,18,393.214,14.380,393.166,13.913
131.700,stable,2,Patch2,1,368.907,10.349,368.859,9.884
131.700,stable,2,Patch2,2,381.061,10.349,381.012,9.878
131.700,stable,2,Patch2,3,393.214,10.349,393.166,9.882
131.700,stable,2,Patch3,1,186.608,10.349,186.636,10.003
131.700,stable,2,Patch3,2,198.762,10.349,198.789,10.056
131.700,stable,2,Patch3,3,210.915,10.349,210.942,10.086
131.700,stable,2,Patch4,1,211.968,96.300,212.344,95.430
131.700,stable,2,Patch4,2,224.001,108.348,224.243,107.610
131.700,stable,2,Patch4,3,235.531,117.659,235.674,117.042
131.700,stable,2,Patch4,4,247.396,125.986,247.459,125.481
131.700,stable,2,Patch4,5,259.328,130.868,259.352,130.457
131.700,stable,2,Patch4,6,271.463,132.793,271.476,132.451
131.700,stable,2,Patch4,7,283.785,133.242,283.795,132.945
131.700,stable,2,Patch4,8,296.038,133.242,296.048,132.965
131.700,stable,2,Patch4,9,308.359,132.793,308.369,132.513
131.700,stable,2,Patch4,10,320.494,130.868,320.499,130.561
131.700,stable,2,Patch4,11,332.426,125.986,332.411,125.630
131.700,stable,2,Patch4,12,344.291,117.659,344.232,117.242
131.700,stable,2,Patch4,13,355.821,108.348,355.710,107.866
131.700,stable,2,Patch4,14,367.854,96.300,367.674,95.750
131.700,stable,3,Outer,1,125.925,55.289,125.990,55.102
131.700,stable,3,Outer,2,136.184,55.289,136.247,54.926
131.700,stable,3,Outer,3,146.442,55.289,146.504,54.747
131.700,stable,3,Outer,4,156.701,55.312,156.810,54.568
131.700,stable,3,Outer,5,166.853,55.906,166.974,54.912
131.700,stable,3,Outer,6,176.432,60.600,176.687,59.322
131.700,stable,3,Outer,7,186.279,69.578,186.801,67.999
131.700,stable,3,Outer,8,196.021,82.377,196.825,80.580
131.700,stable,3,Outer,9,205.598,97.285,206.464,95.448
131.700,stable,3,Outer,10,215.299,109.979,215.961,108.295
131.700,stable,3,Outer,11,225.579,120.488,225.941,119.089
131.700,stable,3,Outer,12,236.336,128.994,236.440,127.911
131.700,stable,3,Outer,13,247.507,134.127,247.491,133.296
131.700,stable,3,Outer,14,258.470,135.642,258.435,134.941
131.700,stable,3,Outer,15,269.279,136.054,269.242,135.371
131.700,stable,3,Outer,16,280.071,136.054,280.033,135.299
131.700,stable,3,Outer,17,290.880,135.642,290.835,134.751
131.700,stable,3,Outer,18,301.843,134.127,301.771,133.060
131.700,stable,3,Outer,19,313.014,128.994,312.856,127.746
131.700,stable,3,Outer,20,323.771,120.488,323.502,119.102
131.700,stable,3,Outer,21,334.051,109.979,333.710,108.524
131.700,stable,3,Outer,22,343.752,97.285,343.411,95.830
131.700,stable,3,Outer,23,353.329,82.377,353.059,80.969
131.700,stable,3,Outer,24,363.071,69.578,362.922,68.263
131.700,stable,3,Outer,25,372.918,60.600,372.882,59.413
131.700,stable,3,Outer,26,382.497,55.906,382.524,54.853
131.700,stable,3,Outer,27,392.649,55.312,392.681,54.381
131.700,stable,3,Outer,28,402.908,55.289,402.956,54.435
131.700,stable,3,Outer,29,413.166,55.289,413.214,54.504
131.700,stable,3,Outer,30,423.425,55.289,423.472,54.577
131.700,stable,3,Plate,1,125.925,52.825,125.990,52.638
131.700,stable,3,Plate,2,136.184,52.825,136.247,52.462
131.700,stable,3,Plate,3,146.442,52.825,146.504,52.283
131.700,stable,3,Plate,4,156.714,44.118,156.653,43.433
131.700,stable,3,Plate,5,167.104,32.311,166.985,31.574
131.700,stable,3,Plate,6,177.231,20.040,177.168,19.349
131.700,stable,3,Plate,7,187.477,11.002,187.491,10.399
131.700,stable,3,Plate,8,197.735,11.002,197.749,10.471
131.700,stable,3,Plate,9,207.994,11.002,208.008,10.523
131.700,stable,3,Plate,10,218.253,11.002,218.267,10.564
131.700,stable,3,Plate,11,228.623,13.554,228.632,13.141
131.700,stable,3,Plate,12,238.582,17.756,238.588,17.348
131.700,stable,3,Plate,13,248.928,20.676,248.936,20.261
131.700,stable,3,Plate,14,259.272,21.407,259.282,20.984
131.700,stable,3,Plate,15,269.548,21.486,269.558,21.051
131.700,stable,3,Plate,16,279.802,21.486,279.812,21.034
131.700,stable,3,Plate,17,290.078,21.407,290.088,20.929
131.700,stable,3,Plate,18,300.422,20.676,300.430,20.163
131.700,stable,3,Plate,19,310.768,17.756,310.764,17.200
131.700,stable,3,Plate,20,320.727,13.554,320.702,12.950
131.700,stable,3,Plate,21,331.097,11.002,331.061,10.351
131.700,stable,3,Plate,22,341.356,11.002,341.320,10.310
131.700,stable,3,Plate,23,351.615,11.002,351.579,10.264
131.700,stable,3,Plate,24,361.873,11.002,361.838,10.218
131.700,stable,3,Plate,25,372.119,20.040,372.128,19.206
131.700,stable,3,Plate,26,382.246,32.311,382.297,31.443
131.700,stable,3,Plate,27,392.636,44.118,392.703,43.239
131.700,stable,3,Plate,28,402.908,52.825,402.956,51.970
131.700,stable,3,Plate,29,413.166,52.825,413.214,52.040
131.700,stable,3,Plate,30,423.425,52.825,423.472,52.113
131.700,stable,3,Inner,1,187.477,13.466,187.491,12.863
131.700,stable,3,Inner,2,197.735,13.466,197.749,12.935
131.700,stable,3,Inner,3,207.994,13.466,208.008,12.987
131.700,stable,3,Inner,4,218.065,22.629,218.068,22.159
131.700,stable,3,Inner,5,227.955,35.554,227.986,35.062
131.700,stable,3,Inner,6,238.006,51.396,238.075,50.880
131.700,stable,3,Inner,7,248.213,64.987,248.299,64.458
131.700,stable,3,Inner,8,258.686,74.658,258.778,74.122
131.700,stable,3,Inner,9,269.387,78.923,269.483,78.376
131.700,stable,3,Inner,10,279.963,78.923,280.060,78.357
131.700,stable,3,Inner,11,290.664,74.658,290.750,74.066
131.700,stable,3,Inner,12,301.137,64.987,301.198,64.370
131.700,stable,3,Inner,13,311.344,51.396,311.378,50.758
131.700,stable,3,Inner,14,321.395,35.554,321.406,34.901
131.700,stable,3,Inner,15,331.285,22.629,331.280,21.964
131.700,stable,3,Inner,16,341.356,13.466,341.320,12.774
131.700,stable,3,Inner,17,351.615,13.466,351.579,12.729
131.700,stable,3,Inner,18,361.873,13.466,361.838,12.682
131.700,stable,3,Patch2,1,341.356,9.435,341.320,8.743
131.700,stable,3,Patch2,2,351.615,9.435,351.579,8.697
131.700,stable,3,Patch2,3,361.873,9.435,361.838,8.650
131.700,stable,3,Patch3,1,187.477,9.436,187.491,8.832
131.700,stable,3,Patch3,2,197.735,9.436,197.749,8.905
131.700,stable,3,Patch3,3,207.994,9.436,208.008,8.957
131.700,stable,4,Outer,1,134.356,52.895,134.325,52.459
131.700,stable,4,Outer,2,143.244,52.895,143.211,52.230
131.700,stable,4,Outer,3,152.133,52.895,152.097,52.001
131.700,stable,4,Outer,4,161.022,52.930,161.059,51.758
131.700,stable,4,Outer,5,169.798,53.466,169.849,51.961
131.700,stable,4,Outer,6,177.971,57.810,178.184,55.985
131.700,stable,4,Outer,7,186.431,66.673,186.926,64.569
131.700,stable,4,Outer,8,194.685,79.140,195.391,76.892
131.700,stable,4,Outer,9,202.936,94.258,203.595,92.035
131.700,stable,4,Outer,10,211.425,107.455,211.843,105.383
131.700,stable,4,Outer,11,220.269,117.444,220.455,115.574
131.700,stable,4,Outer,12,229.785,125.140,229.814,123.460
131.700,stable,4,Outer,13,239.572,129.567,239.541,128.017
131.700,stable,4,Outer,14,249.075,130.767,249.037,129.274
131.700,stable,4,Outer,15,258.526,131.041,258.488,129.545
131.700,stable,4,Outer,16,267.963,131.041,267.925,129.494
131.700,stable,4,Outer,17,277.414,130.767,277.373,129.132
131.700,stable,4,Outer,18,286.917,129.567,286.861,127.824
131.700,stable,4,Outer,19,296.703,125.140,296.592,123.278
131.700,stable,4,Outer,20,306.220,117.444,306.025,115.481
131.700,stable,4,Outer,21,315.064,107.455,314.799,105.431
131.700,stable,4,Outer,22,323.553,94.258,323.262,92.219
131.700,stable,4,Outer,23,331.804,79.140,331.566,77.131
131.700,stable,4,Outer,24,340.058,66.673,339.959,64.759
131.700,stable,4,Outer,25,348.518,57.810,348.578,56.053
131.700,stable,4,Outer,26,356.691,53.466,356.846,51.895
131.700,stable,4,Outer,27,365.467,52.930,365.630,51.550
131.700,stable,4,Outer,28,374.356,52.895,374.552,51.646
131.700,stable,4,Outer,29,383.244,52.895,383.440,51.746
131.700,stable,4,Outer,30,392.133,52.895,392.329,51.849
131.700,stable,4,Plate,1,134.356,50.431,134.325,49.995
131.700,stable,4,Plate,2,143.244,50.431,143.211,49.766
131.700,stable,4,Plate,3,152.133,50.431,152.097,49.537
131.700,stable,4,Plate,4,161.165,41.997,160.979,40.946
131.700,stable,4,Plate,5,170.169,30.733,169.962,29.665
131.700,stable,4,Plate,6,178.883,18.942,178.785,17.955
131.700,stable,4,Plate,7,187.689,10.528,187.693,9.649
131.700,stable,4,Plate,8,196.578,10.528,196.582,9.737
131.700,stable,4,Plate,9,205.467,10.528,205.470,9.801
131.700,stable,4,Plate,10,214.356,10.528,214.359,9.836
131.700,stable,4,Plate,11,223.367,12.884,223.369,12.201
131.700,stable,4,Plate,12,231.986,17.106,231.995,16.409
131.700,stable,4,Plate,13,241.018,19.893,241.034,19.174
131.700,stable,4,Plate,14,249.946,20.173,249.963,19.433
131.700,stable,4,Plate,15,258.814,20.049,258.830,19.293
131.700,stable,4,Plate,16,267.675,20.049,267.691,19.279
131.700,stable,4,Plate,17,276.542,20.173,276.559,19.390
131.700,stable,4,Plate,18,285.471,19.893,285.487,19.097
131.700,stable,4,Plate,19,294.503,17.106,294.514,16.295
131.700,stable,4,Plate,20,303.122,12.884,303.123,12.052
131.700,stable,4,Plate,21,312.133,10.528,312.126,9.662
131.700,stable,4,Plate,22,321.022,10.528,321.015,9.611
131.700,stable,4,Plate,23,329.911,10.528,329.903,9.537
131.700,stable,4,Plate,24,338.800,10.528,338.792,9.448
131.700,stable,4,Plate,25,347.606,18.942,347.689,17.766
131.700,stable,4,Plate,26,356.320,30.733,356.507,29.480
131.700,stable,4,Plate,27,365.324,41.997,365.555,40.710
131.700,stable,4,Plate,28,374.356,50.431,374.552,49.182
131.700,stable,4,Plate,29,383.244,50.431,383.440,49.281
131.700,stable,4,Plate,30,392.133,50.431,392.329,49.384
131.700,stable,4,Inner,1,187.689,12.992,187.693,12.113
131.700,stable,4,Inner,2,196.578,12.992,196.582,12.201
131.700,stable,4,Inner,3,205.467,12.992,205.470,12.265
131.700,stable,4,Inner,4,214.071,21.972,214.042,21.271
131.700,stable,4,Inner,5,222.646,34.962,222.631,34.251
131.700,stable,4,Inner,6,231.167,50.669,231.201,49.932
131.700,stable,4,Inner,7,239.966,63.790,240.042,63.024
131.700,stable,4,Inner,8,249.081,73.146,249.181,72.358
131.700,stable,4,Inner,9,258.542,77.247,258.650,76.439
131.700,stable,4,Inner,10,267.947,77.247,268.055,76.423
131.700,stable,4,Inner,11,277.408,73.146,277.511,72.310
131.700,stable,4,Inner,12,286.523,63.790,286.620,62.948
131.700,stable,4,Inner,13,295.322,50.669,295.415,49.824
131.700,stable,4,Inner,14,303.843,34.962,303.923,34.110
131.700,stable,4,Inner,15,312.418,21.972,312.469,21.101
131.700,stable,4,Inner,16,321.022,12.992,321.015,12.076
131.700,stable,4,Inner,17,329.911,12.992,329.903,12.001
131.700,stable,4,Inner,18,338.800,12.992,338.792,11.912
131.700,stable,4,Patch2,1,321.022,8.960,321.015,8.044
131.700,stable,4,Patch2,2,329.911,8.960,329.903,7.970
131.700,stable,4,Patch2,3,338.800,8.960,338.792,7.880
131.700,stable,4,Patch3,1,187.689,8.961,187.693,8.082
131.700,stable,4,Patch3,2,196.578,8.961,196.582,8.170
131.700,stable,4,Patch3,3,205.467,8.961,205.470,8.234
131.700,stable,5,Outer,1,139.231,50.583,139.058,49.763
131.700,stable,5,Outer,2,147.240,50.583,147.064,49.535
131.700,stable,5,Outer,3,155.250,50.583,155.070,49.308
131.700,stable,5,Outer,4,163.259,50.590,163.162,49.032
131.700,stable,5,Outer,5,171.156,51.029,171.069,49.131
131.700,stable,5,Outer,6,178.442,54.693,178.500,52.492
131.700,stable,5,Outer,7,185.991,62.770,186.283,60.342
131.700,stable,5,Outer,8,193.391,74.459,193.801,71.954
131.700,stable,5,Outer,9,200.785,88.877,201.077,86.432
131.700,stable,5,Outer,10,208.546,101.631,208.634,99.306
131.700,stable,5,Outer,11,216.606,111.225,216.569,109.003
131.700,stable,5,Outer,12,225.335,118.356,225.262,116.175
131.700,stable,5,Outer,13,234.192,122.123,234.133,119.907
131.700,stable,5,Outer,14,242.699,123.045,242.647,120.753
131.700,stable,5,Outer,15,251.146,123.226,251.094,120.857
131.700,stable,5,Outer,16,259.593,123.226,259.539,120.807
131.700,stable,5,Outer,17,268.040,123.045,267.984,120.609
131.700,stable,5,Outer,18,276.547,122.123,276.490,119.689
131.700,stable,5,Outer,19,285.404,118.356,285.344,115.920
131.700,stable,5,Outer,20,294.133,111.225,294.054,108.768
131.700,stable,5,Outer,21,302.192,101.631,302.080,99.148
131.700,stable,5,Outer,22,309.953,88.877,309.803,86.373
131.700,stable,5,Outer,23,317.348,74.459,317.210,71.962
131.700,stable,5,Outer,24,324.748,62.770,324.736,60.356
131.700,stable,5,Outer,25,332.297,54.693,332.464,52.453
131.700,stable,5,Outer,26,339.583,51.029,339.858,49.014
131.700,stable,5,Outer,27,347.480,50.590,347.763,48.819
131.700,stable,5,Outer,28,355.489,50.583,355.825,48.993
131.700,stable,5,Outer,29,363.499,50.583,363.834,49.127
131.700,stable,5,Outer,30,371.508,50.583,371.842,49.262
131.700,stable,5,Plate,1,139.231,48.119,139.058,47.298
131.700,stable,5,Plate,2,147.240,48.119,147.064,47.071
131.700,stable,5,Plate,3,155.250,48.119,155.070,46.844
131.700,stable,5,Plate,4,163.353,40.122,163.041,38.716
131.700,stable,5,Plate,5,171.459,29.444,171.179,28.064
131.700,stable,5,Plate,6,179.280,18.227,179.158,16.959
131.700,stable,5,Plate,7,187.288,10.680,187.282,9.537
131.700,stable,5,Plate,8,195.298,10.680,195.291,9.633
131.700,stable,5,Plate,9,203.307,10.680,203.300,9.704
131.700,stable,5,Plate,10,211.317,10.680,211.310,9.737
131.700,stable,5,Plate,11,219.406,12.553,219.401,11.606
131.700,stable,5,Plate,12,227.186,16.545,227.196,15.569
131.700,stable,5,Plate,13,235.334,18.997,235.354,17.985
131.700,stable,5,Plate,14,243.388,18.963,243.409,17.922
131.700,stable,5,Plate,15,251.376,18.674,251.397,17.615
131.700,stable,5,Plate,16,259.363,18.674,259.383,17.603
131.700,stable,5,Plate,17,267.351,18.963,267.372,17.887
131.700,stable,5,Plate,18,275.405,18.997,275.427,17.925
131.700,stable,5,Plate,19,283.553,16.545,283.578,15.483
131.700,stable,5,Plate,20,291.333,12.553,291.361,11.495
131.700,stable,5,Plate,21,299.422,10.680,299.446,9.601
131.700,stable,5,Plate,22,307.432,10.680,307.455,9.546
131.700,stable,5,Plate,23,315.441,10.680,315.465,9.457
131.700,stable,5,Plate,24,323.451,10.680,323.474,9.346
131.700,stable,5,Plate,25,331.459,18.227,331.604,16.762
131.700,stable,5,Plate,26,339.280,29.444,339.592,27.861
131.700,stable,5,Plate,27,347.386,40.122,347.774,38.480
131.700,stable,5,Plate,28,355.489,48.119,355.825,46.529
131.700,stable,5,Plate,29,363.499,48.119,363.834,46.662
131.700,stable,5,Plate,30,371.508,48.119,371.842,46.798
131.700,stable,5,Inner,1,187.288,13.144,187.282,12.001
131.700,stable,5,Inner,2,195.298,13.144,195.291,12.098
131.700,stable,5,Inner,3,203.307,13.144,203.300,12.168
131.700,stable,5,Inner,4,211.019,20.775,210.969,19.833
131.700,stable,5,Inner,5,218.700,32.823,218.652,31.879
131.700,stable,5,Inner,6,226.287,47.873,226.290,46.904
131.700,stable,5,Inner,7,234.161,60.570,234.221,59.566
131.700,stable,5,Inner,8,242.456,69.396,242.548,68.361
131.700,stable,5,Inner,9,251.070,73.216,251.173,72.156
131.700,stable,5,Inner,10,259.669,73.216,259.772,72.142
131.700,stable,5,Inner,11,268.283,69.396,268.385,68.319
131.700,stable,5,Inner,12,276.577,60.570,276.686,59.499
131.700,stable,5,Inner,13,284.452,47.873,284.577,46.812
131.700,stable,5,Inner,14,292.039,32.823,292.165,31.763
131.700,stable,5,Inner,15,299.720,20.775,299.814,19.695
131.700,stable,5,Inner,16,307.432,13.144,307.455,12.010
131.700,stable,5,Inner,17,315.441,13.144,315.465,11.921
131.700,stable,5,Inner,18,323.451,13.144,323.474,11.810
131.700,stable,5,Patch2,1,307.432,9.113,307.455,7.978
131.700,stable,5,Patch2,2,315.441,9.113,315.465,7.890
131.700,stable,5,Patch2,3,323.451,9.113,323.474,7.779
131.700,stable,5,Patch3,1,187.288,9.113,187.282,7.970
131.700,stable,5,Patch3,2,195.298,9.113,195.291,8.067
131.700,stable,5,Patch3,3,203.307,9.113,203.300,8.137
131.700,stable,5,Patch4,1,203.773,86.983,203.727,81.117
131.700,stable,5,Patch4,2,211.281,96.878,211.247,91.001
131.700,stable,5,Patch4,3,218.935,105.036,218.911,99.149
131.700,stable,5,Patch4,4,226.845,111.238,226.830,105.341
131.700,stable,5,Patch4,5,235.042,114.695,235.030,108.787
131.700,stable,5,Patch4,6,243.299,115.481,243.289,109.562
131.700,stable,5,Patch4,7,251.419,115.459,251.409,109.529
131.700,stable,5,Patch4,8,259.320,115.459,259.309,109.519
131.700,stable,5,Patch4,9,267.439,115.481,267.429,109.531
131.700,stable,5,Patch4,10,275.697,114.695,275.686,108.734
131.700,stable,5,Patch4,11,283.893,111.238,283.877,105.267
131.700,stable,5,Patch4,12,291.804,105.036,291.780,99.054
131.700,stable,5,Patch4,13,299.458,96.878,299.423,90.887
131.700,stable,5,Patch4,14,306.966,86.983,306.918,80.983
131.700,stable,6,Outer,1,140.800,48.303,140.503,47.132
131.700,stable,6,Outer,2,148.386,48.303,148.086,46.916
131.700,stable,6,Outer,3,155.972,48.303,155.669,46.701
131.700,stable,6,Outer,4,163.559,48.311,163.341,46.428
131.700,stable,6,Outer,5,171.044,48.759,170.839,46.537
131.700,stable,6,Outer,6,177.980,52.470,177.925,49.952
131.700,stable,6,Outer,7,185.111,60.492,185.270,57.776
131.700,stable,6,Outer,8,192.148,71.869,192.358,69.120
131.700,stable,6,Outer,9,199.159,85.612,199.195,82.948
131.700,stable,6,Outer,10,206.533,97.629,206.399,95.065
131.700,stable,6,Outer,11,214.282,106.732,214.108,104.198
131.700,stable,6,Outer,12,222.564,113.316,222.446,110.707
131.700,stable,6,Outer,13,230.837,116.566,230.777,113.798
131.700,stable,6,Outer,14,238.842,117.305,238.794,114.362
131.700,stable,6,Outer,15,246.809,117.432,246.760,114.359
131.700,stable,6,Outer,16,254.791,117.432,254.739,114.314
131.700,stable,6,Outer,17,262.758,117.305,262.705,114.233
131.700,stable,6,Outer,18,270.763,116.566,270.716,113.596
131.700,stable,6,Outer,19,279.036,113.316,279.027,110.450
131.700,stable,6,Outer,20,287.318,106.732,287.349,103.922
131.700,stable,6,Outer,21,295.067,97.629,295.086,94.813
131.700,stable,6,Outer,22,302.441,85.612,302.385,82.754
131.700,stable,6,Outer,23,309.452,71.869,309.340,68.986
131.700,stable,6,Outer,24,316.489,60.492,316.479,57.674
131.700,stable,6,Outer,25,323.620,52.470,323.816,49.841
131.700,stable,6,Outer,26,330.556,48.759,330.885,46.392
131.700,stable,6,Outer,27,338.041,48.311,338.382,46.234
131.700,stable,6,Outer,28,345.628,48.303,346.037,46.452
131.700,stable,6,Outer,29,353.214,48.303,353.622,46.620
131.700,stable,6,Outer,30,360.800,48.303,361.206,46.788
131.700,stable,6,Plate,1,140.800,45.839,140.503,44.668
131.700,stable,6,Plate,2,148.386,45.839,148.086,44.452
131.700,stable,6,Plate,3,155.972,45.839,155.669,44.236
131.700,stable,6,Plate,4,163.654,38.045,163.237,36.334
131.700,stable,6,Plate,5,171.343,27.651,171.006,26.000
131.700,stable,6,Plate,6,178.725,17.265,178.584,15.757
131.700,stable,6,Plate,7,186.317,10.369,186.304,9.003
131.700,stable,6,Plate,8,193.903,10.369,193.890,9.107
131.700,stable,6,Plate,9,201.490,10.369,201.476,9.182
131.700,stable,6,Plate,10,209.076,10.369,209.063,9.215
131.700,stable,6,Plate,11,216.709,12.191,216.698,11.029
131.700,stable,6,Plate,12,224.137,15.878,224.144,14.679
131.700,stable,6,Plate,13,231.834,18.101,231.855,16.859
131.700,stable,6,Plate,14,239.448,17.973,239.468,16.699
131.700,stable,6,Plate,15,247.013,17.623,247.033,16.328
131.700,stable,6,Plate,16,254.587,17.623,254.607,16.317
131.700,stable,6,Plate,17,262.152,17.973,262.172,16.666
131.700,stable,6,Plate,18,269.766,18.101,269.787,16.804
131.700,stable,6,Plate,19,277.463,15.878,277.491,14.603
131.700,stable,6,Plate,20,284.891,12.191,284.928,10.932
131.700,stable,6,Plate,21,292.524,10.369,292.558,9.097
131.700,stable,6,Plate,22,300.110,10.369,300.144,9.042
131.700,stable,6,Plate,23,307.697,10.369,307.730,8.950
131.700,stable,6,Plate,24,315.283,10.369,315.316,8.831
131.700,stable,6,Plate,25,322.875,17.265,323.046,15.573
131.700,stable,6,Plate,26,330.257,27.651,330.637,25.807
131.700,stable,6,Plate,27,337.946,38.045,338.430,36.123
131.700,stable,6,Plate,28,345.628,45.839,346.037,43.988
131.700,stable,6,Plate,29,353.214,45.839,353.622,44.156
131.700,stable,6,Plate,30,360.800,45.839,361.206,44.324
131.700,stable,6,Inner,1,186.317,12.833,186.304,11.468
131.700,stable,6,Inner,2,193.903,12.833,193.890,11.572
131.700,stable,6,Inner,3,201.490,12.833,201.476,11.646
131.700,stable,6,Inner,4,208.823,20.472,208.761,19.321
131.700,stable,6,Inner,5,216.119,32.216,216.056,31.066
131.700,stable,6,Inner,6,223.263,46.799,223.252,45.623
131.700,stable,6,Inner,7,230.709,59.201,230.757,57.989
131.700,stable,6,Inner,8,238.590,67.321,238.673,66.076
131.700,stable,6,Inner,9,246.762,70.662,246.854,69.393
131.700,stable,6,Inner,10,254.838,70.662,254.931,69.380
131.700,stable,6,Inner,11,263.010,67.321,263.102,66.038
131.700,stable,6,Inner,12,270.891,59.201,270.994,57.927
131.700,stable,6,Inner,13,278.337,46.799,278.465,45.541
131.700,stable,6,Inner,14,285.481,32.216,285.622,30.964
131.700,stable,6,Inner,15,292.777,20.472,292.887,19.200
131.700,stable,6,Inner,16,300.110,12.833,300.144,11.507
131.700,stable,6,Inner,17,307.697,12.833,307.730,11.415
131.700,stable,6,Inner,18,315.283,12.833,315.316,11.295
131.700,stable,6,Patch2,1,300.110,8.802,300.144,7.475
131.700,stable,6,Patch2,2,307.697,8.802,307.730,7.383
131.700,stable,6,Patch2,3,315.283,8.802,315.316,7.264
131.700,stable,6,Patch3,1,186.317,8.802,186.304,7.437
131.700,stable,6,Patch3,2,193.903,8.802,193.890,7.541
131.700,stable,6,Patch3,3,201.490,8.802,201.476,7.615
131.700,stable,6,Patch4,1,202.050,83.389,202.007,78.248
131.700,stable,6,Patch4,2,209.220,93.060,209.189,87.911
131.700,stable,6,Patch4,3,216.438,100.364,216.416,95.205
131.700,stable,6,Patch4,4,223.835,105.993,223.819,100.824
131.700,stable,6,Patch4,5,231.519,109.222,231.507,104.044
131.700,stable,6,Patch4,6,239.300,109.861,239.290,104.672
131.700,stable,6,Patch4,7,247.033,109.923,247.022,104.725
131.700,stable,6,Patch4,8,254.567,109.923,254.556,104.715
131.700,stable,6,Patch4,9,262.300,109.861,262.289,104.643
131.700,stable,6,Patch4,10,270.081,109.222,270.069,103.994
131.700,stable,6,Patch4,11,277.765,105.993,277.749,100.755
131.700,stable,6,Patch4,12,285.162,100.364,285.138,95.117
131.700,stable,6,Patch4,13,292.380,93.060,292.347,87.804
131.700,stable,6,Patch4,14,299.550,83.389,299.504,78.124
131.700,stable,7,Outer,1,140.800,45.954,140.424,44.530
131.700,stable,7,Outer,2,148.179,45.954,147.801,44.326
131.700,stable,7,Outer,3,155.559,45.954,155.177,44.123
131.700,stable,7,Outer,4,162.938,45.996,162.643,43.895
131.700,stable,7,Outer,5,170.236,46.502,169.956,44.067
131.700,stable,7,Outer,6,177.078,50.601,176.965,47.870
131.700,stable,7,Outer,7,184.022,58.912,184.128,55.990
131.700,stable,7,Outer,8,190.935,70.418,191.084,67.468
131.700,stable,7,Outer,9,197.805,83.736,197.798,80.863
131.700,stable,7,Outer,10,204.911,95.040,204.782,92.240
131.700,stable,7,Outer,11,212.547,103.832,212.410,101.037
131.700,stable,7,Outer,12,220.586,109.847,220.507,106.970
131.700,stable,7,Outer,13,228.504,112.543,228.468,109.534
131.700,stable,7,Outer,14,236.231,113.073,236.201,109.928
131.700,stable,7,Outer,15,243.939,113.130,243.909,109.886
131.700,stable,7,Outer,16,251.661,113.130,251.630,109.851
131.700,stable,7,Outer,17,259.369,113.073,259.337,109.825
131.700,stable,7,Outer,18,267.096,112.543,267.067,109.372
131.700,stable,7,Outer,19,275.014,109.847,275.013,106.760
131.700,stable,7,Outer,20,283.053,103.832,283.090,100.799
131.700,stable,7,Outer,21,290.689,95.040,290.720,92.004
131.700,stable,7,Outer,22,297.795,83.736,297.748,80.654
131.700,stable,7,Outer,23,304.665,70.418,304.533,67.295
131.700,stable,7,Outer,24,311.578,58.912,311.531,55.843
131.700,stable,7,Outer,25,318.522,50.601,318.698,47.727
131.700,stable,7,Outer,26,325.364,46.502,325.702,43.913
131.700,stable,7,Outer,27,332.662,45.996,333.015,43.722
131.700,stable,7,Outer,28,340.041,45.954,340.473,43.929
131.700,stable,7,Outer,29,347.421,45.954,347.850,44.112
131.700,stable,7,Outer,30,354.800,45.954,355.227,44.296
131.700,stable,7,Plate,1,140.800,43.490,140.424,42.065
131.700,stable,7,Plate,2,148.179,43.490,147.801,41.862
131.700,stable,7,Plate,3,155.559,43.490,155.177,41.659
131.700,stable,7,Plate,4,163.078,35.864,162.604,33.944
131.700,stable,7,Plate,5,170.565,25.613,170.207,23.780
131.700,stable,7,Plate,6,177.726,16.091,177.577,14.419
131.700,stable,7,Plate,7,185.076,9.485,185.062,7.966
131.700,stable,7,Plate,8,192.455,9.485,192.440,8.077
131.700,stable,7,Plate,9,199.834,9.485,199.819,8.155
131.700,stable,7,Plate,10,207.214,9.485,207.199,8.193
131.700,stable,7,Plate,11,214.614,11.430,214.601,10.132
131.700,stable,7,Plate,12,221.917,14.890,221.920,13.558
131.700,stable,7,Plate,13,229.396,16.811,229.410,15.440
131.700,stable,7,Plate,14,236.774,16.676,236.788,15.277
131.700,stable,7,Plate,15,244.121,16.365,244.135,14.948
131.700,stable,7,Plate,16,251.479,16.365,251.493,14.938
131.700,stable,7,Plate,17,258.826,16.676,258.841,15.246
131.700,stable,7,Plate,18,266.204,16.811,266.219,15.389
131.700,stable,7,Plate,19,273.683,14.890,273.704,13.485
131.700,stable,7,Plate,20,280.986,11.430,281.014,10.039
131.700,stable,7,Plate,21,288.386,9.485,288.411,8.080
131.700,stable,7,Plate,22,295.766,9.485,295.790,8.026
131.700,stable,7,Plate,23,303.145,9.485,303.169,7.932
131.700,stable,7,Plate,24,310.524,9.485,310.547,7.808
131.700,stable,7,Plate,25,317.874,16.091,318.040,14.252
131.700,stable,7,Plate,26,325.035,25.613,325.416,23.608
131.700,stable,7,Plate,27,332.522,35.864,333.031,33.765
131.700,stable,7,Plate,28,340.041,43.490,340.473,41.464
131.700,stable,7,Plate,29,347.421,43.490,347.850,41.647
131.700,stable,7,Plate,30,354.800,43.490,355.227,41.831
131.700,stable,7,Inner,1,185.076,11.949,185.062,10.430
131.700,stable,7,Inner,2,192.455,11.949,192.440,10.541
131.700,stable,7,Inner,3,199.834,11.949,199.819,10.619
131.700,stable,7,Inner,4,207.020,20.143,206.948,18.852
131.700,stable,7,Inner,5,214.142,31.992,214.069,30.701
131.700,stable,7,Inner,6,221.068,46.395,221.048,45.079
131.700,stable,7,Inner,7,228.320,58.606,228.360,57.254
131.700,stable,7,Inner,8,235.982,66.306,236.055,64.921
131.700,stable,7,Inner,9,243.897,69.252,243.979,67.845
131.700,stable,7,Inner,10,251.703,69.252,251.785,67.833
131.700,stable,7,Inner,11,259.618,66.306,259.699,64.885
131.700,stable,7,Inner,12,267.280,58.606,267.372,57.196
131.700,stable,7,Inner,13,274.532,46.395,274.650,45.000
131.700,stable,7,Inner,14,281.458,31.992,281.591,30.604
131.700,stable,7,Inner,15,288.580,20.143,288.684,18.738
131.700,stable,7,Inner,16,295.766,11.949,295.790,10.490
131.700,stable,7,Inner,17,303.145,11.949,303.169,10.396
131.700,stable,7,Inner,18,310.524,11.949,310.547,10.272
131.700,stable,7,Patch2,1,295.766,7.918,295.790,6.459
131.700,stable,7,Patch2,2,303.145,7.918,303.169,6.365
131.700,stable,7,Patch2,3,310.524,7.918,310.547,6.241
131.700,stable,7,Patch3,1,185.076,7.918,185.062,6.399
131.700,stable,7,Patch3,2,192.455,7.918,192.440,6.510
131.700,stable,7,Patch3,3,199.834,7.918,199.819,6.588
131.700,stable,7,Patch4,1,200.260,80.432,200.222,76.017
131.700,stable,7,Patch4,2,207.475,90.411,207.448,85.987
131.700,stable,7,Patch4,3,214.410,97.757,214.391,93.325
131.700,stable,7,Patch4,4,221.802,103.415,221.790,98.974
131.700,stable,7,Patch4,5,229.250,105.988,229.241,101.538
131.700,stable,7,Patch4,6,236.611,106.205,236.602,101.746
131.700,stable,7,Patch4,7,244.056,106.186,244.047,101.718
131.700,stable,7,Patch4,8,251.544,106.186,251.535,101.708
131.700,stable,7,Patch4,9,258.989,106.205,258.980,101.718
131.700,stable,7,Patch4,10,266.350,105.988,266.341,101.491
131.700,stable,7,Patch4,11,273.798,103.415,273.786,98.909
131.700,stable,7,Patch4,12,281.190,97.757,281.170,93.241
131.700,stable,7,Patch4,13,288.125,90.411,288.095,85.886
131.700,stable,7,Patch4,14,295.340,80.432,295.296,75.898
131.700,stable,8,Outer,1,140.800,43.924,140.418,42.405
131.700,stable,8,Outer,2,147.972,43.924,147.588,42.214
131.700,stable,8,Outer,3,155.145,43.924,154.757,42.023
131.700,stable,8,Outer,4,162.317,43.927,162.014,41.766
131.700,stable,8,Outer,5,169.423,44.390,169.133,41.900
131.700,stable,8,Outer,6,176.142,48.169,176.011,45.379
131.700,stable,8,Outer,7,182.888,56.052,182.986,53.057
131.700,stable,8,Outer,8,189.649,67.202,189.827,64.156
131.700,stable,8,Outer,9,196.363,79.659,196.416,76.676
131.700,stable,8,Outer,10,203.218,90.051,203.142,87.147
131.700,stable,8,Outer,11,210.667,98.241,210.562,95.360
131.700,stable,8,Outer,12,218.441,103.675,218.382,100.723
131.700,stable,8,Outer,13,226.079,105.997,226.058,102.908
131.700,stable,8,Outer,14,233.571,106.418,233.555,103.183
131.700,stable,8,Outer,15,241.055,106.449,241.036,103.112
131.700,stable,8,Outer,16,248.545,106.449,248.525,103.083
131.700,stable,8,Outer,17,256.029,106.418,256.006,103.100
131.700,stable,8,Outer,18,263.521,105.997,263.502,102.774
131.700,stable,8,Outer,19,271.159,103.675,271.165,100.547
131.700,stable,8,Outer,20,278.933,98.241,278.966,95.157
131.700,stable,8,Outer,21,286.382,90.051,286.383,86.941
131.700,stable,8,Outer,22,293.237,79.659,293.134,76.486
131.700,stable,8,Outer,23,299.951,67.202,299.769,63.991
131.700,stable,8,Outer,24,306.712,56.052,306.636,52.907
131.700,stable,8,Outer,25,313.458,48.169,313.614,45.232
131.700,stable,8,Outer,26,320.177,44.390,320.490,41.750
131.700,stable,8,Outer,27,327.283,43.927,327.609,41.609
131.700,stable,8,Outer,28,334.455,43.924,334.864,41.860
131.700,stable,8,Outer,29,341.628,43.924,342.034,42.044
131.700,stable,8,Outer,30,348.800,43.924,349.204,42.228
131.700,stable,8,Plate,1,140.800,41.459,140.418,39.940
131.700,stable,8,Plate,2,147.972,41.459,147.588,39.749
131.700,stable,8,Plate,3,155.145,41.459,154.757,39.559
131.700,stable,8,Plate,4,162.466,34.336,161.996,32.353
131.700,stable,8,Plate,5,169.751,24.669,169.398,22.775
131.700,stable,8,Plate,6,176.701,15.891,176.550,14.163
131.700,stable,8,Plate,7,183.834,9.845,183.813,8.272
131.700,stable,8,Plate,8,191.007,9.845,190.985,8.384
131.700,stable,8,Plate,9,198.179,9.845,198.157,8.463
131.700,stable,8,Plate,10,205.352,9.845,205.330,8.498
131.700,stable,8,Plate,11,212.526,11.670,212.508,10.314
131.700,stable,8,Plate,12,219.660,14.743,219.659,13.349
131.700,stable,8,Plate,13,226.927,16.409,226.936,14.973
131.700,stable,8,Plate,14,234.092,16.240,234.101,14.774
131.700,stable,8,Plate,15,241.226,15.949,241.235,14.466
131.700,stable,8,Plate,16,248.374,15.949,248.383,14.456
131.700,stable,8,Plate,17,255.508,16.240,255.518,14.746
131.700,stable,8,Plate,18,262.673,16.409,262.683,14.926
131.700,stable,8,Plate,19,269.940,14.743,269.956,13.283
131.700,stable,8,Plate,20,277.074,11.670,277.099,10.229
131.700,stable,8,Plate,21,284.248,9.845,284.272,8.396
131.700,stable,8,Plate,22,291.421,9.845,291.444,8.345
131.700,stable,8,Plate,23,298.593,9.845,298.616,8.253
131.700,stable,8,Plate,24,305.766,9.845,305.788,8.129
131.700,stable,8,Plate,25,312.899,15.891,313.058,14.011
131.700,stable,8,Plate,26,319.849,24.669,320.215,22.620
131.700,stable,8,Plate,27,327.134,34.336,327.620,32.195
131.700,stable,8,Plate,28,334.455,41.459,334.864,39.396
131.700,stable,8,Plate,29,341.628,41.459,342.034,39.580
131.700,stable,8,Plate,30,348.800,41.459,349.204,39.764
131.700,stable,8,Inner,1,183.834,12.309,183.813,10.736
131.700,stable,8,Inner,2,191.007,12.309,190.985,10.848
131.700,stable,8,Inner,3,198.179,12.309,198.157,10.927
131.700,stable,8,Inner,4,205.206,19.990,205.129,18.647
131.700,stable,8,Inner,5,212.126,31.298,212.047,29.956
131.700,stable,8,Inner,6,218.877,44.909,218.849,43.542
131.700,stable,8,Inner,7,225.964,56.366,225.993,54.963
131.700,stable,8,Inner,8,233.390,63.530,233.450,62.096
131.700,stable,8,Inner,9,241.025,66.240,241.092,64.783
131.700,stable,8,Inner,10,248.575,66.240,248.643,64.772
131.700,stable,8,Inner,11,256.210,63.530,256.277,62.062
131.700,stable,8,Inner,12,263.636,56.366,263.714,54.909
131.700,stable,8,Inner,13,270.723,44.909,270.829,43.469
131.700,stable,8,Inner,14,277.474,31.298,277.598,29.867
131.700,stable,8,Inner,15,284.394,19.990,284.493,18.543
131.700,stable,8,Inner,16,291.421,12.309,291.444,10.809
131.700,stable,8,Inner,17,298.593,12.309,298.616,10.717
131.700,stable,8,Inner,18,305.766,12.309,305.788,10.593
131.700,stable,8,Patch2,1,291.421,8.278,291.444,6.778
131.700,stable,8,Patch2,2,298.593,8.278,298.616,6.686
131.700,stable,8,Patch2,3,305.766,8.278,305.788,6.562
131.700,stable,8,Patch3,1,183.834,8.278,183.813,6.705
131.700,stable,8,Patch3,2,191.007,8.278,190.985,6.817
131.700,stable,8,Patch3,3,198.179,8.278,198.157,6.896
131.700,stable,8,Patch4,1,198.827,77.188,198.797,73.494
131.700,stable,8,Patch4,2,205.781,86.254,205.760,82.554
131.700,stable,8,Patch4,3,212.610,93.074,212.594,89.367
131.700,stable,8,Patch4,4,219.744,97.831,219.732,94.118
131.700,stable,8,Patch4,5,226.949,100.113,226.940,96.392
131.700,stable,8,Patch4,6,234.088,100.289,234.079,96.561
131.700,stable,8,Patch4,7,241.256,100.235,241.247,96.498
131.700,stable,8,Patch4,8,248.344,100.235,248.334,96.489
131.700,stable,8,Patch4,9,255.512,100.289,255.503,96.534
131.700,stable,8,Patch4,10,262.651,100.113,262.641,96.348
131.700,stable,8,Patch4,11,269.856,97.831,269.843,94.056
131.700,stable,8,Patch4,12,276.989,93.074,276.970,89.288
131.700,stable,8,Patch4,13,283.819,86.254,283.788,82.458
131.700,stable,8,Patch4,14,290.773,77.188,290.729,73.382
131.700,stable,9,Outer,1,140.800,41.821,140.465,40.356
131.700,stable,9,Outer,2,147.766,41.821,147.428,40.181
131.700,stable,9,Outer,3,154.731,41.821,154.392,40.005
131.700,stable,9,Outer,4,161.697,41.822,161.438,39.763
131.700,stable,9,Outer,5,168.609,42.268,168.363,39.898
131.700,stable,9,Outer,6,175.208,45.875,175.113,43.210
131.700,stable,9,Outer,7,181.788,53.270,181.922,50.394
131.700,stable,9,Outer,8,188.390,63.898,188.632,60.951
131.700,stable,9,Outer,9,194.949,75.960,195.085,73.067
131.700,stable,9,Outer,10,201.645,85.927,201.645,83.120
131.700,stable,9,Outer,11,208.805,93.528,208.754,90.764
131.700,stable,9,Outer,12,216.285,98.376,216.257,95.573
131.700,stable,9,Outer,13,223.660,100.324,223.656,97.420
131.700,stable,9,Outer,14,230.917,100.656,230.916,97.637
131.700,stable,9,Outer,15,238.170,100.670,238.166,97.569
131.700,stable,9,Outer,16,245.430,100.670,245.424,97.548
131.700,stable,9,Outer,17,252.682,100.656,252.675,97.576
131.700,stable,9,Outer,18,259.940,100.324,259.934,97.321
131.700,stable,9,Outer,19,267.315,98.376,267.325,95.443
131.700,stable,9,Outer,20,274.795,93.528,274.814,90.613
131.700,stable,9,Outer,21,281.955,85.927,281.919,82.965
131.700,stable,9,Outer,22,288.651,75.960,288.494,72.922
131.700,stable,9,Outer,23,295.210,63.898,294.974,60.820
131.700,stable,9,Outer,24,301.812,53.270,301.694,50.269
131.700,stable,9,Outer,25,308.392,45.875,308.499,43.082
131.700,stable,9,Outer,26,314.991,42.268,315.246,39.764
131.700,stable,9,Outer,27,321.903,41.822,322.172,39.624
131.700,stable,9,Outer,28,328.869,41.821,329.217,39.863
131.700,stable,9,Outer,29,335.834,41.821,336.181,40.036
131.700,stable,9,Outer,30,342.800,41.821,343.144,40.207
131.700,stable,9,Plate,1,140.800,39.357,140.465,37.892
131.700,stable,9,Plate,2,147.766,39.357,147.428,37.717
131.700,stable,9,Plate,3,154.731,39.357,154.392,37.541
131.700,stable,9,Plate,4,161.847,32.291,161.431,30.401
131.700,stable,9,Plate,5,168.904,22.942,168.598,21.137
131.700,stable,9,Plate,6,175.659,14.820,175.533,13.167
131.700,stable,9,Plate,7,182.593,9.592,182.575,8.086
131.700,stable,9,Plate,8,189.559,9.592,189.540,8.195
131.700,stable,9,Plate,9,196.524,9.592,196.506,8.271
131.700,stable,9,Plate,10,203.490,9.592,203.472,8.301
131.700,stable,9,Plate,11,210.433,11.441,210.418,10.142
131.700,stable,9,Plate,12,217.390,14.434,217.388,13.106
131.700,stable,9,Plate,13,224.447,15.934,224.452,14.574
131.700,stable,9,Plate,14,231.405,15.764,231.409,14.380
131.700,stable,9,Plate,15,238.329,15.482,238.333,14.082
131.700,stable,9,Plate,16,245.271,15.482,245.276,14.074
131.700,stable,9,Plate,17,252.195,15.764,252.200,14.355
131.700,stable,9,Plate,18,259.153,15.934,259.158,14.532
131.700,stable,9,Plate,19,266.210,14.434,266.218,13.047
131.700,stable,9,Plate,20,273.167,11.441,273.181,10.066
131.700,stable,9,Plate,21,280.110,9.592,280.123,8.211
131.700,stable,9,Plate,22,287.076,9.592,287.089,8.168
131.700,stable,9,Plate,23,294.041,9.592,294.054,8.080
131.700,stable,9,Plate,24,301.007,9.592,301.019,7.960
131.700,stable,9,Plate,25,307.941,14.820,308.067,13.033
131.700,stable,9,Plate,26,314.696,22.942,315.006,20.999
131.700,stable,9,Plate,27,321.753,32.291,322.175,30.261
131.700,stable,9,Plate,28,328.869,39.357,329.217,37.399
131.700,stable,9,Plate,29,335.834,39.357,336.181,37.571
131.700,stable,9,Plate,30,342.800,39.357,343.144,37.743
131.700,stable,9,Inner,1,182.593,12.056,182.575,10.550
131.700,stable,9,Inner,2,189.559,12.056,189.540,10.659
131.700,stable,9,Inner,3,196.524,12.056,196.506,10.736
131.700,stable,9,Inner,4,203.397,19.511,203.325,18.228
131.700,stable,9,Inner,5,210.133,30.518,210.058,29.238
131.700,stable,9,Inner,6,216.714,43.686,216.684,42.384
131.700,stable,9,Inner,7,223.599,54.542,223.621,53.207
131.700,stable,9,Inner,8,230.777,61.083,230.825,59.719
131.700,stable,9,Inner,9,238.147,63.531,238.201,62.148
131.700,stable,9,Inner,10,245.453,63.531,245.507,62.137
131.700,stable,9,Inner,11,252.823,61.083,252.877,59.689
131.700,stable,9,Inner,12,260.001,54.542,260.064,53.159
131.700,stable,9,Inner,13,266.886,43.686,266.976,42.319
131.700,stable,9,Inner,14,273.467,30.518,273.575,29.160
131.700,stable,9,Inner,15,280.203,19.511,280.287,18.137
131.700,stable,9,Inner,16,287.076,12.056,287.089,10.633
131.700,stable,9,Inner,17,294.041,12.056,294.054,10.544
131.700,stable,9,Inner,18,301.007,12.056,301.019,10.425
131.700,stable,9,Patch1,1,203.490,13.073,203.472,11.783
131.700,stable,9,Patch1,2,209.589,14.803,209.579,13.503
131.700,stable,9,Patch1,3,217.450,17.933,217.452,16.602
131.700,stable,9,Patch1,4,224.512,19.326,224.519,17.966
131.700,stable,9,Patch1,5,231.408,19.187,231.416,17.806
131.700,stable,9,Patch1,6,238.331,18.882,238.338,17.487
131.700,stable,9,Patch1,7,245.269,18.882,245.276,17.479
131.700,stable,9,Patch1,8,252.192,19.187,252.200,17.781
131.700,stable,9,Patch1,9,259.088,19.326,259.097,17.924
131.700,stable,9,Patch1,10,266.150,17.933,266.161,16.543
131.700,stable,9,Patch1,11,274.011,14.803,274.027,13.426
131.700,stable,9,Patch1,12,280.110,13.073,280.123,11.693
131.700,stable,9,Patch2,1,287.076,8.025,287.089,6.601
131.700,stable,9,Patch2,2,294.041,8.025,294.054,6.513
131.700,stable,9,Patch2,3,301.007,8.025,301.019,6.393
131.700,stable,9,Patch3,1,182.593,8.025,182.575,6.519
131.700,stable,9,Patch3,2,189.559,8.025,189.540,6.628
131.700,stable,9,Patch3,3,196.524,8.025,196.506,6.705
131.700,stable,9,Patch4,1,197.238,73.649,197.229,70.664
131.700,stable,9,Patch4,2,204.061,82.424,204.051,79.439
131.700,stable,9,Patch4,3,210.677,89.048,210.667,86.063
131.700,stable,9,Patch4,4,217.602,93.438,217.593,90.451
131.700,stable,9,Patch4,5,224.585,95.404,224.577,92.414
131.700,stable,9,Patch4,6,231.525,95.546,231.517,92.551
131.700,stable,9,Patch4,7,238.380,95.337,238.371,92.337
131.700,stable,9,Patch4,8,245.220,95.337,245.212,92.329
131.700,stable,9,Patch4,9,252.075,95.546,252.067,92.527
131.700,stable,9,Patch4,10,259.015,95.404,259.007,92.374
131.700,stable,9,Patch4,11,265.998,93.438,265.986,90.395
131.700,stable,9,Patch4,12,272.923,89.048,272.902,85.991
131.700,stable,9,Patch4,13,279.539,82.424,279.503,79.353
131.700,stable,9,Patch4,14,286.362,73.649,286.306,70.562
131.700,stable,10,Outer,1,140.800,39.668,140.532,38.370
131.700,stable,10,Outer,2,147.559,39.668,147.289,38.227
131.700,stable,10,Outer,3,154.317,39.668,154.046,38.082
131.700,stable,10,Outer,4,161.076,39.719,160.875,37.933
131.700,stable,10,Outer,5,167.791,40.129,167.601,38.082
131.700,stable,10,Outer,6,174.245,43.473,174.180,41.174
131.700,stable,10,Outer,7,180.654,50.504,180.787,48.015
131.700,stable,10,Outer,8,187.088,60.758,187.334,58.196
131.700,stable,10,Outer,9,193.474,72.697,193.646,70.172
131.700,stable,10,Outer,10,199.989,82.455,200.046,80.003
131.700,stable,10,Outer,11,206.913,89.649,206.915,87.246
131.700,stable,10,Outer,12,214.119,94.117,214.121,91.712
131.700,stable,10,Outer,13,221.244,95.761,221.254,93.312
131.700,stable,10,Outer,14,228.272,96.019,228.284,93.513
131.700,stable,10,Outer,15,235.290,96.026,235.301,93.478
131.700,stable,10,Outer,16,242.310,96.026,242.319,93.465
131.700,stable,10,Outer,17,249.328,96.019,249.336,93.475
131.700,stable,10,Outer,18,256.356,95.761,256.365,93.251
131.700,stable,10,Outer,19,263.481,94.117,263.493,91.631
131.700,stable,10,Outer,20,270.687,89.649,270.691,87.150
131.700,stable,10,Outer,21,277.611,82.455,277.555,79.902
131.700,stable,10,Outer,22,284.126,72.697,283.961,70.074
131.700,stable,10,Outer,23,290.512,60.758,290.286,58.106
131.700,stable,10,Outer,24,296.946,50.504,296.830,47.923
131.700,stable,10,Outer,25,303.355,43.473,303.428,41.073
131.700,stable,10,Outer,26,309.809,40.129,310.002,37.970
131.700,stable,10,Outer,27,316.524,39.719,316.729,37.814
131.700,stable,10,Outer,28,323.283,39.668,323.557,37.960
131.700,stable,10,Outer,29,330.041,39.668,330.314,38.100
131.700,stable,10,Outer,30,336.800,39.668,337.072,38.238
131.700,stable,10,Plate,1,140.800,37.204,140.532,35.906
131.700,stable,10,Plate,2,147.559,37.204,147.289,35.762
131.700,stable,10,Plate,3,154.317,37.204,154.046,35.618
131.700,stable,10,Plate,4,161.218,30.231,160.884,28.585
131.700,stable,10,Plate,5,168.054,21.110,167.813,19.535
131.700,stable,10,Plate,6,174.610,13.360,174.518,11.915
131.700,stable,10,Plate,7,181.352,8.626,181.349,7.309
131.700,stable,10,Plate,8,188.110,8.626,188.107,7.410
131.700,stable,10,Plate,9,194.869,8.626,194.865,7.486
131.700,stable,10,Plate,10,201.628,8.626,201.624,7.532
131.700,stable,10,Plate,11,208.345,10.370,208.337,9.292
131.700,stable,10,Plate,12,215.111,13.202,215.106,12.119
131.700,stable,10,Plate,13,221.958,14.570,221.957,13.476
131.700,stable,10,Plate,14,228.716,14.372,228.714,13.270
131.700,stable,10,Plate,15,235.433,14.065,235.432,12.957
131.700,stable,10,Plate,16,242.167,14.065,242.167,12.950
131.700,stable,10,Plate,17,248.884,14.372,248.885,13.248
131.700,stable,10,Plate,18,255.642,14.570,255.643,13.440
131.700,stable,10,Plate,19,262.489,13.202,262.490,12.068
131.700,stable,10,Plate,20,269.255,10.370,269.254,9.228
131.700,stable,10,Plate,21,275.972,8.626,275.964,7.456
131.700,stable,10,Plate,22,282.731,8.626,282.722,7.399
131.700,stable,10,Plate,23,289.490,8.626,289.481,7.314
131.700,stable,10,Plate,24,296.248,8.626,296.238,7.204
131.700,stable,10,Plate,25,302.990,13.360,303.073,11.803
131.700,stable,10,Plate,26,309.546,21.110,309.783,19.420
131.700,stable,10,Plate,27,316.382,30.231,316.716,28.466
131.700,stable,10,Plate,28,323.283,37.204,323.557,35.496
131.700,stable,10,Plate,29,330.041,37.204,330.314,35.635
131.700,stable,10,Plate,30,336.800,37.204,337.072,35.774
131.700,stable,10,Inner,1,181.352,11.090,181.349,9.773
131.700,stable,10,Inner,2,188.110,11.090,188.107,9.874
131.700,stable,10,Inner,3,194.869,11.090,194.865,9.950
131.700,stable,10,Inner,4,201.583,18.186,201.521,17.087
131.700,stable,10,Inner,5,208.099,28.933,208.028,27.840
131.700,stable,10,Inner,6,214.505,41.894,214.472,40.782
131.700,stable,10,Inner,7,221.206,52.486,221.218,51.345
131.700,stable,10,Inner,8,228.153,58.705,228.188,57.538
131.700,stable,10,Inner,9,235.268,61.015,235.308,59.831
131.700,stable,10,Inner,10,242.332,61.015,242.373,59.822
131.700,stable,10,Inner,11,249.447,58.705,249.487,57.512
131.700,stable,10,Inner,12,256.394,52.486,256.443,51.302
131.700,stable,10,Inner,13,263.095,41.894,263.167,40.725
131.700,stable,10,Inner,14,269.501,28.933,269.590,27.772
131.700,stable,10,Inner,15,276.017,18.186,276.081,17.010
131.700,stable,10,Inner,16,282.731,11.090,282.722,9.864
131.700,stable,10,Inner,17,289.490,11.090,289.481,9.778
131.700,stable,10,Inner,18,296.248,11.090,296.238,9.668
131.700,stable,10,Patch2,1,282.731,7.059,282.722,5.832
131.700,stable,10,Patch2,2,289.490,7.059,289.481,5.747
131.700,stable,10,Patch2,3,296.248,7.059,296.238,5.637
131.700,stable,10,Patch3,1,181.352,7.059,181.349,5.742
131.700,stable,10,Patch3,2,188.110,7.059,188.107,5.843
131.700,stable,10,Patch3,3,194.869,7.059,194.865,5.919
131.700,stable,10,Patch4,1,195.329,69.366,195.381,67.053
131.700,stable,10,Patch4,2,201.897,78.048,201.923,75.754
131.700,stable,10,Patch4,3,208.521,84.991,208.528,82.714
131.700,stable,10,Patch4,4,215.278,89.783,215.276,87.520
131.700,stable,10,Patch4,5,222.106,91.706,222.101,89.452
131.700,stable,10,Patch4,6,228.891,91.857,228.886,89.607
131.700,stable,10,Patch4,7,235.567,91.780,235.561,89.529
131.700,stable,10,Patch4,8,242.033,91.780,242.028,89.522
131.700,stable,10,Patch4,9,248.709,91.857,248.704,89.587
131.700,stable,10,Patch4,10,255.494,91.706,255.488,89.418
131.700,stable,10,Patch4,11,262.322,89.783,262.310,87.473
131.700,stable,10,Patch4,12,269.079,84.991,269.048,82.654
131.700,stable,10,Patch4,13,275.703,78.048,275.640,75.681
131.700,stable,10,Patch4,14,282.271,69.366,282.166,66.968
131.700,stable,11,Outer,1,140.800,37.778,140.591,36.715
131.700,stable,11,Outer,2,147.352,37.778,147.142,36.630
131.700,stable,11,Outer,3,153.903,37.778,153.694,36.544
131.700,stable,11,Outer,4,160.455,37.756,160.289,36.399
131.700,stable,11,Outer,5,166.972,38.129,166.814,36.608
131.700,stable,11,Outer,6,173.275,41.172,173.191,39.490
131.700,stable,11,Outer,7,179.510,47.531,179.548,45.725
131.700,stable,11,Outer,8,185.771,56.841,185.888,54.980
131.700,stable,11,Outer,9,191.988,67.968,192.077,66.120
131.700,stable,11,Outer,10,198.313,77.018,198.345,75.207
131.700,stable,11,Outer,11,204.978,83.598,204.984,81.809
131.700,stable,11,Outer,12,211.921,87.530,211.931,85.730
131.700,stable,11,Outer,13,218.813,88.897,218.830,87.059
131.700,stable,11,Outer,14,225.616,89.118,225.633,87.235
131.700,stable,11,Outer,15,232.405,89.133,232.421,87.217
131.700,stable,11,Outer,16,239.195,89.133,239.209,87.210
131.700,stable,11,Outer,17,245.984,89.118,245.998,87.214
131.700,stable,11,Outer,18,252.787,88.897,252.801,87.026
131.700,stable,11,Outer,19,259.679,87.530,259.697,85.686
131.700,stable,11,Outer,20,266.622,83.598,266.639,81.756
131.700,stable,11,Outer,21,273.287,77.018,273.275,75.148
131.700,stable,11,Outer,22,279.612,67.968,279.543,66.061
131.700,stable,11,Outer,23,285.829,56.841,285.735,54.922
131.700,stable,11,Outer,24,292.090,47.531,292.066,45.661
131.700,stable,11,Outer,25,298.325,41.172,298.413,39.415
131.700,stable,11,Outer,26,304.628,38.129,304.786,36.523
131.700,stable,11,Outer,27,311.145,37.756,311.311,36.306
131.700,stable,11,Outer,28,317.697,37.778,317.906,36.446
131.700,stable,11,Outer,29,324.248,37.778,324.457,36.527
131.700,stable,11,Outer,30,330.800,37.778,331.008,36.606
131.700,stable,11,Plate,1,140.800,35.313,140.591,34.251
131.700,stable,11,Plate,2,147.352,35.313,147.142,34.165
131.700,stable,11,Plate,3,153.903,35.313,153.694,34.079
131.700,stable,11,Plate,4,160.593,28.814,160.353,27.549
131.700,stable,11,Plate,5,167.202,20.300,167.035,19.094
131.700,stable,11,Plate,6,173.563,13.270,173.504,12.162
131.700,stable,11,Plate,7,180.110,9.254,180.112,8.249
131.700,stable,11,Plate,8,186.662,9.254,186.664,8.332
131.700,stable,11,Plate,9,193.214,9.254,193.215,8.396
131.700,stable,11,Plate,10,199.766,9.254,199.767,8.432
131.700,stable,11,Plate,11,206.252,10.912,206.251,10.105
131.700,stable,11,Plate,12,212.838,13.547,212.835,12.744
131.700,stable,11,Plate,13,219.480,14.725,219.477,13.922
131.700,stable,11,Plate,14,226.031,14.516,226.029,13.710
131.700,stable,11,Plate,15,232.537,14.211,232.534,13.401
131.700,stable,11,Plate,16,239.063,14.211,239.061,13.395
131.700,stable,11,Plate,17,245.569,14.516,245.566,13.693
131.700,stable,11,Plate,18,252.120,14.725,252.118,13.893
131.700,stable,11,Plate,19,258.762,13.547,258.758,12.704
131.700,stable,11,Plate,20,265.348,10.912,265.338,10.055
131.700,stable,11,Plate,21,271.834,9.254,271.819,8.372
131.700,stable,11,Plate,22,278.386,9.254,278.371,8.328
131.700,stable,11,Plate,23,284.938,9.254,284.922,8.257
131.700,stable,11,Plate,24,291.490,9.254,291.474,8.168
131.700,stable,11,Plate,25,298.037,13.270,298.085,12.076
131.700,stable,11,Plate,26,304.398,20.300,304.559,19.003
131.700,stable,11,Plate,27,311.007,28.814,311.244,27.455
131.700,stable,11,Plate,28,317.697,35.313,317.906,33.982
131.700,stable,11,Plate,29,324.248,35.313,324.457,34.062
131.700,stable,11,Plate,30,330.800,35.313,331.008,34.142
131.700,stable,11,Inner,1,180.110,11.718,180.112,10.713
131.700,stable,11,Inner,2,186.662,11.718,186.664,10.796
131.700,stable,11,Inner,3,193.214,11.718,193.215,10.860
131.700,stable,11,Inner,4,199.736,18.029,199.690,17.206
131.700,stable,11,Inner,5,206.081,28.040,206.026,27.223
131.700,stable,11,Inner,6,212.309,40.061,212.282,39.231
131.700,stable,11,Inner,7,218.819,49.723,218.824,48.870
131.700,stable,11,Inner,8,225.513,55.281,225.534,54.408
131.700,stable,11,Inner,9,232.382,57.312,232.407,56.426
131.700,stable,11,Inner,10,239.218,57.312,239.244,56.418
131.700,stable,11,Inner,11,246.087,55.281,246.113,54.386
131.700,stable,11,Inner,12,252.781,49.723,252.812,48.834
131.700,stable,11,Inner,13,259.291,40.061,259.338,39.184
131.700,stable,11,Inner,14,265.519,28.040,265.580,27.169
131.700,stable,11,Inner,15,271.864,18.029,271.905,17.145
131.700,stable,11,Inner,16,278.386,11.718,278.371,10.792
131.700,stable,11,Inner,17,284.938,11.718,284.922,10.722
131.700,stable,11,Inner,18,291.490,11.718,291.474,10.632
131.700,stable,11,Patch1,1,199.766,12.597,199.767,11.775
131.700,stable,11,Patch1,2,205.429,14.310,205.425,13.494
131.700,stable,11,Patch1,3,212.897,17.027,212.896,16.203
131.700,stable,11,Patch1,4,219.549,17.995,219.550,17.162
131.700,stable,11,Patch1,5,226.056,17.807,226.057,16.968
131.700,stable,11,Patch1,6,232.539,17.524,232.540,16.680
131.700,stable,11,Patch1,7,239.061,17.524,239.062,16.676
131.700,stable,11,Patch1,8,245.544,17.807,245.546,16.955
131.700,stable,11,Patch1,9,252.051,17.995,252.053,17.139
131.700,stable,11,Patch1,10,258.703,17.027,258.705,16.169
131.700,stable,11,Patch1,11,266.171,14.310,266.171,13.445
131.700,stable,11,Patch1,12,271.834,12.597,271.819,11.716
131.700,stable,11,Patch2,1,278.386,7.687,278.371,6.761
131.700,stable,11,Patch2,2,284.938,7.687,284.922,6.690
131.700,stable,11,Patch2,3,291.490,7.687,291.474,6.601
131.700,stable,11,Patch3,1,180.110,7.687,180.112,6.682
131.700,stable,11,Patch3,2,186.662,7.687,186.664,6.765
131.700,stable,11,Patch3,3,193.214,7.687,193.215,6.829
131.700,stable,11,Patch4,1,194.083,66.285,194.235,64.607
131.700,stable,11,Patch4,2,200.528,74.107,200.605,72.491
131.700,stable,11,Patch4,3,206.781,80.139,206.808,78.574
131.700,stable,11,Patch4,4,213.263,83.631,213.267,82.108
131.700,stable,11,Patch4,5,219.783,85.206,219.779,83.711
131.700,stable,11,Patch4,6,226.300,85.292,226.295,83.814
131.700,stable,11,Patch4,7,232.666,85.106,232.662,83.633
131.700,stable,11,Patch4,8,238.934,85.106,238.929,83.629
131.700,stable,11,Patch4,9,245.300,85.292,245.296,83.801
131.700,stable,11,Patch4,10,251.817,85.206,251.812,83.688
131.700,stable,11,Patch4,11,258.336,83.631,258.322,82.075
131.700,stable,11,Patch4,12,264.818,80.139,264.776,78.532
131.700,stable,11,Patch4,13,271.072,74.107,270.970,72.440
131.700,stable,11,Patch4,14,277.517,66.285,277.330,64.548
131.700,stable,12,Outer,1,140.800,35.764,140.656,35.014
131.700,stable,12,Outer,2,147.145,35.764,147.001,34.989
131.700,stable,12,Outer,3,153.490,35.764,153.346,34.964
131.700,stable,12,Outer,4,159.834,35.798,159.707,34.955
131.700,stable,12,Outer,5,166.153,36.172,166.029,35.265
131.700,stable,12,Outer,6,172.304,39.184,172.213,38.208
131.700,stable,12,Outer,7,178.365,45.306,178.333,44.271
131.700,stable,12,Outer,8,184.455,54.259,184.477,53.185
131.700,stable,12,Outer,9,190.512,64.860,190.551,63.774
131.700,stable,12,Outer,10,196.621,73.524,196.651,72.443
131.700,stable,12,Outer,11,203.038,80.001,203.058,78.928
131.700,stable,12,Outer,12,209.702,83.742,209.719,82.675
131.700,stable,12,Outer,13,216.367,85.039,216.384,83.974
131.700,stable,12,Outer,14,222.951,85.249,222.968,84.183
131.700,stable,12,Outer,15,229.518,85.264,229.534,84.196
131.700,stable,12,Outer,16,236.082,85.264,236.099,84.194
131.700,stable,12,Outer,17,242.649,85.249,242.665,84.176
131.700,stable,12,Outer,18,249.233,85.039,249.249,83.961
131.700,stable,12,Outer,19,255.898,83.742,255.913,82.657
131.700,stable,12,Outer,20,262.562,80.001,262.571,78.904
131.700,stable,12,Outer,21,268.979,73.524,268.973,72.414
131.700,stable,12,Outer,22,275.088,64.860,275.069,63.742
131.700,stable,12,Outer,23,281.145,54.259,281.140,53.150
131.700,stable,12,Outer,24,287.235,45.306,287.277,44.230
131.700,stable,12,Outer,25,293.296,39.184,293.389,38.159
131.700,stable,12,Outer,26,299.447,36.172,299.569,35.207
131.700,stable,12,Outer,27,305.766,35.798,305.892,34.891
131.700,stable,12,Outer,28,312.110,35.764,312.252,34.896
131.700,stable,12,Outer,29,318.455,35.764,318.597,34.916
131.700,stable,12,Outer,30,324.800,35.764,324.941,34.935
131.700,stable,12,Plate,1,140.800,33.300,140.656,32.550
131.700,stable,12,Plate,2,147.145,33.300,147.001,32.524
131.700,stable,12,Plate,3,153.490,33.300,153.346,32.500
131.700,stable,12,Plate,4,159.968,26.864,159.827,26.066
131.700,stable,12,Plate,5,166.351,18.503,166.265,17.748
131.700,stable,12,Plate,6,172.533,11.872,172.513,11.179
131.700,stable,12,Plate,7,178.869,8.323,178.887,7.698
131.700,stable,12,Plate,8,185.214,8.323,185.231,7.758
131.700,stable,12,Plate,9,191.559,8.323,191.576,7.808
131.700,stable,12,Plate,10,197.903,8.323,197.921,7.844
131.700,stable,12,Plate,11,204.172,10.250,204.180,9.799
131.700,stable,12,Plate,12,210.585,12.745,210.583,12.318
131.700,stable,12,Plate,13,217.010,13.760,217.005,13.351
131.700,stable,12,Plate,14,223.350,13.533,223.346,13.133
131.700,stable,12,Plate,15,229.641,13.231,229.637,12.833
131.700,stable,12,Plate,16,235.959,13.231,235.954,12.828
131.700,stable,12,Plate,17,242.250,13.533,242.245,13.119
131.700,stable,12,Plate,18,248.590,13.760,248.586,13.329
131.700,stable,12,Plate,19,255.015,12.745,255.007,12.289
131.700,stable,12,Plate,20,261.428,10.250,261.407,9.763
131.700,stable,12,Plate,21,267.697,8.323,267.665,7.802
131.700,stable,12,Plate,22,274.041,8.323,274.010,7.762
131.700,stable,12,Plate,23,280.386,8.323,280.354,7.709
131.700,stable,12,Plate,24,286.731,8.323,286.699,7.646
131.700,stable,12,Plate,25,293.067,11.872,293.073,11.123
131.700,stable,12,Plate,26,299.249,18.503,299.325,17.688
131.700,stable,12,Plate,27,305.632,26.864,305.768,26.002
131.700,stable,12,Plate,28,312.110,33.300,312.252,32.432
131.700,stable,12,Plate,29,318.455,33.300,318.597,32.451
131.700,stable,12,Plate,30,324.800,33.300,324.941,32.470
131.700,stable,12,Inner,1,178.869,10.788,178.887,10.162
131.700,stable,12,Inner,2,185.214,10.788,185.231,10.222
131.700,stable,12,Inner,3,191.559,10.788,191.576,10.272
131.700,stable,12,Inner,4,197.895,17.093,197.871,16.607
131.700,stable,12,Inner,5,204.082,27.105,204.048,26.626
131.700,stable,12,Inner,6,210.140,38.557,210.122,38.068
131.700,stable,12,Inner,7,216.462,47.473,216.464,46.971
131.700,stable,12,Inner,8,222.882,52.427,222.893,51.913
131.700,stable,12,Inner,9,229.495,54.128,229.509,53.604
131.700,stable,12,Inner,10,236.104,54.128,236.118,53.599
131.700,stable,12,Inner,11,242.718,52.427,242.732,51.897
131.700,stable,12,Inner,12,249.138,47.473,249.154,46.946
131.700,stable,12,Inner,13,255.460,38.557,255.485,38.036
131.700,stable,12,Inner,14,261.518,27.105,261.549,26.588
131.700,stable,12,Inner,15,267.705,17.093,267.719,16.565
131.700,stable,12,Inner,16,274.041,10.788,274.010,10.226
131.700,stable,12,Inner,17,280.386,10.788,280.354,10.173
131.700,stable,12,Inner,18,286.731,10.788,286.699,10.110
131.700,stable,12,Patch1,1,197.903,11.612,197.921,11.133
131.700,stable,12,Patch1,2,203.450,13.990,203.449,13.528
131.700,stable,12,Patch1,3,210.648,16.002,210.645,15.549
131.700,stable,12,Patch1,4,217.038,16.838,217.034,16.388
131.700,stable,12,Patch1,5,223.344,16.600,223.340,16.150
131.700,stable,12,Patch1,6,229.641,16.306,229.638,15.854
131.700,stable,12,Patch1,7,235.959,16.306,235.955,15.849
131.700,stable,12,Patch1,8,242.256,16.600,242.253,16.137
131.700,stable,12,Patch1,9,248.562,16.838,248.560,16.367
131.700,stable,12,Patch1,10,254.952,16.002,254.948,15.520
131.700,stable,12,Patch1,11,262.150,13.990,262.141,13.491
131.700,stable,12,Patch1,12,267.697,11.612,267.665,11.091
131.700,stable,12,Patch2,1,274.041,6.756,274.010,6.195
131.700,stable,12,Patch2,2,280.386,6.756,280.354,6.142
131.700,stable,12,Patch2,3,286.731,6.756,286.699,6.079
131.700,stable,12,Patch3,1,178.869,6.757,178.887,6.131
131.700,stable,12,Patch3,2,185.214,6.757,185.231,6.191
131.700,stable,12,Patch3,3,191.559,6.757,191.576,6.241
131.700,stable,12,Patch4,1,192.077,61.597,192.123,60.724
131.700,stable,12,Patch4,2,198.301,69.349,198.326,68.492
131.700,stable,12,Patch4,3,204.533,75.546,204.543,74.703
131.700,stable,12,Patch4,4,210.875,80.134,210.876,79.304
131.700,stable,12,Patch4,5,217.255,81.458,217.254,80.637
131.700,stable,12,Patch4,6,223.597,81.558,223.596,80.742
131.700,stable,12,Patch4,7,229.747,81.611,229.745,80.797
131.700,stable,12,Patch4,8,235.853,81.611,235.852,80.795
131.700,stable,12,Patch4,9,242.003,81.558,242.001,80.736
131.700,stable,12,Patch4,10,248.345,81.458,248.343,80.626
131.700,stable,12,Patch4,11,254.725,80.134,254.721,79.288
131.700,stable,12,Patch4,12,261.067,75.546,261.050,74.683
131.700,stable,12,Patch4,13,267.299,69.349,267.262,68.466
131.700,stable,12,Patch4,14,273.523,61.597,273.459,60.693
131.700,stable,13,Outer,1,140.800,33.866,140.736,33.510
131.700,stable,13,Outer,2,146.938,33.866,146.874,33.516
131.700,stable,13,Outer,3,153.076,33.866,153.012,33.523
131.700,stable,13,Outer,4,159.214,33.898,159.149,33.557
131.700,stable,13,Outer,5,165.337,34.286,165.272,33.941
131.700,stable,13,Outer,6,171.352,37.358,171.294,36.998
131.700,stable,13,Outer,7,177.259,43.243,177.223,42.860
131.700,stable,13,Outer,8,183.190,51.657,183.187,51.250
131.700,stable,13,Outer,9,189.097,61.538,189.117,61.118
131.700,stable,13,Outer,10,195.018,69.686,195.040,69.263
131.700,stable,13,Outer,11,201.192,75.889,201.209,75.471
131.700,stable,13,Outer,12,207.563,79.241,207.576,78.830
131.700,stable,13,Outer,13,213.958,80.350,213.969,79.945
131.700,stable,13,Outer,14,220.301,80.555,220.313,80.155
131.700,stable,13,Outer,15,226.634,80.597,226.645,80.198
131.700,stable,13,Outer,16,232.966,80.597,232.977,80.199
131.700,stable,13,Outer,17,239.299,80.555,239.309,80.156
131.700,stable,13,Outer,18,245.642,80.350,245.653,79.946
131.700,stable,13,Outer,19,252.037,79.241,252.046,78.828
131.700,stable,13,Outer,20,258.408,75.889,258.412,75.465
131.700,stable,13,Outer,21,264.582,69.686,264.576,69.253
131.700,stable,13,Outer,22,270.503,61.538,270.494,61.104
131.700,stable,13,Outer,23,276.410,51.657,276.420,51.234
131.700,stable,13,Outer,24,282.341,43.243,282.379,42.839
131.700,stable,13,Outer,25,288.248,37.358,288.304,36.972
131.700,stable,13,Outer,26,294.263,34.286,294.325,33.911
131.700,stable,13,Outer,27,300.386,33.898,300.449,33.525
131.700,stable,13,Outer,28,306.524,33.866,306.586,33.490
131.700,stable,13,Outer,29,312.662,33.866,312.724,33.480
131.700,stable,13,Outer,30,318.800,33.866,318.862,33.469
131.700,stable,13,Plate,1,140.800,31.401,140.736,31.046
131.700,stable,13,Plate,2,146.938,31.401,146.874,31.052
131.700,stable,13,Plate,3,153.076,31.401,153.012,31.058
131.700,stable,13,Plate,4,159.343,24.803,159.293,24.472
131.700,stable,13,Plate,5,165.508,16.664,165.484,16.354
131.700,stable,13,Plate,6,171.521,10.866,171.524,10.584
131.700,stable,13,Plate,7,177.628,8.057,177.646,7.808
131.700,stable,13,Plate,8,183.766,8.057,183.784,7.842
131.700,stable,13,Plate,9,189.903,8.057,189.922,7.872
131.700,stable,13,Plate,10,196.041,8.057,196.060,7.899
131.700,stable,13,Plate,11,202.121,10.574,202.129,10.442
131.700,stable,13,Plate,12,208.355,12.863,208.353,12.755
131.700,stable,13,Plate,13,214.549,13.670,214.545,13.578
131.700,stable,13,Plate,14,220.666,13.483,220.662,13.400
131.700,stable,13,Plate,15,226.748,13.233,226.744,13.153
131.700,stable,13,Plate,16,232.852,13.233,232.848,13.150
131.700,stable,13,Plate,17,238.934,13.483,238.930,13.393
131.700,stable,13,Plate,18,245.051,13.670,245.048,13.567
131.700,stable,13,Plate,19,251.245,12.863,251.239,12.740
131.700,stable,13,Plate,20,257.479,10.574,257.462,10.424
131.700,stable,13,Plate,21,263.559,8.057,263.530,7.880
131.700,stable,13,Plate,22,269.697,8.057,269.668,7.851
131.700,stable,13,Plate,23,275.834,8.057,275.805,7.820
131.700,stable,13,Plate,24,281.972,8.057,281.943,7.786
131.700,stable,13,Plate,25,288.079,10.866,288.066,10.559
131.700,stable,13,Plate,26,294.092,16.664,294.108,16.326
131.700,stable,13,Plate,27,300.257,24.803,300.304,24.441
131.700,stable,13,Plate,28,306.524,31.401,306.586,31.025
131.700,stable,13,Plate,29,312.662,31.401,312.724,31.015
131.700,stable,13,Plate,30,318.800,31.401,318.862,31.004
131.700,stable,13,Inner,1,177.628,10.521,177.646,10.272
131.700,stable,13,Inner,2,183.766,10.521,183.784,10.306
131.700,stable,13,Inner,3,189.903,10.521,189.922,10.336
131.700,stable,13,Inner,4,196.084,17.518,196.075,17.352
131.700,stable,13,Inner,5,202.108,27.666,202.094,27.502
131.700,stable,13,Inner,6,208.009,38.178,208.003,38.010
131.700,stable,13,Inner,7,214.126,45.932,214.127,45.757
131.700,stable,13,Inner,8,220.294,49.823,220.298,49.643
131.700,stable,13,Inner,9,226.628,50.991,226.633,50.808
131.700,stable,13,Inner,10,232.972,50.991,232.978,50.806
131.700,stable,13,Inner,11,239.306,49.823,239.312,49.637
131.700,stable,13,Inner,12,245.474,45.932,245.481,45.748
131.700,stable,13,Inner,13,251.591,38.178,251.600,37.996
131.700,stable,13,Inner,14,257.491,27.666,257.503,27.486
131.700,stable,13,Inner,15,263.516,17.518,263.517,17.332
131.700,stable,13,Inner,16,269.697,10.521,269.668,10.316
131.700,stable,13,Inner,17,275.834,10.521,275.805,10.285
131.700,stable,13,Inner,18,281.972,10.521,281.943,10.250
131.700,stable,13,Patch1,1,196.041,11.292,196.060,11.134
131.700,stable,13,Patch1,2,201.468,14.254,201.467,14.113
131.700,stable,13,Patch1,3,208.403,15.939,208.398,15.812
131.700,stable,13,Patch1,4,214.559,16.611,214.554,16.491
131.700,stable,13,Patch1,5,220.661,16.401,220.655,16.284
131.700,stable,13,Patch1,6,226.746,16.147,226.740,16.029
131.700,stable,13,Patch1,7,232.854,16.147,232.849,16.026
131.700,stable,13,Patch1,8,238.939,16.401,238.934,16.274
131.700,stable,13,Patch1,9,245.041,16.611,245.036,16.476
131.700,stable,13,Patch1,10,251.197,15.939,251.191,15.793
131.700,stable,13,Patch1,11,258.132,14.254,258.122,14.093
131.700,stable,13,Patch1,12,263.559,11.292,263.530,11.115
131.700,stable,13,Patch2,1,269.697,6.490,269.668,6.284
131.700,stable,13,Patch2,2,275.834,6.490,275.805,6.253
131.700,stable,13,Patch2,3,281.972,6.490,281.943,6.219
131.700,stable,13,Patch3,1,177.628,6.491,177.646,6.241
131.700,stable,13,Patch3,2,183.766,6.491,183.784,6.275
131.700,stable,13,Patch3,3,189.903,6.491,189.922,6.306
131.700,stable,13,Patch4,1,190.376,57.996,190.383,57.728
131.700,stable,13,Patch4,2,196.436,65.473,196.439,65.207
131.700,stable,13,Patch4,3,202.467,71.300,202.468,71.036
131.700,stable,13,Patch4,4,208.614,75.198,208.615,74.935
131.700,stable,13,Patch4,5,214.771,76.642,214.772,76.380
131.700,stable,13,Patch4,6,220.846,77.102,220.846,76.839
131.700,stable,13,Patch4,7,226.823,77.282,226.824,77.019
131.700,stable,13,Patch4,8,232.777,77.282,232.777,77.019
131.700,stable,13,Patch4,9,238.754,77.102,238.754,76.838
131.700,stable,13,Patch4,10,244.829,76.642,244.829,76.378
131.700,stable,13,Patch4,11,250.986,75.198,250.986,74.933
131.700,stable,13,Patch4,12,257.133,71.300,257.132,71.032
131.700,stable,13,Patch4,13,263.164,65.473,263.159,65.202
131.700,stable,13,Patch4,14,269.224,57.996,269.214,57.720
131.700,stable,14,Outer,1,140.800,32.045,140.800,32.045
131.700,stable,14,Outer,2,146.731,32.045,146.731,32.045
131.700,stable,14,Outer,3,152.662,32.045,152.662,32.045
131.700,stable,14,Outer,4,158.593,32.049,158.593,32.049
131.700,stable,14,Outer,5,164.523,32.484,164.523,32.484
131.700,stable,14,Outer,6,170.423,35.821,170.423,35.821
131.700,stable,14,Outer,7,176.197,41.604,176.197,41.604
131.700,stable,14,Outer,8,181.983,49.464,181.983,49.464
131.700,stable,14,Outer,9,187.757,58.532,187.757,58.532
131.700,stable,14,Outer,10,193.509,66.117,193.509,66.117
131.700,stable,14,Outer,11,199.438,72.003,199.438,72.003
131.700,stable,14,Outer,12,205.496,74.850,205.496,74.850
131.700,stable,14,Outer,13,211.583,75.698,211.583,75.698
131.700,stable,14,Outer,14,217.666,75.897,217.666,75.897
131.700,stable,14,Outer,15,223.755,75.979,223.755,75.979
131.700,stable,14,Outer,16,229.845,75.979,229.845,75.979
131.700,stable,14,Outer,17,235.934,75.897,235.934,75.897
131.700,stable,14,Outer,18,242.017,75.698,242.017,75.698
131.700,stable,14,Outer,19,248.104,74.850,248.104,74.850
131.700,stable,14,Outer,20,254.162,72.003,254.162,72.003
131.700,stable,14,Outer,21,260.091,66.117,260.091,66.117
131.700,stable,14,Outer,22,265.843,58.532,265.843,58.532
131.700,stable,14,Outer,23,271.617,49.464,271.617,49.464
131.700,stable,14,Outer,24,277.403,41.604,277.403,41.604
131.700,stable,14,Outer,25,283.177,35.821,283.177,35.821
131.700,stable,14,Outer,26,289.077,32.484,289.077,32.484
131.700,stable,14,Outer,27,295.007,32.049,295.007,32.049
131.700,stable,14,Outer,28,300.938,32.045,300.938,32.045
131.700,stable,14,Outer,29,306.869,32.045,306.869,32.045
131.700,stable,14,Outer,30,312.800,32.045,312.800,32.045
131.700,stable,14,Plate,1,140.800,29.580,140.800,29.580
131.700,stable,14,Plate,2,146.731,29.580,146.731,29.580
131.700,stable,14,Plate,3,152.662,29.580,152.662,29.580
131.700,stable,14,Plate,4,158.723,22.515,158.723,22.515
131.700,stable,14,Plate,5,164.673,14.537,164.673,14.537
131.700,stable,14,Plate,6,170.530,9.892,170.530,9.892
131.700,stable,14,Plate,7,176.386,8.038,176.386,8.038
131.700,stable,14,Plate,8,182.317,8.038,182.317,8.038
131.700,stable,14,Plate,9,188.248,8.038,188.248,8.038
131.700,stable,14,Plate,10,194.179,8.038,194.179,8.038
131.700,stable,14,Plate,11,200.094,11.507,200.094,11.507
131.700,stable,14,Plate,12,206.152,13.587,206.152,13.587
131.700,stable,14,Plate,13,212.101,14.155,212.101,14.155
131.700,stable,14,Plate,14,217.981,14.064,217.981,14.064
131.700,stable,14,Plate,15,223.856,13.910,223.856,13.910
131.700,stable,14,Plate,16,229.744,13.910,229.744,13.910
131.700,stable,14,Plate,17,235.619,14.064,235.619,14.064
131.700,stable,14,Plate,18,241.499,14.155,241.499,14.155
131.700,stable,14,Plate,19,247.448,13.587,247.448,13.587
131.700,stable,14,Plate,20,253.506,11.507,253.506,11.507
131.700,stable,14,Plate,21,259.421,8.038,259.421,8.038
131.700,stable,14,Plate,22,265.352,8.038,265.352,8.038
131.700,stable,14,Plate,23,271.283,8.038,271.283,8.038
131.700,stable,14,Plate,24,277.214,8.038,277.214,8.038
131.700,stable,14,Plate,25,283.070,9.892,283.070,9.892
131.700,stable,14,Plate,26,288.927,14.537,288.927,14.537
131.700,stable,14,Plate,27,294.877,22.515,294.877,22.515
131.700,stable,14,Plate,28,300.938,29.580,300.938,29.580
131.700,stable,14,Plate,29,306.869,29.580,306.869,29.580
131.700,stable,14,Plate,30,312.800,29.580,312.800,29.580
131.700,stable,14,Inner,1,176.386,10.503,176.386,10.503
131.700,stable,14,Inner,2,182.317,10.503,182.317,10.503
131.700,stable,14,Inner,3,188.248,10.503,188.248,10.503
131.700,stable,14,Inner,4,194.303,19.004,194.303,19.004
131.700,stable,14,Inner,5,200.172,29.589,200.172,29.589
131.700,stable,14,Inner,6,205.926,38.974,205.926,38.974
131.700,stable,14,Inner,7,211.821,45.264,211.821,45.264
131.700,stable,14,Inner,8,217.746,47.702,217.746,47.702
131.700,stable,14,Inner,9,223.776,48.140,223.776,48.140
131.700,stable,14,Inner,10,229.824,48.140,229.824,48.140
131.700,stable,14,Inner,11,235.854,47.702,235.854,47.702
131.700,stable,14,Inner,12,241.779,45.264,241.779,45.264
131.700,stable,14,Inner,13,247.674,38.974,247.674,38.974
131.700,stable,14,Inner,14,253.428,29.589,253.428,29.589
131.700,stable,14,Inner,15,259.297,19.004,259.297,19.004
131.700,stable,14,Inner,16,265.352,10.503,265.352,10.503
131.700,stable,14,Inner,17,271.283,10.503,271.283,10.503
131.700,stable,14,Inner,18,277.214,10.503,277.214,10.503
131.700,stable,14,Patch2,1,265.352,6.471,265.352,6.471
131.700,stable,14,Patch2,2,271.283,6.471,271.283,6.471
131.700,stable,14,Patch2,3,277.214,6.471,277.214,6.471
131.700,stable,14,Patch3,1,176.386,6.472,176.386,6.472
131.700,stable,14,Patch3,2,182.317,6.472,182.317,6.472
131.700,stable,14,Patch3,3,188.248,6.472,188.248,6.472
131.700,stable,14,Patch4,1,188.813,54.965,188.813,54.965
131.700,stable,14,Patch4,2,194.711,61.612,194.711,61.612
131.700,stable,14,Patch4,3,200.511,67.178,200.511,67.178
131.700,stable,14,Patch4,4,206.420,70.274,206.420,70.274
131.700,stable,14,Patch4,5,212.306,71.319,212.306,71.319
131.700,stable,14,Patch4,6,218.131,71.494,218.131,71.494
131.700,stable,14,Patch4,7,223.908,71.503,223.908,71.503
131.700,stable,14,Patch4,8,229.692,71.503,229.692,71.503
131.700,stable,14,Patch4,9,235.469,71.494,235.469,71.494
131.700,stable,14,Patch4,10,241.294,71.319,241.294,71.319
131.700,stable,14,Patch4,11,247.180,70.274,247.180,70.274
131.700,stable,14,Patch4,12,253.089,67.178,253.089,67.178
131.700,stable,14,Patch4,13,258.889,61.612,258.889,61.612
131.700,stable,14,Patch4,14,264.787,54.965,264.787,54.965
263.400,stable,0,Outer,1,0.000,77.176,0.000,77.176
263.400,stable,0,Outer,2,22.952,77.176,22.952,77.176
263.400,stable,0,Outer,3,45.903,77.176,45.903,77.176
263.400,stable,0,Outer,4,68.855,77.179,68.855,77.179
263.400,stable,0,Outer,5,91.792,78.077,91.792,78.077
263.400,stable,0,Outer,6,114.593,85.124,114.593,85.124
263.400,stable,0,Outer,7,137.122,98.200,137.122,98.200
263.400,stable,0,Outer,8,159.711,115.776,159.711,115.776
263.400,stable,0,Outer,9,181.710,136.686,181.710,136.686
263.400,stable,0,Outer,10,203.804,155.760,203.804,155.760
263.400,stable,0,Outer,11,226.449,171.309,226.449,171.309
263.400,stable,0,Outer,12,250.090,183.123,250.090,183.123
263.400,stable,0,Outer,13,273.409,191.435,273.409,191.435
263.400,stable,0,Outer,14,297.146,196.498,297.146,196.498
263.400,stable,0,Outer,15,320.863,198.450,320.863,198.450
263.400,stable,0,Outer,16,344.737,198.450,344.737,198.450
263.400,stable,0,Outer,17,368.454,196.498,368.454,196.498
263.400,stable,0,Outer,18,392.191,191.435,392.191,191.435
263.400,stable,0,Outer,19,415.510,183.123,415.510,183.123
263.400,stable,0,Outer,20,439.151,171.309,439.151,171.309
263.400,stable,0,Outer,21,461.796,155.760,461.796,155.760
263.400,stable,0,Outer,22,483.890,136.686,483.890,136.686
263.400,stable,0,Outer,23,505.889,115.776,505.889,115.776
263.400,stable,0,Outer,24,528.478,98.200,528.478,98.200
263.400,stable,0,Outer,25,551.007,85.124,551.007,85.124
263.400,stable,0,Outer,26,573.808,78.077,573.808,78.077
263.400,stable,0,Outer,27,596.745,77.179,596.745,77.179
263.400,stable,0,Outer,28,619.697,77.176,619.697,77.176
263.400,stable,0,Outer,29,642.648,77.176,642.648,77.176
263.400,stable,0,Outer,30,665.600,77.176,665.600,77.176
263.400,stable,0,Plate,1,0.000,74.712,0.000,74.712
263.400,stable,0,Plate,2,22.952,74.712,22.952,74.712
263.400,stable,0,Plate,3,45.903,74.712,45.903,74.712
263.400,stable,0,Plate,4,68.670,59.831,68.670,59.831
263.400,stable,0,Plate,5,91.365,40.578,91.365,40.578
263.400,stable,0,Plate,6,114.568,23.951,114.568,23.951
263.400,stable,0,Plate,7,137.710,12.233,137.710,12.233
263.400,stable,0,Plate,8,160.662,12.233,160.662,12.233
263.400,stable,0,Plate,9,183.614,12.233,183.614,12.233
263.400,stable,0,Plate,10,206.566,12.233,206.566,12.233
263.400,stable,0,Plate,11,229.750,16.398,229.750,16.398
263.400,stable,0,Plate,12,253.240,20.696,253.240,20.696
263.400,stable,0,Plate,13,275.756,23.795,275.756,23.795
263.400,stable,0,Plate,14,298.909,25.770,298.909,25.770
263.400,stable,0,Plate,15,321.607,26.483,321.607,26.483
263.400,stable,0,Plate,16,343.993,26.483,343.993,26.483
263.400,stable,0,Plate,17,366.691,25.770,366.691,25.770
263.400,stable,0,Plate,18,389.844,23.795,389.844,23.795
263.400,stable,0,Plate,19,412.360,20.696,412.360,20.696
263.400,stable,0,Plate,20,435.850,16.398,435.850,16.398
263.400,stable,0,Plate,21,459.034,12.233,459.034,12.233
263.400,stable,0,Plate,22,481.986,12.233,481.986,12.233
263.400,stable,0,Plate,23,504.938,12.233,504.938,12.233
263.400,stable,0,Plate,24,527.890,12.233,527.890,12.233
263.400,stable,0,Plate,25,551.032,23.951,551.032,23.951
263.400,stable,0,Plate,26,574.235,40.578,574.235,40.578
263.400,stable,0,Plate,27,596.930,59.831,596.930,59.831
263.400,stable,0,Plate,28,619.697,74.712,619.697,74.712
263.400,stable,0,Plate,29,642.648,74.712,642.648,74.712
263.400,stable,0,Plate,30,665.600,74.712,665.600,74.712
263.400,stable,0,Inner,1,137.710,14.698,137.710,14.698
263.400,stable,0,Inner,2,160.662,14.698,160.662,14.698
263.400,stable,0,Inner,3,183.614,14.698,183.614,14.698
263.400,stable,0,Inner,4,205.946,28.584,205.946,28.584
263.400,stable,0,Inner,5,228.148,46.667,228.148,46.667
263.400,stable,0,Inner,6,250.657,67.900,250.657,67.900
263.400,stable,0,Inner,7,273.978,86.397,273.978,86.397
263.400,stable,0,Inner,8,297.624,99.495,297.624,99.495
263.400,stable,0,Inner,9,321.194,106.375,321.194,106.375
263.400,stable,0,Inner,10,344.406,106.375,344.406,106.375
263.400,stable,0,Inner,11,367.976,99.495,367.976,99.495
263.400,stable,0,Inner,12,391.622,86.397,391.622,86.397
263.400,stable,0,Inner,13,414.943,67.900,414.943,67.900
263.400,stable,0,Inner,14,437.452,46.667,437.452,46.667
263.400,stable,0,Inner,15,459.654,28.584,459.654,28.584
263.400,stable,0,Inner,16,481.986,14.698,481.986,14.698
263.400,stable,0,Inner,17,504.938,14.698,504.938,14.698
263.400,stable,0,Inner,18,527.890,14.698,527.890,14.698
263.400,stable,0,Patch2,1,481.986,10.666,481.986,10.666
263.400,stable,0,Patch2,2,504.938,10.666,504.938,10.666
263.400,stable,0,Patch2,3,527.890,10.666,527.890,10.666
263.400,stable,0,Patch3,1,137.710,10.667,137.710,10.667
263.400,stable,0,Patch3,2,160.662,10.667,160.662,10.667
263.400,stable,0,Patch3,3,183.614,10.667,183.614,10.667
263.400,stable,0,Patch4,1,187.098,137.722,187.098,137.722
263.400,stable,0,Patch4,2,208.654,153.385,208.654,153.385
263.400,stable,0,Patch4,3,231.566,166.352,231.566,166.352
263.400,stable,0,Patch4,4,253.461,175.656,253.461,175.656
263.400,stable,0,Patch4,5,276.821,183.870,276.821,183.870
263.400,stable,0,Patch4,6,299.323,189.200,299.323,189.200
263.400,stable,0,Patch4,7,321.567,192.149,321.567,192.149
263.400,stable,0,Patch4,8,344.033,192.149,344.033,192.149
263.400,stable,0,Patch4,9,366.277,189.200,366.277,189.200
263.400,stable,0,Patch4,10,388.779,183.870,388.779,183.870
263.400,stable,0,Patch4,11,412.139,175.656,412.139,175.656
263.400,stable,0,Patch4,12,434.034,166.352,434.034,166.352
263.400,stable,0,Patch4,13,456.946,153.385,456.946,153.385
263.400,stable,0,Patch4,14,478.502,137.722,478.502,137.722
263.400,stable,1,Outer,1,97.397,60.197,97.470,60.009
263.400,stable,1,Outer,2,112.005,60.197,112.079,59.934
263.400,stable,1,Outer,3,126.612,60.197,126.690,59.867
263.400,stable,1,Outer,4,141.219,60.237,141.290,60.002
263.400,stable,1,Outer,5,155.751,60.865,155.822,60.831
263.400,stable,1,Outer,6,169.822,65.726,169.868,65.798
263.400,stable,1,Outer,7,183.819,74.544,183.825,74.705
263.400,stable,1,Outer,8,198.046,87.541,197.957,87.837
263.400,stable,1,Outer,9,211.802,102.987,211.592,103.436
263.400,stable,1,Outer,10,225.848,116.516,225.556,117.117
263.400,stable,1,Outer,11,240.338,128.410,240.023,129.129
263.400,stable,1,Outer,12,255.796,138.853,255.533,139.626
263.400,stable,1,Outer,13,271.284,145.897,271.090,146.708
263.400,stable,1,Outer,14,286.468,149.143,286.322,150.059
263.400,stable,1,Outer,15,301.594,150.184,301.501,151.185
263.400,stable,1,Outer,16,316.811,150.184,316.773,151.173
263.400,stable,1,Outer,17,331.937,149.143,331.947,150.038
263.400,stable,1,Outer,18,347.122,145.897,347.173,146.713
263.400,stable,1,Outer,19,362.610,138.853,362.721,139.662
263.400,stable,1,Outer,20,378.068,128.410,378.228,129.201
263.400,stable,1,Outer,21,392.557,116.516,392.723,117.254
263.400,stable,1,Outer,22,406.603,102.987,406.738,103.651
263.400,stable,1,Outer,23,420.360,87.541,420.440,88.129
263.400,stable,1,Outer,24,434.586,74.544,434.605,75.045
263.400,stable,1,Outer,25,448.583,65.726,448.548,66.125
263.400,stable,1,Outer,26,462.654,60.865,462.559,61.067
263.400,stable,1,Outer,27,477.186,60.237,477.083,60.100
263.400,stable,1,Outer,28,491.794,60.197,491.670,59.890
263.400,stable,1,Outer,29,506.401,60.197,506.282,59.896
263.400,stable,1,Outer,30,521.008,60.197,520.891,59.907
263.400,stable,1,Plate,1,97.397,57.733,97.470,57.545
263.400,stable,1,Plate,2,112.005,57.733,112.079,57.470
263.400,stable,1,Plate,3,126.612,57.733,126.690,57.403
263.400,stable,1,Plate,4,140.862,48.632,140.927,48.263
263.400,stable,1,Plate,5,155.243,35.513,155.358,35.189
263.400,stable,1,Plate,6,170.168,21.392,170.305,21.088
263.400,stable,1,Plate,7,185.041,11.236,185.132,10.871
263.400,stable,1,Plate,8,199.648,11.236,199.738,10.896
263.400,stable,1,Plate,9,214.255,11.236,214.345,10.957
263.400,stable,1,Plate,10,228.863,11.236,228.946,10.839
263.400,stable,1,Plate,11,243.703,12.624,243.793,12.115
263.400,stable,1,Plate,12,258.371,16.101,258.451,15.624
263.400,stable,1,Plate,13,272.893,19.011,272.940,18.658
263.400,stable,1,Plate,14,287.535,20.699,287.556,20.463
263.400,stable,1,Plate,15,302.017,21.120,302.024,20.932
263.400,stable,1,Plate,16,316.389,21.120,316.383,20.931
263.400,stable,1,Plate,17,330.871,20.699,330.852,20.453
263.400,stable,1,Plate,18,345.513,19.011,345.468,18.629
263.400,stable,1,Plate,19,360.034,16.101,359.954,15.570
263.400,stable,1,Plate,20,374.703,12.624,374.606,12.023
263.400,stable,1,Plate,21,389.543,11.236,389.451,10.661
263.400,stable,1,Plate,22,404.150,11.236,404.062,10.713
263.400,stable,1,Plate,23,418.757,11.236,418.672,10.741
263.400,stable,1,Plate,24,433.365,11.236,433.281,10.833
263.400,stable,1,Plate,25,448.237,21.392,448.129,21.032
263.400,stable,1,Plate,26,463.163,35.513,463.040,35.175
263.400,stable,1,Plate,27,477.543,48.632,477.423,48.304
263.400,stable,1,Plate,28,491.794,57.733,491.670,57.425
263.400,stable,1,Plate,29,506.401,57.733,506.282,57.432
263.400,stable,1,Plate,30,521.008,57.733,520.891,57.443
263.400,stable,1,Inner,1,185.041,13.700,185.132,13.335
263.400,stable,1,Inner,2,199.648,13.700,199.738,13.360
263.400,stable,1,Inner,3,214.255,13.700,214.345,13.421
263.400,stable,1,Inner,4,228.453,19.191,228.554,18.915
263.400,stable,1,Inner,5,242.488,31.270,242.572,31.029
263.400,stable,1,Inner,6,256.943,47.431,256.984,47.246
263.400,stable,1,Inner,7,271.825,62.634,271.830,62.501
263.400,stable,1,Inner,8,286.862,73.925,286.881,73.792
263.400,stable,1,Inner,9,301.841,79.683,301.895,79.492
263.400,stable,1,Inner,10,316.565,79.683,316.632,79.432
263.400,stable,1,Inner,11,331.544,73.925,331.607,73.628
263.400,stable,1,Inner,12,346.581,62.634,346.622,62.285
263.400,stable,1,Inner,13,361.463,47.431,361.457,47.022
263.400,stable,1,Inner,14,375.917,31.270,375.861,30.802
263.400,stable,1,Inner,15,389.952,19.191,389.868,18.683
263.400,stable,1,Inner,16,404.150,13.700,404.062,13.177
263.400,stable,1,Inner,17,418.757,13.700,418.672,13.206
263.400,stable,1,Inner,18,433.365,13.700,433.281,13.297
263.400,stable,1,Patch1,1,228.863,13.824,228.946,13.427
263.400,stable,1,Patch1,2,243.070,15.777,243.161,15.367
263.400,stable,1,Patch1,3,258.414,19.225,258.475,18.950
263.400,stable,1,Patch1,4,272.814,21.462,272.850,21.344
263.400,stable,1,Patch1,5,287.381,23.368,287.396,23.381
263.400,stable,1,Patch1,6,302.003,23.612,302.014,23.672
263.400,stable,1,Patch1,7,316.402,23.612,316.410,23.645
263.400,stable,1,Patch1,8,331.024,23.368,331.027,23.303
263.400,stable,1,Patch1,9,345.591,21.462,345.570,21.236
263.400,stable,1,Patch1,10,359.992,19.225,359.943,18.832
263.400,stable,1,Patch1,11,375.336,15.777,375.256,15.243
263.400,stable,1,Patch1,12,389.543,13.824,389.451,13.250
263.400,stable,1,Patch2,1,404.150,9.669,404.062,9.146
263.400,stable,1,Patch2,2,418.757,9.669,418.672,9.174
263.400,stable,1,Patch2,3,433.365,9.669,433.281,9.266
263.400,stable,1,Patch3,1,185.041,9.669,185.132,9.304
263.400,stable,1,Patch3,2,199.648,9.669,199.738,9.329
263.400,stable,1,Patch3,3,214.255,9.669,214.345,9.390
263.400,stable,1,Patch4,1,216.285,101.557,216.734,100.863
263.400,stable,1,Patch4,2,229.667,112.774,229.996,112.221
263.400,stable,1,Patch4,3,244.116,124.447,244.317,124.048
263.400,stable,1,Patch4,4,257.887,133.856,257.987,133.597
263.400,stable,1,Patch4,5,272.378,141.447,272.408,141.314
263.400,stable,1,Patch4,6,287.127,145.349,287.135,145.288
263.400,stable,1,Patch4,7,301.796,146.111,301.801,146.068
263.400,stable,1,Patch4,8,316.609,146.111,316.613,146.054
263.400,stable,1,Patch4,9,331.279,145.349,331.279,145.252
263.400,stable,1,Patch4,10,346.027,141.447,346.008,141.280
263.400,stable,1,Patch4,11,360.519,133.856,360.453,133.603
263.400,stable,1,Patch4,12,374.289,124.447,374.163,124.106
263.400,stable,1,Patch4,13,388.738,112.774,388.535,112.339
263.400,stable,1,Patch4,14,402.121,101.557,401.843,101.035
263.400,stable,2,Outer,1,113.689,57.760,113.827,57.483
263.400,stable,2,Outer,2,125.842,57.760,125.980,57.323
263.400,stable,2,Outer,3,137.995,57.760,138.132,57.167
263.400,stable,2,Outer,4,150.149,57.749,150.306,57.053
263.400,stable,2,Outer,5,162.192,58.278,162.354,57.458
263.400,stable,2,Outer,6,173.599,62.559,173.851,61.498
263.400,stable,2,Outer,7,185.095,71.380,185.645,69.922
263.400,stable,2,Outer,8,196.817,84.268,197.854,82.354
263.400,stable,2,Outer,9,208.209,99.135,209.552,96.983
263.400,stable,2,Outer,10,219.956,111.960,221.130,109.962
263.400,stable,2,Outer,11,232.101,123.030,232.818,121.513
263.400,stable,2,Outer,12,245.128,132.263,245.368,131.384
263.400,stable,2,Outer,13,258.404,138.045,258.390,137.715
263.400,stable,2,Outer,14,271.049,139.973,270.985,139.951
263.400,stable,2,Outer,15,283.611,140.420,283.544,140.467
263.400,stable,2,Outer,16,296.211,140.420,296.144,140.317
263.400,stable,2,Outer,17,308.773,139.973,308.691,139.563
263.400,stable,2,Outer,18,321.419,138.045,321.275,137.276
263.400,stable,2,Outer,19,334.694,132.263,334.406,131.173
263.400,stable,2,Outer,20,347.721,123.030,347.286,121.737
263.400,stable,2,Outer,21,359.866,111.960,359.369,110.602
263.400,stable,2,Outer,22,371.613,99.135,371.155,97.812
263.400,stable,2,Outer,23,383.005,84.268,382.670,83.040
263.400,stable,2,Outer,24,394.728,71.380,394.546,70.294
263.400,stable,2,Outer,25,406.223,62.559,406.140,61.605
263.400,stable,2,Outer,26,417.630,58.278,417.572,57.392
263.400,stable,2,Outer,27,429.674,57.749,429.613,56.859
263.400,stable,2,Outer,28,441.827,57.760,441.760,56.850
263.400,stable,2,Outer,29,453.980,57.760,453.913,56.906
263.400,stable,2,Outer,30,466.133,57.760,466.066,56.965
263.400,stable,2,Plate,1,113.689,55.295,113.827,55.018
263.400,stable,2,Plate,2,125.842,55.295,125.980,54.859
263.400,stable,2,Plate,3,137.995,55.295,138.132,54.703
263.400,stable,2,Plate,4,149.809,45.886,149.817,45.133
263.400,stable,2,Plate,5,161.818,33.361,161.724,32.508
263.400,stable,2,Plate,6,174.224,20.802,174.183,20.001
263.400,stable,2,Plate,7,186.608,11.916,186.663,11.249
263.400,stable,2,Plate,8,198.762,11.916,198.816,11.352
263.400,stable,2,Plate,9,210.915,11.916,210.969,11.409
263.400,stable,2,Plate,10,223.068,11.916,223.120,11.450
263.400,stable,2,Plate,11,235.431,14.224,235.471,13.817
263.400,stable,2,Plate,12,247.358,17.674,247.380,17.325
263.400,stable,2,Plate,13,259.631,20.393,259.643,20.088
263.400,stable,2,Plate,14,271.744,21.656,271.754,21.376
263.400,stable,2,Plate,15,283.855,21.842,283.866,21.565
263.400,stable,2,Plate,16,295.967,21.842,295.979,21.535
263.400,stable,2,Plate,17,308.078,21.656,308.090,21.280
263.400,stable,2,Plate,18,320.191,20.393,320.193,19.910
263.400,stable,2,Plate,19,332.464,17.674,332.434,17.050
263.400,stable,2,Plate,20,344.391,14.224,344.317,13.453
263.400,stable,2,Plate,21,356.754,11.916,356.660,11.040
263.400,stable,2,Plate,22,368.907,11.916,368.812,11.008
263.400,stable,2,Plate,23,381.061,11.916,380.965,11.000
263.400,stable,2,Plate,24,393.214,11.916,393.119,11.012
263.400,stable,2,Plate,25,405.598,20.802,405.513,19.890
263.400,stable,2,Plate,26,418.004,33.361,417.946,32.427
263.400,stable,2,Plate,27,430.013,45.886,429.958,44.955
263.400,stable,2,Plate,28,441.827,55.295,441.760,54.386
263.400,stable,2,Plate,29,453.980,55.295,453.913,54.441
263.400,stable,2,Plate,30,466.133,55.295,466.066,54.501
263.400,stable,2,Inner,1,186.608,14.380,186.663,13.713
263.400,stable,2,Inner,2,198.762,14.380,198.816,13.816
263.400,stable,2,Inner,3,210.915,14.380,210.969,13.873
263.400,stable,2,Inner,4,222.789,22.464,222.853,21.945
263.400,stable,2,Inner,5,234.500,34.242,234.607,33.679
263.400,stable,2,Inner,6,246.598,49.503,246.740,48.913
263.400,stable,2,Inner,7,258.910,63.582,259.051,62.992
263.400,stable,2,Inner,8,271.329,73.553,271.461,72.974
263.400,stable,2,Inner,9,283.773,78.321,283.909,77.732
263.400,stable,2,Inner,10,296.049,78.321,296.184,77.685
263.400,stable,2,Inner,11,308.493,73.553,308.599,72.843
263.400,stable,2,Inner,12,320.912,63.582,320.954,62.794
263.400,stable,2,Inner,13,333.224,49.503,333.194,48.652
263.400,stable,2,Inner,14,345.322,34.242,345.245,33.354
263.400,stable,2,Inner,15,357.033,22.464,356.949,21.569
263.400,stable,2,Inner,16,368.907,14.380,368.812,13.472
263.400,stable,2,Inner,17,381.061,14.380,380.965,13.465
263.400,stable,2,Inner,18,393.214,14.380,393.119,13.477
263.400,stable,2,Patch2,1,368.907,10.349,368.812,9.441
263.400,stable,2,Patch2,2,381.061,10.349,380.965,9.433
263.400,stable,2,Patch2,3,393.214,10.349,393.119,9.445
263.400,stable,2,Patch3,1,186.608,10.349,186.663,9.682
263.400,stable,2,Patch3,2,198.762,10.349,198.816,9.785
263.400,stable,2,Patch3,3,210.915,10.349,210.969,9.842
263.400,stable,2,Patch4,1,211.968,96.300,212.852,94.273
263.400,stable,2,Patch4,2,224.001,108.348,224.571,106.626
263.400,stable,2,Patch4,3,235.531,117.659,235.869,116.216
263.400,stable,2,Patch4,4,247.396,125.986,247.547,124.803
263.400,stable,2,Patch4,5,259.328,130.868,259.387,129.903
263.400,stable,2,Patch4,6,271.463,132.793,271.495,131.989
263.400,stable,2,Patch4,7,283.785,133.242,283.811,132.541
263.400,stable,2,Patch4,8,296.038,133.242,296.063,132.587
263.400,stable,2,Patch4,9,308.359,132.793,308.383,132.127
263.400,stable,2,Patch4,10,320.494,130.868,320.506,130.134
263.400,stable,2,Patch4,11,332.426,125.986,332.389,125.135
263.400,stable,2,Patch4,12,344.291,117.659,344.149,116.662
263.400,stable,2,Patch4,13,355.821,108.348,355.552,107.197
263.400,stable,2,Patch4,14,367.854,96.300,367.420,94.988
263.400,stable,3,Outer,1,125.925,55.289,126.056,54.939
263.400,stable,3,Outer,2,136.184,55.289,136.309,54.589
263.400,stable,3,Outer,3,146.442,55.289,146.562,54.236
263.400,stable,3,Outer,4,156.701,55.312,156.909,53.862
263.400,stable,3,Outer,5,166.853,55.906,167.079,53.956
263.400,stable,3,Outer,6,176.432,60.600,176.924,58.064
263.400,stable,3,Outer,7,186.279,69.578,187.322,66.400
263.400,stable,3,Outer,8,196.021,82.377,197.679,78.709
263.400,stable,3,Outer,9,205.598,97.285,207.430,93.503
263.400,stable,3,Outer,10,215.299,109.979,216.728,106.495
263.400,stable,3,Outer,11,225.579,120.488,226.381,117.581
263.400,stable,3,Outer,12,236.336,128.994,236.589,126.737
263.400,stable,3,Outer,13,247.507,134.127,247.503,132.395
263.400,stable,3,Outer,14,258.470,135.642,258.423,134.184
263.400,stable,3,Outer,15,269.279,136.054,269.229,134.639
263.400,stable,3,Outer,16,280.071,136.054,280.018,134.500
263.400,stable,3,Outer,17,290.880,135.642,290.812,133.821
263.400,stable,3,Outer,18,301.843,134.127,301.720,131.964
263.400,stable,3,Outer,19,313.014,128.994,312.722,126.484
263.400,stable,3,Outer,20,323.771,120.488,323.266,117.718
263.400,stable,3,Outer,21,334.051,109.979,333.413,107.083
263.400,stable,3,Outer,22,343.752,97.285,343.119,94.394
263.400,stable,3,Outer,23,353.329,82.377,352.838,79.580
263.400,stable,3,Outer,24,363.071,69.578,362.821,66.969
263.400,stable,3,Outer,25,372.918,60.600,372.889,58.245
263.400,stable,3,Outer,26,382.497,55.906,382.591,53.816
263.400,stable,3,Outer,27,392.649,55.312,392.750,53.464
263.400,stable,3,Outer,28,402.908,55.289,403.040,53.588
263.400,stable,3,Outer,29,413.166,55.289,413.297,53.722
263.400,stable,3,Outer,30,423.425,55.289,423.554,53.865
263.400,stable,3,Plate,1,125.925,52.825,126.056,52.475
263.400,stable,3,Plate,2,136.184,52.825,136.309,52.125
263.400,stable,3,Plate,3,146.442,52.825,146.562,51.771
263.400,stable,3,Plate,4,156.714,44.118,156.592,42.786
263.400,stable,3,Plate,5,167.104,32.311,166.872,30.881
263.400,stable,3,Plate,6,177.231,20.040,177.110,18.702
263.400,stable,3,Plate,7,187.477,11.002,187.506,9.837
263.400,stable,3,Plate,8,197.735,11.002,197.764,9.977
263.400,stable,3,Plate,9,207.994,11.002,208.023,10.078
263.400,stable,3,Plate,10,218.253,11.002,218.282,10.157
263.400,stable,3,Plate,11,228.623,13.554,228.641,12.758
263.400,stable,3,Plate,12,238.582,17.756,238.597,16.968
263.400,stable,3,Plate,13,248.928,20.676,248.947,19.875
263.400,stable,3,Plate,14,259.272,21.407,259.293,20.587
263.400,stable,3,Plate,15,269.548,21.486,269.569,20.642
263.400,stable,3,Plate,16,279.802,21.486,279.824,20.607
263.400,stable,3,Plate,17,290.078,21.407,290.099,20.477
263.400,stable,3,Plate,18,300.422,20.676,300.439,19.677
263.400,stable,3,Plate,19,310.768,17.756,310.761,16.672
263.400,stable,3,Plate,20,320.727,13.554,320.680,12.378
263.400,stable,3,Plate,21,331.097,11.002,331.028,9.733
263.400,stable,3,Plate,22,341.356,11.002,341.286,9.653
263.400,stable,3,Plate,23,351.615,11.002,351.545,9.563
263.400,stable,3,Plate,24,361.873,11.002,361.804,9.471
263.400,stable,3,Plate,25,372.119,20.040,372.138,18.410
263.400,stable,3,Plate,26,382.246,32.311,382.364,30.602
263.400,stable,3,Plate,27,392.636,44.118,392.801,42.372
263.400,stable,3,Plate,28,402.908,52.825,403.040,51.124
263.400,stable,3,Plate,29,413.166,52.825,413.297,51.258
263.400,stable,3,Plate,30,423.425,52.825,423.554,51.400
263.400,stable,3,Inner,1,187.477,13.466,187.506,12.301
263.400,stable,3,Inner,2,197.735,13.466,197.764,12.441
263.400,stable,3,Inner,3,207.994,13.466,208.023,12.542
263.400,stable,3,Inner,4,218.065,22.629,218.071,21.723
263.400,stable,3,Inner,5,227.955,35.554,228.014,34.607
263.400,stable,3,Inner,6,238.006,51.396,238.138,50.401
263.400,stable,3,Inner,7,248.213,64.987,248.382,63.965
263.400,stable,3,Inner,8,258.686,74.658,258.869,73.619
263.400,stable,3,Inner,9,269.387,78.923,269.579,77.861
263.400,stable,3,Inner,10,279.963,78.923,280.155,77.822
263.400,stable,3,Inner,11,290.664,74.658,290.835,73.505
263.400,stable,3,Inner,12,301.137,64.987,301.261,63.785
263.400,stable,3,Inner,13,311.344,51.396,311.414,50.154
263.400,stable,3,Inner,14,321.395,35.554,321.418,34.281
263.400,stable,3,Inner,15,331.285,22.629,331.276,21.332
263.400,stable,3,Inner,16,341.356,13.466,341.286,12.117
263.400,stable,3,Inner,17,351.615,13.466,351.545,12.027
263.400,stable,3,Inner,18,361.873,13.466,361.804,11.935
263.400,stable,3,Patch2,1,341.356,9.435,341.286,8.085
263.400,stable,3,Patch2,2,351.615,9.435,351.545,7.996
263.400,stable,3,Patch2,3,361.873,9.435,361.804,7.904
263.400,stable,3,Patch3,1,187.477,9.436,187.506,8.270
263.400,stable,3,Patch3,2,197.735,9.436,197.764,8.410
263.400,stable,3,Patch3,3,207.994,9.436,208.023,8.511
263.400,stable,4,Outer,1,134.356,52.895,134.323,52.123
263.400,stable,4,Outer,2,143.244,52.895,143.199,51.645
263.400,stable,4,Outer,3,152.133,52.895,152.075,51.164
263.400,stable,4,Outer,4,161.022,52.930,161.106,50.619
263.400,stable,4,Outer,5,169.798,53.466,169.897,50.453
263.400,stable,4,Outer,6,177.971,57.810,178.403,54.102
263.400,stable,4,Outer,7,186.431,66.673,187.473,62.338
263.400,stable,4,Outer,8,194.685,79.140,196.213,74.467
263.400,stable,4,Outer,9,202.936,94.258,204.390,89.623
263.400,stable,4,Outer,10,211.425,107.455,212.362,103.137
263.400,stable,4,Outer,11,220.269,117.444,220.698,113.553
263.400,stable,4,Outer,12,229.785,125.140,229.871,121.655
263.400,stable,4,Outer,13,239.572,129.567,239.527,126.360
263.400,stable,4,Outer,14,249.075,130.767,249.013,127.684
263.400,stable,4,Outer,15,258.526,131.041,258.465,127.956
263.400,stable,4,Outer,16,267.963,131.041,267.901,127.857
263.400,stable,4,Outer,17,277.414,130.767,277.345,127.413
263.400,stable,4,Outer,18,286.917,129.567,286.819,126.003
263.400,stable,4,Outer,19,296.703,125.140,296.497,121.348
263.400,stable,4,Outer,20,306.220,117.444,305.849,113.457
263.400,stable,4,Outer,21,315.064,107.455,314.559,103.353
263.400,stable,4,Outer,22,323.553,94.258,323.002,90.129
263.400,stable,4,Outer,23,331.804,79.140,331.363,75.075
263.400,stable,4,Outer,24,340.058,66.673,339.907,62.808
263.400,stable,4,Outer,25,348.518,57.810,348.694,54.274
263.400,stable,4,Outer,26,356.691,53.466,357.056,50.315
263.400,stable,4,Outer,27,365.467,52.930,365.844,50.168
263.400,stable,4,Outer,28,374.356,52.895,374.799,50.396
263.400,stable,4,Outer,29,383.244,52.895,383.685,50.595
263.400,stable,4,Outer,30,392.133,52.895,392.571,50.801
263.400,stable,4,Plate,1,134.356,50.431,134.323,49.659
263.400,stable,4,Plate,2,143.244,50.431,143.199,49.180
263.400,stable,4,Plate,3,152.133,50.431,152.075,48.700
263.400,stable,4,Plate,4,161.165,41.997,160.794,39.944
263.400,stable,4,Plate,5,170.169,30.733,169.757,28.648
263.400,stable,4,Plate,6,178.883,18.942,178.693,17.024
263.400,stable,4,Plate,7,187.689,10.528,187.701,8.825
263.400,stable,4,Plate,8,196.578,10.528,196.588,8.996
263.400,stable,4,Plate,9,205.467,10.528,205.476,9.120
263.400,stable,4,Plate,10,214.356,10.528,214.365,9.188
263.400,stable,4,Plate,11,223.367,12.884,223.374,11.558
263.400,stable,4,Plate,12,231.986,17.106,232.006,15.752
263.400,stable,4,Plate,13,241.018,19.893,241.052,18.494
263.400,stable,4,Plate,14,249.946,20.173,249.982,18.733
263.400,stable,4,Plate,15,258.814,20.049,258.849,18.578
263.400,stable,4,Plate,16,267.675,20.049,267.710,18.552
263.400,stable,4,Plate,17,276.542,20.173,276.578,18.652
263.400,stable,4,Plate,18,285.471,19.893,285.506,18.348
263.400,stable,4,Plate,19,294.503,17.106,294.529,15.531
263.400,stable,4,Plate,20,303.122,12.884,303.128,11.269
263.400,stable,4,Plate,21,312.133,10.528,312.122,8.846
263.400,stable,4,Plate,22,321.022,10.528,321.010,8.744
263.400,stable,4,Plate,23,329.911,10.528,329.898,8.593
263.400,stable,4,Plate,24,338.800,10.528,338.786,8.411
263.400,stable,4,Plate,25,347.606,18.942,347.779,16.627
263.400,stable,4,Plate,26,356.320,30.733,356.717,28.250
263.400,stable,4,Plate,27,365.324,41.997,365.830,39.428
263.400,stable,4,Plate,28,374.356,50.431,374.799,47.932
263.400,stable,4,Plate,29,383.244,50.431,383.685,48.131
263.400,stable,4,Plate,30,392.133,50.431,392.571,48.337
263.400,stable,4,Inner,1,187.689,12.992,187.701,11.289
263.400,stable,4,Inner,2,196.578,12.992,196.588,11.460
263.400,stable,4,Inner,3,205.467,12.992,205.476,11.585
263.400,stable,4,Inner,4,214.071,21.972,214.017,20.613
263.400,stable,4,Inner,5,222.646,34.962,222.621,33.584
263.400,stable,4,Inner,6,231.167,50.669,231.238,49.238
263.400,stable,4,Inner,7,239.966,63.790,240.119,62.304
263.400,stable,4,Inner,8,249.081,73.146,249.282,71.614
263.400,stable,4,Inner,9,258.542,77.247,258.760,75.675
263.400,stable,4,Inner,10,267.947,77.247,268.165,75.644
263.400,stable,4,Inner,11,277.408,73.146,277.616,71.521
263.400,stable,4,Inner,12,286.523,63.790,286.721,62.154
263.400,stable,4,Inner,13,295.322,50.669,295.513,49.029
263.400,stable,4,Inner,14,303.843,34.962,304.008,33.307
263.400,stable,4,Inner,15,312.418,21.972,312.525,20.278
263.400,stable,4,Inner,16,321.022,12.992,321.010,11.209
263.400,stable,4,Inner,17,329.911,12.992,329.898,11.057
263.400,stable,4,Inner,18,338.800,12.992,338.786,10.875
263.400,stable,4,Patch2,1,321.022,8.960,321.010,7.177
263.400,stable,4,Patch2,2,329.911,8.960,329.898,7.026
263.400,stable,4,Patch2,3,338.800,8.960,338.786,6.844
263.400,stable,4,Patch3,1,187.689,8.961,187.701,7.258
263.400,stable,4,Patch3,2,196.578,8.961,196.588,7.429
263.400,stable,4,Patch3,3,205.467,8.961,205.476,7.554
263.400,stable,5,Outer,1,139.231,50.583,138.930,49.131
263.400,stable,5,Outer,2,147.240,50.583,146.923,48.618
263.400,stable,5,Outer,3,155.250,50.583,154.917,48.106
263.400,stable,5,Outer,4,163.259,50.590,163.095,47.478
263.400,stable,5,Outer,5,171.156,51.029,170.997,47.168
263.400,stable,5,Outer,6,178.442,54.693,178.586,50.154
263.400,stable,5,Outer,7,185.991,62.770,186.655,57.709
263.400,stable,5,Outer,8,193.391,74.459,194.337,69.213
263.400,stable,5,Outer,9,200.785,88.877,201.478,83.757
263.400,stable,5,Outer,10,208.546,101.631,208.776,96.778
263.400,stable,5,Outer,11,216.606,111.225,216.546,106.606
263.400,stable,5,Outer,12,225.335,118.356,225.190,113.835
263.400,stable,5,Outer,13,234.192,122.123,234.074,117.534
263.400,stable,5,Outer,14,242.699,123.045,242.594,118.300
263.400,stable,5,Outer,15,251.146,123.226,251.041,118.323
263.400,stable,5,Outer,16,259.593,123.226,259.484,118.223
263.400,stable,5,Outer,17,268.040,123.045,267.928,118.014
263.400,stable,5,Outer,18,276.547,122.123,276.434,117.105
263.400,stable,5,Outer,19,285.404,118.356,285.289,113.343
263.400,stable,5,Outer,20,294.133,111.225,293.984,106.177
263.400,stable,5,Outer,21,302.192,101.631,301.975,96.530
263.400,stable,5,Outer,22,309.953,88.877,309.656,83.732
263.400,stable,5,Outer,23,317.348,74.459,317.076,69.330
263.400,stable,5,Outer,24,324.748,62.770,324.752,57.825
263.400,stable,5,Outer,25,332.297,54.693,332.684,50.128
263.400,stable,5,Outer,26,339.583,51.029,340.192,46.947
263.400,stable,5,Outer,27,347.480,50.590,348.098,47.026
263.400,stable,5,Outer,28,355.489,50.583,356.214,47.405
263.400,stable,5,Outer,29,363.499,50.583,364.218,47.689
263.400,stable,5,Outer,30,371.508,50.583,372.223,47.976
263.400,stable,5,Plate,1,139.231,48.119,138.930,46.667
263.400,stable,5,Plate,2,147.240,48.119,146.923,46.154
263.400,stable,5,Plate,3,155.250,48.119,154.917,45.642
263.400,stable,5,Plate,4,163.353,40.122,162.725,37.359
263.400,stable,5,Plate,5,171.459,29.444,170.900,26.736
263.400,stable,5,Plate,6,179.280,18.227,179.043,15.752
263.400,stable,5,Plate,7,187.288,10.680,187.281,8.456
263.400,stable,5,Plate,8,195.298,10.680,195.289,8.647
263.400,stable,5,Plate,9,203.307,10.680,203.297,8.785
263.400,stable,5,Plate,10,211.317,10.680,211.307,8.849
263.400,stable,5,Plate,11,219.406,12.553,219.399,10.712
263.400,stable,5,Plate,12,227.186,16.545,227.209,14.646
263.400,stable,5,Plate,13,235.334,18.997,235.379,17.026
263.400,stable,5,Plate,14,243.388,18.963,243.433,16.937
263.400,stable,5,Plate,15,251.376,18.674,251.421,16.612
263.400,stable,5,Plate,16,259.363,18.674,259.408,16.590
263.400,stable,5,Plate,17,267.351,18.963,267.397,16.871
263.400,stable,5,Plate,18,275.405,18.997,275.452,16.913
263.400,stable,5,Plate,19,283.553,16.545,283.607,14.484
263.400,stable,5,Plate,20,291.333,12.553,291.393,10.501
263.400,stable,5,Plate,21,299.422,10.680,299.473,8.586
263.400,stable,5,Plate,22,307.432,10.680,307.483,8.473
263.400,stable,5,Plate,23,315.441,10.680,315.491,8.293
263.400,stable,5,Plate,24,323.451,10.680,323.498,8.066
263.400,stable,5,Plate,25,331.459,18.227,331.758,15.337
263.400,stable,5,Plate,26,339.280,29.444,339.934,26.298
263.400,stable,5,Plate,27,347.386,40.122,348.214,36.841
263.400,stable,5,Plate,28,355.489,48.119,356.214,44.941
263.400,stable,5,Plate,29,363.499,48.119,364.218,45.225
263.400,stable,5,Plate,30,371.508,48.119,372.223,45.512
263.400,stable,5,Inner,1,187.288,13.144,187.281,10.920
263.400,stable,5,Inner,2,195.298,13.144,195.289,11.111
263.400,stable,5,Inner,3,203.307,13.144,203.297,11.249
263.400,stable,5,Inner,4,211.019,20.775,210.925,18.945
263.400,stable,5,Inner,5,218.700,32.823,218.612,30.989
263.400,stable,5,Inner,6,226.287,47.873,226.302,45.987
263.400,stable,5,Inner,7,234.161,60.570,234.286,58.615
263.400,stable,5,Inner,8,242.456,69.396,242.646,67.379
263.400,stable,5,Inner,9,251.070,73.216,251.281,71.152
263.400,stable,5,Inner,10,259.669,73.216,259.880,71.126
263.400,stable,5,Inner,11,268.283,69.396,268.492,67.303
263.400,stable,5,Inner,12,276.577,60.570,276.802,58.491
263.400,stable,5,Inner,13,284.452,47.873,284.710,45.815
263.400,stable,5,Inner,14,292.039,32.823,292.300,30.767
263.400,stable,5,Inner,15,299.720,20.775,299.915,18.677
263.400,stable,5,Inner,16,307.432,13.144,307.483,10.938
263.400,stable,5,Inner,17,315.441,13.144,315.491,10.757
263.400,stable,5,Inner,18,323.451,13.144,323.498,10.531
263.400,stable,5,Patch2,1,307.432,9.113,307.483,6.906
263.400,stable,5,Patch2,2,315.441,9.113,315.491,6.726
263.400,stable,5,Patch2,3,323.451,9.113,323.498,6.499
263.400,stable,5,Patch3,1,187.288,9.113,187.281,6.889
263.400,stable,5,Patch3,2,195.298,9.113,195.289,7.081
263.400,stable,5,Patch3,3,203.307,9.113,203.297,7.218
263.400,stable,5,Patch4,1,203.773,86.983,203.660,74.007
263.400,stable,5,Patch4,2,211.281,96.878,211.198,83.876
263.400,stable,5,Patch4,3,218.935,105.036,218.877,92.008
263.400,stable,5,Patch4,4,226.845,111.238,226.807,98.184
263.400,stable,5,Patch4,5,235.042,114.695,235.014,101.614
263.400,stable,5,Patch4,6,243.299,115.481,243.274,102.374
263.400,stable,5,Patch4,7,251.419,115.459,251.394,102.327
263.400,stable,5,Patch4,8,259.320,115.459,259.294,102.302
263.400,stable,5,Patch4,9,267.439,115.481,267.414,102.299
263.400,stable,5,Patch4,10,275.697,114.695,275.669,101.487
263.400,stable,5,Patch4,11,283.893,111.238,283.854,98.005
263.400,stable,5,Patch4,12,291.804,105.036,291.746,91.779
263.400,stable,5,Patch4,13,299.458,96.878,299.374,83.600
263.400,stable,5,Patch4,14,306.966,86.983,306.850,73.684
263.400,stable,6,Outer,1,140.800,48.303,140.257,46.226
263.400,stable,6,Outer,2,148.386,48.303,147.824,45.697
263.400,stable,6,Outer,3,155.972,48.303,155.392,45.168
263.400,stable,6,Outer,4,163.559,48.311,163.164,44.511
263.400,stable,6,Outer,5,171.044,48.759,170.656,44.190
263.400,stable,6,Outer,6,177.980,52.470,177.910,47.229
263.400,stable,6,Outer,7,185.111,60.492,185.518,54.798
263.400,stable,6,Outer,8,192.148,71.869,192.672,66.099
263.400,stable,6,Outer,9,199.159,85.612,199.284,80.033
263.400,stable,6,Outer,10,206.533,97.629,206.258,92.280
263.400,stable,6,Outer,11,214.282,106.732,213.906,101.462
263.400,stable,6,Outer,12,222.564,113.316,222.307,107.884
263.400,stable,6,Outer,13,230.837,116.566,230.704,110.784
263.400,stable,6,Outer,14,238.842,117.305,238.731,111.139
263.400,stable,6,Outer,15,246.809,117.432,246.693,110.984
263.400,stable,6,Outer,16,254.791,117.432,254.670,110.892
263.400,stable,6,Outer,17,262.758,117.305,262.633,110.873
263.400,stable,6,Outer,18,270.763,116.566,270.652,110.368
263.400,stable,6,Outer,19,279.036,113.316,279.010,107.359
263.400,stable,6,Outer,20,287.318,106.732,287.386,100.906
263.400,stable,6,Outer,21,295.067,97.629,295.112,91.792
263.400,stable,6,Outer,22,302.441,85.612,302.316,79.680
263.400,stable,6,Outer,23,309.452,71.869,309.203,65.881
263.400,stable,6,Outer,24,316.489,60.492,316.470,54.652
263.400,stable,6,Outer,25,323.620,52.470,324.047,47.054
263.400,stable,6,Outer,26,330.556,48.759,331.261,43.920
263.400,stable,6,Outer,27,338.041,48.311,338.757,44.107
263.400,stable,6,Outer,28,345.628,48.303,346.490,44.611
263.400,stable,6,Outer,29,353.214,48.303,354.066,44.998
263.400,stable,6,Outer,30,360.800,48.303,361.643,45.385
263.400,stable,6,Plate,1,140.800,45.839,140.257,43.762
263.400,stable,6,Plate,2,148.386,45.839,147.824,43.233
263.400,stable,6,Plate,3,155.972,45.839,155.392,42.704
263.400,stable,6,Plate,4,163.654,38.045,162.811,34.664
263.400,stable,6,Plate,5,171.343,27.651,170.674,24.403
263.400,stable,6,Plate,6,178.725,17.265,178.453,14.312
263.400,stable,6,Plate,7,186.317,10.369,186.299,7.705
263.400,stable,6,Plate,8,193.903,10.369,193.883,7.912
263.400,stable,6,Plate,9,201.490,10.369,201.468,8.059
263.400,stable,6,Plate,10,209.076,10.369,209.055,8.126
263.400,stable,6,Plate,11,216.709,12.191,216.692,9.932
263.400,stable,6,Plate,12,224.137,15.878,224.156,13.547
263.400,stable,6,Plate,13,231.834,18.101,231.878,15.687
263.400,stable,6,Plate,14,239.448,17.973,239.492,15.497
263.400,stable,6,Plate,15,247.013,17.623,247.056,15.108
263.400,stable,6,Plate,16,254.587,17.623,254.630,15.087
263.400,stable,6,Plate,17,262.152,17.973,262.196,15.434
263.400,stable,6,Plate,18,269.766,18.101,269.811,15.583
263.400,stable,6,Plate,19,277.463,15.878,277.522,13.403
263.400,stable,6,Plate,20,284.891,12.191,284.966,9.748
263.400,stable,6,Plate,21,292.524,10.369,292.594,7.898
263.400,stable,6,Plate,22,300.110,10.369,300.180,7.786
263.400,stable,6,Plate,23,307.697,10.369,307.765,7.599
263.400,stable,6,Plate,24,315.283,10.369,315.348,7.355
263.400,stable,6,Plate,25,322.875,17.265,323.223,13.928
263.400,stable,6,Plate,26,330.257,27.651,331.044,23.987
263.400,stable,6,Plate,27,337.946,38.045,338.966,34.203
263.400,stable,6,Plate,28,345.628,45.839,346.490,42.147
263.400,stable,6,Plate,29,353.214,45.839,354.066,42.534
263.400,stable,6,Plate,30,360.800,45.839,361.643,42.921
263.400,stable,6,Inner,1,186.317,12.833,186.299,10.169
263.400,stable,6,Inner,2,193.903,12.833,193.883,10.376
263.400,stable,6,Inner,3,201.490,12.833,201.468,10.523
263.400,stable,6,Inner,4,208.823,20.472,208.705,18.232
263.400,stable,6,Inner,5,216.119,32.216,216.001,29.977
263.400,stable,6,Inner,6,223.263,46.799,223.250,44.509
263.400,stable,6,Inner,7,230.709,59.201,230.813,56.839
263.400,stable,6,Inner,8,238.590,67.321,238.761,64.895
263.400,stable,6,Inner,9,246.762,70.662,246.952,68.189
263.400,stable,6,Inner,10,254.838,70.662,255.028,68.166
263.400,stable,6,Inner,11,263.010,67.321,263.200,64.824
263.400,stable,6,Inner,12,270.891,59.201,271.104,56.726
263.400,stable,6,Inner,13,278.337,46.799,278.602,44.356
263.400,stable,6,Inner,14,285.481,32.216,285.771,29.786
263.400,stable,6,Inner,15,292.777,20.472,293.002,18.001
263.400,stable,6,Inner,16,300.110,12.833,300.180,10.250
263.400,stable,6,Inner,17,307.697,12.833,307.765,10.063
263.400,stable,6,Inner,18,315.283,12.833,315.348,9.819
263.400,stable,6,Patch2,1,300.110,8.802,300.180,6.219
263.400,stable,6,Patch2,2,307.697,8.802,307.765,6.032
263.400,stable,6,Patch2,3,315.283,8.802,315.348,5.788
263.400,stable,6,Patch3,1,186.317,8.802,186.299,6.138
263.400,stable,6,Patch3,2,193.903,8.802,193.883,6.345
263.400,stable,6,Patch3,3,201.490,8.802,201.468,6.492
263.400,stable,6,Patch4,1,202.050,83.389,201.945,72.019
263.400,stable,6,Patch4,2,209.220,93.060,209.144,81.666
263.400,stable,6,Patch4,3,216.438,100.364,216.383,88.946
263.400,stable,6,Patch4,4,223.835,105.993,223.797,94.551
263.400,stable,6,Patch4,5,231.519,109.222,231.491,97.756
263.400,stable,6,Patch4,6,239.300,109.861,239.274,98.370
263.400,stable,6,Patch4,7,247.033,109.923,247.007,98.409
263.400,stable,6,Patch4,8,254.567,109.923,254.541,98.385
263.400,stable,6,Patch4,9,262.300,109.861,262.273,98.299
263.400,stable,6,Patch4,10,270.081,109.222,270.053,97.636
263.400,stable,6,Patch4,11,277.765,105.993,277.727,94.384
263.400,stable,6,Patch4,12,285.162,100.364,285.105,88.733
263.400,stable,6,Patch4,13,292.380,93.060,292.300,81.409
263.400,stable,6,Patch4,14,299.550,83.389,299.439,71.717
263.400,stable,7,Outer,1,140.800,45.954,140.093,43.422
263.400,stable,7,Outer,2,148.179,45.954,147.453,42.888
263.400,stable,7,Outer,3,155.559,45.954,154.813,42.355
263.400,stable,7,Outer,4,162.938,45.996,162.386,41.729
263.400,stable,7,Outer,5,170.236,46.502,169.696,41.463
263.400,stable,7,Outer,6,177.078,50.601,176.900,44.883
263.400,stable,7,Outer,7,184.022,58.912,184.333,52.755
263.400,stable,7,Outer,8,190.935,70.418,191.345,64.196
263.400,stable,7,Outer,9,197.805,83.736,197.850,77.691
263.400,stable,7,Outer,10,204.911,95.040,204.655,89.173
263.400,stable,7,Outer,11,212.547,103.832,212.250,97.996
263.400,stable,7,Outer,12,220.586,109.847,220.403,103.849
263.400,stable,7,Outer,13,228.504,112.543,228.408,106.269
263.400,stable,7,Outer,14,236.231,113.073,236.147,106.515
263.400,stable,7,Outer,15,243.939,113.130,243.852,106.364
263.400,stable,7,Outer,16,251.661,113.130,251.571,106.288
263.400,stable,7,Outer,17,259.369,113.073,259.278,106.291
263.400,stable,7,Outer,18,267.096,112.543,267.011,105.914
263.400,stable,7,Outer,19,275.014,109.847,274.983,103.388
263.400,stable,7,Outer,20,283.053,103.832,283.096,97.479
263.400,stable,7,Outer,21,290.689,95.040,290.707,88.670
263.400,stable,7,Outer,22,297.795,83.736,297.631,77.259
263.400,stable,7,Outer,23,304.665,70.418,304.318,63.854
263.400,stable,7,Outer,24,311.578,58.912,311.435,52.478
263.400,stable,7,Outer,25,318.522,50.601,318.879,44.617
263.400,stable,7,Outer,26,325.364,46.502,326.067,41.164
263.400,stable,7,Outer,27,332.662,45.996,333.379,41.370
263.400,stable,7,Outer,28,340.041,45.954,340.934,41.922
263.400,stable,7,Outer,29,347.421,45.954,348.299,42.382
263.400,stable,7,Outer,30,354.800,45.954,355.663,42.844
263.400,stable,7,Plate,1,140.800,43.490,140.093,40.957
263.400,stable,7,Plate,2,148.179,43.490,147.453,40.423
263.400,stable,7,Plate,3,155.559,43.490,154.813,39.891
263.400,stable,7,Plate,4,163.078,35.864,162.123,32.068
263.400,stable,7,Plate,5,170.565,25.613,169.863,22.008
263.400,stable,7,Plate,6,177.726,16.091,177.443,12.817
263.400,stable,7,Plate,7,185.076,9.485,185.058,6.517
263.400,stable,7,Plate,8,192.455,9.485,192.434,6.738
263.400,stable,7,Plate,9,199.834,9.485,199.812,6.894
263.400,stable,7,Plate,10,207.214,9.485,207.191,6.970
263.400,stable,7,Plate,11,214.614,11.430,214.594,8.908
263.400,stable,7,Plate,12,221.917,14.890,221.927,12.305
263.400,stable,7,Plate,13,229.396,16.811,229.427,14.153
263.400,stable,7,Plate,14,236.774,16.676,236.804,13.966
263.400,stable,7,Plate,15,244.121,16.365,244.151,13.622
263.400,stable,7,Plate,16,251.479,16.365,251.510,13.603
263.400,stable,7,Plate,17,258.826,16.676,258.859,13.907
263.400,stable,7,Plate,18,266.204,16.811,266.237,14.055
263.400,stable,7,Plate,19,273.683,14.890,273.726,12.166
263.400,stable,7,Plate,20,280.986,11.430,281.041,8.729
263.400,stable,7,Plate,21,288.386,9.485,288.433,6.752
263.400,stable,7,Plate,22,295.766,9.485,295.812,6.640
263.400,stable,7,Plate,23,303.145,9.485,303.189,6.449
263.400,stable,7,Plate,24,310.524,9.485,310.565,6.196
263.400,stable,7,Plate,25,317.874,16.091,318.202,12.468
263.400,stable,7,Plate,26,325.035,25.613,325.806,21.640
263.400,stable,7,Plate,27,332.522,35.864,333.576,31.679
263.400,stable,7,Plate,28,340.041,43.490,340.934,39.457
263.400,stable,7,Plate,29,347.421,43.490,348.299,39.918
263.400,stable,7,Plate,30,354.800,43.490,355.663,40.379
263.400,stable,7,Inner,1,185.076,11.949,185.058,8.982
263.400,stable,7,Inner,2,192.455,11.949,192.434,9.202
263.400,stable,7,Inner,3,199.834,11.949,199.812,9.358
263.400,stable,7,Inner,4,207.020,20.143,206.885,17.628
263.400,stable,7,Inner,5,214.142,31.992,214.005,29.478
263.400,stable,7,Inner,6,221.068,46.395,221.035,43.831
263.400,stable,7,Inner,7,228.320,58.606,228.406,55.971
263.400,stable,7,Inner,8,235.982,66.306,236.132,63.607
263.400,stable,7,Inner,9,243.897,69.252,244.064,66.509
263.400,stable,7,Inner,10,251.703,69.252,251.870,66.487
263.400,stable,7,Inner,11,259.618,66.306,259.785,63.540
263.400,stable,7,Inner,12,267.280,58.606,267.469,55.861
263.400,stable,7,Inner,13,274.532,46.395,274.772,43.681
263.400,stable,7,Inner,14,281.458,31.992,281.728,29.292
263.400,stable,7,Inner,15,288.580,20.143,288.790,17.407
263.400,stable,7,Inner,16,295.766,11.949,295.812,9.104
263.400,stable,7,Inner,17,303.145,11.949,303.189,8.913
263.400,stable,7,Inner,18,310.524,11.949,310.565,8.661
263.400,stable,7,Patch2,1,295.766,7.918,295.812,5.073
263.400,stable,7,Patch2,2,303.145,7.918,303.189,4.882
263.400,stable,7,Patch2,3,310.524,7.918,310.565,4.629
263.400,stable,7,Patch3,1,185.076,7.918,185.058,4.951
263.400,stable,7,Patch3,2,192.455,7.918,192.434,5.171
263.400,stable,7,Patch3,3,199.834,7.918,199.812,5.328
263.400,stable,7,Patch4,1,200.260,80.432,200.167,70.666
263.400,stable,7,Patch4,2,207.475,90.411,207.409,80.622
263.400,stable,7,Patch4,3,214.410,97.757,214.365,87.946
263.400,stable,7,Patch4,4,221.802,103.415,221.773,93.582
263.400,stable,7,Patch4,5,229.250,105.988,229.229,96.132
263.400,stable,7,Patch4,6,236.611,106.205,236.590,96.328
263.400,stable,7,Patch4,7,244.056,106.186,244.035,96.286
263.400,stable,7,Patch4,8,251.544,106.186,251.523,96.263
263.400,stable,7,Patch4,9,258.989,106.205,258.968,96.259
263.400,stable,7,Patch4,10,266.350,105.988,266.328,96.019
263.400,stable,7,Patch4,11,273.798,103.415,273.768,93.423
263.400,stable,7,Patch4,12,281.190,97.757,281.142,87.743
263.400,stable,7,Patch4,13,288.125,90.411,288.053,80.376
263.400,stable,7,Patch4,14,295.340,80.432,295.235,70.377
263.400,stable,8,Outer,1,140.800,43.924,140.068,41.203
263.400,stable,8,Outer,2,147.972,43.924,147.222,40.689
263.400,stable,8,Outer,3,155.145,43.924,154.376,40.174
263.400,stable,8,Outer,4,162.317,43.927,161.740,39.528
263.400,stable,8,Outer,5,169.423,44.390,168.854,39.231
263.400,stable,8,Outer,6,176.142,48.169,175.913,42.323
263.400,stable,8,Outer,7,182.888,56.052,183.167,49.737
263.400,stable,8,Outer,8,189.649,67.202,190.103,60.775
263.400,stable,8,Outer,9,196.363,79.659,196.519,73.380
263.400,stable,8,Outer,10,203.218,90.051,203.058,83.966
263.400,stable,8,Outer,11,210.667,98.241,210.424,92.224
263.400,stable,8,Outer,12,218.441,103.675,218.290,97.512
263.400,stable,8,Outer,13,226.079,105.997,226.007,99.538
263.400,stable,8,Outer,14,233.571,106.418,233.507,99.640
263.400,stable,8,Outer,15,241.055,106.449,240.983,99.442
263.400,stable,8,Outer,16,248.545,106.449,248.470,99.374
263.400,stable,8,Outer,17,256.029,106.418,255.949,99.442
263.400,stable,8,Outer,18,263.521,105.997,263.446,99.222
263.400,stable,8,Outer,19,271.159,103.675,271.137,97.098
263.400,stable,8,Outer,20,278.933,98.241,278.962,91.748
263.400,stable,8,Outer,21,286.382,90.051,286.326,83.489
263.400,stable,8,Outer,22,293.237,79.659,292.941,72.951
263.400,stable,8,Outer,23,299.951,67.202,299.486,60.412
263.400,stable,8,Outer,24,306.712,56.052,306.498,49.423
263.400,stable,8,Outer,25,313.458,48.169,313.765,42.022
263.400,stable,8,Outer,26,320.177,44.390,320.820,38.921
263.400,stable,8,Outer,27,327.283,43.927,327.935,39.199
263.400,stable,8,Outer,28,334.455,43.924,335.292,39.820
263.400,stable,8,Outer,29,341.628,43.924,342.448,40.308
263.400,stable,8,Outer,30,348.800,43.924,349.604,40.794
263.400,stable,8,Plate,1,140.800,41.459,140.068,38.739
263.400,stable,8,Plate,2,147.972,41.459,147.222,38.225
263.400,stable,8,Plate,3,155.145,41.459,154.376,37.710
263.400,stable,8,Plate,4,162.466,34.336,161.516,30.410
263.400,stable,8,Plate,5,169.751,24.669,169.059,20.945
263.400,stable,8,Plate,6,176.701,15.891,176.415,12.505
263.400,stable,8,Plate,7,183.834,9.845,183.803,6.772
263.400,stable,8,Plate,8,191.007,9.845,190.973,6.993
263.400,stable,8,Plate,9,198.179,9.845,198.144,7.150
263.400,stable,8,Plate,10,205.352,9.845,205.317,7.224
263.400,stable,8,Plate,11,212.526,11.670,212.496,9.035
263.400,stable,8,Plate,12,219.660,14.743,219.661,12.039
263.400,stable,8,Plate,13,226.927,16.409,226.946,13.629
263.400,stable,8,Plate,14,234.092,16.240,234.111,13.406
263.400,stable,8,Plate,15,241.226,15.949,241.245,13.082
263.400,stable,8,Plate,16,248.374,15.949,248.393,13.064
263.400,stable,8,Plate,17,255.508,16.240,255.529,13.352
263.400,stable,8,Plate,18,262.673,16.409,262.695,13.539
263.400,stable,8,Plate,19,269.940,14.743,269.972,11.912
263.400,stable,8,Plate,20,277.074,11.670,277.121,8.871
263.400,stable,8,Plate,21,284.248,9.845,284.291,7.024
263.400,stable,8,Plate,22,291.421,9.845,291.463,6.918
263.400,stable,8,Plate,23,298.593,9.845,298.634,6.730
263.400,stable,8,Plate,24,305.766,9.845,305.802,6.480
263.400,stable,8,Plate,25,312.899,15.891,313.208,12.192
263.400,stable,8,Plate,26,319.849,24.669,320.578,20.618
263.400,stable,8,Plate,27,327.134,34.336,328.134,30.073
263.400,stable,8,Plate,28,334.455,41.459,335.292,37.356
263.400,stable,8,Plate,29,341.628,41.459,342.448,37.844
263.400,stable,8,Plate,30,348.800,41.459,349.604,38.330
263.400,stable,8,Inner,1,183.834,12.309,183.803,9.236
263.400,stable,8,Inner,2,191.007,12.309,190.973,9.457
263.400,stable,8,Inner,3,198.179,12.309,198.144,9.614
263.400,stable,8,Inner,4,205.206,19.990,205.060,17.373
263.400,stable,8,Inner,5,212.126,31.298,211.975,28.684
263.400,stable,8,Inner,6,218.877,44.909,218.826,42.246
263.400,stable,8,Inner,7,225.964,56.366,226.026,53.632
263.400,stable,8,Inner,8,233.390,63.530,233.512,60.733
263.400,stable,8,Inner,9,241.025,66.240,241.162,63.400
263.400,stable,8,Inner,10,248.575,66.240,248.713,63.378
263.400,stable,8,Inner,11,256.210,63.530,256.347,60.669
263.400,stable,8,Inner,12,263.636,56.366,263.795,53.527
263.400,stable,8,Inner,13,270.723,44.909,270.937,42.104
263.400,stable,8,Inner,14,277.474,31.298,277.724,28.511
263.400,stable,8,Inner,15,284.394,19.990,284.591,17.170
263.400,stable,8,Inner,16,291.421,12.309,291.463,9.382
263.400,stable,8,Inner,17,298.593,12.309,298.634,9.195
263.400,stable,8,Inner,18,305.766,12.309,305.802,8.944
263.400,stable,8,Patch2,1,291.421,8.278,291.463,5.351
263.400,stable,8,Patch2,2,298.593,8.278,298.634,5.163
263.400,stable,8,Patch2,3,305.766,8.278,305.802,4.913
263.400,stable,8,Patch3,1,183.834,8.278,183.803,5.205
263.400,stable,8,Patch3,2,191.007,8.278,190.973,5.427
263.400,stable,8,Patch3,3,198.179,8.278,198.144,5.584
263.400,stable,8,Patch4,1,198.827,77.188,198.754,69.016
263.400,stable,8,Patch4,2,205.781,86.254,205.727,78.064
263.400,stable,8,Patch4,3,212.610,93.074,212.571,84.867
263.400,stable,8,Patch4,4,219.744,97.831,219.716,89.607
263.400,stable,8,Patch4,5,226.949,100.113,226.927,91.870
263.400,stable,8,Patch4,6,234.088,100.289,234.066,92.027
263.400,stable,8,Patch4,7,241.256,100.235,241.234,91.953
263.400,stable,8,Patch4,8,248.344,100.235,248.321,91.931
263.400,stable,8,Patch4,9,255.512,100.289,255.489,91.964
263.400,stable,8,Patch4,10,262.651,100.113,262.628,91.763
263.400,stable,8,Patch4,11,269.856,97.831,269.825,89.458
263.400,stable,8,Patch4,12,276.989,93.074,276.942,84.676
263.400,stable,8,Patch4,13,283.819,86.254,283.746,77.834
263.400,stable,8,Patch4,14,290.773,77.188,290.667,68.745
263.400,stable,9,Outer,1,140.800,41.821,140.136,39.137
263.400,stable,9,Outer,2,147.766,41.821,147.086,38.679
263.400,stable,9,Outer,3,154.731,41.821,154.037,38.219
263.400,stable,9,Outer,4,161.697,41.822,161.184,37.629
263.400,stable,9,Outer,5,168.609,42.268,168.105,37.366
263.400,stable,9,Outer,6,175.208,45.875,175.024,40.308
263.400,stable,9,Outer,7,181.788,53.270,182.105,47.221
263.400,stable,9,Outer,8,188.390,63.898,188.950,57.690
263.400,stable,9,Outer,9,194.949,75.960,195.267,69.874
263.400,stable,9,Outer,10,201.645,85.927,201.643,80.041
263.400,stable,9,Outer,11,208.805,93.528,208.677,87.750
263.400,stable,9,Outer,12,216.285,98.376,216.199,92.523
263.400,stable,9,Outer,13,223.660,100.324,223.623,94.256
263.400,stable,9,Outer,14,230.917,100.656,230.884,94.337
263.400,stable,9,Outer,15,238.170,100.670,238.131,94.166
263.400,stable,9,Outer,16,245.430,100.670,245.386,94.113
263.400,stable,9,Outer,17,252.682,100.656,252.635,94.180
263.400,stable,9,Outer,18,259.940,100.324,259.894,94.006
263.400,stable,9,Outer,19,267.315,98.376,267.300,92.197
263.400,stable,9,Outer,20,274.795,93.528,274.792,87.377
263.400,stable,9,Outer,21,281.955,85.927,281.822,79.663
263.400,stable,9,Outer,22,288.651,75.960,288.247,69.527
263.400,stable,9,Outer,23,295.210,63.898,294.646,57.386
263.400,stable,9,Outer,24,301.812,53.270,301.530,46.943
263.400,stable,9,Outer,25,308.392,45.875,308.612,40.031
263.400,stable,9,Outer,26,314.991,42.268,315.528,37.081
263.400,stable,9,Outer,27,321.903,41.822,322.450,37.335
263.400,stable,9,Outer,28,328.869,41.821,329.595,37.917
263.400,stable,9,Outer,29,335.834,41.821,336.546,38.366
263.400,stable,9,Outer,30,342.800,41.821,343.497,38.813
263.400,stable,9,Plate,1,140.800,39.357,140.136,36.672
263.400,stable,9,Plate,2,147.766,39.357,147.086,36.214
263.400,stable,9,Plate,3,154.731,39.357,154.037,35.755
263.400,stable,9,Plate,4,161.847,32.291,160.993,28.536
263.400,stable,9,Plate,5,168.904,22.942,168.297,19.381
263.400,stable,9,Plate,6,175.659,14.820,175.416,11.576
263.400,stable,9,Plate,7,182.593,9.592,182.566,6.646
263.400,stable,9,Plate,8,189.559,9.592,189.528,6.864
263.400,stable,9,Plate,9,196.524,9.592,196.493,7.018
263.400,stable,9,Plate,10,203.490,9.592,203.459,7.080
263.400,stable,9,Plate,11,210.433,11.441,210.407,8.916
263.400,stable,9,Plate,12,217.390,14.434,217.388,11.857
263.400,stable,9,Plate,13,224.447,15.934,224.457,13.299
263.400,stable,9,Plate,14,231.405,15.764,231.414,13.085
263.400,stable,9,Plate,15,238.329,15.482,238.337,12.773
263.400,stable,9,Plate,16,245.271,15.482,245.281,12.756
263.400,stable,9,Plate,17,252.195,15.764,252.205,13.035
263.400,stable,9,Plate,18,259.153,15.934,259.163,13.217
263.400,stable,9,Plate,19,266.210,14.434,266.226,11.742
263.400,stable,9,Plate,20,273.167,11.441,273.192,8.768
263.400,stable,9,Plate,21,280.110,9.592,280.132,6.902
263.400,stable,9,Plate,22,287.076,9.592,287.098,6.813
263.400,stable,9,Plate,23,294.041,9.592,294.062,6.633
263.400,stable,9,Plate,24,301.007,9.592,301.023,6.391
263.400,stable,9,Plate,25,307.941,14.820,308.186,11.301
263.400,stable,9,Plate,26,314.696,22.942,315.319,19.094
263.400,stable,9,Plate,27,321.753,32.291,322.634,28.240
263.400,stable,9,Plate,28,328.869,39.357,329.595,35.453
263.400,stable,9,Plate,29,335.834,39.357,336.546,35.902
263.400,stable,9,Plate,30,342.800,39.357,343.497,36.349
263.400,stable,9,Inner,1,182.593,12.056,182.566,9.110
263.400,stable,9,Inner,2,189.559,12.056,189.528,9.328
263.400,stable,9,Inner,3,196.524,12.056,196.493,9.482
263.400,stable,9,Inner,4,203.397,19.511,203.257,17.013
263.400,stable,9,Inner,5,210.133,30.518,209.987,28.025
263.400,stable,9,Inner,6,216.714,43.686,216.658,41.149
263.400,stable,9,Inner,7,223.599,54.542,223.644,51.941
263.400,stable,9,Inner,8,230.777,61.083,230.874,58.424
263.400,stable,9,Inner,9,238.147,63.531,238.257,60.833
263.400,stable,9,Inner,10,245.453,63.531,245.563,60.813
263.400,stable,9,Inner,11,252.823,61.083,252.933,58.366
263.400,stable,9,Inner,12,260.001,54.542,260.130,51.846
263.400,stable,9,Inner,13,266.886,43.686,267.067,41.022
263.400,stable,9,Inner,14,273.467,30.518,273.684,27.871
263.400,stable,9,Inner,15,280.203,19.511,280.371,16.833
263.400,stable,9,Inner,16,287.076,12.056,287.098,9.277
263.400,stable,9,Inner,17,294.041,12.056,294.062,9.098
263.400,stable,9,Inner,18,301.007,12.056,301.023,8.855
263.400,stable,9,Patch1,1,203.490,13.073,203.459,10.562
263.400,stable,9,Patch1,2,209.589,14.803,209.571,12.276
263.400,stable,9,Patch1,3,217.450,17.933,217.456,15.346
263.400,stable,9,Patch1,4,224.512,19.326,224.528,16.685
263.400,stable,9,Patch1,5,231.408,19.187,231.424,16.505
263.400,stable,9,Patch1,6,238.331,18.882,238.347,16.173
263.400,stable,9,Patch1,7,245.269,18.882,245.285,16.157
263.400,stable,9,Patch1,8,252.192,19.187,252.209,16.456
263.400,stable,9,Patch1,9,259.088,19.326,259.106,16.602
263.400,stable,9,Patch1,10,266.150,17.933,266.172,15.231
263.400,stable,9,Patch1,11,274.011,14.803,274.042,12.124
263.400,stable,9,Patch1,12,280.110,13.073,280.132,10.384
263.400,stable,9,Patch2,1,287.076,8.025,287.098,5.246
263.400,stable,9,Patch2,2,294.041,8.025,294.062,5.066
263.400,stable,9,Patch2,3,301.007,8.025,301.023,4.824
263.400,stable,9,Patch3,1,182.593,8.025,182.566,5.080
263.400,stable,9,Patch3,2,189.559,8.025,189.528,5.298
263.400,stable,9,Patch3,3,196.524,8.025,196.493,5.451
263.400,stable,9,Patch4,1,197.238,73.649,197.211,67.044
263.400,stable,9,Patch4,2,204.061,82.424,204.034,75.817
263.400,stable,9,Patch4,3,210.677,89.048,210.652,82.437
263.400,stable,9,Patch4,4,217.602,93.438,217.580,86.821
263.400,stable,9,Patch4,5,224.585,95.404,224.565,88.778
263.400,stable,9,Patch4,6,231.525,95.546,231.505,88.908
263.400,stable,9,Patch4,7,238.380,95.337,238.360,88.684
263.400,stable,9,Patch4,8,245.220,95.337,245.200,88.664
263.400,stable,9,Patch4,9,252.075,95.546,252.056,88.850
263.400,stable,9,Patch4,10,259.015,95.404,258.995,88.681
263.400,stable,9,Patch4,11,265.998,93.438,265.969,86.685
263.400,stable,9,Patch4,12,272.923,89.048,272.873,82.263
263.400,stable,9,Patch4,13,279.539,82.424,279.455,75.607
263.400,stable,9,Patch4,14,286.362,73.649,286.231,66.798
263.400,stable,10,Outer,1,140.800,39.668,140.231,37.187
263.400,stable,10,Outer,2,147.559,39.668,146.981,36.842
263.400,stable,10,Outer,3,154.317,39.668,153.730,36.496
263.400,stable,10,Outer,4,161.076,39.719,160.644,36.083
263.400,stable,10,Outer,5,167.791,40.129,167.369,35.915
263.400,stable,10,Outer,6,174.245,43.473,174.084,38.696
263.400,stable,10,Outer,7,180.654,50.504,180.931,45.296
263.400,stable,10,Outer,8,187.088,60.758,187.626,55.377
263.400,stable,10,Outer,9,193.474,72.697,193.861,67.389
263.400,stable,10,Outer,10,199.989,82.455,200.116,77.309
263.400,stable,10,Outer,11,206.913,89.649,206.908,84.622
263.400,stable,10,Outer,12,214.119,94.117,214.105,89.100
263.400,stable,10,Outer,13,221.244,95.761,221.245,90.663
263.400,stable,10,Outer,14,228.272,96.019,228.275,90.808
263.400,stable,10,Outer,15,235.290,96.026,235.290,90.725
263.400,stable,10,Outer,16,242.310,96.026,242.307,90.691
263.400,stable,10,Outer,17,249.328,96.019,249.323,90.707
263.400,stable,10,Outer,18,256.356,95.761,256.352,90.502
263.400,stable,10,Outer,19,263.481,94.117,263.481,88.889
263.400,stable,10,Outer,20,270.687,89.649,270.658,84.377
263.400,stable,10,Outer,21,277.611,82.455,277.443,77.057
263.400,stable,10,Outer,22,284.126,72.697,283.723,67.152
263.400,stable,10,Outer,23,290.512,60.758,290.001,55.162
263.400,stable,10,Outer,24,296.946,50.504,296.703,45.085
263.400,stable,10,Outer,25,303.355,43.473,303.537,38.472
263.400,stable,10,Outer,26,309.809,40.129,310.246,35.674
263.400,stable,10,Outer,27,316.524,39.719,316.972,35.831
263.400,stable,10,Outer,28,323.283,39.668,323.884,36.237
263.400,stable,10,Outer,29,330.041,39.668,330.634,36.575
263.400,stable,10,Outer,30,336.800,39.668,337.385,36.912
263.400,stable,10,Plate,1,140.800,37.204,140.231,34.722
263.400,stable,10,Plate,2,147.559,37.204,146.981,34.377
263.400,stable,10,Plate,3,154.317,37.204,153.730,34.032
263.400,stable,10,Plate,4,161.218,30.231,160.501,26.935
263.400,stable,10,Plate,5,168.054,21.110,167.555,17.983
263.400,stable,10,Plate,6,174.610,13.360,174.427,10.512
263.400,stable,10,Plate,7,181.352,8.626,181.350,6.047
263.400,stable,10,Plate,8,188.110,8.626,188.106,6.252
263.400,stable,10,Plate,9,194.869,8.626,194.863,6.407
263.400,stable,10,Plate,10,201.628,8.626,201.621,6.500
263.400,stable,10,Plate,11,208.345,10.370,208.331,8.277
263.400,stable,10,Plate,12,215.111,13.202,215.102,11.098
263.400,stable,10,Plate,13,221.958,14.570,221.955,12.445
263.400,stable,10,Plate,14,228.716,14.372,228.713,12.231
263.400,stable,10,Plate,15,235.433,14.065,235.431,11.912
263.400,stable,10,Plate,16,242.167,14.065,242.167,11.898
263.400,stable,10,Plate,17,248.884,14.372,248.886,12.187
263.400,stable,10,Plate,18,255.642,14.570,255.645,12.373
263.400,stable,10,Plate,19,262.489,13.202,262.492,10.997
263.400,stable,10,Plate,20,269.255,10.370,269.252,8.149
263.400,stable,10,Plate,21,275.972,8.626,275.955,6.348
263.400,stable,10,Plate,22,282.731,8.626,282.713,6.233
263.400,stable,10,Plate,23,289.490,8.626,289.469,6.058
263.400,stable,10,Plate,24,296.248,8.626,296.224,5.833
263.400,stable,10,Plate,25,302.990,13.360,303.157,10.283
263.400,stable,10,Plate,26,309.546,21.110,310.041,17.742
263.400,stable,10,Plate,27,316.382,30.231,317.107,26.684
263.400,stable,10,Plate,28,323.283,37.204,323.884,33.773
263.400,stable,10,Plate,29,330.041,37.204,330.634,34.111
263.400,stable,10,Plate,30,336.800,37.204,337.385,34.447
263.400,stable,10,Inner,1,181.352,11.090,181.350,8.511
263.400,stable,10,Inner,2,188.110,11.090,188.106,8.716
263.400,stable,10,Inner,3,194.869,11.090,194.863,8.871
263.400,stable,10,Inner,4,201.583,18.186,201.458,16.049
263.400,stable,10,Inner,5,208.099,28.933,207.956,26.807
263.400,stable,10,Inner,6,214.505,41.894,214.440,39.729
263.400,stable,10,Inner,7,221.206,52.486,221.230,50.263
263.400,stable,10,Inner,8,228.153,58.705,228.224,56.431
263.400,stable,10,Inner,9,235.268,61.015,235.349,58.705
263.400,stable,10,Inner,10,242.332,61.015,242.415,58.687
263.400,stable,10,Inner,11,249.447,58.705,249.529,56.378
263.400,stable,10,Inner,12,256.394,52.486,256.494,50.179
263.400,stable,10,Inner,13,263.095,41.894,263.242,39.617
263.400,stable,10,Inner,14,269.501,28.933,269.681,26.672
263.400,stable,10,Inner,15,276.017,18.186,276.147,15.895
263.400,stable,10,Inner,16,282.731,11.090,282.713,8.697
263.400,stable,10,Inner,17,289.490,11.090,289.469,8.523
263.400,stable,10,Inner,18,296.248,11.090,296.224,8.298
263.400,stable,10,Patch2,1,282.731,7.059,282.713,4.666
263.400,stable,10,Patch2,2,289.490,7.059,289.469,4.491
263.400,stable,10,Patch2,3,296.248,7.059,296.224,4.266
263.400,stable,10,Patch3,1,181.352,7.059,181.350,4.480
263.400,stable,10,Patch3,2,188.110,7.059,188.106,4.686
263.400,stable,10,Patch3,3,194.869,7.059,194.863,4.840
263.400,stable,10,Patch4,1,195.329,69.366,195.436,64.248
263.400,stable,10,Patch4,2,201.897,78.048,201.949,72.969
263.400,stable,10,Patch4,3,208.521,84.991,208.534,79.947
263.400,stable,10,Patch4,4,215.278,89.783,215.271,84.767
263.400,stable,10,Patch4,5,222.106,91.706,222.094,86.707
263.400,stable,10,Patch4,6,228.891,91.857,228.878,86.865
263.400,stable,10,Patch4,7,235.567,91.780,235.554,86.783
263.400,stable,10,Patch4,8,242.033,91.780,242.021,86.767
263.400,stable,10,Patch4,9,248.709,91.857,248.697,86.816
263.400,stable,10,Patch4,10,255.494,91.706,255.480,86.625
263.400,stable,10,Patch4,11,262.322,89.783,262.294,84.651
263.400,stable,10,Patch4,12,269.079,84.991,269.008,79.800
263.400,stable,10,Patch4,13,275.703,78.048,275.561,72.792
263.400,stable,10,Patch4,14,282.271,69.366,282.035,64.042
263.400,stable,11,Outer,1,140.800,37.778,140.321,35.656
263.400,stable,11,Outer,2,147.352,37.778,146.870,35.468
263.400,stable,11,Outer,3,153.903,37.778,153.419,35.281
263.400,stable,11,Outer,4,160.455,37.756,160.064,34.992
263.400,stable,11,Outer,5,166.972,38.129,166.591,35.010
263.400,stable,11,Outer,6,173.275,41.172,173.052,37.697
263.400,stable,11,Outer,7,179.510,47.531,179.558,43.775
263.400,stable,11,Outer,8,185.771,56.841,186.007,52.951
263.400,stable,11,Outer,9,191.988,67.968,192.179,64.097
263.400,stable,11,Outer,10,198.313,77.018,198.380,73.226
263.400,stable,11,Outer,11,204.978,83.598,204.983,79.861
263.400,stable,11,Outer,12,211.921,87.530,211.930,83.778
263.400,stable,11,Outer,13,218.813,88.897,218.834,85.069
263.400,stable,11,Outer,14,225.616,89.118,225.637,85.195
263.400,stable,11,Outer,15,232.405,89.133,232.424,85.139
263.400,stable,11,Outer,16,239.195,89.133,239.211,85.119
263.400,stable,11,Outer,17,245.984,89.118,245.999,85.136
263.400,stable,11,Outer,18,252.787,88.897,252.801,84.976
263.400,stable,11,Outer,19,259.679,87.530,259.700,83.656
263.400,stable,11,Outer,20,266.622,83.598,266.637,79.720
263.400,stable,11,Outer,21,273.287,77.018,273.235,73.078
263.400,stable,11,Outer,22,279.612,67.968,279.443,63.953
263.400,stable,11,Outer,23,285.829,56.841,285.632,52.815
263.400,stable,11,Outer,24,292.090,47.531,292.072,43.632
263.400,stable,11,Outer,25,298.325,41.172,298.560,37.535
263.400,stable,11,Outer,26,304.628,38.129,305.013,34.827
263.400,stable,11,Outer,27,311.145,37.756,311.541,34.793
263.400,stable,11,Outer,28,317.697,37.778,318.184,35.074
263.400,stable,11,Outer,29,324.248,37.778,324.733,35.250
263.400,stable,11,Outer,30,330.800,37.778,331.283,35.426
263.400,stable,11,Plate,1,140.800,35.313,140.321,33.191
263.400,stable,11,Plate,2,147.352,35.313,146.870,33.004
263.400,stable,11,Plate,3,153.903,35.313,153.419,32.817
263.400,stable,11,Plate,4,160.593,28.814,160.053,26.261
263.400,stable,11,Plate,5,167.202,20.300,166.839,17.890
263.400,stable,11,Plate,6,173.563,13.270,173.438,11.082
263.400,stable,11,Plate,7,180.110,9.254,180.114,7.284
263.400,stable,11,Plate,8,186.662,9.254,186.664,7.455
263.400,stable,11,Plate,9,193.214,9.254,193.215,7.585
263.400,stable,11,Plate,10,199.766,9.254,199.767,7.657
263.400,stable,11,Plate,11,206.252,10.912,206.247,9.342
263.400,stable,11,Plate,12,212.838,13.547,212.831,11.983
263.400,stable,11,Plate,13,219.480,14.725,219.474,13.158
263.400,stable,11,Plate,14,226.031,14.516,226.026,12.943
263.400,stable,11,Plate,15,232.537,14.211,232.531,12.630
263.400,stable,11,Plate,16,239.063,14.211,239.058,12.618
263.400,stable,11,Plate,17,245.569,14.516,245.564,12.908
263.400,stable,11,Plate,18,252.120,14.725,252.116,13.100
263.400,stable,11,Plate,19,258.762,13.547,258.755,11.903
263.400,stable,11,Plate,20,265.348,10.912,265.330,9.241
263.400,stable,11,Plate,21,271.834,9.254,271.805,7.537
263.400,stable,11,Plate,22,278.386,9.254,278.357,7.447
263.400,stable,11,Plate,23,284.938,9.254,284.908,7.303
263.400,stable,11,Plate,24,291.490,9.254,291.457,7.117
263.400,stable,11,Plate,25,298.037,13.270,298.140,10.901
263.400,stable,11,Plate,26,304.398,20.300,304.749,17.699
263.400,stable,11,Plate,27,311.007,28.814,311.545,26.061
263.400,stable,11,Plate,28,317.697,35.313,318.184,32.610
263.400,stable,11,Plate,29,324.248,35.313,324.733,32.786
263.400,stable,11,Plate,30,330.800,35.313,331.283,32.962
263.400,stable,11,Inner,1,180.110,11.718,180.114,9.748
263.400,stable,11,Inner,2,186.662,11.718,186.664,9.919
263.400,stable,11,Inner,3,193.214,11.718,193.215,10.049
263.400,stable,11,Inner,4,199.736,18.029,199.642,16.431
263.400,stable,11,Inner,5,206.081,28.040,205.968,26.453
263.400,stable,11,Inner,6,212.309,40.061,212.254,38.445
263.400,stable,11,Inner,7,218.819,49.723,218.830,48.061
263.400,stable,11,Inner,8,225.513,55.281,225.557,53.579
263.400,stable,11,Inner,9,232.382,57.312,232.434,55.582
263.400,stable,11,Inner,10,239.218,57.312,239.270,55.566
263.400,stable,11,Inner,11,246.087,55.281,246.139,53.534
263.400,stable,11,Inner,12,252.781,49.723,252.844,47.989
263.400,stable,11,Inner,13,259.291,40.061,259.388,38.351
263.400,stable,11,Inner,14,265.519,28.040,265.644,26.343
263.400,stable,11,Inner,15,271.864,18.029,271.949,16.307
263.400,stable,11,Inner,16,278.386,11.718,278.357,9.912
263.400,stable,11,Inner,17,284.938,11.718,284.908,9.767
263.400,stable,11,Inner,18,291.490,11.718,291.457,9.581
263.400,stable,11,Patch1,1,199.766,12.597,199.767,11.000
263.400,stable,11,Patch1,2,205.429,14.310,205.420,12.724
263.400,stable,11,Patch1,3,212.897,17.027,212.895,15.423
263.400,stable,11,Patch1,4,219.549,17.995,219.551,16.371
263.400,stable,11,Patch1,5,226.056,17.807,226.057,16.169
263.400,stable,11,Patch1,6,232.539,17.524,232.541,15.876
263.400,stable,11,Patch1,7,239.061,17.524,239.063,15.867
263.400,stable,11,Patch1,8,245.544,17.807,245.547,16.142
263.400,stable,11,Patch1,9,252.051,17.995,252.054,16.324
263.400,stable,11,Patch1,10,258.703,17.027,258.707,15.352
263.400,stable,11,Patch1,11,266.171,14.310,266.171,12.625
263.400,stable,11,Patch1,12,271.834,12.597,271.805,10.880
263.400,stable,11,Patch2,1,278.386,7.687,278.357,5.880
263.400,stable,11,Patch2,2,284.938,7.687,284.908,5.736
263.400,stable,11,Patch2,3,291.490,7.687,291.457,5.550
263.400,stable,11,Patch3,1,180.110,7.687,180.114,5.717
263.400,stable,11,Patch3,2,186.662,7.687,186.664,5.888
263.400,stable,11,Patch3,3,193.214,7.687,193.215,6.018
263.400,stable,11,Patch4,1,194.083,66.285,194.398,62.584
263.400,stable,11,Patch4,2,200.528,74.107,200.689,70.530
263.400,stable,11,Patch4,3,206.781,80.139,206.836,76.668
263.400,stable,11,Patch4,4,213.263,83.631,213.270,80.247
263.400,stable,11,Patch4,5,219.783,85.206,219.773,81.883
263.400,stable,11,Patch4,6,226.300,85.292,226.289,82.004
263.400,stable,11,Patch4,7,232.666,85.106,232.656,81.828
263.400,stable,11,Patch4,8,238.934,85.106,238.923,81.817
263.400,stable,11,Patch4,9,245.300,85.292,245.290,81.970
263.400,stable,11,Patch4,10,251.817,85.206,251.805,81.825
263.400,stable,11,Patch4,11,258.336,83.631,258.303,80.167
263.400,stable,11,Patch4,12,264.818,80.139,264.724,76.565
263.400,stable,11,Patch4,13,271.072,74.107,270.852,70.407
263.400,stable,11,Patch4,14,277.517,66.285,277.116,62.441
263.400,stable,12,Outer,1,140.800,35.764,140.455,34.215
263.400,stable,12,Outer,2,147.145,35.764,146.799,34.166
263.400,stable,12,Outer,3,153.490,35.764,153.144,34.120
263.400,stable,12,Outer,4,159.834,35.798,159.520,34.070
263.400,stable,12,Outer,5,166.153,36.172,165.845,34.308
263.400,stable,12,Outer,6,172.304,39.184,172.066,37.171
263.400,stable,12,Outer,7,178.365,45.306,178.257,43.160
263.400,stable,12,Outer,8,184.455,54.259,184.471,52.024
263.400,stable,12,Outer,9,190.512,64.860,190.574,62.594
263.400,stable,12,Outer,10,196.621,73.524,196.671,71.262
263.400,stable,12,Outer,11,203.038,80.001,203.072,77.752
263.400,stable,12,Outer,12,209.702,83.742,209.731,81.501
263.400,stable,12,Outer,13,216.367,85.039,216.396,82.797
263.400,stable,12,Outer,14,222.951,85.249,222.980,83.001
263.400,stable,12,Outer,15,229.518,85.264,229.546,83.008
263.400,stable,12,Outer,16,236.082,85.264,236.110,83.001
263.400,stable,12,Outer,17,242.649,85.249,242.677,82.979
263.400,stable,12,Outer,18,249.233,85.039,249.261,82.759
263.400,stable,12,Outer,19,255.898,83.742,255.923,81.449
263.400,stable,12,Outer,20,262.562,80.001,262.576,77.688
263.400,stable,12,Outer,21,268.979,73.524,268.969,71.189
263.400,stable,12,Outer,22,275.088,64.860,275.061,62.516
263.400,stable,12,Outer,23,281.145,54.259,281.162,51.944
263.400,stable,12,Outer,24,287.235,45.306,287.363,43.070
263.400,stable,12,Outer,25,293.296,39.184,293.538,37.063
263.400,stable,12,Outer,26,299.447,36.172,299.752,34.182
263.400,stable,12,Outer,27,305.766,35.798,306.077,33.930
263.400,stable,12,Outer,28,312.110,35.764,312.453,33.974
263.400,stable,12,Outer,29,318.455,35.764,318.797,34.010
263.400,stable,12,Outer,30,324.800,35.764,325.142,34.046
263.400,stable,12,Plate,1,140.800,33.300,140.455,31.750
263.400,stable,12,Plate,2,147.145,33.300,146.799,31.702
263.400,stable,12,Plate,3,153.490,33.300,153.144,31.655
263.400,stable,12,Plate,4,159.968,26.864,159.638,25.235
263.400,stable,12,Plate,5,166.351,18.503,166.157,16.980
263.400,stable,12,Plate,6,172.533,11.872,172.489,10.492
263.400,stable,12,Plate,7,178.869,8.323,178.904,7.089
263.400,stable,12,Plate,8,185.214,8.323,185.248,7.215
263.400,stable,12,Plate,9,191.559,8.323,191.592,7.319
263.400,stable,12,Plate,10,197.903,8.323,197.936,7.392
263.400,stable,12,Plate,11,204.172,10.250,204.187,9.375
263.400,stable,12,Plate,12,210.585,12.745,210.581,11.918
263.400,stable,12,Plate,13,217.010,13.760,217.000,12.967
263.400,stable,12,Plate,14,223.350,13.533,223.341,12.757
263.400,stable,12,Plate,15,229.641,13.231,229.631,12.459
263.400,stable,12,Plate,16,235.959,13.231,235.949,12.450
263.400,stable,12,Plate,17,242.250,13.533,242.240,12.730
263.400,stable,12,Plate,18,248.590,13.760,248.581,12.923
263.400,stable,12,Plate,19,255.015,12.745,254.998,11.858
263.400,stable,12,Plate,20,261.428,10.250,261.386,9.302
263.400,stable,12,Plate,21,267.697,8.323,267.633,7.307
263.400,stable,12,Plate,22,274.041,8.323,273.977,7.225
263.400,stable,12,Plate,23,280.386,8.323,280.321,7.113
263.400,stable,12,Plate,24,286.731,8.323,286.664,6.978
263.400,stable,12,Plate,25,293.067,11.872,293.084,10.371
263.400,stable,12,Plate,26,299.249,18.503,299.425,16.849
263.400,stable,12,Plate,27,305.632,26.864,305.956,25.094
263.400,stable,12,Plate,28,312.110,33.300,312.453,31.510
263.400,stable,12,Plate,29,318.455,33.300,318.797,31.546
263.400,stable,12,Plate,30,324.800,33.300,325.142,31.581
263.400,stable,12,Inner,1,178.869,10.788,178.904,9.554
263.400,stable,12,Inner,2,185.214,10.788,185.248,9.680
263.400,stable,12,Inner,3,191.559,10.788,191.592,9.783
263.400,stable,12,Inner,4,197.895,17.093,197.844,16.149
263.400,stable,12,Inner,5,204.082,27.105,204.010,26.174
263.400,stable,12,Inner,6,210.140,38.557,210.102,37.607
263.400,stable,12,Inner,7,216.462,47.473,216.465,46.494
263.400,stable,12,Inner,8,222.882,52.427,222.905,51.422
263.400,stable,12,Inner,9,229.495,54.128,229.524,53.103
263.400,stable,12,Inner,10,236.104,54.128,236.133,53.092
263.400,stable,12,Inner,11,242.718,52.427,242.746,51.390
263.400,stable,12,Inner,12,249.138,47.473,249.172,46.443
263.400,stable,12,Inner,13,255.460,38.557,255.513,37.541
263.400,stable,12,Inner,14,261.518,27.105,261.585,26.098
263.400,stable,12,Inner,15,267.705,17.093,267.736,16.063
263.400,stable,12,Inner,16,274.041,10.788,273.977,9.689
263.400,stable,12,Inner,17,280.386,10.788,280.321,9.577
263.400,stable,12,Inner,18,286.731,10.788,286.664,9.442
263.400,stable,12,Patch1,1,197.903,11.612,197.936,10.681
263.400,stable,12,Patch1,2,203.450,13.990,203.448,13.093
263.400,stable,12,Patch1,3,210.648,16.002,210.641,15.122
263.400,stable,12,Patch1,4,217.038,16.838,217.030,15.963
263.400,stable,12,Patch1,5,223.344,16.600,223.337,15.725
263.400,stable,12,Patch1,6,229.641,16.306,229.634,15.426
263.400,stable,12,Patch1,7,235.959,16.306,235.952,15.417
263.400,stable,12,Patch1,8,242.256,16.600,242.250,15.699
263.400,stable,12,Patch1,9,248.562,16.838,248.557,15.920
263.400,stable,12,Patch1,10,254.952,16.002,254.944,15.064
263.400,stable,12,Patch1,11,262.150,13.990,262.133,13.019
263.400,stable,12,Patch1,12,267.697,11.612,267.633,10.596
263.400,stable,12,Patch2,1,274.041,6.756,273.977,5.657
263.400,stable,12,Patch2,2,280.386,6.756,280.321,5.546
263.400,stable,12,Patch2,3,286.731,6.756,286.664,5.411
263.400,stable,12,Patch3,1,178.869,6.757,178.904,5.523
263.400,stable,12,Patch3,2,185.214,6.757,185.248,5.649
263.400,stable,12,Patch3,3,191.559,6.757,191.592,5.752
263.400,stable,12,Patch4,1,192.077,61.597,192.179,59.652
263.400,stable,12,Patch4,2,198.301,69.349,198.356,67.440
263.400,stable,12,Patch4,3,204.533,75.546,204.554,73.668
263.400,stable,12,Patch4,4,210.875,80.134,210.876,78.283
263.400,stable,12,Patch4,5,217.255,81.458,217.253,79.626
263.400,stable,12,Patch4,6,223.597,81.558,223.594,79.738
263.400,stable,12,Patch4,7,229.747,81.611,229.744,79.793
263.400,stable,12,Patch4,8,235.853,81.611,235.850,79.788
263.400,stable,12,Patch4,9,242.003,81.558,241.999,79.721
263.400,stable,12,Patch4,10,248.345,81.458,248.341,79.598
263.400,stable,12,Patch4,11,254.725,80.134,254.715,78.244
263.400,stable,12,Patch4,12,261.067,75.546,261.029,73.617
263.400,stable,12,Patch4,13,267.299,69.349,267.215,67.377
263.400,stable,12,Patch4,14,273.523,61.597,273.378,59.578
263.400,stable,13,Outer,1,140.800,33.866,140.648,33.115
263.400,stable,13,Outer,2,146.938,33.866,146.786,33.128
263.400,stable,13,Outer,3,153.076,33.866,152.924,33.142
263.400,stable,13,Outer,4,159.214,33.898,159.059,33.179
263.400,stable,13,Outer,5,165.337,34.286,165.183,33.555
263.400,stable,13,Outer,6,171.352,37.358,171.214,36.594
263.400,stable,13,Outer,7,177.259,43.243,177.166,42.433
263.400,stable,13,Outer,8,183.190,51.657,183.160,50.800
263.400,stable,13,Outer,9,189.097,61.538,189.113,60.652
263.400,stable,13,Outer,10,195.018,69.686,195.045,68.790
263.400,stable,13,Outer,11,201.192,75.889,201.218,74.992
263.400,stable,13,Outer,12,207.563,79.241,207.587,78.346
263.400,stable,13,Outer,13,213.958,80.350,213.981,79.455
263.400,stable,13,Outer,14,220.301,80.555,220.325,79.660
263.400,stable,13,Outer,15,226.634,80.597,226.657,79.701
263.400,stable,13,Outer,16,232.966,80.597,232.988,79.700
263.400,stable,13,Outer,17,239.299,80.555,239.321,79.659
263.400,stable,13,Outer,18,245.642,80.350,245.664,79.452
263.400,stable,13,Outer,19,252.037,79.241,252.058,78.337
263.400,stable,13,Outer,20,258.408,75.889,258.424,74.976
263.400,stable,13,Outer,21,264.582,69.686,264.589,68.765
263.400,stable,13,Outer,22,270.503,61.538,270.510,60.619
263.400,stable,13,Outer,23,276.410,51.657,276.456,50.761
263.400,stable,13,Outer,24,282.341,43.243,282.440,42.385
263.400,stable,13,Outer,25,288.248,37.358,288.382,36.535
263.400,stable,13,Outer,26,294.263,34.286,294.410,33.486
263.400,stable,13,Outer,27,300.386,33.898,300.534,33.105
263.400,stable,13,Outer,28,306.524,33.866,306.671,33.067
263.400,stable,13,Outer,29,312.662,33.866,312.809,33.047
263.400,stable,13,Outer,30,318.800,33.866,318.947,33.024
263.400,stable,13,Plate,1,140.800,31.401,140.648,30.651
263.400,stable,13,Plate,2,146.938,31.401,146.786,30.664
263.400,stable,13,Plate,3,153.076,31.401,152.924,30.678
263.400,stable,13,Plate,4,159.343,24.803,159.222,24.108
263.400,stable,13,Plate,5,165.508,16.664,165.451,16.019
263.400,stable,13,Plate,6,171.521,10.866,171.526,10.286
263.400,stable,13,Plate,7,177.628,8.057,177.667,7.553
263.400,stable,13,Plate,8,183.766,8.057,183.805,7.627
263.400,stable,13,Plate,9,189.903,8.057,189.942,7.694
263.400,stable,13,Plate,10,196.041,8.057,196.080,7.753
263.400,stable,13,Plate,11,202.121,10.574,202.137,10.323
263.400,stable,13,Plate,12,208.355,12.863,208.351,12.662
263.400,stable,13,Plate,13,214.549,13.670,214.540,13.505
263.400,stable,13,Plate,14,220.666,13.483,220.658,13.338
263.400,stable,13,Plate,15,226.748,13.233,226.739,13.096
263.400,stable,13,Plate,16,232.852,13.233,232.844,13.091
263.400,stable,13,Plate,17,238.934,13.483,238.926,13.325
263.400,stable,13,Plate,18,245.051,13.670,245.044,13.484
263.400,stable,13,Plate,19,251.245,12.863,251.231,12.633
263.400,stable,13,Plate,20,257.479,10.574,257.443,10.287
263.400,stable,13,Plate,21,263.559,8.057,263.497,7.711
263.400,stable,13,Plate,22,269.697,8.057,269.635,7.650
263.400,stable,13,Plate,23,275.834,8.057,275.772,7.580
263.400,stable,13,Plate,24,281.972,8.057,281.909,7.501
263.400,stable,13,Plate,25,288.079,10.866,288.053,10.229
263.400,stable,13,Plate,26,294.092,16.664,294.134,15.954
263.400,stable,13,Plate,27,300.257,24.803,300.372,24.036
263.400,stable,13,Plate,28,306.524,31.401,306.671,30.603
263.400,stable,13,Plate,29,312.662,31.401,312.809,30.582
263.400,stable,13,Plate,30,318.800,31.401,318.947,30.560
263.400,stable,13,Inner,1,177.628,10.521,177.667,10.017
263.400,stable,13,Inner,2,183.766,10.521,183.805,10.092
263.400,stable,13,Inner,3,189.903,10.521,189.942,10.159
263.400,stable,13,Inner,4,196.084,17.518,196.062,17.195
263.400,stable,13,Inner,5,202.108,27.666,202.075,27.349
263.400,stable,13,Inner,6,208.009,38.178,207.993,37.851
263.400,stable,13,Inner,7,214.126,45.932,214.128,45.590
263.400,stable,13,Inner,8,220.294,49.823,220.303,49.469
263.400,stable,13,Inner,9,226.628,50.991,226.639,50.629
263.400,stable,13,Inner,10,232.972,50.991,232.983,50.625
263.400,stable,13,Inner,11,239.306,49.823,239.317,49.457
263.400,stable,13,Inner,12,245.474,45.932,245.488,45.570
263.400,stable,13,Inner,13,251.591,38.178,251.612,37.823
263.400,stable,13,Inner,14,257.491,27.666,257.519,27.315
263.400,stable,13,Inner,15,263.516,17.518,263.522,17.154
263.400,stable,13,Inner,16,269.697,10.521,269.635,10.114
263.400,stable,13,Inner,17,275.834,10.521,275.772,10.044
263.400,stable,13,Inner,18,281.972,10.521,281.909,9.965
263.400,stable,13,Patch1,1,196.041,11.292,196.080,10.988
263.400,stable,13,Patch1,2,201.468,14.254,201.466,13.985
263.400,stable,13,Patch1,3,208.403,15.939,208.394,15.699
263.400,stable,13,Patch1,4,214.559,16.611,214.548,16.386
263.400,stable,13,Patch1,5,220.661,16.401,220.650,16.182
263.400,stable,13,Patch1,6,226.746,16.147,226.735,15.926
263.400,stable,13,Patch1,7,232.854,16.147,232.843,15.920
263.400,stable,13,Patch1,8,238.939,16.401,238.928,16.162
263.400,stable,13,Patch1,9,245.041,16.611,245.030,16.355
263.400,stable,13,Patch1,10,251.197,15.939,251.184,15.661
263.400,stable,13,Patch1,11,258.132,14.254,258.111,13.944
263.400,stable,13,Patch1,12,263.559,11.292,263.497,10.946
263.400,stable,13,Patch2,1,269.697,6.490,269.635,6.083
263.400,stable,13,Patch2,2,275.834,6.490,275.772,6.013
263.400,stable,13,Patch2,3,281.972,6.490,281.909,5.934
263.400,stable,13,Patch3,1,177.628,6.491,177.667,5.986
263.400,stable,13,Patch3,2,183.766,6.491,183.805,6.061
263.400,stable,13,Patch3,3,189.903,6.491,189.942,6.128
263.400,stable,13,Patch4,1,190.376,57.996,190.371,57.415
263.400,stable,13,Patch4,2,196.436,65.473,196.432,64.890
263.400,stable,13,Patch4,3,202.467,71.300,202.465,70.715
263.400,stable,13,Patch4,4,208.614,75.198,208.614,74.610
263.400,stable,13,Patch4,5,214.771,76.642,214.772,76.050
263.400,stable,13,Patch4,6,220.846,77.102,220.847,76.505
263.400,stable,13,Patch4,7,226.823,77.282,226.824,76.683
263.400,stable,13,Patch4,8,232.777,77.282,232.778,76.682
263.400,stable,13,Patch4,9,238.754,77.102,238.755,76.502
263.400,stable,13,Patch4,10,244.829,76.642,244.830,76.044
263.400,stable,13,Patch4,11,250.986,75.198,250.987,74.602
263.400,stable,13,Patch4,12,257.133,71.300,257.134,70.703
263.400,stable,13,Patch4,13,263.164,65.473,263.164,64.876
263.400,stable,13,Patch4,14,269.224,57.996,269.220,57.397
263.400,stable,14,Outer,1,140.800,32.045,140.800,32.045
263.400,stable,14,Outer,2,146.731,32.045,146.731,32.045
263.400,stable,14,Outer,3,152.662,32.045,152.662,32.045
263.400,stable,14,Outer,4,158.593,32.049,158.593,32.049
263.400,stable,14,Outer,5,164.523,32.484,164.523,32.484
263.400,stable,14,Outer,6,170.423,35.821,170.423,35.821
263.400,stable,14,Outer,7,176.197,41.604,176.197,41.604
263.400,stable,14,Outer,8,181.983,49.464,181.983,49.464
263.400,stable,14,Outer,9,187.757,58.532,187.757,58.532
263.400,stable,14,Outer,10,193.509,66.117,193.509,66.117
263.400,stable,14,Outer,11,199.438,72.003,199.438,72.003
263.400,stable,14,Outer,12,205.496,74.850,205.496,74.850
263.400,stable,14,Outer,13,211.583,75.698,211.583,75.698
263.400,stable,14,Outer,14,217.666,75.897,217.666,75.897
263.400,stable,14,Outer,15,223.755,75.979,223.755,75.979
263.400,stable,14,Outer,16,229.845,75.979,229.845,75.979
263.400,stable,14,Outer,17,235.934,75.897,235.934,75.897
263.400,stable,14,Outer,18,242.017,75.698,242.017,75.698
263.400,stable,14,Outer,19,248.104,74.850,248.104,74.850
263.400,stable,14,Outer,20,254.162,72.003,254.162,72.003
263.400,stable,14,Outer,21,260.091,66.117,260.091,66.117
263.400,stable,14,Outer,22,265.843,58.532,265.843,58.532
263.400,stable,14,Outer,23,271.617,49.464,271.617,49.464
263.400,stable,14,Outer,24,277.403,41.604,277.403,41.604
263.400,stable,14,Outer,25,283.177,35.821,283.177,35.821
263.400,stable,14,Outer,26,289.077,32.484,289.077,32.484
263.400,stable,14,Outer,27,295.007,32.049,295.007,32.049
263.400,stable,14,Outer,28,300.938,32.045,300.938,32.045
263.400,stable,14,Outer,29,306.869,32.045,306.869,32.045
263.400,stable,14,Outer,30,312.800,32.045,312.800,32.045
263.400,stable,14,Plate,1,140.800,29.580,140.800,29.580
263.400,stable,14,Plate,2,146.731,29.580,146.731,29.580
263.400,stable,14,Plate,3,152.662,29.580,152.662,29.580
263.400,stable,14,Plate,4,158.723,22.515,158.723,22.515
263.400,stable,14,Plate,5,164.673,14.537,164.673,14.537
263.400,stable,14,Plate,6,170.530,9.892,170.530,9.892
263.400,stable,14,Plate,7,176.386,8.038,176.386,8.038
263.400,stable,14,Plate,8,182.317,8.038,182.317,8.038
263.400,stable,14,Plate,9,188.248,8.038,188.248,8.038
263.400,stable,14,Plate,10,194.179,8.038,194.179,8.038
263.400,stable,14,Plate,11,200.094,11.507,200.094,11.507
263.400,stable,14,Plate,12,206.152,13.587,206.152,13.587
263.400,stable,14,Plate,13,212.101,14.155,212.101,14.155
263.400,stable,14,Plate,14,217.981,14.064,217.981,14.064
263.400,stable,14,Plate,15,223.856,13.910,223.856,13.910
263.400,stable,14,Plate,16,229.744,13.910,229.744,13.910
263.400,stable,14,Plate,17,235.619,14.064,235.619,14.064
263.400,stable,14,Plate,18,241.499,14.155,241.499,14.155
263.400,stable,14,Plate,19,247.448,13.587,247.448,13.587
263.400,stable,14,Plate,20,253.506,11.507,253.506,11.507
263.400,stable,14,Plate,21,259.421,8.038,259.421,8.038
263.400,stable,14,Plate,22,265.352,8.038,265.352,8.038
263.400,stable,14,Plate,23,271.283,8.038,271.283,8.038
263.400,stable,14,Plate,24,277.214,8.038,277.214,8.038
263.400,stable,14,Plate,25,283.070,9.892,283.070,9.892
263.400,stable,14,Plate,26,288.927,14.537,288.927,14.537
263.400,stable,14,Plate,27,294.877,22.515,294.877,22.515
263.400,stable,14,Plate,28,300.938,29.580,300.938,29.580
263.400,stable,14,Plate,29,306.869,29.580,306.869,29.580
263.400,stable,14,Plate,30,312.800,29.580,312.800,29.580
263.400,stable,14,Inner,1,176.386,10.503,176.386,10.503
263.400,stable,14,Inner,2,182.317,10.503,182.317,10.503
263.400,stable,14,Inner,3,188.248,10.503,188.248,10.503
263.400,stable,14,Inner,4,194.303,19.004,194.303,19.004
263.400,stable,14,Inner,5,200.172,29.589,200.172,29.589
263.400,stable,14,Inner,6,205.926,38.974,205.926,38.974
263.400,stable,14,Inner,7,211.821,45.264,211.821,45.264
263.400,stable,14,Inner,8,217.746,47.702,217.746,47.702
263.400,stable,14,Inner,9,223.776,48.140,223.776,48.140
263.400,stable,14,Inner,10,229.824,48.140,229.824,48.140
263.400,stable,14,Inner,11,235.854,47.702,235.854,47.702
263.400,stable,14,Inner,12,241.779,45.264,241.779,45.264
263.400,stable,14,Inner,13,247.674,38.974,247.674,38.974
263.400,stable,14,Inner,14,253.428,29.589,253.428,29.589
263.400,stable,14,Inner,15,259.297,19.004,259.297,19.004
263.400,stable,14,Inner,16,265.352,10.503,265.352,10.503
263.400,stable,14,Inner,17,271.283,10.503,271.283,10.503
263.400,stable,14,Inner,18,277.214,10.503,277.214,10.503
263.400,stable,14,Patch2,1,265.352,6.471,265.352,6.471
263.400,stable,14,Patch2,2,271.283,6.471,271.283,6.471
263.400,stable,14,Patch2,3,277.214,6.471,277.214,6.471
263.400,stable,14,Patch3,1,176.386,6.472,176.386,6.472
263.400,stable,14,Patch3,2,182.317,6.472,182.317,6.472
263.400,stable,14,Patch3,3,188.248,6.472,188.248,6.472
263.400,stable,14,Patch4,1,188.813,54.965,188.813,54.965
263.400,stable,14,Patch4,2,194.711,61.612,194.711,61.612
263.400,stable,14,Patch4,3,200.511,67.178,200.511,67.178
263.400,stable,14,Patch4,4,206.420,70.274,206.420,70.274
263.400,stable,14,Patch4,5,212.306,71.319,212.306,71.319
263.400,stable,14,Patch4,6,218.131,71.494,218.131,71.494
263.400,stable,14,Patch4,7,223.908,71.503,223.908,71.503
263.400,stable,14,Patch4,8,229.692,71.503,229.692,71.503
263.400,stable,14,Patch4,9,235.469,71.494,235.469,71.494
263.400,stable,14,Patch4,10,241.294,71.319,241.294,71.319
263.400,stable,14,Patch4,11,247.180,70.274,247.180,70.274
263.400,stable,14,Patch4,12,253.089,67.178,253.089,67.178
263.400,stable,14,Patch4,13,258.889,61.612,258.889,61.612
263.400,stable,14,Patch4,14,264.787,54.965,264.787,54.965
395.100,snap_through,0,Outer,1,0.000,77.176,0.000,77.176
395.100,snap_through,0,Outer,2,22.952,77.176,22.952,77.176
395.100,snap_through,0,Outer,3,45.903,77.176,45.903,77.176
395.100,snap_through,0,Outer,4,68.855,77.179,68.855,77.179
395.100,snap_through,0,Outer,5,91.792,78.077,91.792,78.077
395.100,snap_through,0,Outer,6,114.593,85.124,114.593,85.124
395.100,snap_through,0,Outer,7,137.122,98.200,137.122,98.200
395.100,snap_through,0,Outer,8,159.711,115.776,159.711,115.776
395.100,snap_through,0,Outer,9,181.710,136.686,181.710,136.686
395.100,snap_through,0,Outer,10,203.804,155.760,203.804,155.760
395.100,snap_through,0,Outer,11,226.449,171.309,226.449,171.309
395.100,snap_through,0,Outer,12,250.090,183.123,250.090,183.123
395.100,snap_through,0,Outer,13,273.409,191.435,273.409,191.435
395.100,snap_through,0,Outer,14,297.146,196.498,297.146,196.498
395.100,snap_through,0,Outer,15,320.863,198.450,320.863,198.450
395.100,snap_through,0,Outer,16,344.737,198.450,344.737,198.450
395.100,snap_through,0,Outer,17,368.454,196.498,368.454,196.498
395.100,snap_through,0,Outer,18,392.191,191.435,392.191,191.435
395.100,snap_through,0,Outer,19,415.510,183.123,415.510,183.123
395.100,snap_through,0,Outer,20,439.151,171.309,439.151,171.309
395.100,snap_through,0,Outer,21,461.796,155.760,461.796,155.760
395.100,snap_through,0,Outer,22,483.890,136.686,483.890,136.686
395.100,snap_through,0,Outer,23,505.889,115.776,505.889,115.776
395.100,snap_through,0,Outer,24,528.478,98.200,528.478,98.200
395.100,snap_through,0,Outer,25,551.007,85.124,551.007,85.124
395.100,snap_through,0,Outer,26,573.808,78.077,573.808,78.077
395.100,snap_through,0,Outer,27,596.745,77.179,596.745,77.179
395.100,snap_through,0,Outer,28,619.697,77.176,619.697,77.176
395.100,snap_through,0,Outer,29,642.648,77.176,642.648,77.176
395.100,snap_through,0,Outer,30,665.600,77.176,665.600,77.176
395.100,snap_through,0,Plate,1,0.000,74.712,0.000,74.712
395.100,snap_through,0,Plate,2,22.952,74.712,22.952,74.712
395.100,snap_through,0,Plate,3,45.903,74.712,45.903,74.712
395.100,snap_through,0,Plate,4,68.670,59.831,68.670,59.831
395.100,snap_through,0,Plate,5,91.365,40.578,91.365,40.578
395.100,snap_through,0,Plate,6,114.568,23.951,114.568,23.951
395.100,snap_through,0,Plate,7,137.710,12.233,137.710,12.233
395.100,snap_through,0,Plate,8,160.662,12.233,160.662,12.233
395.100,snap_through,0,Plate,9,183.614,12.233,183.614,12.233
395.100,snap_through,0,Plate,10,206.566,12.233,206.566,12.233
395.100,snap_through,0,Plate,11,229.750,16.398,229.750,16.398
395.100,snap_through,0,Plate,12,253.240,20.696,253.240,20.696
395.100,snap_through,0,Plate,13,275.756,23.795,275.756,23.795
395.100,snap_through,0,Plate,14,298.909,25.770,298.909,25.770
395.100,snap_through,0,Plate,15,321.607,26.483,321.607,26.483
395.100,snap_through,0,Plate,16,343.993,26.483,343.993,26.483
395.100,snap_through,0,Plate,17,366.691,25.770,366.691,25.770
395.100,snap_through,0,Plate,18,389.844,23.795,389.844,23.795
395.100,snap_through,0,Plate,19,412.360,20.696,412.360,20.696
395.100,snap_through,0,Plate,20,435.850,16.398,435.850,16.398
395.100,snap_through,0,Plate,21,459.034,12.233,459.034,12.233
395.100,snap_through,0,Plate,22,481.986,12.233,481.986,12.233
395.100,snap_through,0,Plate,23,504.938,12.233,504.938,12.233
395.100,snap_through,0,Plate,24,527.890,12.233,527.890,12.233
395.100,snap_through,0,Plate,25,551.032,23.951,551.032,23.951
395.100,snap_through,0,Plate,26,574.235,40.578,574.235,40.578
395.100,snap_through,0,Plate,27,596.930,59.831,596.930,59.831
395.100,snap_through,0,Plate,28,619.697,74.712,619.697,74.712
395.100,snap_through,0,Plate,29,642.648,74.712,642.648,74.712
395.100,snap_through,0,Plate,30,665.600,74.712,665.600,74.712
395.100,snap_through,0,Inner,1,137.710,14.698,137.710,14.698
395.100,snap_through,0,Inner,2,160.662,14.698,160.662,14.698
395.100,snap_through,0,Inner,3,183.614,14.698,183.614,14.698
395.100,snap_through,0,Inner,4,205.946,28.584,205.946,28.584
395.100,snap_through,0,Inner,5,228.148,46.667,228.148,46.667
395.100,snap_through,0,Inner,6,250.657,67.900,250.657,67.900
395.100,snap_through,0,Inner,7,273.978,86.397,273.978,86.397
395.100,snap_through,0,Inner,8,297.624,99.495,297.624,99.495
395.100,snap_through,0,Inner,9,321.194,106.375,321.194,106.375
395.100,snap_through,0,Inner,10,344.406,106.375,344.406,106.375
395.100,snap_through,0,Inner,11,367.976,99.495,367.976,99.495
395.100,snap_through,0,Inner,12,391.622,86.397,391.622,86.397
395.100,snap_through,0,Inner,13,414.943,67.900,414.943,67.900
395.100,snap_through,0,Inner,14,437.452,46.667,437.452,46.667
395.100,snap_through,0,Inner,15,459.654,28.584,459.654,28.584
395.100,snap_through,0,Inner,16,481.986,14.698,481.986,14.698
395.100,snap_through,0,Inner,17,504.938,14.698,504.938,14.698
395.100,snap_through,0,Inner,18,527.890,14.698,527.890,14.698
395.100,snap_through,0,Patch2,1,481.986,10.666,481.986,10.666
395.100,snap_through,0,Patch2,2,504.938,10.666,504.938,10.666
395.100,snap_through,0,Patch2,3,527.890,10.666,527.890,10.666
395.100,snap_through,0,Patch3,1,137.710,10.667,137.710,10.667
395.100,snap_through,0,Patch3,2,160.662,10.667,160.662,10.667
395.100,snap_through,0,Patch3,3,183.614,10.667,183.614,10.667
395.100,snap_through,0,Patch4,1,187.098,137.722,187.098,137.722
395.100,snap_through,0,Patch4,2,208.654,153.385,208.654,153.385
395.100,snap_through,0,Patch4,3,231.566,166.352,231.566,166.352
395.100,snap_through,0,Patch4,4,253.461,175.656,253.461,175.656
395.100,snap_through,0,Patch4,5,276.821,183.870,276.821,183.870
395.100,snap_through,0,Patch4,6,299.323,189.200,299.323,189.200
395.100,snap_through,0,Patch4,7,321.567,192.149,321.567,192.149
395.100,snap_through,0,Patch4,8,344.033,192.149,344.033,192.149
395.100,snap_through,0,Patch4,9,366.277,189.200,366.277,189.200
395.100,snap_through,0,Patch4,10,388.779,183.870,388.779,183.870
395.100,snap_through,0,Patch4,11,412.139,175.656,412.139,175.656
395.100,snap_through,0,Patch4,12,434.034,166.352,434.034,166.352
395.100,snap_through,0,Patch4,13,456.946,153.385,456.946,153.385
395.100,snap_through,0,Patch4,14,478.502,137.722,478.502,137.722
395.100,snap_through,1,Outer,1,97.397,60.197,97.479,59.679
395.100,snap_through,1,Outer,2,112.005,60.197,112.088,59.848
395.100,snap_through,1,Outer,3,126.612,60.197,126.702,60.004
395.100,snap_through,1,Outer,4,141.219,60.237,141.240,60.541
395.100,snap_through,1,Outer,5,155.751,60.865,155.743,61.956
395.100,snap_through,1,Outer,6,169.822,65.726,169.634,67.370
395.100,snap_through,1,Outer,7,183.819,74.544,183.366,76.641
395.100,snap_through,1,Outer,8,198.046,87.541,197.198,90.107
395.100,snap_through,1,Outer,9,211.802,102.987,210.548,105.966
395.100,snap_through,1,Outer,10,225.848,116.516,224.340,119.852
395.100,snap_through,1,Outer,11,240.338,128.410,238.798,131.957
395.100,snap_through,1,Outer,12,255.796,138.853,254.550,142.292
395.100,snap_through,1,Outer,13,271.284,145.897,270.466,149.027
395.100,snap_through,1,Outer,14,286.468,149.143,285.897,152.229
395.100,snap_through,1,Outer,15,301.594,150.184,301.184,153.089
395.100,snap_through,1,Outer,16,316.811,150.184,316.514,152.616
395.100,snap_through,1,Outer,17,331.937,149.143,331.714,150.917
395.100,snap_through,1,Outer,18,347.122,145.897,346.929,147.130
395.100,snap_through,1,Outer,19,362.610,138.853,362.456,139.870
395.100,snap_through,1,Outer,20,378.068,128.410,377.965,129.328
395.100,snap_through,1,Outer,21,392.557,116.516,392.487,117.353
395.100,snap_through,1,Outer,22,406.603,102.987,406.547,103.756
395.100,snap_through,1,Outer,23,420.360,87.541,420.291,88.250
395.100,snap_through,1,Outer,24,434.586,74.544,434.506,75.210
395.100,snap_through,1,Outer,25,448.583,65.726,448.475,66.323
395.100,snap_through,1,Outer,26,462.654,60.865,462.479,61.230
395.100,snap_through,1,Outer,27,477.186,60.237,476.998,60.144
395.100,snap_through,1,Outer,28,491.794,60.197,491.578,59.871
395.100,snap_through,1,Outer,29,506.401,60.197,506.192,59.883
395.100,snap_through,1,Outer,30,521.008,60.197,520.801,59.899
395.100,snap_through,1,Plate,1,97.397,57.733,97.479,57.215
395.100,snap_through,1,Plate,2,112.005,57.733,112.088,57.384
395.100,snap_through,1,Plate,3,126.612,57.733,126.702,57.540
395.100,snap_through,1,Plate,4,140.862,48.632,140.958,48.411
395.100,snap_through,1,Plate,5,155.243,35.513,155.421,35.359
395.100,snap_through,1,Plate,6,170.168,21.392,170.416,21.298
395.100,snap_through,1,Plate,7,185.041,11.236,185.191,10.996
395.100,snap_through,1,Plate,8,199.648,11.236,199.796,10.875
395.100,snap_through,1,Plate,9,214.255,11.236,214.402,10.832
395.100,snap_through,1,Plate,10,228.863,11.236,228.997,10.541
395.100,snap_through,1,Plate,11,243.703,12.624,243.852,11.715
395.100,snap_through,1,Plate,12,258.371,16.101,258.505,15.245
395.100,snap_through,1,Plate,13,272.893,19.011,272.970,18.382
395.100,snap_through,1,Plate,14,287.535,20.699,287.566,20.307
395.100,snap_through,1,Plate,15,302.017,21.120,302.025,20.852
395.100,snap_through,1,Plate,16,316.389,21.120,316.378,20.878
395.100,snap_through,1,Plate,17,330.871,20.699,330.840,20.370
395.100,snap_through,1,Plate,18,345.513,19.011,345.439,18.455
395.100,snap_through,1,Plate,19,360.034,16.101,359.903,15.302
395.100,snap_through,1,Plate,20,374.703,12.624,374.548,11.722
395.100,snap_through,1,Plate,21,389.543,11.236,389.399,10.396
395.100,snap_through,1,Plate,22,404.150,11.236,404.011,10.508
395.100,snap_through,1,Plate,23,418.757,11.236,418.623,10.568
395.100,snap_through,1,Plate,24,433.365,11.236,433.233,10.731
395.100,snap_through,1,Plate,25,448.237,21.392,448.051,20.976
395.100,snap_through,1,Plate,26,463.163,35.513,462.960,35.127
395.100,snap_through,1,Plate,27,477.543,48.632,477.341,48.263
395.100,snap_through,1,Plate,28,491.794,57.733,491.578,57.407
395.100,snap_through,1,Plate,29,506.401,57.733,506.192,57.419
395.100,snap_through,1,Plate,30,521.008,57.733,520.801,57.435
395.100,snap_through,1,Inner,1,185.041,13.700,185.191,13.461
395.100,snap_through,1,Inner,2,199.648,13.700,199.796,13.339
395.100,snap_through,1,Inner,3,214.255,13.700,214.402,13.296
395.100,snap_through,1,Inner,4,228.453,19.191,228.629,18.775
395.100,snap_through,1,Inner,5,242.488,31.270,242.601,30.960
395.100,snap_through,1,Inner,6,256.943,47.431,256.925,47.270
395.100,snap_through,1,Inner,7,271.825,62.634,271.730,62.587
395.100,snap_through,1,Inner,8,286.862,73.925,286.829,73.848
395.100,snap_through,1,Inner,9,301.841,79.683,301.897,79.472
395.100,snap_through,1,Inner,10,316.565,79.683,316.656,79.383
395.100,snap_through,1,Inner,11,331.544,73.925,331.658,73.591
395.100,snap_through,1,Inner,12,346.581,62.634,346.686,62.240
395.100,snap_through,1,Inner,13,361.463,47.431,361.491,46.929
395.100,snap_through,1,Inner,14,375.917,31.270,375.844,30.653
395.100,snap_through,1,Inner,15,389.952,19.191,389.820,18.489
395.100,snap_through,1,Inner,16,404.150,13.700,404.011,12.972
395.100,snap_through,1,Inner,17,418.757,13.700,418.623,13.032
395.100,snap_through,1,Inner,18,433.365,13.700,433.233,13.195
395.100,snap_through,1,Patch1,1,228.863,13.824,228.997,13.130
395.100,snap_through,1,Patch1,2,243.070,15.777,243.227,15.033
395.100,snap_through,1,Patch1,3,258.414,19.225,258.521,18.705
395.100,snap_through,1,Patch1,4,272.814,21.462,272.876,21.213
395.100,snap_through,1,Patch1,5,287.381,23.368,287.406,23.360
395.100,snap_through,1,Patch1,6,302.003,23.612,302.021,23.714
395.100,snap_through,1,Patch1,7,316.402,23.612,316.414,23.697
395.100,snap_through,1,Patch1,8,331.024,23.368,331.029,23.314
395.100,snap_through,1,Patch1,9,345.591,21.462,345.558,21.159
395.100,snap_through,1,Patch1,10,359.992,19.225,359.914,18.658
395.100,snap_through,1,Patch1,11,375.336,15.777,375.207,14.989
395.100,snap_through,1,Patch1,12,389.543,13.824,389.399,12.985
395.100,snap_through,1,Patch2,1,404.150,9.669,404.011,8.941
395.100,snap_through,1,Patch2,2,418.757,9.669,418.623,9.001
395.100,snap_through,1,Patch2,3,433.365,9.669,433.233,9.164
395.100,snap_through,1,Patch3,1,185.041,9.669,185.191,9.430
395.100,snap_through,1,Patch3,2,199.648,9.669,199.796,9.308
395.100,snap_through,1,Patch3,3,214.255,9.669,214.402,9.265
395.100,snap_through,1,Patch4,1,216.285,101.557,217.143,100.241
395.100,snap_through,1,Patch4,2,229.667,112.774,230.299,111.719
395.100,snap_through,1,Patch4,3,244.116,124.447,244.506,123.679
395.100,snap_through,1,Patch4,4,257.887,133.856,258.085,133.352
395.100,snap_through,1,Patch4,5,272.378,141.447,272.440,141.185
395.100,snap_through,1,Patch4,6,287.127,145.349,287.145,145.230
395.100,snap_through,1,Patch4,7,301.796,146.111,301.809,146.034
395.100,snap_through,1,Patch4,8,316.609,146.111,316.619,146.020
395.100,snap_through,1,Patch4,9,331.279,145.349,331.283,145.200
395.100,snap_through,1,Patch4,10,346.027,141.447,346.002,141.192
395.100,snap_through,1,Patch4,11,360.519,133.856,360.423,133.469
395.100,snap_through,1,Patch4,12,374.289,124.447,374.101,123.928
395.100,snap_through,1,Patch4,13,388.738,112.774,388.434,112.113
395.100,snap_through,1,Patch4,14,402.121,101.557,401.704,100.766
395.100,snap_through,2,Outer,1,113.689,57.760,113.437,56.213
395.100,snap_through,2,Outer,2,125.842,57.760,125.589,56.321
395.100,snap_through,2,Outer,3,137.995,57.760,137.741,56.455
395.100,snap_through,2,Outer,4,150.149,57.749,149.834,56.714
395.100,snap_through,2,Outer,5,162.192,58.278,161.861,57.524
395.100,snap_through,2,Outer,6,173.599,62.559,173.236,61.892
395.100,snap_through,2,Outer,7,185.095,71.380,184.918,70.466
395.100,snap_through,2,Outer,8,196.817,84.268,197.312,82.711
395.100,snap_through,2,Outer,9,208.209,99.135,209.637,96.813
395.100,snap_through,2,Outer,10,219.956,111.960,221.870,109.180
395.100,snap_through,2,Outer,11,232.101,123.030,234.019,120.252
395.100,snap_through,2,Outer,12,245.128,132.263,246.704,129.959
395.100,snap_through,2,Outer,13,258.404,138.045,259.592,136.573
395.100,snap_through,2,Outer,14,271.049,139.973,272.074,139.384
395.100,snap_through,2,Outer,15,283.611,140.420,284.591,140.523
395.100,snap_through,2,Outer,16,296.211,140.420,297.185,140.836
395.100,snap_through,2,Outer,17,308.773,139.973,309.736,140.260
395.100,snap_through,2,Outer,18,321.419,138.045,322.291,137.854
395.100,snap_through,2,Outer,19,334.694,132.263,335.249,131.413
395.100,snap_through,2,Outer,20,347.721,123.030,347.824,121.590
395.100,snap_through,2,Outer,21,359.866,111.960,359.592,110.131
395.100,snap_through,2,Outer,22,371.613,99.135,371.086,97.083
395.100,snap_through,2,Outer,23,383.005,84.268,382.347,82.120
395.100,snap_through,2,Outer,24,394.728,71.380,394.246,69.397
395.100,snap_through,2,Outer,25,406.223,62.559,405.949,60.860
395.100,snap_through,2,Outer,26,417.630,58.278,417.436,56.805
395.100,snap_through,2,Outer,27,429.674,57.749,429.480,56.402
395.100,snap_through,2,Outer,28,441.827,57.760,441.644,56.488
395.100,snap_through,2,Outer,29,453.980,57.760,453.797,56.654
395.100,snap_through,2,Outer,30,466.133,57.760,465.949,56.819
395.100,snap_through,2,Plate,1,113.689,55.295,113.437,53.749
395.100,snap_through,2,Plate,2,125.842,55.295,125.589,53.857
395.100,snap_through,2,Plate,3,137.995,55.295,137.741,53.990
395.100,snap_through,2,Plate,4,149.809,45.886,149.620,44.661
395.100,snap_through,2,Plate,5,161.818,33.361,161.682,32.187
395.100,snap_through,2,Plate,6,174.224,20.802,174.213,19.753
395.100,snap_through,2,Plate,7,186.608,11.916,186.681,10.984
395.100,snap_through,2,Plate,8,198.762,11.916,198.834,11.000
395.100,snap_through,2,Plate,9,210.915,11.916,210.986,10.935
395.100,snap_through,2,Plate,10,223.068,11.916,223.136,10.879
395.100,snap_through,2,Plate,11,235.431,14.224,235.490,13.222
395.100,snap_through,2,Plate,12,247.358,17.674,247.390,16.758
395.100,snap_through,2,Plate,13,259.631,20.393,259.641,19.570
395.100,snap_through,2,Plate,14,271.744,21.656,271.748,20.904
395.100,snap_through,2,Plate,15,283.855,21.842,283.859,21.121
395.100,snap_through,2,Plate,16,295.967,21.842,295.973,21.093
395.100,snap_through,2,Plate,17,308.078,21.656,308.084,20.810
395.100,snap_through,2,Plate,18,320.191,20.393,320.180,19.383
395.100,snap_through,2,Plate,19,332.464,17.674,332.403,16.443
395.100,snap_through,2,Plate,20,344.391,14.224,344.263,12.771
395.100,snap_through,2,Plate,21,356.754,11.916,356.598,10.323
395.100,snap_through,2,Plate,22,368.907,11.916,368.751,10.331
395.100,snap_through,2,Plate,23,381.061,11.916,380.903,10.415
395.100,snap_through,2,Plate,24,393.214,11.916,393.057,10.541
395.100,snap_through,2,Plate,25,405.598,20.802,405.384,19.514
395.100,snap_through,2,Plate,26,418.004,33.361,417.859,32.013
395.100,snap_through,2,Plate,27,430.013,45.886,429.901,44.517
395.100,snap_through,2,Plate,28,441.827,55.295,441.644,54.024
395.100,snap_through,2,Plate,29,453.980,55.295,453.797,54.190
395.100,snap_through,2,Plate,30,466.133,55.295,465.949,54.354
395.100,snap_through,2,Inner,1,186.608,14.380,186.681,13.448
395.100,snap_through,2,Inner,2,198.762,14.380,198.834,13.464
395.100,snap_through,2,Inner,3,210.915,14.380,210.986,13.399
395.100,snap_through,2,Inner,4,222.789,22.464,222.999,21.324
395.100,snap_through,2,Inner,5,234.500,34.242,234.852,32.958
395.100,snap_through,2,Inner,6,246.598,49.503,247.001,48.178
395.100,snap_through,2,Inner,7,258.910,63.582,259.234,62.325
395.100,snap_through,2,Inner,8,271.329,73.553,271.566,72.405
395.100,snap_through,2,Inner,9,283.773,78.321,283.989,77.225
395.100,snap_through,2,Inner,10,296.049,78.321,296.264,77.170
395.100,snap_through,2,Inner,11,308.493,73.553,308.653,72.264
395.100,snap_through,2,Inner,12,320.912,63.582,320.942,62.135
395.100,snap_through,2,Inner,13,333.224,49.503,333.106,47.930
395.100,snap_through,2,Inner,14,345.322,34.242,345.119,32.603
395.100,snap_through,2,Inner,15,357.033,22.464,356.846,20.844
395.100,snap_through,2,Inner,16,368.907,14.380,368.751,12.796
395.100,snap_through,2,Inner,17,381.061,14.380,380.903,12.880
395.100,snap_through,2,Inner,18,393.214,14.380,393.057,13.006
395.100,snap_through,2,Patch2,1,368.907,10.349,368.751,8.764
395.100,snap_through,2,Patch2,2,381.061,10.349,380.903,8.848
395.100,snap_through,2,Patch2,3,393.214,10.349,393.057,8.974
395.100,snap_through,2,Patch3,1,186.608,10.349,186.681,9.418
395.100,snap_through,2,Patch3,2,198.762,10.349,198.834,9.434
395.100,snap_through,2,Patch3,3,210.915,10.349,210.986,9.368
395.100,snap_through,2,Patch4,1,211.968,96.300,213.505,92.631
395.100,snap_through,2,Patch4,2,224.001,108.348,225.032,105.160
395.100,snap_through,2,Patch4,3,235.531,117.659,236.163,114.943
395.100,snap_through,2,Patch4,4,247.396,125.986,247.681,123.741
395.100,snap_through,2,Patch4,5,259.328,130.868,259.431,129.044
395.100,snap_through,2,Patch4,6,271.463,132.793,271.507,131.304
395.100,snap_through,2,Patch4,7,283.785,133.242,283.815,131.990
395.100,snap_through,2,Patch4,8,296.038,133.242,296.065,132.129
395.100,snap_through,2,Patch4,9,308.359,132.793,308.386,131.721
395.100,snap_through,2,Patch4,10,320.494,130.868,320.511,129.736
395.100,snap_through,2,Patch4,11,332.426,125.986,332.382,124.710
395.100,snap_through,2,Patch4,12,344.291,117.659,344.106,116.189
395.100,snap_through,2,Patch4,13,355.821,108.348,355.463,106.670
395.100,snap_through,2,Patch4,14,367.854,96.300,367.268,94.403
395.100,snap_through,3,Outer,1,125.925,55.289,125.333,53.305
395.100,snap_through,3,Outer,2,136.184,55.289,135.587,53.011
395.100,snap_through,3,Outer,3,146.442,55.289,145.842,52.731
395.100,snap_through,3,Outer,4,156.701,55.312,156.170,52.447
395.100,snap_through,3,Outer,5,166.853,55.906,166.339,52.531
395.100,snap_through,3,Outer,6,176.432,60.600,176.261,56.451
395.100,snap_through,3,Outer,7,186.279,69.578,187.014,64.319
395.100,snap_through,3,Outer,8,196.021,82.377,198.230,75.842
395.100,snap_through,3,Outer,9,205.598,97.285,209.243,89.709
395.100,snap_through,3,Outer,10,215.299,109.979,219.500,101.946
395.100,snap_through,3,Outer,11,225.579,120.488,229.645,112.577
395.100,snap_through,3,Outer,12,236.336,128.994,239.858,121.724
395.100,snap_through,3,Outer,13,247.507,134.127,250.484,127.902
395.100,snap_through,3,Outer,14,258.470,135.642,261.204,130.643
395.100,snap_through,3,Outer,15,269.279,136.054,271.890,132.291
395.100,snap_through,3,Outer,16,280.071,136.054,282.622,133.384
395.100,snap_through,3,Outer,17,290.880,135.642,293.426,133.739
395.100,snap_through,3,Outer,18,301.843,134.127,304.416,132.505
395.100,snap_through,3,Outer,19,313.014,128.994,315.453,127.120
395.100,snap_through,3,Outer,20,323.771,120.488,325.723,118.052
395.100,snap_through,3,Outer,21,334.051,109.979,335.341,106.950
395.100,snap_through,3,Outer,22,343.752,97.285,344.303,93.733
395.100,snap_through,3,Outer,23,353.329,82.377,353.156,78.389
395.100,snap_through,3,Outer,24,363.071,69.578,362.780,65.507
395.100,snap_through,3,Outer,25,372.918,60.600,372.797,56.727
395.100,snap_through,3,Outer,26,382.497,55.906,382.523,52.357
395.100,snap_through,3,Outer,27,392.649,55.312,392.684,52.141
395.100,snap_through,3,Outer,28,402.908,55.289,403.007,52.426
395.100,snap_through,3,Outer,29,413.166,55.289,413.260,52.737
395.100,snap_through,3,Outer,30,423.425,55.289,423.513,53.060
395.100,snap_through,3,Plate,1,125.925,52.825,125.333,50.841
395.100,snap_through,3,Plate,2,136.184,52.825,135.587,50.547
395.100,snap_through,3,Plate,3,146.442,52.825,145.842,50.266
395.100,snap_through,3,Plate,4,156.714,44.118,155.996,41.418
395.100,snap_through,3,Plate,5,167.104,32.311,166.550,29.754
395.100,snap_through,3,Plate,6,177.231,20.040,177.028,17.779
395.100,snap_through,3,Plate,7,187.477,11.002,187.464,8.960
395.100,snap_through,3,Plate,8,197.735,11.002,197.724,9.016
395.100,snap_through,3,Plate,9,207.994,11.002,207.983,8.997
395.100,snap_through,3,Plate,10,218.253,11.002,218.243,8.988
395.100,snap_through,3,Plate,11,228.623,13.554,228.615,11.540
395.100,snap_through,3,Plate,12,238.582,17.756,238.584,15.721
395.100,snap_through,3,Plate,13,248.928,20.676,248.937,18.618
395.100,snap_through,3,Plate,14,259.272,21.407,259.283,19.337
395.100,snap_through,3,Plate,15,269.548,21.486,269.559,19.404
395.100,snap_through,3,Plate,16,279.802,21.486,279.814,19.374
395.100,snap_through,3,Plate,17,290.078,21.407,290.089,19.238
395.100,snap_through,3,Plate,18,300.422,20.676,300.427,18.416
395.100,snap_through,3,Plate,19,310.768,17.756,310.737,15.374
395.100,snap_through,3,Plate,20,320.727,13.554,320.640,11.044
395.100,snap_through,3,Plate,21,331.097,11.002,330.985,8.387
395.100,snap_through,3,Plate,22,341.356,11.002,341.244,8.332
395.100,snap_through,3,Plate,23,351.615,11.002,351.503,8.293
395.100,snap_through,3,Plate,24,361.873,11.002,361.763,8.272
395.100,snap_through,3,Plate,25,372.119,20.040,372.028,17.291
395.100,snap_through,3,Plate,26,382.246,32.311,382.306,29.440
395.100,snap_through,3,Plate,27,392.636,44.118,392.831,41.133
395.100,snap_through,3,Plate,28,402.908,52.825,403.007,49.961
395.100,snap_through,3,Plate,29,413.166,52.825,413.260,50.273
395.100,snap_through,3,Plate,30,423.425,52.825,423.513,50.596
395.100,snap_through,3,Inner,1,187.477,13.466,187.464,11.424
395.100,snap_through,3,Inner,2,197.735,13.466,197.724,11.480
395.100,snap_through,3,Inner,3,207.994,13.466,207.983,11.462
395.100,snap_through,3,Inner,4,218.065,22.629,218.202,20.491
395.100,snap_through,3,Inner,5,227.955,35.554,228.291,33.258
395.100,snap_through,3,Inner,6,238.006,51.396,238.445,49.031
395.100,snap_through,3,Inner,7,248.213,64.987,248.608,62.652
395.100,snap_through,3,Inner,8,258.686,74.658,259.017,72.389
395.100,snap_through,3,Inner,9,269.387,78.923,269.704,76.687
395.100,snap_through,3,Inner,10,279.963,78.923,280.280,76.654
395.100,snap_through,3,Inner,11,290.664,74.658,290.942,72.297
395.100,snap_through,3,Inner,12,301.137,64.987,301.307,62.515
395.100,snap_through,3,Inner,13,311.344,51.396,311.384,48.829
395.100,snap_through,3,Inner,14,321.395,35.554,321.335,32.925
395.100,snap_through,3,Inner,15,331.285,22.629,331.204,19.985
395.100,snap_through,3,Inner,16,341.356,13.466,341.244,10.796
395.100,snap_through,3,Inner,17,351.615,13.466,351.503,10.757
395.100,snap_through,3,Inner,18,361.873,13.466,361.763,10.736
395.100,snap_through,3,Patch2,1,341.356,9.435,341.244,6.765
395.100,snap_through,3,Patch2,2,351.615,9.435,351.503,6.726
395.100,snap_through,3,Patch2,3,361.873,9.435,361.763,6.705
395.100,snap_through,3,Patch3,1,187.477,9.436,187.464,7.393
395.100,snap_through,3,Patch3,2,197.735,9.436,197.724,7.449
395.100,snap_through,3,Patch3,3,207.994,9.436,207.983,7.431
395.100,snap_through,4,Outer,1,134.356,52.895,133.516,50.824
395.100,snap_through,4,Outer,2,143.244,52.895,142.351,49.851
395.100,snap_through,4,Outer,3,152.133,52.895,151.188,48.887
395.100,snap_through,4,Outer,4,161.022,52.930,160.317,47.799
395.100,snap_through,4,Outer,5,169.798,53.466,169.067,46.955
395.100,snap_through,4,Outer,6,177.971,57.810,177.878,49.784
395.100,snap_through,4,Outer,7,186.431,66.673,187.807,56.956
395.100,snap_through,4,Outer,8,194.685,79.140,197.970,67.907
395.100,snap_through,4,Outer,9,202.936,94.258,207.869,81.976
395.100,snap_through,4,Outer,10,211.425,107.455,217.143,94.611
395.100,snap_through,4,Outer,11,220.269,117.444,226.137,104.449
395.100,snap_through,4,Outer,12,229.785,125.140,235.409,112.427
395.100,snap_through,4,Outer,13,239.572,129.567,244.804,117.629
395.100,snap_through,4,Outer,14,249.075,130.767,254.066,120.068
395.100,snap_through,4,Outer,15,258.526,131.041,263.323,121.994
395.100,snap_through,4,Outer,16,267.963,131.041,272.567,123.891
395.100,snap_through,4,Outer,17,277.414,130.767,281.881,125.507
395.100,snap_through,4,Outer,18,286.917,129.567,291.447,125.919
395.100,snap_through,4,Outer,19,296.703,125.140,301.605,122.459
395.100,snap_through,4,Outer,20,306.220,117.444,311.082,114.736
395.100,snap_through,4,Outer,21,315.064,107.455,319.270,104.219
395.100,snap_through,4,Outer,22,323.553,94.258,326.483,90.295
395.100,snap_through,4,Outer,23,331.804,79.140,333.155,74.424
395.100,snap_through,4,Outer,24,340.058,66.673,340.718,61.534
395.100,snap_through,4,Outer,25,348.518,57.810,349.072,52.581
395.100,snap_through,4,Outer,26,356.691,53.466,357.309,48.369
395.100,snap_through,4,Outer,27,365.467,52.930,366.091,48.088
395.100,snap_through,4,Outer,28,374.356,52.895,375.036,48.283
395.100,snap_through,4,Outer,29,383.244,52.895,383.921,48.507
395.100,snap_through,4,Outer,30,392.133,52.895,392.806,48.751
395.100,snap_through,4,Plate,1,134.356,50.431,133.516,48.359
395.100,snap_through,4,Plate,2,143.244,50.431,142.351,47.386
395.100,snap_through,4,Plate,3,152.133,50.431,151.188,46.423
395.100,snap_through,4,Plate,4,161.165,41.997,159.785,37.541
395.100,snap_through,4,Plate,5,170.169,30.733,169.146,26.569
395.100,snap_through,4,Plate,6,178.883,18.942,178.479,15.260
395.100,snap_through,4,Plate,7,187.689,10.528,187.600,7.185
395.100,snap_through,4,Plate,8,196.578,10.528,196.488,7.316
395.100,snap_through,4,Plate,9,205.467,10.528,205.378,7.354
395.100,snap_through,4,Plate,10,214.356,10.528,214.268,7.334
395.100,snap_through,4,Plate,11,223.367,12.884,223.300,9.614
395.100,snap_through,4,Plate,12,231.986,17.106,231.974,13.722
395.100,snap_through,4,Plate,13,241.018,19.893,241.041,16.396
395.100,snap_through,4,Plate,14,249.946,20.173,249.971,16.599
395.100,snap_through,4,Plate,15,258.814,20.049,258.839,16.435
395.100,snap_through,4,Plate,16,267.675,20.049,267.700,16.418
395.100,snap_through,4,Plate,17,276.542,20.173,276.567,16.537
395.100,snap_through,4,Plate,18,285.471,19.893,285.496,16.257
395.100,snap_through,4,Plate,19,294.503,17.106,294.525,13.462
395.100,snap_through,4,Plate,20,303.122,12.884,303.134,9.221
395.100,snap_through,4,Plate,21,312.133,10.528,312.136,6.831
395.100,snap_through,4,Plate,22,321.022,10.528,321.024,6.764
395.100,snap_through,4,Plate,23,329.911,10.528,329.912,6.637
395.100,snap_through,4,Plate,24,338.800,10.528,338.801,6.486
395.100,snap_through,4,Plate,25,347.606,18.942,347.754,14.744
395.100,snap_through,4,Plate,26,356.320,30.733,356.734,26.334
395.100,snap_through,4,Plate,27,365.324,41.997,365.999,37.387
395.100,snap_through,4,Plate,28,374.356,50.431,375.036,45.819
395.100,snap_through,4,Plate,29,383.244,50.431,383.921,46.043
395.100,snap_through,4,Plate,30,392.133,50.431,392.806,46.286
395.100,snap_through,4,Inner,1,187.689,12.992,187.600,9.650
395.100,snap_through,4,Inner,2,196.578,12.992,196.488,9.781
395.100,snap_through,4,Inner,3,205.467,12.992,205.378,9.818
395.100,snap_through,4,Inner,4,214.071,21.972,214.056,18.740
395.100,snap_through,4,Inner,5,222.646,34.962,222.786,31.624
395.100,snap_through,4,Inner,6,231.167,50.669,231.453,47.248
395.100,snap_through,4,Inner,7,239.966,63.790,240.302,60.334
395.100,snap_through,4,Inner,8,249.081,73.146,249.425,69.681
395.100,snap_through,4,Inner,9,258.542,77.247,258.891,73.771
395.100,snap_through,4,Inner,10,267.947,77.247,268.295,73.745
395.100,snap_through,4,Inner,11,277.408,73.146,277.740,69.608
395.100,snap_through,4,Inner,12,286.523,63.790,286.817,60.216
395.100,snap_through,4,Inner,13,295.322,50.669,295.564,47.062
395.100,snap_through,4,Inner,14,303.843,34.962,304.013,31.317
395.100,snap_through,4,Inner,15,312.418,21.972,312.526,18.287
395.100,snap_through,4,Inner,16,321.022,12.992,321.024,9.228
395.100,snap_through,4,Inner,17,329.911,12.992,329.912,9.102
395.100,snap_through,4,Inner,18,338.800,12.992,338.801,8.950
395.100,snap_through,4,Patch2,1,321.022,8.960,321.024,5.196
395.100,snap_through,4,Patch2,2,329.911,8.960,329.912,5.070
395.100,snap_through,4,Patch2,3,338.800,8.960,338.801,4.919
395.100,snap_through,4,Patch3,1,187.689,8.961,187.600,5.619
395.100,snap_through,4,Patch3,2,196.578,8.961,196.488,5.750
395.100,snap_through,4,Patch3,3,205.467,8.961,205.378,5.788
395.100,snap_through,5,Outer,1,139.231,50.583,138.533,48.753
395.100,snap_through,5,Outer,2,147.240,50.583,146.333,46.935
395.100,snap_through,5,Outer,3,155.250,50.583,154.132,45.115
395.100,snap_through,5,Outer,4,163.259,50.590,162.503,43.044
395.100,snap_through,5,Outer,5,171.156,51.029,170.209,41.282
395.100,snap_through,5,Outer,6,178.442,54.693,178.224,42.776
395.100,snap_through,5,Outer,7,185.991,62.770,187.550,48.703
395.100,snap_through,5,Outer,8,193.391,74.459,197.008,58.781
395.100,snap_through,5,Outer,9,200.785,88.877,206.264,72.058
395.100,snap_through,5,Outer,10,208.546,101.631,215.608,83.682
395.100,snap_through,5,Outer,11,216.606,111.225,224.901,92.076
395.100,snap_through,5,Outer,12,225.335,118.356,234.478,98.009
395.100,snap_through,5,Outer,13,234.192,122.123,243.658,100.863
395.100,snap_through,5,Outer,14,242.699,123.045,252.161,101.447
395.100,snap_through,5,Outer,15,251.146,123.226,260.450,102.836
395.100,snap_through,5,Outer,16,259.593,123.226,268.177,106.170
395.100,snap_through,5,Outer,17,268.040,123.045,275.682,109.991
395.100,snap_through,5,Outer,18,276.547,122.123,283.555,113.286
395.100,snap_through,5,Outer,19,285.404,118.356,293.149,113.834
395.100,snap_through,5,Outer,20,294.133,111.225,303.267,108.939
395.100,snap_through,5,Outer,21,302.192,101.631,310.670,98.859
395.100,snap_through,5,Outer,22,309.953,88.877,316.256,85.030
395.100,snap_through,5,Outer,23,317.348,74.459,320.934,69.526
395.100,snap_through,5,Outer,24,324.748,62.770,326.783,56.999
395.100,snap_through,5,Outer,25,332.297,54.693,333.798,48.462
395.100,snap_through,5,Outer,26,339.583,51.029,341.009,44.661
395.100,snap_through,5,Outer,27,347.480,50.590,348.905,44.256
395.100,snap_through,5,Outer,28,355.489,50.583,356.937,44.333
395.100,snap_through,5,Outer,29,363.499,50.583,364.945,44.417
395.100,snap_through,5,Outer,30,371.508,50.583,372.954,44.518
395.100,snap_through,5,Plate,1,139.231,48.119,138.533,46.288
395.100,snap_through,5,Plate,2,147.240,48.119,146.333,44.471
395.100,snap_through,5,Plate,3,155.250,48.119,154.132,42.651
395.100,snap_through,5,Plate,4,163.353,40.122,161.492,33.970
395.100,snap_through,5,Plate,5,171.459,29.444,170.180,23.761
395.100,snap_through,5,Plate,6,179.280,18.227,178.773,13.124
395.100,snap_through,5,Plate,7,187.288,10.680,187.151,5.989
395.100,snap_through,5,Plate,8,195.298,10.680,195.159,6.184
395.100,snap_through,5,Plate,9,203.307,10.680,203.169,6.275
395.100,snap_through,5,Plate,10,211.317,10.680,211.180,6.260
395.100,snap_through,5,Plate,11,219.406,12.553,219.298,8.008
395.100,snap_through,5,Plate,12,227.186,16.545,227.172,11.814
395.100,snap_through,5,Plate,13,235.334,18.997,235.374,14.081
395.100,snap_through,5,Plate,14,243.388,18.963,243.428,13.923
395.100,snap_through,5,Plate,15,251.376,18.674,251.415,13.568
395.100,snap_through,5,Plate,16,259.363,18.674,259.402,13.548
395.100,snap_through,5,Plate,17,267.351,18.963,267.391,13.858
395.100,snap_through,5,Plate,18,275.405,18.997,275.446,13.955
395.100,snap_through,5,Plate,19,283.553,16.545,283.624,11.605
395.100,snap_through,5,Plate,20,291.333,12.553,291.454,7.710
395.100,snap_through,5,Plate,21,299.422,10.680,299.555,5.883
395.100,snap_through,5,Plate,22,307.432,10.680,307.565,5.842
395.100,snap_through,5,Plate,23,315.441,10.680,315.574,5.724
395.100,snap_through,5,Plate,24,323.451,10.680,323.583,5.557
395.100,snap_through,5,Plate,25,331.459,18.227,331.818,12.857
395.100,snap_through,5,Plate,26,339.280,29.444,340.077,23.755
395.100,snap_through,5,Plate,27,347.386,40.122,348.644,34.067
395.100,snap_through,5,Plate,28,355.489,48.119,356.937,41.868
395.100,snap_through,5,Plate,29,363.499,48.119,364.945,41.953
395.100,snap_through,5,Plate,30,371.508,48.119,372.954,42.054
395.100,snap_through,5,Inner,1,187.288,13.144,187.151,8.453
395.100,snap_through,5,Inner,2,195.298,13.144,195.159,8.648
395.100,snap_through,5,Inner,3,203.307,13.144,203.169,8.739
395.100,snap_through,5,Inner,4,211.019,20.775,210.889,16.363
395.100,snap_through,5,Inner,5,218.700,32.823,218.682,28.337
395.100,snap_through,5,Inner,6,226.287,47.873,226.455,43.291
395.100,snap_through,5,Inner,7,234.161,60.570,234.453,55.910
395.100,snap_through,5,Inner,8,242.456,69.396,242.792,64.693
395.100,snap_through,5,Inner,9,251.070,73.216,251.414,68.496
395.100,snap_through,5,Inner,10,259.669,73.216,260.013,68.497
395.100,snap_through,5,Inner,11,268.283,69.396,268.631,64.687
395.100,snap_through,5,Inner,12,276.577,60.570,276.934,55.870
395.100,snap_through,5,Inner,13,284.452,47.873,284.803,43.173
395.100,snap_through,5,Inner,14,292.039,32.823,292.342,28.101
395.100,snap_through,5,Inner,15,299.720,20.775,299.954,16.012
395.100,snap_through,5,Inner,16,307.432,13.144,307.565,8.306
395.100,snap_through,5,Inner,17,315.441,13.144,315.574,8.188
395.100,snap_through,5,Inner,18,323.451,13.144,323.583,8.021
395.100,snap_through,5,Patch2,1,307.432,9.113,307.565,4.275
395.100,snap_through,5,Patch2,2,315.441,9.113,315.574,4.157
395.100,snap_through,5,Patch2,3,323.451,9.113,323.583,3.990
395.100,snap_through,5,Patch3,1,187.288,9.113,187.151,4.422
395.100,snap_through,5,Patch3,2,195.298,9.113,195.159,4.617
395.100,snap_through,5,Patch3,3,203.307,9.113,203.169,4.708
395.100,snap_through,5,Patch4,1,203.773,86.983,202.811,39.811
395.100,snap_through,5,Patch4,2,211.281,96.878,209.378,50.351
395.100,snap_through,5,Patch4,3,218.935,105.036,216.277,59.154
395.100,snap_through,5,Patch4,4,226.845,111.238,223.643,65.992
395.100,snap_through,5,Patch4,5,235.042,114.695,231.549,70.067
395.100,snap_through,5,Patch4,6,243.299,115.481,239.731,71.428
395.100,snap_through,5,Patch4,7,251.419,115.459,247.834,71.927
395.100,snap_through,5,Patch4,8,259.320,115.459,255.720,72.396
395.100,snap_through,5,Patch4,9,267.439,115.481,263.825,72.872
395.100,snap_through,5,Patch4,10,275.697,114.695,272.113,72.530
395.100,snap_through,5,Patch4,11,283.893,111.238,280.480,69.510
395.100,snap_through,5,Patch4,12,291.804,105.036,288.708,63.735
395.100,snap_through,5,Patch4,13,299.458,96.878,296.786,55.999
395.100,snap_through,5,Patch4,14,306.966,86.983,304.815,46.525
395.100,snap_through,6,Outer,1,140.800,48.303,140.856,46.986
395.100,snap_through,6,Outer,2,148.386,48.303,147.966,44.347
395.100,snap_through,6,Outer,3,155.972,48.303,155.073,41.698
395.100,snap_through,6,Outer,4,163.559,48.311,163.031,38.695
395.100,snap_through,6,Outer,5,171.044,48.759,170.075,36.134
395.100,snap_through,6,Outer,6,177.980,52.470,177.909,36.817
395.100,snap_through,6,Outer,7,185.111,60.492,187.382,41.853
395.100,snap_through,6,Outer,8,192.148,71.869,197.049,51.077
395.100,snap_through,6,Outer,9,199.159,85.612,206.629,63.138
395.100,snap_through,6,Outer,10,206.533,97.629,216.650,73.027
395.100,snap_through,6,Outer,11,214.282,106.732,226.643,79.567
395.100,snap_through,6,Outer,12,222.564,113.316,236.480,83.429
395.100,snap_through,6,Outer,13,230.837,116.566,245.297,84.339
395.100,snap_through,6,Outer,14,238.842,117.305,253.234,83.385
395.100,snap_through,6,Outer,15,246.809,117.432,261.164,83.785
395.100,snap_through,6,Outer,16,254.791,117.432,267.914,87.997
395.100,snap_through,6,Outer,17,262.758,117.305,273.808,93.299
395.100,snap_through,6,Outer,18,270.763,116.566,279.890,98.491
395.100,snap_through,6,Outer,19,279.036,113.316,287.904,102.253
395.100,snap_through,6,Outer,20,287.318,106.732,298.436,102.412
395.100,snap_through,6,Outer,21,295.067,97.629,307.727,94.972
395.100,snap_through,6,Outer,22,302.441,85.612,312.635,81.776
395.100,snap_through,6,Outer,23,309.452,71.869,315.874,66.706
395.100,snap_through,6,Outer,24,316.489,60.492,320.125,54.033
395.100,snap_through,6,Outer,25,323.620,52.470,326.048,45.093
395.100,snap_through,6,Outer,26,330.556,48.759,332.763,41.004
395.100,snap_through,6,Outer,27,338.041,48.311,340.241,40.467
395.100,snap_through,6,Outer,28,345.628,48.303,347.836,40.491
395.100,snap_through,6,Outer,29,353.214,48.303,355.422,40.527
395.100,snap_through,6,Outer,30,360.800,48.303,363.007,40.572
395.100,snap_through,6,Plate,1,140.800,45.839,140.856,44.522
395.100,snap_through,6,Plate,2,148.386,45.839,147.966,41.882
395.100,snap_through,6,Plate,3,155.972,45.839,155.073,39.234
395.100,snap_through,6,Plate,4,163.654,38.045,161.652,30.521
395.100,snap_through,6,Plate,5,171.343,27.651,170.011,20.661
395.100,snap_through,6,Plate,6,178.725,17.265,178.196,10.896
395.100,snap_through,6,Plate,7,186.317,10.369,186.175,4.449
395.100,snap_through,6,Plate,8,193.903,10.369,193.759,4.675
395.100,snap_through,6,Plate,9,201.490,10.369,201.345,4.792
395.100,snap_through,6,Plate,10,209.076,10.369,208.933,4.786
395.100,snap_through,6,Plate,11,216.709,12.191,216.599,6.471
395.100,snap_through,6,Plate,12,224.137,15.878,224.130,9.946
395.100,snap_through,6,Plate,13,231.834,18.101,231.887,11.961
395.100,snap_through,6,Plate,14,239.448,17.973,239.499,11.696
395.100,snap_through,6,Plate,15,247.013,17.623,247.062,11.275
395.100,snap_through,6,Plate,16,254.587,17.623,254.637,11.259
395.100,snap_through,6,Plate,17,262.152,17.973,262.201,11.646
395.100,snap_through,6,Plate,18,269.766,18.101,269.815,11.873
395.100,snap_through,6,Plate,19,277.463,15.878,277.560,9.814
395.100,snap_through,6,Plate,20,284.891,12.191,285.071,6.295
395.100,snap_through,6,Plate,21,292.524,10.369,292.729,4.573
395.100,snap_through,6,Plate,22,300.110,10.369,300.317,4.559
395.100,snap_through,6,Plate,23,307.697,10.369,307.903,4.462
395.100,snap_through,6,Plate,24,315.283,10.369,315.488,4.303
395.100,snap_through,6,Plate,25,322.875,17.265,323.351,10.892
395.100,snap_through,6,Plate,26,330.257,27.651,331.376,20.790
395.100,snap_through,6,Plate,27,337.946,38.045,339.835,30.568
395.100,snap_through,6,Plate,28,345.628,45.839,347.836,38.026
395.100,snap_through,6,Plate,29,353.214,45.839,355.422,38.063
395.100,snap_through,6,Plate,30,360.800,45.839,363.007,38.107
395.100,snap_through,6,Inner,1,186.317,12.833,186.175,6.913
395.100,snap_through,6,Inner,2,193.903,12.833,193.759,7.139
395.100,snap_through,6,Inner,3,201.490,12.833,201.345,7.256
395.100,snap_through,6,Inner,4,208.823,20.472,208.658,14.910
395.100,snap_through,6,Inner,5,216.119,32.216,216.038,26.600
395.100,snap_through,6,Inner,6,223.263,46.799,223.367,41.090
395.100,snap_through,6,Inner,7,230.709,59.201,230.990,53.380
395.100,snap_through,6,Inner,8,238.590,67.321,238.972,61.399
395.100,snap_through,6,Inner,9,246.762,70.662,247.154,64.710
395.100,snap_through,6,Inner,10,254.838,70.662,255.229,64.806
395.100,snap_through,6,Inner,11,263.010,67.321,263.456,61.607
395.100,snap_through,6,Inner,12,270.891,59.201,271.430,53.581
395.100,snap_through,6,Inner,13,278.337,46.799,278.888,41.190
395.100,snap_through,6,Inner,14,285.481,32.216,285.920,26.556
395.100,snap_through,6,Inner,15,292.777,20.472,293.091,14.737
395.100,snap_through,6,Inner,16,300.110,12.833,300.317,7.023
395.100,snap_through,6,Inner,17,307.697,12.833,307.903,6.926
395.100,snap_through,6,Inner,18,315.283,12.833,315.488,6.767
395.100,snap_through,6,Patch2,1,300.110,8.802,300.317,2.992
395.100,snap_through,6,Patch2,2,307.697,8.802,307.903,2.895
395.100,snap_through,6,Patch2,3,315.283,8.802,315.488,2.736
395.100,snap_through,6,Patch3,1,186.317,8.802,186.175,2.882
395.100,snap_through,6,Patch3,2,193.903,8.802,193.759,3.109
395.100,snap_through,6,Patch3,3,201.490,8.802,201.345,3.225
395.100,snap_through,6,Patch4,1,202.050,83.389,202.866,36.473
395.100,snap_through,6,Patch4,2,209.220,93.060,208.813,46.940
395.100,snap_through,6,Patch4,3,216.438,100.364,215.082,55.073
395.100,snap_through,6,Patch4,4,223.835,105.993,221.724,61.575
395.100,snap_through,6,Patch4,5,231.519,109.222,228.961,65.713
395.100,snap_through,6,Patch4,6,239.300,109.861,236.627,67.197
395.100,snap_through,6,Patch4,7,247.033,109.923,244.327,67.920
395.100,snap_through,6,Patch4,8,254.567,109.923,251.844,68.427
395.100,snap_through,6,Patch4,9,262.300,109.861,259.569,68.803
395.100,snap_through,6,Patch4,10,270.081,109.222,267.373,68.575
395.100,snap_through,6,Patch4,11,277.765,105.993,275.221,65.764
395.100,snap_through,6,Patch4,12,285.162,100.364,282.927,60.568
395.100,snap_through,6,Patch4,13,292.380,93.060,290.572,53.713
395.100,snap_through,6,Patch4,14,299.550,83.389,298.329,44.507
395.100,snap_through,7,Outer,1,140.800,45.954,141.844,45.257
395.100,snap_through,7,Outer,2,148.179,45.954,148.474,42.023
395.100,snap_through,7,Outer,3,155.559,45.954,155.100,38.780
395.100,snap_through,7,Outer,4,162.938,45.996,162.800,35.122
395.100,snap_through,7,Outer,5,170.236,46.502,169.413,32.001
395.100,snap_through,7,Outer,6,177.078,50.601,177.384,32.203
395.100,snap_through,7,Outer,7,184.022,58.912,187.351,36.426
395.100,snap_through,7,Outer,8,190.935,70.418,197.818,44.807
395.100,snap_through,7,Outer,9,197.805,83.736,208.102,55.685
395.100,snap_through,7,Outer,10,204.911,95.040,218.241,64.352
395.100,snap_through,7,Outer,11,212.547,103.832,228.350,70.110
395.100,snap_through,7,Outer,12,220.586,109.847,237.962,72.960
395.100,snap_through,7,Outer,13,228.504,112.543,246.307,72.892
395.100,snap_through,7,Outer,14,236.231,113.073,253.855,71.300
395.100,snap_through,7,Outer,15,243.939,113.130,261.519,71.341
395.100,snap_through,7,Outer,16,251.661,113.130,267.504,76.185
395.100,snap_through,7,Outer,17,259.369,113.073,272.225,82.250
395.100,snap_through,7,Outer,18,267.096,112.543,277.036,88.288
395.100,snap_through,7,Outer,19,275.014,109.847,283.643,93.367
395.100,snap_through,7,Outer,20,283.053,103.832,293.315,95.880
395.100,snap_through,7,Outer,21,290.689,95.040,303.899,91.093
395.100,snap_through,7,Outer,22,297.795,83.736,309.533,79.016
395.100,snap_through,7,Outer,23,304.665,70.418,312.661,64.375
395.100,snap_through,7,Outer,24,311.578,58.912,316.296,51.466
395.100,snap_through,7,Outer,25,318.522,50.601,321.566,42.020
395.100,snap_through,7,Outer,26,325.364,46.502,328.088,37.442
395.100,snap_through,7,Outer,27,332.662,45.996,335.377,36.829
395.100,snap_through,7,Outer,28,340.041,45.954,342.765,36.819
395.100,snap_through,7,Outer,29,347.421,45.954,350.144,36.860
395.100,snap_through,7,Outer,30,354.800,45.954,357.523,36.908
395.100,snap_through,7,Plate,1,140.800,43.490,141.844,42.793
395.100,snap_through,7,Plate,2,148.179,43.490,148.474,39.559
395.100,snap_through,7,Plate,3,155.559,43.490,155.100,36.316
395.100,snap_through,7,Plate,4,163.078,35.864,161.365,27.647
395.100,snap_through,7,Plate,5,170.565,25.613,169.443,17.855
395.100,snap_through,7,Plate,6,177.726,16.091,177.272,8.875
395.100,snap_through,7,Plate,7,185.076,9.485,184.963,2.669
395.100,snap_through,7,Plate,8,192.455,9.485,192.340,2.887
395.100,snap_through,7,Plate,9,199.834,9.485,199.719,3.001
395.100,snap_through,7,Plate,10,207.214,9.485,207.099,3.001
395.100,snap_through,7,Plate,11,214.614,11.430,214.531,4.824
395.100,snap_through,7,Plate,12,221.917,14.890,221.924,8.093
395.100,snap_through,7,Plate,13,229.396,16.811,229.449,9.839
395.100,snap_through,7,Plate,14,236.774,16.676,236.826,9.601
395.100,snap_through,7,Plate,15,244.121,16.365,244.174,9.249
395.100,snap_through,7,Plate,16,251.479,16.365,251.535,9.254
395.100,snap_through,7,Plate,17,258.826,16.676,258.882,9.614
395.100,snap_through,7,Plate,18,266.204,16.811,266.259,9.858
395.100,snap_through,7,Plate,19,273.683,14.890,273.784,8.113
395.100,snap_through,7,Plate,20,280.986,11.430,281.173,4.835
395.100,snap_through,7,Plate,21,288.386,9.485,288.602,2.992
395.100,snap_through,7,Plate,22,295.766,9.485,295.982,2.963
395.100,snap_through,7,Plate,23,303.145,9.485,303.361,2.833
395.100,snap_through,7,Plate,24,310.524,9.485,310.737,2.630
395.100,snap_through,7,Plate,25,317.874,16.091,318.402,8.868
395.100,snap_through,7,Plate,26,325.035,25.613,326.286,17.799
395.100,snap_through,7,Plate,27,332.522,35.864,334.756,27.252
395.100,snap_through,7,Plate,28,340.041,43.490,342.765,34.355
395.100,snap_through,7,Plate,29,347.421,43.490,350.144,34.396
395.100,snap_through,7,Plate,30,354.800,43.490,357.523,34.444
395.100,snap_through,7,Inner,1,185.076,11.949,184.963,5.133
395.100,snap_through,7,Inner,2,192.455,11.949,192.340,5.351
395.100,snap_through,7,Inner,3,199.834,11.949,199.719,5.465
395.100,snap_through,7,Inner,4,207.020,20.143,206.888,13.670
395.100,snap_through,7,Inner,5,214.142,31.992,214.124,25.448
395.100,snap_through,7,Inner,6,221.068,46.395,221.294,39.731
395.100,snap_through,7,Inner,7,228.320,58.606,228.750,51.818
395.100,snap_through,7,Inner,8,235.982,66.306,236.468,59.463
395.100,snap_through,7,Inner,9,243.897,69.252,244.362,62.469
395.100,snap_through,7,Inner,10,251.703,69.252,252.167,62.625
395.100,snap_through,7,Inner,11,259.618,66.306,260.156,59.885
395.100,snap_through,7,Inner,12,267.280,58.606,267.983,52.353
395.100,snap_through,7,Inner,13,274.532,46.395,275.302,40.184
395.100,snap_through,7,Inner,14,281.458,31.992,282.058,25.703
395.100,snap_through,7,Inner,15,288.580,20.143,288.967,13.732
395.100,snap_through,7,Inner,16,295.766,11.949,295.982,5.427
395.100,snap_through,7,Inner,17,303.145,11.949,303.361,5.297
395.100,snap_through,7,Inner,18,310.524,11.949,310.737,5.094
395.100,snap_through,7,Patch2,1,295.766,7.918,295.982,1.396
395.100,snap_through,7,Patch2,2,303.145,7.918,303.361,1.266
395.100,snap_through,7,Patch2,3,310.524,7.918,310.737,1.063
395.100,snap_through,7,Patch3,1,185.076,7.918,184.963,1.102
395.100,snap_through,7,Patch3,2,192.455,7.918,192.340,1.320
395.100,snap_through,7,Patch3,3,199.834,7.918,199.719,1.435
395.100,snap_through,7,Patch4,1,200.260,80.432,202.151,34.060
395.100,snap_through,7,Patch4,2,207.475,90.411,208.027,44.880
395.100,snap_through,7,Patch4,3,214.410,97.757,213.943,53.067
395.100,snap_through,7,Patch4,4,221.802,103.415,220.517,59.657
395.100,snap_through,7,Patch4,5,229.250,105.988,227.562,63.188
395.100,snap_through,7,Patch4,6,236.611,106.205,234.838,64.325
395.100,snap_through,7,Patch4,7,244.056,106.186,242.237,65.156
395.100,snap_through,7,Patch4,8,251.544,106.186,249.686,65.914
395.100,snap_through,7,Patch4,9,258.989,106.205,257.100,66.601
395.100,snap_through,7,Patch4,10,266.350,105.988,264.453,66.990
395.100,snap_through,7,Patch4,11,273.798,103.415,272.082,65.014
395.100,snap_through,7,Patch4,12,281.190,97.757,279.900,59.962
395.100,snap_through,7,Patch4,13,288.125,90.411,287.410,53.207
395.100,snap_through,7,Patch4,14,295.340,80.432,295.430,43.867
395.100,snap_through,8,Outer,1,140.800,43.924,142.774,43.803
395.100,snap_through,8,Outer,2,147.972,43.924,149.040,40.317
395.100,snap_through,8,Outer,3,155.145,43.924,155.301,36.820
395.100,snap_through,8,Outer,4,162.317,43.927,162.719,32.777
395.100,snap_through,8,Outer,5,169.423,44.390,168.920,29.280
395.100,snap_through,8,Outer,6,176.142,48.169,176.599,28.637
395.100,snap_through,8,Outer,7,182.888,56.052,186.570,31.488
395.100,snap_through,8,Outer,8,189.649,67.202,197.736,38.205
395.100,snap_through,8,Outer,9,196.363,79.659,208.564,47.312
395.100,snap_through,8,Outer,10,203.218,90.051,218.230,55.162
395.100,snap_through,8,Outer,11,210.667,98.241,227.532,61.183
395.100,snap_through,8,Outer,12,218.441,103.675,236.446,64.442
395.100,snap_through,8,Outer,13,226.079,105.997,244.408,65.093
395.100,snap_through,8,Outer,14,233.571,106.418,251.905,64.732
395.100,snap_through,8,Outer,15,241.055,106.449,259.320,65.734
395.100,snap_through,8,Outer,16,248.545,106.449,265.645,69.714
395.100,snap_through,8,Outer,17,256.029,106.418,270.180,75.653
395.100,snap_through,8,Outer,18,263.521,105.997,274.561,81.737
395.100,snap_through,8,Outer,19,271.159,103.675,280.458,87.096
395.100,snap_through,8,Outer,20,278.933,98.241,289.418,90.051
395.100,snap_through,8,Outer,21,286.382,90.051,299.411,85.398
395.100,snap_through,8,Outer,22,293.237,79.659,304.740,74.180
395.100,snap_through,8,Outer,23,299.951,67.202,307.804,60.381
395.100,snap_through,8,Outer,24,306.712,56.052,311.342,47.842
395.100,snap_through,8,Outer,25,313.458,48.169,316.521,38.864
395.100,snap_through,8,Outer,26,320.177,44.390,322.988,34.680
395.100,snap_through,8,Outer,27,327.283,43.927,330.089,34.157
395.100,snap_through,8,Outer,28,334.455,43.924,337.284,34.221
395.100,snap_through,8,Outer,29,341.628,43.924,344.456,34.287
395.100,snap_through,8,Outer,30,348.800,43.924,351.628,34.356
395.100,snap_through,8,Plate,1,140.800,41.459,142.774,41.338
395.100,snap_through,8,Plate,2,147.972,41.459,149.040,37.853
395.100,snap_through,8,Plate,3,155.145,41.459,155.301,34.356
395.100,snap_through,8,Plate,4,162.466,34.336,161.240,26.080
395.100,snap_through,8,Plate,5,169.751,24.669,168.906,16.713
395.100,snap_through,8,Plate,6,176.701,15.891,176.351,8.351
395.100,snap_through,8,Plate,7,183.834,9.845,183.747,2.626
395.100,snap_through,8,Plate,8,191.007,9.845,190.918,2.804
395.100,snap_through,8,Plate,9,198.179,9.845,198.091,2.906
395.100,snap_through,8,Plate,10,205.352,9.845,205.265,2.914
395.100,snap_through,8,Plate,11,212.526,11.670,212.467,4.635
395.100,snap_through,8,Plate,12,219.660,14.743,219.673,7.543
395.100,snap_through,8,Plate,13,226.927,16.409,226.974,9.063
395.100,snap_through,8,Plate,14,234.092,16.240,234.139,8.814
395.100,snap_through,8,Plate,15,241.226,15.949,241.275,8.501
395.100,snap_through,8,Plate,16,248.374,15.949,248.426,8.522
395.100,snap_through,8,Plate,17,255.508,16.240,255.560,8.877
395.100,snap_through,8,Plate,18,262.673,16.409,262.724,9.168
395.100,snap_through,8,Plate,19,269.940,14.743,270.034,7.690
395.100,snap_through,8,Plate,20,277.074,11.670,277.252,4.811
395.100,snap_through,8,Plate,21,284.248,9.845,284.454,3.085
395.100,snap_through,8,Plate,22,291.421,9.845,291.629,3.031
395.100,snap_through,8,Plate,23,298.593,9.845,298.800,2.874
395.100,snap_through,8,Plate,24,305.766,9.845,305.970,2.650
395.100,snap_through,8,Plate,25,312.899,15.891,313.438,8.283
395.100,snap_through,8,Plate,26,319.849,24.669,321.151,16.399
395.100,snap_through,8,Plate,27,327.134,34.336,329.458,25.203
395.100,snap_through,8,Plate,28,334.455,41.459,337.284,31.757
395.100,snap_through,8,Plate,29,341.628,41.459,344.456,31.823
395.100,snap_through,8,Plate,30,348.800,41.459,351.628,31.891
395.100,snap_through,8,Inner,1,183.834,12.309,183.747,5.091
395.100,snap_through,8,Inner,2,191.007,12.309,190.918,5.269
395.100,snap_through,8,Inner,3,198.179,12.309,198.091,5.370
395.100,snap_through,8,Inner,4,205.206,19.990,205.044,13.101
395.100,snap_through,8,Inner,5,212.126,31.298,211.945,24.417
395.100,snap_through,8,Inner,6,218.877,44.909,218.831,37.953
395.100,snap_through,8,Inner,7,225.964,56.366,226.270,49.174
395.100,snap_through,8,Inner,8,233.390,63.530,233.970,56.036
395.100,snap_through,8,Inner,9,241.025,66.240,241.635,58.651
395.100,snap_through,8,Inner,10,248.575,66.240,249.176,58.998
395.100,snap_through,8,Inner,11,256.210,63.530,256.976,56.818
395.100,snap_through,8,Inner,12,263.636,56.366,264.762,50.055
395.100,snap_through,8,Inner,13,270.723,44.909,271.975,38.684
395.100,snap_through,8,Inner,14,277.474,31.298,278.380,24.912
395.100,snap_through,8,Inner,15,284.394,19.990,284.887,13.366
395.100,snap_through,8,Inner,16,291.421,12.309,291.629,5.495
395.100,snap_through,8,Inner,17,298.593,12.309,298.800,5.338
395.100,snap_through,8,Inner,18,305.766,12.309,305.970,5.114
395.100,snap_through,8,Patch2,1,291.421,8.278,291.629,1.464
395.100,snap_through,8,Patch2,2,298.593,8.278,298.800,1.307
395.100,snap_through,8,Patch2,3,305.766,8.278,305.970,1.083
395.100,snap_through,8,Patch3,1,183.834,8.278,183.747,1.060
395.100,snap_through,8,Patch3,2,191.007,8.278,190.918,1.238
395.100,snap_through,8,Patch3,3,198.179,8.278,198.091,1.339
395.100,snap_through,8,Patch4,1,198.827,77.188,201.152,32.624
395.100,snap_through,8,Patch4,2,205.781,86.254,207.012,42.419
395.100,snap_through,8,Patch4,3,212.610,93.074,212.990,49.983
395.100,snap_through,8,Patch4,4,219.744,97.831,219.491,55.552
395.100,snap_through,8,Patch4,5,226.949,100.113,226.314,58.757
395.100,snap_through,8,Patch4,6,234.088,100.289,233.308,60.132
395.100,snap_through,8,Patch4,7,241.256,100.235,240.382,61.120
395.100,snap_through,8,Patch4,8,248.344,100.235,247.436,61.674
395.100,snap_through,8,Patch4,9,255.512,100.289,254.572,62.260
395.100,snap_through,8,Patch4,10,262.651,100.113,261.685,62.831
395.100,snap_through,8,Patch4,11,269.856,97.831,269.109,61.432
395.100,snap_through,8,Patch4,12,276.989,93.074,276.773,57.596
395.100,snap_through,8,Patch4,13,283.819,86.254,284.385,51.671
395.100,snap_through,8,Patch4,14,290.773,77.188,292.393,43.528
395.100,snap_through,9,Outer,1,140.800,41.821,142.779,41.634
395.100,snap_through,9,Outer,2,147.766,41.821,148.901,38.312
395.100,snap_through,9,Outer,3,154.731,41.821,155.017,34.979
395.100,snap_through,9,Outer,4,161.697,41.822,162.272,31.110
395.100,snap_through,9,Outer,5,168.609,42.268,168.321,27.732
395.100,snap_through,9,Outer,6,175.208,45.875,175.802,26.960
395.100,snap_through,9,Outer,7,181.788,53.270,185.444,29.193
395.100,snap_through,9,Outer,8,188.390,63.898,196.640,34.747
395.100,snap_through,9,Outer,9,194.949,75.960,207.471,43.145
395.100,snap_through,9,Outer,10,201.645,85.927,216.737,50.731
395.100,snap_through,9,Outer,11,208.805,93.528,225.120,56.898
395.100,snap_through,9,Outer,12,216.285,98.376,233.098,60.830
395.100,snap_through,9,Outer,13,223.660,100.324,240.588,62.195
395.100,snap_through,9,Outer,14,230.917,100.656,247.819,62.643
395.100,snap_through,9,Outer,15,238.170,100.670,254.884,64.159
395.100,snap_through,9,Outer,16,245.430,100.670,260.756,68.358
395.100,snap_through,9,Outer,17,252.682,100.656,265.289,74.014
395.100,snap_through,9,Outer,18,259.940,100.324,269.761,79.739
395.100,snap_through,9,Outer,19,267.315,98.376,275.537,84.712
395.100,snap_through,9,Outer,20,274.795,93.528,284.208,86.546
395.100,snap_through,9,Outer,21,281.955,85.927,292.833,80.763
395.100,snap_through,9,Outer,22,288.651,75.960,297.685,69.793
395.100,snap_through,9,Outer,23,295.210,63.898,301.196,56.528
395.100,snap_through,9,Outer,24,301.812,53.270,305.415,44.756
395.100,snap_through,9,Outer,25,308.392,45.875,311.026,36.609
395.100,snap_through,9,Outer,26,314.991,42.268,317.487,32.765
395.100,snap_through,9,Outer,27,321.903,41.822,324.401,32.341
395.100,snap_through,9,Outer,28,328.869,41.821,331.407,32.455
395.100,snap_through,9,Outer,29,335.834,41.821,338.371,32.546
395.100,snap_through,9,Outer,30,342.800,41.821,345.336,32.635
395.100,snap_through,9,Plate,1,140.800,39.357,142.779,39.170
395.100,snap_through,9,Plate,2,147.766,39.357,148.901,35.848
395.100,snap_through,9,Plate,3,154.731,39.357,155.017,32.514
395.100,snap_through,9,Plate,4,161.847,32.291,160.816,24.352
395.100,snap_through,9,Plate,5,168.904,22.942,168.182,15.246
395.100,snap_through,9,Plate,6,175.659,14.820,175.364,7.499
395.100,snap_through,9,Plate,7,182.593,9.592,182.533,2.597
395.100,snap_through,9,Plate,8,189.559,9.592,189.496,2.813
395.100,snap_through,9,Plate,9,196.524,9.592,196.461,2.950
395.100,snap_through,9,Plate,10,203.490,9.592,203.428,2.979
395.100,snap_through,9,Plate,11,210.433,11.441,210.389,4.766
395.100,snap_through,9,Plate,12,217.390,14.434,217.392,7.655
395.100,snap_through,9,Plate,13,224.447,15.934,224.469,9.059
395.100,snap_through,9,Plate,14,231.405,15.764,231.426,8.829
395.100,snap_through,9,Plate,15,238.329,15.482,238.350,8.524
395.100,snap_through,9,Plate,16,245.271,15.482,245.294,8.535
395.100,snap_through,9,Plate,17,252.195,15.764,252.217,8.862
395.100,snap_through,9,Plate,18,259.153,15.934,259.174,9.117
395.100,snap_through,9,Plate,19,266.210,14.434,266.258,7.744
395.100,snap_through,9,Plate,20,273.167,11.441,273.272,4.880
395.100,snap_through,9,Plate,21,280.110,9.592,280.235,3.096
395.100,snap_through,9,Plate,22,287.076,9.592,287.202,3.032
395.100,snap_through,9,Plate,23,294.041,9.592,294.166,2.852
395.100,snap_through,9,Plate,24,301.007,9.592,301.128,2.599
395.100,snap_through,9,Plate,25,307.941,14.820,308.361,7.406
395.100,snap_through,9,Plate,26,314.696,22.942,315.811,14.898
395.100,snap_through,9,Plate,27,321.753,32.291,323.825,23.439
395.100,snap_through,9,Plate,28,328.869,39.357,331.407,29.991
395.100,snap_through,9,Plate,29,335.834,39.357,338.371,30.082
395.100,snap_through,9,Plate,30,342.800,39.357,345.336,30.170
395.100,snap_through,9,Inner,1,182.593,12.056,182.533,5.061
395.100,snap_through,9,Inner,2,189.559,12.056,189.496,5.277
395.100,snap_through,9,Inner,3,196.524,12.056,196.461,5.414
395.100,snap_through,9,Inner,4,203.397,19.511,203.254,12.924
395.100,snap_through,9,Inner,5,210.133,30.518,210.017,23.914
395.100,snap_through,9,Inner,6,216.714,43.686,216.778,36.986
395.100,snap_through,9,Inner,7,223.599,54.542,223.936,47.658
395.100,snap_through,9,Inner,8,230.777,61.083,231.265,54.027
395.100,snap_through,9,Inner,9,238.147,63.531,238.635,56.474
395.100,snap_through,9,Inner,10,245.453,63.531,245.938,56.716
395.100,snap_through,9,Inner,11,252.823,61.083,253.417,54.633
395.100,snap_through,9,Inner,12,260.001,54.542,260.849,48.387
395.100,snap_through,9,Inner,13,266.886,43.686,267.853,37.614
395.100,snap_through,9,Inner,14,273.467,30.518,274.191,24.331
395.100,snap_through,9,Inner,15,280.203,19.511,280.595,13.129
395.100,snap_through,9,Inner,16,287.076,12.056,287.202,5.497
395.100,snap_through,9,Inner,17,294.041,12.056,294.166,5.317
395.100,snap_through,9,Inner,18,301.007,12.056,301.128,5.064
395.100,snap_through,9,Patch1,1,203.490,13.073,203.428,6.460
395.100,snap_through,9,Patch1,2,209.589,14.803,209.568,8.141
395.100,snap_through,9,Patch1,3,217.450,17.933,217.465,11.180
395.100,snap_through,9,Patch1,4,224.512,19.326,224.539,12.507
395.100,snap_through,9,Patch1,5,231.408,19.187,231.435,12.334
395.100,snap_through,9,Patch1,6,238.331,18.882,238.359,12.023
395.100,snap_through,9,Patch1,7,245.269,18.882,245.297,12.041
395.100,snap_through,9,Patch1,8,252.192,19.187,252.219,12.385
395.100,snap_through,9,Patch1,9,259.088,19.326,259.115,12.588
395.100,snap_through,9,Patch1,10,266.150,17.933,266.194,11.284
395.100,snap_through,9,Patch1,11,274.011,14.803,274.096,8.260
395.100,snap_through,9,Patch1,12,280.110,13.073,280.235,6.577
395.100,snap_through,9,Patch2,1,287.076,8.025,287.202,1.465
395.100,snap_through,9,Patch2,2,294.041,8.025,294.166,1.285
395.100,snap_through,9,Patch2,3,301.007,8.025,301.128,1.032
395.100,snap_through,9,Patch3,1,182.593,8.025,182.533,1.030
395.100,snap_through,9,Patch3,2,189.559,8.025,189.496,1.246
395.100,snap_through,9,Patch3,3,196.524,8.025,196.461,1.384
395.100,snap_through,9,Patch4,1,197.238,73.649,199.441,33.698
395.100,snap_through,9,Patch4,2,204.061,82.424,205.295,43.120
395.100,snap_through,9,Patch4,3,210.677,89.048,211.170,50.388
395.100,snap_through,9,Patch4,4,217.602,93.438,217.588,55.477
395.100,snap_through,9,Patch4,5,224.585,95.404,224.327,58.156
395.100,snap_through,9,Patch4,6,231.525,95.546,231.221,58.960
395.100,snap_through,9,Patch4,7,238.380,95.337,238.068,59.302
395.100,snap_through,9,Patch4,8,245.220,95.337,244.886,59.835
395.100,snap_through,9,Patch4,9,252.075,95.546,251.687,60.689
395.100,snap_through,9,Patch4,10,259.015,95.404,258.586,61.418
395.100,snap_through,9,Patch4,11,265.998,93.438,265.771,60.456
395.100,snap_through,9,Patch4,12,272.923,89.048,273.253,57.122
395.100,snap_through,9,Patch4,13,279.539,82.424,280.751,51.537
395.100,snap_through,9,Patch4,14,286.362,73.649,288.756,43.855
395.100,snap_through,10,Outer,1,140.800,39.668,141.558,38.422
395.100,snap_through,10,Outer,2,147.559,39.668,147.762,35.740
395.100,snap_through,10,Outer,3,154.317,39.668,153.961,33.047
395.100,snap_through,10,Outer,4,161.076,39.719,161.149,29.996
395.100,snap_through,10,Outer,5,167.791,40.129,167.326,27.329
395.100,snap_through,10,Outer,6,174.245,43.473,174.594,27.346
395.100,snap_through,10,Outer,7,180.654,50.504,183.434,30.838
395.100,snap_through,10,Outer,8,187.088,60.758,193.171,37.993
395.100,snap_through,10,Outer,9,193.474,72.697,202.397,47.854
395.100,snap_through,10,Outer,10,199.989,82.455,210.638,56.165
395.100,snap_through,10,Outer,11,206.913,89.649,218.647,62.094
395.100,snap_through,10,Outer,12,214.119,94.117,226.443,65.401
395.100,snap_through,10,Outer,13,221.244,95.761,233.698,66.119
395.100,snap_through,10,Outer,14,228.272,96.019,240.687,65.880
395.100,snap_through,10,Outer,15,235.290,96.026,247.530,67.046
395.100,snap_through,10,Outer,16,242.310,96.026,253.162,71.188
395.100,snap_through,10,Outer,17,249.328,96.019,258.219,76.046
395.100,snap_through,10,Outer,18,256.356,95.761,263.385,80.811
395.100,snap_through,10,Outer,19,263.481,94.117,269.683,84.506
395.100,snap_through,10,Outer,20,270.687,89.649,278.116,84.081
395.100,snap_through,10,Outer,21,277.611,82.455,285.201,77.078
395.100,snap_through,10,Outer,22,284.126,72.697,290.183,66.460
395.100,snap_through,10,Outer,23,290.512,60.758,294.471,53.621
395.100,snap_through,10,Outer,24,296.946,50.504,299.501,42.612
395.100,snap_through,10,Outer,25,303.355,43.473,305.415,35.163
395.100,snap_through,10,Outer,26,309.809,40.129,311.812,31.710
395.100,snap_through,10,Outer,27,316.524,39.719,318.532,31.355
395.100,snap_through,10,Outer,28,323.283,39.668,325.328,31.407
395.100,snap_through,10,Outer,29,330.041,39.668,332.087,31.469
395.100,snap_through,10,Outer,30,336.800,39.668,338.845,31.527
395.100,snap_through,10,Plate,1,140.800,37.204,141.558,35.958
395.100,snap_through,10,Plate,2,147.559,37.204,147.762,33.275
395.100,snap_through,10,Plate,3,154.317,37.204,153.961,30.583
395.100,snap_through,10,Plate,4,161.218,30.231,159.831,22.754
395.100,snap_through,10,Plate,5,168.054,21.110,167.178,14.043
395.100,snap_through,10,Plate,6,174.610,13.360,174.290,6.802
395.100,snap_through,10,Plate,7,181.352,8.626,181.317,2.501
395.100,snap_through,10,Plate,8,188.110,8.626,188.069,2.805
395.100,snap_through,10,Plate,9,194.869,8.626,194.824,3.018
395.100,snap_through,10,Plate,10,201.628,8.626,201.583,3.138
395.100,snap_through,10,Plate,11,208.345,10.370,208.293,4.914
395.100,snap_through,10,Plate,12,215.111,13.202,215.072,7.719
395.100,snap_through,10,Plate,13,221.958,14.570,221.928,9.050
395.100,snap_through,10,Plate,14,228.716,14.372,228.687,8.832
395.100,snap_through,10,Plate,15,235.433,14.065,235.406,8.516
395.100,snap_through,10,Plate,16,242.167,14.065,242.143,8.507
395.100,snap_through,10,Plate,17,248.884,14.372,248.863,8.804
395.100,snap_through,10,Plate,18,255.642,14.570,255.622,9.004
395.100,snap_through,10,Plate,19,262.489,13.202,262.476,7.657
395.100,snap_through,10,Plate,20,269.255,10.370,269.249,4.838
395.100,snap_through,10,Plate,21,275.972,8.626,275.955,3.047
395.100,snap_through,10,Plate,22,282.731,8.626,282.713,2.915
395.100,snap_through,10,Plate,23,289.490,8.626,289.468,2.703
395.100,snap_through,10,Plate,24,296.248,8.626,296.220,2.418
395.100,snap_through,10,Plate,25,302.990,13.360,303.237,6.735
395.100,snap_through,10,Plate,26,309.546,21.110,310.406,13.920
395.100,snap_through,10,Plate,27,316.382,30.231,318.073,22.352
395.100,snap_through,10,Plate,28,323.283,37.204,325.328,28.943
395.100,snap_through,10,Plate,29,330.041,37.204,332.087,29.004
395.100,snap_through,10,Plate,30,336.800,37.204,338.845,29.063
395.100,snap_through,10,Inner,1,181.352,11.090,181.317,4.965
395.100,snap_through,10,Inner,2,188.110,11.090,188.069,5.269
395.100,snap_through,10,Inner,3,194.869,11.090,194.824,5.482
395.100,snap_through,10,Inner,4,201.583,18.186,201.412,12.664
395.100,snap_through,10,Inner,5,208.099,28.933,207.987,23.374
395.100,snap_through,10,Inner,6,214.505,41.894,214.586,36.236
395.100,snap_through,10,Inner,7,221.206,52.486,221.419,46.743
395.100,snap_through,10,Inner,8,228.153,58.705,228.388,52.937
395.100,snap_through,10,Inner,9,235.268,61.015,235.492,55.281
395.100,snap_through,10,Inner,10,242.332,61.015,242.557,55.350
395.100,snap_through,10,Inner,11,249.447,58.705,249.697,53.122
395.100,snap_through,10,Inner,12,256.394,52.486,256.705,46.973
395.100,snap_through,10,Inner,13,263.095,41.894,263.454,36.414
395.100,snap_through,10,Inner,14,269.501,28.933,269.816,23.435
395.100,snap_through,10,Inner,15,276.017,18.186,276.201,12.612
395.100,snap_through,10,Inner,16,282.731,11.090,282.713,5.379
395.100,snap_through,10,Inner,17,289.490,11.090,289.468,5.167
395.100,snap_through,10,Inner,18,296.248,11.090,296.220,4.883
395.100,snap_through,10,Patch2,1,282.731,7.059,282.713,1.348
395.100,snap_through,10,Patch2,2,289.490,7.059,289.468,1.136
395.100,snap_through,10,Patch2,3,296.248,7.059,296.220,0.851
395.100,snap_through,10,Patch3,1,181.352,7.059,181.317,0.935
395.100,snap_through,10,Patch3,2,188.110,7.059,188.069,1.238
395.100,snap_through,10,Patch3,3,194.869,7.059,194.824,1.451
395.100,snap_through,10,Patch4,1,195.329,69.366,197.439,35.574
395.100,snap_through,10,Patch4,2,201.897,78.048,203.249,44.729
395.100,snap_through,10,Patch4,3,208.521,84.991,209.260,52.167
395.100,snap_through,10,Patch4,4,215.278,89.783,215.574,57.501
395.100,snap_through,10,Patch4,5,222.106,91.706,222.192,60.043
395.100,snap_through,10,Patch4,6,228.891,91.857,228.925,60.891
395.100,snap_through,10,Patch4,7,235.567,91.780,235.568,61.560
395.100,snap_through,10,Patch4,8,242.033,91.780,241.989,62.321
395.100,snap_through,10,Patch4,9,248.709,91.857,248.604,63.212
395.100,snap_through,10,Patch4,10,255.494,91.706,255.355,63.913
395.100,snap_through,10,Patch4,11,262.322,89.783,262.372,62.889
395.100,snap_through,10,Patch4,12,269.079,84.991,269.697,59.044
395.100,snap_through,10,Patch4,13,275.703,78.048,277.178,53.075
395.100,snap_through,10,Patch4,14,282.271,69.366,284.839,45.389
395.100,snap_through,11,Outer,1,140.800,37.778,140.372,35.535
395.100,snap_through,11,Outer,2,147.352,37.778,146.706,33.860
395.100,snap_through,11,Outer,3,153.903,37.778,153.041,32.188
395.100,snap_through,11,Outer,4,160.455,37.756,160.009,30.279
395.100,snap_through,11,Outer,5,166.972,38.129,166.343,28.707
395.100,snap_through,11,Outer,6,173.275,41.172,173.265,29.725
395.100,snap_through,11,Outer,7,179.510,47.531,181.033,34.061
395.100,snap_through,11,Outer,8,185.771,56.841,189.344,41.569
395.100,snap_through,11,Outer,9,191.988,67.968,197.480,51.344
395.100,snap_through,11,Outer,10,198.313,77.018,204.892,59.502
395.100,snap_through,11,Outer,11,204.978,83.598,211.996,65.592
395.100,snap_through,11,Outer,12,211.921,87.530,218.980,69.448
395.100,snap_through,11,Outer,13,218.813,88.897,225.790,71.149
395.100,snap_through,11,Outer,14,225.616,89.118,232.497,72.182
395.100,snap_through,11,Outer,15,232.405,89.133,239.013,73.984
395.100,snap_through,11,Outer,16,239.195,89.133,245.331,76.442
395.100,snap_through,11,Outer,17,245.984,89.118,251.585,79.065
395.100,snap_through,11,Outer,18,252.787,88.897,257.942,81.477
395.100,snap_through,11,Outer,19,259.679,87.530,264.874,82.546
395.100,snap_through,11,Outer,20,266.622,83.598,272.241,79.532
395.100,snap_through,11,Outer,21,273.287,77.018,278.405,72.488
395.100,snap_through,11,Outer,22,279.612,67.968,283.591,62.743
395.100,snap_through,11,Outer,23,285.829,56.841,288.446,50.961
395.100,snap_through,11,Outer,24,292.090,47.531,293.908,41.163
395.100,snap_through,11,Outer,25,298.325,41.172,299.876,34.555
395.100,snap_through,11,Outer,26,304.628,38.129,306.146,31.445
395.100,snap_through,11,Outer,27,311.145,37.756,312.666,31.094
395.100,snap_through,11,Outer,28,317.697,37.778,319.230,31.149
395.100,snap_through,11,Outer,29,324.248,37.778,325.782,31.129
395.100,snap_through,11,Outer,30,330.800,37.778,332.333,31.106
395.100,snap_through,11,Plate,1,140.800,35.313,140.372,33.071
395.100,snap_through,11,Plate,2,147.352,35.313,146.706,31.395
395.100,snap_through,11,Plate,3,153.903,35.313,153.041,29.724
395.100,snap_through,11,Plate,4,160.593,28.814,159.156,22.694
395.100,snap_through,11,Plate,5,167.202,20.300,166.341,14.663
395.100,snap_through,11,Plate,6,173.563,13.270,173.250,8.170
395.100,snap_through,11,Plate,7,180.110,9.254,180.051,4.599
395.100,snap_through,11,Plate,8,186.662,9.254,186.597,4.906
395.100,snap_through,11,Plate,9,193.214,9.254,193.146,5.124
395.100,snap_through,11,Plate,10,199.766,9.254,199.698,5.238
395.100,snap_through,11,Plate,11,206.252,10.912,206.178,6.928
395.100,snap_through,11,Plate,12,212.838,13.547,212.766,9.560
395.100,snap_through,11,Plate,13,219.480,14.725,219.411,10.723
395.100,snap_through,11,Plate,14,226.031,14.516,225.963,10.499
395.100,snap_through,11,Plate,15,232.537,14.211,232.468,10.180
395.100,snap_through,11,Plate,16,239.063,14.211,238.995,10.162
395.100,snap_through,11,Plate,17,245.569,14.516,245.502,10.445
395.100,snap_through,11,Plate,18,252.120,14.725,252.054,10.630
395.100,snap_through,11,Plate,19,258.762,13.547,258.691,9.422
395.100,snap_through,11,Plate,20,265.348,10.912,265.259,6.743
395.100,snap_through,11,Plate,21,271.834,9.254,271.727,5.012
395.100,snap_through,11,Plate,22,278.386,9.254,278.278,4.876
395.100,snap_through,11,Plate,23,284.938,9.254,284.826,4.655
395.100,snap_through,11,Plate,24,291.490,9.254,291.372,4.364
395.100,snap_through,11,Plate,25,298.037,13.270,298.148,7.980
395.100,snap_through,11,Plate,26,304.398,20.300,305.018,14.513
395.100,snap_through,11,Plate,27,311.007,28.814,312.282,22.473
395.100,snap_through,11,Plate,28,317.697,35.313,319.230,28.685
395.100,snap_through,11,Plate,29,324.248,35.313,325.782,28.665
395.100,snap_through,11,Plate,30,330.800,35.313,332.333,28.642
395.100,snap_through,11,Inner,1,180.110,11.718,180.051,7.063
395.100,snap_through,11,Inner,2,186.662,11.718,186.597,7.370
395.100,snap_through,11,Inner,3,193.214,11.718,193.146,7.589
395.100,snap_through,11,Inner,4,199.736,18.029,199.523,14.005
395.100,snap_through,11,Inner,5,206.081,28.040,205.866,24.015
395.100,snap_through,11,Inner,6,212.309,40.061,212.213,35.973
395.100,snap_through,11,Inner,7,218.819,49.723,218.834,45.556
395.100,snap_through,11,Inner,8,225.513,55.281,225.574,51.056
395.100,snap_through,11,Inner,9,232.382,57.312,232.453,53.054
395.100,snap_through,11,Inner,10,239.218,57.312,239.289,53.043
395.100,snap_through,11,Inner,11,246.087,55.281,246.159,51.018
395.100,snap_through,11,Inner,12,252.781,49.723,252.869,45.481
395.100,snap_through,11,Inner,13,259.291,40.061,259.418,35.848
395.100,snap_through,11,Inner,14,265.519,28.040,265.665,23.838
395.100,snap_through,11,Inner,15,271.864,18.029,271.934,13.781
395.100,snap_through,11,Inner,16,278.386,11.718,278.278,7.340
395.100,snap_through,11,Inner,17,284.938,11.718,284.826,7.119
395.100,snap_through,11,Inner,18,291.490,11.718,291.372,6.828
395.100,snap_through,11,Patch1,1,199.766,12.597,199.698,8.581
395.100,snap_through,11,Patch1,2,205.429,14.310,205.353,10.302
395.100,snap_through,11,Patch1,3,212.897,17.027,212.837,12.977
395.100,snap_through,11,Patch1,4,219.549,17.995,219.496,13.905
395.100,snap_through,11,Patch1,5,226.056,17.807,226.002,13.692
395.100,snap_through,11,Patch1,6,232.539,17.524,232.486,13.393
395.100,snap_through,11,Patch1,7,239.061,17.524,239.008,13.382
395.100,snap_through,11,Patch1,8,245.544,17.807,245.493,13.654
395.100,snap_through,11,Patch1,9,252.051,17.995,252.000,13.833
395.100,snap_through,11,Patch1,10,258.703,17.027,258.652,12.858
395.100,snap_through,11,Patch1,11,266.171,14.310,266.112,10.120
395.100,snap_through,11,Patch1,12,271.834,12.597,271.727,8.356
395.100,snap_through,11,Patch2,1,278.386,7.687,278.278,3.309
395.100,snap_through,11,Patch2,2,284.938,7.687,284.826,3.088
395.100,snap_through,11,Patch2,3,291.490,7.687,291.372,2.797
395.100,snap_through,11,Patch3,1,180.110,7.687,180.051,3.033
395.100,snap_through,11,Patch3,2,186.662,7.687,186.597,3.339
395.100,snap_through,11,Patch3,3,193.214,7.687,193.146,3.558
395.100,snap_through,11,Patch4,1,194.083,66.285,196.233,40.229
395.100,snap_through,11,Patch4,2,200.528,74.107,201.996,48.501
395.100,snap_through,11,Patch4,3,206.781,80.139,207.710,54.995
395.100,snap_through,11,Patch4,4,213.263,83.631,213.860,59.015
395.100,snap_through,11,Patch4,5,219.783,85.206,220.206,61.170
395.100,snap_through,11,Patch4,6,226.300,85.292,226.683,61.888
395.100,snap_through,11,Patch4,7,232.666,85.106,233.035,62.357
395.100,snap_through,11,Patch4,8,238.934,85.106,239.265,63.033
395.100,snap_through,11,Patch4,9,245.300,85.292,245.571,63.932
395.100,snap_through,11,Patch4,10,251.817,85.206,252.053,64.601
395.100,snap_through,11,Patch4,11,258.336,83.631,258.712,63.816
395.100,snap_through,11,Patch4,12,264.818,80.139,265.561,61.140
395.100,snap_through,11,Patch4,13,271.072,74.107,272.479,55.928
395.100,snap_through,11,Patch4,14,277.517,66.285,279.792,48.966
395.100,snap_through,12,Outer,1,140.800,35.764,139.991,33.425
395.100,snap_through,12,Outer,2,147.145,35.764,146.289,32.658
395.100,snap_through,12,Outer,3,153.490,35.764,152.588,31.901
395.100,snap_through,12,Outer,4,159.834,35.798,159.209,31.063
395.100,snap_through,12,Outer,5,166.153,36.172,165.508,30.456
395.100,snap_through,12,Outer,6,172.304,39.184,172.064,32.427
395.100,snap_through,12,Outer,7,178.365,45.306,179.010,37.508
395.100,snap_through,12,Outer,8,184.455,54.259,186.282,45.509
395.100,snap_through,12,Outer,9,190.512,64.860,193.419,55.387
395.100,snap_through,12,Outer,10,196.621,73.524,200.045,63.641
395.100,snap_through,12,Outer,11,203.038,80.001,206.528,70.039
395.100,snap_through,12,Outer,12,209.702,83.742,213.027,74.059
395.100,snap_through,12,Outer,13,216.367,85.039,219.546,75.956
395.100,snap_through,12,Outer,14,222.951,85.249,226.046,77.006
395.100,snap_through,12,Outer,15,229.518,85.264,232.530,78.020
395.100,snap_through,12,Outer,16,236.082,85.264,239.004,79.086
395.100,snap_through,12,Outer,17,242.649,85.249,245.489,80.101
395.100,snap_through,12,Outer,18,249.233,85.039,252.037,80.789
395.100,snap_through,12,Outer,19,255.898,83.742,258.792,80.160
395.100,snap_through,12,Outer,20,262.562,80.001,265.588,76.678
395.100,snap_through,12,Outer,21,268.979,73.524,271.843,70.052
395.100,snap_through,12,Outer,22,275.088,64.860,277.411,61.037
395.100,snap_through,12,Outer,23,281.145,54.259,282.728,50.052
395.100,snap_through,12,Outer,24,287.235,45.306,288.388,40.825
395.100,snap_through,12,Outer,25,293.296,39.184,294.305,34.567
395.100,snap_through,12,Outer,26,299.447,36.172,300.439,31.520
395.100,snap_through,12,Outer,27,305.766,35.798,306.760,31.157
395.100,snap_through,12,Outer,28,312.110,35.764,313.100,31.110
395.100,snap_through,12,Outer,29,318.455,35.764,319.445,31.030
395.100,snap_through,12,Outer,30,324.800,35.764,325.789,30.945
395.100,snap_through,12,Plate,1,140.800,33.300,139.991,30.961
395.100,snap_through,12,Plate,2,147.145,33.300,146.289,30.193
395.100,snap_through,12,Plate,3,153.490,33.300,152.588,29.437
395.100,snap_through,12,Plate,4,159.968,26.864,158.856,22.791
395.100,snap_through,12,Plate,5,166.351,18.503,165.717,14.820
395.100,snap_through,12,Plate,6,172.533,11.872,172.323,8.612
395.100,snap_through,12,Plate,7,178.869,8.323,178.846,5.417
395.100,snap_through,12,Plate,8,185.214,8.323,185.186,5.677
395.100,snap_through,12,Plate,9,191.559,8.323,191.528,5.876
395.100,snap_through,12,Plate,10,197.903,8.323,197.872,6.007
395.100,snap_through,12,Plate,11,204.172,10.250,204.115,8.015
395.100,snap_through,12,Plate,12,210.585,12.745,210.503,10.572
395.100,snap_through,12,Plate,13,217.010,13.760,216.921,11.632
395.100,snap_through,12,Plate,14,223.350,13.533,223.262,11.432
395.100,snap_through,12,Plate,15,229.641,13.231,229.553,11.140
395.100,snap_through,12,Plate,16,235.959,13.231,235.871,11.129
395.100,snap_through,12,Plate,17,242.250,13.533,242.163,11.397
395.100,snap_through,12,Plate,18,248.590,13.760,248.504,11.562
395.100,snap_through,12,Plate,19,255.015,12.745,254.913,10.451
395.100,snap_through,12,Plate,20,261.428,10.250,261.274,7.831
395.100,snap_through,12,Plate,21,267.697,8.323,267.495,5.760
395.100,snap_through,12,Plate,22,274.041,8.323,273.835,5.573
395.100,snap_through,12,Plate,23,280.386,8.323,280.175,5.311
395.100,snap_through,12,Plate,24,286.731,8.323,286.511,4.990
395.100,snap_through,12,Plate,25,293.067,11.872,293.042,8.163
395.100,snap_through,12,Plate,26,299.249,18.503,299.619,14.400
395.100,snap_through,12,Plate,27,305.632,26.864,306.443,22.400
395.100,snap_through,12,Plate,28,312.110,33.300,313.100,28.646
395.100,snap_through,12,Plate,29,318.455,33.300,319.445,28.565
395.100,snap_through,12,Plate,30,324.800,33.300,325.789,28.481
395.100,snap_through,12,Inner,1,178.869,10.788,178.846,7.881
395.100,snap_through,12,Inner,2,185.214,10.788,185.186,8.141
395.100,snap_through,12,Inner,3,191.559,10.788,191.528,8.341
395.100,snap_through,12,Inner,4,197.895,17.093,197.703,14.758
395.100,snap_through,12,Inner,5,204.082,27.105,203.854,24.790
395.100,snap_through,12,Inner,6,210.140,38.557,209.984,36.199
395.100,snap_through,12,Inner,7,216.462,47.473,216.400,45.045
395.100,snap_through,12,Inner,8,222.882,52.427,222.871,49.930
395.100,snap_through,12,Inner,9,229.495,54.128,229.499,51.572
395.100,snap_through,12,Inner,10,236.104,54.128,236.108,51.532
395.100,snap_through,12,Inner,11,242.718,52.427,242.717,49.813
395.100,snap_through,12,Inner,12,249.138,47.473,249.142,44.866
395.100,snap_through,12,Inner,13,255.460,38.557,255.504,35.980
395.100,snap_through,12,Inner,14,261.518,27.105,261.602,24.553
395.100,snap_through,12,Inner,15,267.705,17.093,267.717,14.496
395.100,snap_through,12,Inner,16,274.041,10.788,273.835,8.037
395.100,snap_through,12,Inner,17,280.386,10.788,280.175,7.775
395.100,snap_through,12,Inner,18,286.731,10.788,286.511,7.455
395.100,snap_through,12,Patch1,1,197.903,11.612,197.872,9.296
395.100,snap_through,12,Patch1,2,203.450,13.990,203.374,11.715
395.100,snap_through,12,Patch1,3,210.648,16.002,210.571,13.733
395.100,snap_through,12,Patch1,4,217.038,16.838,216.962,14.565
395.100,snap_through,12,Patch1,5,223.344,16.600,223.268,14.322
395.100,snap_through,12,Patch1,6,229.641,16.306,229.566,14.020
395.100,snap_through,12,Patch1,7,235.959,16.306,235.884,14.006
395.100,snap_through,12,Patch1,8,242.256,16.600,242.183,14.278
395.100,snap_through,12,Patch1,9,248.562,16.838,248.490,14.486
395.100,snap_through,12,Patch1,10,254.952,16.002,254.875,13.609
395.100,snap_through,12,Patch1,11,262.150,13.990,262.052,11.524
395.100,snap_through,12,Patch1,12,267.697,11.612,267.495,9.049
395.100,snap_through,12,Patch2,1,274.041,6.756,273.835,4.006
395.100,snap_through,12,Patch2,2,280.386,6.756,280.175,3.744
395.100,snap_through,12,Patch2,3,286.731,6.756,286.511,3.423
395.100,snap_through,12,Patch3,1,178.869,6.757,178.846,3.850
395.100,snap_through,12,Patch3,2,185.214,6.757,185.186,4.111
395.100,snap_through,12,Patch3,3,191.559,6.757,191.528,4.310
395.100,snap_through,12,Patch4,1,192.077,61.597,193.865,44.629
395.100,snap_through,12,Patch4,2,198.301,69.349,199.528,52.724
395.100,snap_through,12,Patch4,3,204.533,75.546,205.298,59.296
395.100,snap_through,12,Patch4,4,210.875,80.134,211.279,64.303
395.100,snap_through,12,Patch4,5,217.255,81.458,217.538,66.106
395.100,snap_through,12,Patch4,6,223.597,81.558,223.851,66.715
395.100,snap_through,12,Patch4,7,229.747,81.611,229.975,67.277
395.100,snap_through,12,Patch4,8,235.853,81.611,236.059,67.799
395.100,snap_through,12,Patch4,9,242.003,81.558,242.190,68.285
395.100,snap_through,12,Patch4,10,248.345,81.458,248.515,68.755
395.100,snap_through,12,Patch4,11,254.725,80.134,254.990,68.030
395.100,snap_through,12,Patch4,12,261.067,75.546,261.729,64.083
395.100,snap_through,12,Patch4,13,267.299,69.349,268.512,58.541
395.100,snap_through,12,Patch4,14,273.523,61.597,275.432,51.459
395.100,snap_through,13,Outer,1,140.800,33.866,140.333,32.568
395.100,snap_through,13,Outer,2,146.938,33.866,146.466,32.323
395.100,snap_through,13,Outer,3,153.076,33.866,152.599,32.085
395.100,snap_through,13,Outer,4,159.214,33.898,158.853,31.805
395.100,snap_through,13,Outer,5,165.337,34.286,164.988,31.787
395.100,snap_through,13,Outer,6,171.352,37.358,171.209,34.410
395.100,snap_through,13,Outer,7,177.259,43.243,177.513,39.857
395.100,snap_through,13,Outer,8,183.190,51.657,183.929,47.891
395.100,snap_through,13,Outer,9,189.097,61.538,190.232,57.507
395.100,snap_through,13,Outer,10,195.018,69.686,196.311,65.524
395.100,snap_through,13,Outer,11,201.192,75.889,202.479,71.725
395.100,snap_through,13,Outer,12,207.563,79.241,208.784,75.200
395.100,snap_through,13,Outer,13,213.958,80.350,215.135,76.534
395.100,snap_through,13,Outer,14,220.301,80.555,221.460,77.042
395.100,snap_through,13,Outer,15,226.634,80.597,227.779,77.437
395.100,snap_through,13,Outer,16,232.966,80.597,234.097,77.807
395.100,snap_through,13,Outer,17,239.299,80.555,240.421,78.114
395.100,snap_through,13,Outer,18,245.642,80.350,246.765,78.193
395.100,snap_through,13,Outer,19,252.037,79.241,253.186,77.264
395.100,snap_through,13,Outer,20,258.408,75.889,259.575,73.954
395.100,snap_through,13,Outer,21,264.582,69.686,265.637,67.649
395.100,snap_through,13,Outer,22,270.503,61.538,271.269,59.304
395.100,snap_through,13,Outer,23,276.410,51.657,276.840,49.234
395.100,snap_through,13,Outer,24,282.341,43.243,282.714,40.783
395.100,snap_through,13,Outer,25,288.248,37.358,288.662,34.940
395.100,snap_through,13,Outer,26,294.263,34.286,294.689,31.890
395.100,snap_through,13,Outer,27,300.386,33.898,300.815,31.526
395.100,snap_through,13,Outer,28,306.524,33.866,306.952,31.487
395.100,snap_through,13,Outer,29,312.662,33.866,313.089,31.417
395.100,snap_through,13,Outer,30,318.800,33.866,319.227,31.342
395.100,snap_through,13,Plate,1,140.800,31.401,140.333,30.103
395.100,snap_through,13,Plate,2,146.938,31.401,146.466,29.858
395.100,snap_through,13,Plate,3,153.076,31.401,152.599,29.620
395.100,snap_through,13,Plate,4,159.343,24.803,158.819,22.978
395.100,snap_through,13,Plate,5,165.508,16.664,165.215,15.019
395.100,snap_through,13,Plate,6,171.521,10.866,171.438,9.448
395.100,snap_through,13,Plate,7,177.628,8.057,177.638,6.849
395.100,snap_through,13,Plate,8,183.766,8.057,183.774,7.024
395.100,snap_through,13,Plate,9,189.903,8.057,189.910,7.168
395.100,snap_through,13,Plate,10,196.041,8.057,196.048,7.283
395.100,snap_through,13,Plate,11,202.121,10.574,202.090,9.889
395.100,snap_through,13,Plate,12,208.355,12.863,208.295,12.254
395.100,snap_through,13,Plate,13,214.549,13.670,214.481,13.121
395.100,snap_through,13,Plate,14,220.666,13.483,220.600,12.976
395.100,snap_through,13,Plate,15,226.748,13.233,226.682,12.748
395.100,snap_through,13,Plate,16,232.852,13.233,232.787,12.748
395.100,snap_through,13,Plate,17,238.934,13.483,238.869,12.972
395.100,snap_through,13,Plate,18,245.051,13.670,244.987,13.101
395.100,snap_through,13,Plate,19,251.245,12.863,251.167,12.200
395.100,snap_through,13,Plate,20,257.479,10.574,257.350,9.783
395.100,snap_through,13,Plate,21,263.559,8.057,263.368,7.125
395.100,snap_through,13,Plate,22,269.697,8.057,269.503,6.957
395.100,snap_through,13,Plate,23,275.834,8.057,275.636,6.734
395.100,snap_through,13,Plate,24,281.972,8.057,281.768,6.468
395.100,snap_through,13,Plate,25,288.079,10.866,288.002,8.979
395.100,snap_through,13,Plate,26,294.092,16.664,294.283,14.482
395.100,snap_through,13,Plate,27,300.257,24.803,300.648,22.462
395.100,snap_through,13,Plate,28,306.524,31.401,306.952,29.022
395.100,snap_through,13,Plate,29,312.662,31.401,313.089,28.953
395.100,snap_through,13,Plate,30,318.800,31.401,319.227,28.878
395.100,snap_through,13,Inner,1,177.628,10.521,177.638,9.313
395.100,snap_through,13,Inner,2,183.766,10.521,183.774,9.488
395.100,snap_through,13,Inner,3,189.903,10.521,189.910,9.633
395.100,snap_through,13,Inner,4,196.084,17.518,195.958,16.714
395.100,snap_through,13,Inner,5,202.108,27.666,201.960,26.872
395.100,snap_through,13,Inner,6,208.009,38.178,207.912,37.353
395.100,snap_through,13,Inner,7,214.126,45.932,214.085,45.060
395.100,snap_through,13,Inner,8,220.294,49.823,220.280,48.906
395.100,snap_through,13,Inner,9,226.628,50.991,226.621,50.037
395.100,snap_through,13,Inner,10,232.972,50.991,232.965,50.012
395.100,snap_through,13,Inner,11,239.306,49.823,239.297,48.832
395.100,snap_through,13,Inner,12,245.474,45.932,245.468,44.947
395.100,snap_through,13,Inner,13,251.591,38.178,251.613,37.216
395.100,snap_through,13,Inner,14,257.491,27.666,257.548,26.725
395.100,snap_through,13,Inner,15,263.516,17.518,263.521,16.546
395.100,snap_through,13,Inner,16,269.697,10.521,269.503,9.421
395.100,snap_through,13,Inner,17,275.834,10.521,275.636,9.199
395.100,snap_through,13,Inner,18,281.972,10.521,281.768,8.932
395.100,snap_through,13,Patch1,1,196.041,11.292,196.048,10.518
395.100,snap_through,13,Patch1,2,201.468,14.254,201.402,13.542
395.100,snap_through,13,Patch1,3,208.403,15.939,208.326,15.272
395.100,snap_through,13,Patch1,4,214.559,16.611,214.480,15.962
395.100,snap_through,13,Patch1,5,220.661,16.401,220.582,15.754
395.100,snap_through,13,Patch1,6,226.746,16.147,226.666,15.488
395.100,snap_through,13,Patch1,7,232.854,16.147,232.775,15.466
395.100,snap_through,13,Patch1,8,238.939,16.401,238.861,15.690
395.100,snap_through,13,Patch1,9,245.041,16.611,244.964,15.863
395.100,snap_through,13,Patch1,10,251.197,15.939,251.116,15.149
395.100,snap_through,13,Patch1,11,258.132,14.254,258.036,13.404
395.100,snap_through,13,Patch1,12,263.559,11.292,263.368,10.360
395.100,snap_through,13,Patch2,1,269.697,6.490,269.503,5.390
395.100,snap_through,13,Patch2,2,275.834,6.490,275.636,5.167
395.100,snap_through,13,Patch2,3,281.972,6.490,281.768,4.901
395.100,snap_through,13,Patch3,1,177.628,6.491,177.638,5.283
395.100,snap_through,13,Patch3,2,183.766,6.491,183.774,5.457
395.100,snap_through,13,Patch3,3,189.903,6.491,189.910,5.602
395.100,snap_through,13,Patch4,1,190.376,57.996,191.032,50.793
395.100,snap_through,13,Patch4,2,196.436,65.473,196.906,58.351
395.100,snap_through,13,Patch4,3,202.467,71.300,202.776,64.290
395.100,snap_through,13,Patch4,4,208.614,75.198,208.801,68.344
395.100,snap_through,13,Patch4,5,214.771,76.642,214.905,69.986
395.100,snap_through,13,Patch4,6,220.846,77.102,220.958,70.669
395.100,snap_through,13,Patch4,7,226.823,77.282,226.922,71.098
395.100,snap_through,13,Patch4,8,232.777,77.282,232.868,71.378
395.100,snap_through,13,Patch4,9,238.754,77.102,238.846,71.511
395.100,snap_through,13,Patch4,10,244.829,76.642,244.936,71.401
395.100,snap_through,13,Patch4,11,250.986,75.198,251.169,70.343
395.100,snap_through,13,Patch4,12,257.133,71.300,257.556,66.873
395.100,snap_through,13,Patch4,13,263.164,65.473,263.968,61.501
395.100,snap_through,13,Patch4,14,269.224,57.996,270.530,54.502
395.100,snap_through,14,Outer,1,140.800,32.045,140.800,32.045
395.100,snap_through,14,Outer,2,146.731,32.045,146.731,32.045
395.100,snap_through,14,Outer,3,152.662,32.045,152.662,32.045
395.100,snap_through,14,Outer,4,158.593,32.049,158.593,32.049
395.100,snap_through,14,Outer,5,164.523,32.484,164.523,32.484
395.100,snap_through,14,Outer,6,170.423,35.821,170.423,35.821
395.100,snap_through,14,Outer,7,176.197,41.604,176.197,41.604
395.100,snap_through,14,Outer,8,181.983,49.464,181.983,49.464
395.100,snap_through,14,Outer,9,187.757,58.532,187.757,58.532
395.100,snap_through,14,Outer,10,193.509,66.117,193.509,66.117
395.100,snap_through,14,Outer,11,199.438,72.003,199.438,72.003
395.100,snap_through,14,Outer,12,205.496,74.850,205.496,74.850
395.100,snap_through,14,Outer,13,211.583,75.698,211.583,75.698
395.100,snap_through,14,Outer,14,217.666,75.897,217.666,75.897
395.100,snap_through,14,Outer,15,223.755,75.979,223.755,75.979
395.100,snap_through,14,Outer,16,229.845,75.979,229.845,75.979
395.100,snap_through,14,Outer,17,235.934,75.897,235.934,75.897
395.100,snap_through,14,Outer,18,242.017,75.698,242.017,75.698
395.100,snap_through,14,Outer,19,248.104,74.850,248.104,74.850
395.100,snap_through,14,Outer,20,254.162,72.003,254.162,72.003
395.100,snap_through,14,Outer,21,260.091,66.117,260.091,66.117
395.100,snap_through,14,Outer,22,265.843,58.532,265.843,58.532
395.100,snap_through,14,Outer,23,271.617,49.464,271.617,49.464
395.100,snap_through,14,Outer,24,277.403,41.604,277.403,41.604
395.100,snap_through,14,Outer,25,283.177,35.821,283.177,35.821
395.100,snap_through,14,Outer,26,289.077,32.484,289.077,32.484
395.100,snap_through,14,Outer,27,295.007,32.049,295.007,32.049
395.100,snap_through,14,Outer,28,300.938,32.045,300.938,32.045
395.100,snap_through,14,Outer,29,306.869,32.045,306.869,32.045
395.100,snap_through,14,Outer,30,312.800,32.045,312.800,32.045
395.100,snap_through,14,Plate,1,140.800,29.580,140.800,29.580
395.100,snap_through,14,Plate,2,146.731,29.580,146.731,29.580
395.100,snap_through,14,Plate,3,152.662,29.580,152.662,29.580
395.100,snap_through,14,Plate,4,158.723,22.515,158.723,22.515
395.100,snap_through,14,Plate,5,164.673,14.537,164.673,14.537
395.100,snap_through,14,Plate,6,170.530,9.892,170.530,9.892
395.100,snap_through,14,Plate,7,176.386,8.038,176.386,8.038
395.100,snap_through,14,Plate,8,182.317,8.038,182.317,8.038
395.100,snap_through,14,Plate,9,188.248,8.038,188.248,8.038
395.100,snap_through,14,Plate,10,194.179,8.038,194.179,8.038
395.100,snap_through,14,Plate,11,200.094,11.507,200.094,11.507
395.100,snap_through,14,Plate,12,206.152,13.587,206.152,13.587
395.100,snap_through,14,Plate,13,212.101,14.155,212.101,14.155
395.100,snap_through,14,Plate,14,217.981,14.064,217.981,14.064
395.100,snap_through,14,Plate,15,223.856,13.910,223.856,13.910
395.100,snap_through,14,Plate,16,229.744,13.910,229.744,13.910
395.100,snap_through,14,Plate,17,235.619,14.064,235.619,14.064
395.100,snap_through,14,Plate,18,241.499,14.155,241.499,14.155
395.100,snap_through,14,Plate,19,247.448,13.587,247.448,13.587
395.100,snap_through,14,Plate,20,253.506,11.507,253.506,11.507
395.100,snap_through,14,Plate,21,259.421,8.038,259.421,8.038
395.100,snap_through,14,Plate,22,265.352,8.038,265.352,8.038
395.100,snap_through,14,Plate,23,271.283,8.038,271.283,8.038
395.100,snap_through,14,Plate,24,277.214,8.038,277.214,8.038
395.100,snap_through,14,Plate,25,283.070,9.892,283.070,9.892
395.100,snap_through,14,Plate,26,288.927,14.537,288.927,14.537
395.100,snap_through,14,Plate,27,294.877,22.515,294.877,22.515
395.100,snap_through,14,Plate,28,300.938,29.580,300.938,29.580
395.100,snap_through,14,Plate,29,306.869,29.580,306.869,29.580
395.100,snap_through,14,Plate,30,312.800,29.580,312.800,29.580
395.100,snap_through,14,Inner,1,176.386,10.503,176.386,10.503
395.100,snap_through,14,Inner,2,182.317,10.503,182.317,10.503
395.100,snap_through,14,Inner,3,188.248,10.503,188.248,10.503
395.100,snap_through,14,Inner,4,194.303,19.004,194.303,19.004
395.100,snap_through,14,Inner,5,200.172,29.589,200.172,29.589
395.100,snap_through,14,Inner,6,205.926,38.974,205.926,38.974
395.100,snap_through,14,Inner,7,211.821,45.264,211.821,45.264
395.100,snap_through,14,Inner,8,217.746,47.702,217.746,47.702
395.100,snap_through,14,Inner,9,223.776,48.140,223.776,48.140
395.100,snap_through,14,Inner,10,229.824,48.140,229.824,48.140
395.100,snap_through,14,Inner,11,235.854,47.702,235.854,47.702
395.100,snap_through,14,Inner,12,241.779,45.264,241.779,45.264
395.100,snap_through,14,Inner,13,247.674,38.974,247.674,38.974
395.100,snap_through,14,Inner,14,253.428,29.589,253.428,29.589
395.100,snap_through,14,Inner,15,259.297,19.004,259.297,19.004
395.100,snap_through,14,Inner,16,265.352,10.503,265.352,10.503
395.100,snap_through,14,Inner,17,271.283,10.503,271.283,10.503
395.100,snap_through,14,Inner,18,277.214,10.503,277.214,10.503
395.100,snap_through,14,Patch2,1,265.352,6.471,265.352,6.471
395.100,snap_through,14,Patch2,2,271.283,6.471,271.283,6.471
395.100,snap_through,14,Patch2,3,277.214,6.471,277.214,6.471
395.100,snap_through,14,Patch3,1,176.386,6.472,176.386,6.472
395.100,snap_through,14,Patch3,2,182.317,6.472,182.317,6.472
395.100,snap_through,14,Patch3,3,188.248,6.472,188.248,6.472
395.100,snap_through,14,Patch4,1,188.813,54.965,188.813,54.965
395.100,snap_through,14,Patch4,2,194.711,61.612,194.711,61.612
395.100,snap_through,14,Patch4,3,200.511,67.178,200.511,67.178
395.100,snap_through,14,Patch4,4,206.420,70.274,206.420,70.274
395.100,snap_through,14,Patch4,5,212.306,71.319,212.306,71.319
395.100,snap_through,14,Patch4,6,218.131,71.494,218.131,71.494
395.100,snap_through,14,Patch4,7,223.908,71.503,223.908,71.503
395.100,snap_through,14,Patch4,8,229.692,71.503,229.692,71.503
395.100,snap_through,14,Patch4,9,235.469,71.494,235.469,71.494
395.100,snap_through,14,Patch4,10,241.294,71.319,241.294,71.319
395.100,snap_through,14,Patch4,11,247.180,70.274,247.180,70.274
395.100,snap_through,14,Patch4,12,253.089,67.178,253.089,67.178
395.100,snap_through,14,Patch4,13,258.889,61.612,258.889,61.612
395.100,snap_through,14,Patch4,14,264.787,54.965,264.787,54.965
526.800,snap_through,0,Outer,1,0.000,77.176,0.000,77.176
526.800,snap_through,0,Outer,2,22.952,77.176,22.952,77.176
526.800,snap_through,0,Outer,3,45.903,77.176,45.903,77.176
526.800,snap_through,0,Outer,4,68.855,77.179,68.855,77.179
526.800,snap_through,0,Outer,5,91.792,78.077,91.792,78.077
526.800,snap_through,0,Outer,6,114.593,85.124,114.593,85.124
526.800,snap_through,0,Outer,7,137.122,98.200,137.122,98.200
526.800,snap_through,0,Outer,8,159.711,115.776,159.711,115.776
526.800,snap_through,0,Outer,9,181.710,136.686,181.710,136.686
526.800,snap_through,0,Outer,10,203.804,155.760,203.804,155.760
526.800,snap_through,0,Outer,11,226.449,171.309,226.449,171.309
526.800,snap_through,0,Outer,12,250.090,183.123,250.090,183.123
526.800,snap_through,0,Outer,13,273.409,191.435,273.409,191.435
526.800,snap_through,0,Outer,14,297.146,196.498,297.146,196.498
526.800,snap_through,0,Outer,15,320.863,198.450,320.863,198.450
526.800,snap_through,0,Outer,16,344.737,198.450,344.737,198.450
526.800,snap_through,0,Outer,17,368.454,196.498,368.454,196.498
526.800,snap_through,0,Outer,18,392.191,191.435,392.191,191.435
526.800,snap_through,0,Outer,19,415.510,183.123,415.510,183.123
526.800,snap_through,0,Outer,20,439.151,171.309,439.151,171.309
526.800,snap_through,0,Outer,21,461.796,155.760,461.796,155.760
526.800,snap_through,0,Outer,22,483.890,136.686,483.890,136.686
526.800,snap_through,0,Outer,23,505.889,115.776,505.889,115.776
526.800,snap_through,0,Outer,24,528.478,98.200,528.478,98.200
526.800,snap_through,0,Outer,25,551.007,85.124,551.007,85.124
526.800,snap_through,0,Outer,26,573.808,78.077,573.808,78.077
526.800,snap_through,0,Outer,27,596.745,77.179,596.745,77.179
526.800,snap_through,0,Outer,28,619.697,77.176,619.697,77.176
526.800,snap_through,0,Outer,29,642.648,77.176,642.648,77.176
526.800,snap_through,0,Outer,30,665.600,77.176,665.600,77.176
526.800,snap_through,0,Plate,1,0.000,74.712,0.000,74.712
526.800,snap_through,0,Plate,2,22.952,74.712,22.952,74.712
526.800,snap_through,0,Plate,3,45.903,74.712,45.903,74.712
526.800,snap_through,0,Plate,4,68.670,59.831,68.670,59.831
526.800,snap_through,0,Plate,5,91.365,40.578,91.365,40.578
526.800,snap_through,0,Plate,6,114.568,23.951,114.568,23.951
526.800,snap_through,0,Plate,7,137.710,12.233,137.710,12.233
526.800,snap_through,0,Plate,8,160.662,12.233,160.662,12.233
526.800,snap_through,0,Plate,9,183.614,12.233,183.614,12.233
526.800,snap_through,0,Plate,10,206.566,12.233,206.566,12.233
526.800,snap_through,0,Plate,11,229.750,16.398,229.750,16.398
526.800,snap_through,0,Plate,12,253.240,20.696,253.240,20.696
526.800,snap_through,0,Plate,13,275.756,23.795,275.756,23.795
526.800,snap_through,0,Plate,14,298.909,25.770,298.909,25.770
526.800,snap_through,0,Plate,15,321.607,26.483,321.607,26.483
526.800,snap_through,0,Plate,16,343.993,26.483,343.993,26.483
526.800,snap_through,0,Plate,17,366.691,25.770,366.691,25.770
526.800,snap_through,0,Plate,18,389.844,23.795,389.844,23.795
526.800,snap_through,0,Plate,19,412.360,20.696,412.360,20.696
526.800,snap_through,0,Plate,20,435.850,16.398,435.850,16.398
526.800,snap_through,0,Plate,21,459.034,12.233,459.034,12.233
526.800,snap_through,0,Plate,22,481.986,12.233,481.986,12.233
526.800,snap_through,0,Plate,23,504.938,12.233,504.938,12.233
526.800,snap_through,0,Plate,24,527.890,12.233,527.890,12.233
526.800,snap_through,0,Plate,25,551.032,23.951,551.032,23.951
526.800,snap_through,0,Plate,26,574.235,40.578,574.235,40.578
526.800,snap_through,0,Plate,27,596.930,59.831,596.930,59.831
526.800,snap_through,0,Plate,28,619.697,74.712,619.697,74.712
526.800,snap_through,0,Plate,29,642.648,74.712,642.648,74.712
526.800,snap_through,0,Plate,30,665.600,74.712,665.600,74.712
526.800,snap_through,0,Inner,1,137.710,14.698,137.710,14.698
526.800,snap_through,0,Inner,2,160.662,14.698,160.662,14.698
526.800,snap_through,0,Inner,3,183.614,14.698,183.614,14.698
526.800,snap_through,0,Inner,4,205.946,28.584,205.946,28.584
526.800,snap_through,0,Inner,5,228.148,46.667,228.148,46.667
526.800,snap_through,0,Inner,6,250.657,67.900,250.657,67.900
526.800,snap_through,0,Inner,7,273.978,86.397,273.978,86.397
526.800,snap_through,0,Inner,8,297.624,99.495,297.624,99.495
526.800,snap_through,0,Inner,9,321.194,106.375,321.194,106.375
526.800,snap_through,0,Inner,10,344.406,106.375,344.406,106.375
526.800,snap_through,0,Inner,11,367.976,99.495,367.976,99.495
526.800,snap_through,0,Inner,12,391.622,86.397,391.622,86.397
526.800,snap_through,0,Inner,13,414.943,67.900,414.943,67.900
526.800,snap_through,0,Inner,14,437.452,46.667,437.452,46.667
526.800,snap_through,0,Inner,15,459.654,28.584,459.654,28.584
526.800,snap_through,0,Inner,16,481.986,14.698,481.986,14.698
526.800,snap_through,0,Inner,17,504.938,14.698,504.938,14.698
526.800,snap_through,0,Inner,18,527.890,14.698,527.890,14.698
526.800,snap_through,0,Patch2,1,481.986,10.666,481.986,10.666
526.800,snap_through,0,Patch2,2,504.938,10.666,504.938,10.666
526.800,snap_through,0,Patch2,3,527.890,10.666,527.890,10.666
526.800,snap_through,0,Patch3,1,137.710,10.667,137.710,10.667
526.800,snap_through,0,Patch3,2,160.662,10.667,160.662,10.667
526.800,snap_through,0,Patch3,3,183.614,10.667,183.614,10.667
526.800,snap_through,0,Patch4,1,187.098,137.722,187.098,137.722
526.800,snap_through,0,Patch4,2,208.654,153.385,208.654,153.385
526.800,snap_through,0,Patch4,3,231.566,166.352,231.566,166.352
526.800,snap_through,0,Patch4,4,253.461,175.656,253.461,175.656
526.800,snap_through,0,Patch4,5,276.821,183.870,276.821,183.870
526.800,snap_through,0,Patch4,6,299.323,189.200,299.323,189.200
526.800,snap_through,0,Patch4,7,321.567,192.149,321.567,192.149
526.800,snap_through,0,Patch4,8,344.033,192.149,344.033,192.149
526.800,snap_through,0,Patch4,9,366.277,189.200,366.277,189.200
526.800,snap_through,0,Patch4,10,388.779,183.870,388.779,183.870
526.800,snap_through,0,Patch4,11,412.139,175.656,412.139,175.656
526.800,snap_through,0,Patch4,12,434.034,166.352,434.034,166.352
526.800,snap_through,0,Patch4,13,456.946,153.385,456.946,153.385
526.800,snap_through,0,Patch4,14,478.502,137.722,478.502,137.722
526.800,snap_through,1,Outer,1,97.397,60.197,97.413,59.475
526.800,snap_through,1,Outer,2,112.005,60.197,112.021,59.680
526.800,snap_through,1,Outer,3,126.612,60.197,126.637,59.898
526.800,snap_through,1,Outer,4,141.219,60.237,141.128,60.675
526.800,snap_through,1,Outer,5,155.751,60.865,155.600,62.413
526.800,snap_through,1,Outer,6,169.822,65.726,169.385,68.096
526.800,snap_through,1,Outer,7,183.819,74.544,182.950,77.612
526.800,snap_through,1,Outer,8,198.046,87.541,196.560,91.303
526.800,snap_through,1,Outer,9,211.802,102.987,209.729,107.318
526.800,snap_through,1,Outer,10,225.848,116.516,223.456,121.293
526.800,snap_through,1,Outer,11,240.338,128.410,238.092,133.286
526.800,snap_through,1,Outer,12,255.796,138.853,254.160,143.276
526.800,snap_through,1,Outer,13,271.284,145.897,270.325,149.810
526.800,snap_through,1,Outer,14,286.468,149.143,285.874,153.061
526.800,snap_through,1,Outer,15,301.594,150.184,301.245,154.062
526.800,snap_through,1,Outer,16,316.811,150.184,316.644,153.550
526.800,snap_through,1,Outer,17,331.937,149.143,331.899,151.618
526.800,snap_through,1,Outer,18,347.122,145.897,347.127,147.533
526.800,snap_through,1,Outer,19,362.610,138.853,362.629,140.093
526.800,snap_through,1,Outer,20,378.068,128.410,378.145,129.468
526.800,snap_through,1,Outer,21,392.557,116.516,392.686,117.497
526.800,snap_through,1,Outer,22,406.603,102.987,406.765,103.909
526.800,snap_through,1,Outer,23,420.360,87.541,420.496,88.389
526.800,snap_through,1,Outer,24,434.586,74.544,434.691,75.330
526.800,snap_through,1,Outer,25,448.583,65.726,448.641,66.417
526.800,snap_through,1,Outer,26,462.654,60.865,462.605,61.226
526.800,snap_through,1,Outer,27,477.186,60.237,477.111,60.006
526.800,snap_through,1,Outer,28,491.794,60.197,491.666,59.615
526.800,snap_through,1,Outer,29,506.401,60.197,506.279,59.590
526.800,snap_through,1,Outer,30,521.008,60.197,520.888,59.583
526.800,snap_through,1,Plate,1,97.397,57.733,97.413,57.011
526.800,snap_through,1,Plate,2,112.005,57.733,112.021,57.215
526.800,snap_through,1,Plate,3,126.612,57.733,126.637,57.433
526.800,snap_through,1,Plate,4,140.862,48.632,140.918,48.336
526.800,snap_through,1,Plate,5,155.243,35.513,155.466,35.376
526.800,snap_through,1,Plate,6,170.168,21.392,170.554,21.410
526.800,snap_through,1,Plate,7,185.041,11.236,185.293,11.056
526.800,snap_through,1,Plate,8,199.648,11.236,199.893,10.809
526.800,snap_through,1,Plate,9,214.255,11.236,214.498,10.715
526.800,snap_through,1,Plate,10,228.863,11.236,229.080,10.128
526.800,snap_through,1,Plate,11,243.703,12.624,243.941,11.193
526.800,snap_through,1,Plate,12,258.371,16.101,258.584,14.770
526.800,snap_through,1,Plate,13,272.893,19.011,273.015,18.051
526.800,snap_through,1,Plate,14,287.535,20.699,287.581,20.145
526.800,snap_through,1,Plate,15,302.017,21.120,302.029,20.800
526.800,snap_through,1,Plate,16,316.389,21.120,316.375,20.854
526.800,snap_through,1,Plate,17,330.871,20.699,330.828,20.287
526.800,snap_through,1,Plate,18,345.513,19.011,345.406,18.238
526.800,snap_through,1,Plate,19,360.034,16.101,359.842,14.960
526.800,snap_through,1,Plate,20,374.703,12.624,374.478,11.336
526.800,snap_through,1,Plate,21,389.543,11.236,389.338,10.059
526.800,snap_through,1,Plate,22,404.150,11.236,403.955,10.258
526.800,snap_through,1,Plate,23,418.757,11.236,418.568,10.386
526.800,snap_through,1,Plate,24,433.365,11.236,433.178,10.627
526.800,snap_through,1,Plate,25,448.237,21.392,447.992,20.880
526.800,snap_through,1,Plate,26,463.163,35.513,462.968,34.962
526.800,snap_through,1,Plate,27,477.543,48.632,477.412,48.033
526.800,snap_through,1,Plate,28,491.794,57.733,491.666,57.151
526.800,snap_through,1,Plate,29,506.401,57.733,506.279,57.126
526.800,snap_through,1,Plate,30,521.008,57.733,520.888,57.119
526.800,snap_through,1,Inner,1,185.041,13.700,185.293,13.520
526.800,snap_through,1,Inner,2,199.648,13.700,199.893,13.274
526.800,snap_through,1,Inner,3,214.255,13.700,214.498,13.179
526.800,snap_through,1,Inner,4,228.453,19.191,228.712,18.706
526.800,snap_through,1,Inner,5,242.488,31.270,242.574,31.035
526.800,snap_through,1,Inner,6,256.943,47.431,256.743,47.503
526.800,snap_through,1,Inner,7,271.825,62.634,271.504,62.897
526.800,snap_through,1,Inner,8,286.862,73.925,286.723,74.064
526.800,snap_through,1,Inner,9,301.841,79.683,301.916,79.486
526.800,snap_through,1,Inner,10,316.565,79.683,316.715,79.355
526.800,snap_through,1,Inner,11,331.544,73.925,331.770,73.601
526.800,snap_through,1,Inner,12,346.581,62.634,346.837,62.250
526.800,snap_through,1,Inner,13,361.463,47.431,361.598,46.869
526.800,snap_through,1,Inner,14,375.917,31.270,375.859,30.500
526.800,snap_through,1,Inner,15,389.952,19.191,389.774,18.261
526.800,snap_through,1,Inner,16,404.150,13.700,403.955,12.722
526.800,snap_through,1,Inner,17,418.757,13.700,418.568,12.850
526.800,snap_through,1,Inner,18,433.365,13.700,433.178,13.092
526.800,snap_through,1,Patch1,1,228.863,13.824,229.080,12.716
526.800,snap_through,1,Patch1,2,243.070,15.777,243.320,14.593
526.800,snap_through,1,Patch1,3,258.414,19.225,258.588,18.384
526.800,snap_through,1,Patch1,4,272.814,21.462,272.915,21.042
526.800,snap_through,1,Patch1,5,287.381,23.368,287.423,23.326
526.800,snap_through,1,Patch1,6,302.003,23.612,302.033,23.755
526.800,snap_through,1,Patch1,7,316.402,23.612,316.424,23.745
526.800,snap_through,1,Patch1,8,331.024,23.368,331.035,23.306
526.800,snap_through,1,Patch1,9,345.591,21.462,345.546,21.042
526.800,snap_through,1,Patch1,10,359.992,19.225,359.882,18.429
526.800,snap_through,1,Patch1,11,375.336,15.777,375.152,14.669
526.800,snap_through,1,Patch1,12,389.543,13.824,389.338,12.648
526.800,snap_through,1,Patch2,1,404.150,9.669,403.955,8.691
526.800,snap_through,1,Patch2,2,418.757,9.669,418.568,8.819
526.800,snap_through,1,Patch2,3,433.365,9.669,433.178,9.060
526.800,snap_through,1,Patch3,1,185.041,9.669,185.293,9.489
526.800,snap_through,1,Patch3,2,199.648,9.669,199.893,9.243
526.800,snap_through,1,Patch3,3,214.255,9.669,214.498,9.148
526.800,snap_through,1,Patch4,1,216.285,101.557,217.383,99.875
526.800,snap_through,1,Patch4,2,229.667,112.774,230.474,111.423
526.800,snap_through,1,Patch4,3,244.116,124.447,244.612,123.462
526.800,snap_through,1,Patch4,4,257.887,133.856,258.134,133.210
526.800,snap_through,1,Patch4,5,272.378,141.447,272.449,141.110
526.800,snap_through,1,Patch4,6,287.127,145.349,287.144,145.185
526.800,snap_through,1,Patch4,7,301.796,146.111,301.807,145.980
526.800,snap_through,1,Patch4,8,316.609,146.111,316.616,145.930
526.800,snap_through,1,Patch4,9,331.279,145.349,331.275,145.047
526.800,snap_through,1,Patch4,10,346.027,141.447,345.967,140.945
526.800,snap_through,1,Patch4,11,360.519,133.856,360.325,133.110
526.800,snap_through,1,Patch4,12,374.289,124.447,373.924,123.460
526.800,snap_through,1,Patch4,13,388.738,112.774,388.157,111.530
526.800,snap_through,1,Patch4,14,402.121,101.557,401.332,100.078
526.800,snap_through,2,Outer,1,113.689,57.760,113.245,55.142
526.800,snap_through,2,Outer,2,125.842,57.760,125.395,55.369
526.800,snap_through,2,Outer,3,137.995,57.760,137.545,55.640
526.800,snap_through,2,Outer,4,150.149,57.749,149.586,56.114
526.800,snap_through,2,Outer,5,162.192,58.278,161.591,57.191
526.800,snap_through,2,Outer,6,173.599,62.559,172.876,61.782
526.800,snap_through,2,Outer,7,185.095,71.380,184.453,70.492
526.800,snap_through,2,Outer,8,196.817,84.268,196.848,82.728
526.800,snap_through,2,Outer,9,208.209,99.135,209.357,96.659
526.800,snap_through,2,Outer,10,219.956,111.960,221.865,108.744
526.800,snap_through,2,Outer,11,232.101,123.030,234.317,119.472
526.800,snap_through,2,Outer,12,245.128,132.263,247.262,128.830
526.800,snap_through,2,Outer,13,258.404,138.045,260.266,135.216
526.800,snap_through,2,Outer,14,271.049,139.973,272.759,137.986
526.800,snap_through,2,Outer,15,283.611,140.420,285.271,139.199
526.800,snap_through,2,Outer,16,296.211,140.420,297.862,139.616
526.800,snap_through,2,Outer,17,308.773,139.973,310.414,139.130
526.800,snap_through,2,Outer,18,321.419,138.045,322.976,136.796
526.800,snap_through,2,Outer,19,334.694,132.263,335.948,130.410
526.800,snap_through,2,Outer,20,347.721,123.030,348.420,120.473
526.800,snap_through,2,Outer,21,359.866,111.960,359.998,108.827
526.800,snap_through,2,Outer,22,371.613,99.135,371.251,95.571
526.800,snap_through,2,Outer,23,383.005,84.268,382.281,80.435
526.800,snap_through,2,Outer,24,394.728,71.380,394.186,67.719
526.800,snap_through,2,Outer,25,406.223,62.559,406.083,59.456
526.800,snap_through,2,Outer,26,417.630,58.278,417.646,55.628
526.800,snap_through,2,Outer,27,429.674,57.749,429.692,55.325
526.800,snap_through,2,Outer,28,441.827,57.760,441.857,55.424
526.800,snap_through,2,Outer,29,453.980,57.760,454.009,55.623
526.800,snap_through,2,Outer,30,466.133,57.760,466.161,55.817
526.800,snap_through,2,Plate,1,113.689,55.295,113.245,52.678
526.800,snap_through,2,Plate,2,125.842,55.295,125.395,52.904
526.800,snap_through,2,Plate,3,137.995,55.295,137.545,53.175
526.800,snap_through,2,Plate,4,149.809,45.886,149.507,43.955
526.800,snap_through,2,Plate,5,161.818,33.361,161.631,31.541
526.800,snap_through,2,Plate,6,174.224,20.802,174.207,19.154
526.800,snap_through,2,Plate,7,186.608,11.916,186.688,10.406
526.800,snap_through,2,Plate,8,198.762,11.916,198.841,10.404
526.800,snap_through,2,Plate,9,210.915,11.916,210.992,10.284
526.800,snap_through,2,Plate,10,223.068,11.916,223.140,10.181
526.800,snap_through,2,Plate,11,235.431,14.224,235.490,12.533
526.800,snap_through,2,Plate,12,247.358,17.674,247.377,16.107
526.800,snap_through,2,Plate,13,259.631,20.393,259.620,18.954
526.800,snap_through,2,Plate,14,271.744,21.656,271.726,20.294
526.800,snap_through,2,Plate,15,283.855,21.842,283.839,20.480
526.800,snap_through,2,Plate,16,295.967,21.842,295.954,20.378
526.800,snap_through,2,Plate,17,308.078,21.656,308.063,19.978
526.800,snap_through,2,Plate,18,320.191,20.393,320.142,18.409
526.800,snap_through,2,Plate,19,332.464,17.674,332.328,15.319
526.800,snap_through,2,Plate,20,344.391,14.224,344.148,11.522
526.800,snap_through,2,Plate,21,356.754,11.916,356.473,9.021
526.800,snap_through,2,Plate,22,368.907,11.916,368.627,9.117
526.800,snap_through,2,Plate,23,381.061,11.916,380.776,9.422
526.800,snap_through,2,Plate,24,393.214,11.916,392.925,9.775
526.800,snap_through,2,Plate,25,405.598,20.802,405.162,18.874
526.800,snap_through,2,Plate,26,418.004,33.361,417.827,31.184
526.800,snap_through,2,Plate,27,430.013,45.886,430.094,43.471
526.800,snap_through,2,Plate,28,441.827,55.295,441.857,52.960
526.800,snap_through,2,Plate,29,453.980,55.295,454.009,53.159
526.800,snap_through,2,Plate,30,466.133,55.295,466.161,53.352
526.800,snap_through,2,Inner,1,186.608,14.380,186.688,12.871
526.800,snap_through,2,Inner,2,198.762,14.380,198.841,12.868
526.800,snap_through,2,Inner,3,210.915,14.380,210.992,12.748
526.800,snap_through,2,Inner,4,222.789,22.464,223.088,20.573
526.800,snap_through,2,Inner,5,234.500,34.242,235.031,32.113
526.800,snap_through,2,Inner,6,246.598,49.503,247.246,47.279
526.800,snap_through,2,Inner,7,258.910,63.582,259.467,61.435
526.800,snap_through,2,Inner,8,271.329,73.553,271.766,71.554
526.800,snap_through,2,Inner,9,283.773,78.321,284.187,76.377
526.800,snap_through,2,Inner,10,296.049,78.321,296.460,76.254
526.800,snap_through,2,Inner,11,308.493,73.553,308.797,71.227
526.800,snap_through,2,Inner,12,320.912,63.582,320.968,60.965
526.800,snap_through,2,Inner,13,333.224,49.503,332.931,46.598
526.800,snap_through,2,Inner,14,345.322,34.242,344.812,31.176
526.800,snap_through,2,Inner,15,357.033,22.464,356.611,19.497
526.800,snap_through,2,Inner,16,368.907,14.380,368.627,11.582
526.800,snap_through,2,Inner,17,381.061,14.380,380.776,11.886
526.800,snap_through,2,Inner,18,393.214,14.380,392.925,12.239
526.800,snap_through,2,Patch2,1,368.907,10.349,368.627,7.550
526.800,snap_through,2,Patch2,2,381.061,10.349,380.776,7.855
526.800,snap_through,2,Patch2,3,393.214,10.349,392.925,8.208
526.800,snap_through,2,Patch3,1,186.608,10.349,186.688,8.840
526.800,snap_through,2,Patch3,2,198.762,10.349,198.841,8.837
526.800,snap_through,2,Patch3,3,210.915,10.349,210.992,8.717
526.800,snap_through,2,Patch4,1,211.968,96.300,213.912,91.639
526.800,snap_through,2,Patch4,2,224.001,108.348,225.313,104.280
526.800,snap_through,2,Patch4,3,235.531,117.659,236.347,114.170
526.800,snap_through,2,Patch4,4,247.396,125.986,247.787,123.067
526.800,snap_through,2,Patch4,5,259.328,130.868,259.503,128.444
526.800,snap_through,2,Patch4,6,271.463,132.793,271.572,130.736
526.800,snap_through,2,Patch4,7,283.785,133.242,283.881,131.405
526.800,snap_through,2,Patch4,8,296.038,133.242,296.131,131.476
526.800,snap_through,2,Patch4,9,308.359,132.793,308.446,130.949
526.800,snap_through,2,Patch4,10,320.494,130.868,320.540,128.795
526.800,snap_through,2,Patch4,11,332.426,125.986,332.318,123.560
526.800,snap_through,2,Patch4,12,344.291,117.659,343.867,114.811
526.800,snap_through,2,Patch4,13,355.821,108.348,355.023,105.065
526.800,snap_through,2,Patch4,14,367.854,96.300,366.570,92.566
526.800,snap_through,3,Outer,1,125.925,55.289,125.079,51.520
526.800,snap_through,3,Outer,2,136.184,55.289,135.335,51.316
526.800,snap_through,3,Outer,3,146.442,55.289,145.593,51.135
526.800,snap_through,3,Outer,4,156.701,55.312,155.890,50.990
526.800,snap_through,3,Outer,5,166.853,55.906,166.058,51.213
526.800,snap_through,3,Outer,6,176.432,60.600,175.950,55.205
526.800,snap_through,3,Outer,7,186.279,69.578,186.717,63.049
526.800,snap_through,3,Outer,8,196.021,82.377,198.072,74.425
526.800,snap_through,3,Outer,9,205.598,97.285,209.380,88.040
526.800,snap_through,3,Outer,10,215.299,109.979,219.978,99.973
526.800,snap_through,3,Outer,11,225.579,120.488,230.464,110.261
526.800,snap_through,3,Outer,12,236.336,128.994,240.973,119.060
526.800,snap_through,3,Outer,13,247.507,134.127,251.766,124.941
526.800,snap_through,3,Outer,14,258.470,135.642,262.531,127.500
526.800,snap_through,3,Outer,15,269.279,136.054,273.225,129.090
526.800,snap_through,3,Outer,16,280.071,136.054,283.950,130.224
526.800,snap_through,3,Outer,17,290.880,135.642,294.749,130.681
526.800,snap_through,3,Outer,18,301.843,134.127,305.746,129.568
526.800,snap_through,3,Outer,19,313.014,128.994,316.824,124.294
526.800,snap_through,3,Outer,20,323.771,120.488,327.062,115.212
526.800,snap_through,3,Outer,21,334.051,109.979,336.350,103.843
526.800,snap_through,3,Outer,22,343.752,97.285,344.688,90.225
526.800,snap_through,3,Outer,23,353.329,82.377,352.959,74.560
526.800,snap_through,3,Outer,24,363.071,69.578,362.541,61.647
526.800,snap_through,3,Outer,25,372.918,60.600,372.849,53.213
526.800,snap_through,3,Outer,26,382.497,55.906,382.731,49.214
526.800,snap_through,3,Outer,27,392.649,55.312,392.893,49.314
526.800,snap_through,3,Outer,28,402.908,55.289,403.263,49.845
526.800,snap_through,3,Outer,29,413.166,55.289,413.507,50.384
526.800,snap_through,3,Outer,30,423.425,55.289,423.751,50.927
526.800,snap_through,3,Plate,1,125.925,52.825,125.079,49.055
526.800,snap_through,3,Plate,2,136.184,52.825,135.335,48.852
526.800,snap_through,3,Plate,3,146.442,52.825,145.593,48.670
526.800,snap_through,3,Plate,4,156.714,44.118,155.818,39.904
526.800,snap_through,3,Plate,5,167.104,32.311,166.450,28.311
526.800,snap_through,3,Plate,6,177.231,20.040,176.978,16.382
526.800,snap_through,3,Plate,7,187.477,11.002,187.399,7.544
526.800,snap_through,3,Plate,8,197.735,11.002,197.658,7.517
526.800,snap_through,3,Plate,9,207.994,11.002,207.917,7.395
526.800,snap_through,3,Plate,10,218.253,11.002,218.178,7.316
526.800,snap_through,3,Plate,11,228.623,13.554,228.556,9.841
526.800,snap_through,3,Plate,12,238.582,17.756,238.529,14.011
526.800,snap_through,3,Plate,13,248.928,20.676,248.886,16.896
526.800,snap_through,3,Plate,14,259.272,21.407,259.234,17.584
526.800,snap_through,3,Plate,15,269.548,21.486,269.510,17.587
526.800,snap_through,3,Plate,16,279.802,21.486,279.764,17.460
526.800,snap_through,3,Plate,17,290.078,21.407,290.037,17.196
526.800,snap_through,3,Plate,18,300.422,20.676,300.362,16.221
526.800,snap_through,3,Plate,19,310.768,17.756,310.624,13.021
526.800,snap_through,3,Plate,20,320.727,13.554,320.468,8.561
526.800,snap_through,3,Plate,21,331.097,11.002,330.793,5.827
526.800,snap_through,3,Plate,22,341.356,11.002,341.053,5.807
526.800,snap_through,3,Plate,23,351.615,11.002,351.312,5.906
526.800,snap_through,3,Plate,24,361.873,11.002,361.571,6.052
526.800,snap_through,3,Plate,25,372.119,20.040,371.744,15.176
526.800,snap_through,3,Plate,26,382.246,32.311,382.307,27.081
526.800,snap_through,3,Plate,27,392.636,44.118,393.118,38.513
526.800,snap_through,3,Plate,28,402.908,52.825,403.263,47.380
526.800,snap_through,3,Plate,29,413.166,52.825,413.507,47.919
526.800,snap_through,3,Plate,30,423.425,52.825,423.751,48.462
526.800,snap_through,3,Inner,1,187.477,13.466,187.399,10.009
526.800,snap_through,3,Inner,2,197.735,13.466,197.658,9.981
526.800,snap_through,3,Inner,3,207.994,13.466,207.917,9.859
526.800,snap_through,3,Inner,4,218.065,22.629,218.306,18.730
526.800,snap_through,3,Inner,5,227.955,35.554,228.580,31.343
526.800,snap_through,3,Inner,6,238.006,51.396,238.836,47.043
526.800,snap_through,3,Inner,7,248.213,64.987,248.981,60.672
526.800,snap_through,3,Inner,8,258.686,74.658,259.360,70.437
526.800,snap_through,3,Inner,9,269.387,78.923,270.051,74.721
526.800,snap_through,3,Inner,10,279.963,78.923,280.624,74.600
526.800,snap_through,3,Inner,11,290.664,74.658,291.220,70.093
526.800,snap_through,3,Inner,12,301.137,64.987,301.419,60.146
526.800,snap_through,3,Inner,13,311.344,51.396,311.276,46.310
526.800,snap_through,3,Inner,14,321.395,35.554,321.037,30.297
526.800,snap_through,3,Inner,15,331.285,22.629,330.934,17.385
526.800,snap_through,3,Inner,16,341.356,13.466,341.053,8.271
526.800,snap_through,3,Inner,17,351.615,13.466,351.312,8.370
526.800,snap_through,3,Inner,18,361.873,13.466,361.571,8.516
526.800,snap_through,3,Patch2,1,341.356,9.435,341.053,4.240
526.800,snap_through,3,Patch2,2,351.615,9.435,351.312,4.339
526.800,snap_through,3,Patch2,3,361.873,9.435,361.571,4.485
526.800,snap_through,3,Patch3,1,187.477,9.436,187.399,5.978
526.800,snap_through,3,Patch3,2,197.735,9.436,197.658,5.950
526.800,snap_through,3,Patch3,3,207.994,9.436,207.917,5.828
526.800,snap_through,4,Outer,1,134.356,52.895,133.312,48.412
526.800,snap_through,4,Outer,2,143.244,52.895,142.144,47.410
526.800,snap_through,4,Outer,3,152.133,52.895,150.977,46.420
526.800,snap_through,4,Outer,4,161.022,52.930,160.107,45.326
526.800,snap_through,4,Outer,5,169.798,53.466,168.853,44.461
526.800,snap_through,4,Outer,6,177.971,57.810,177.680,47.241
526.800,snap_through,4,Outer,7,186.431,66.673,187.665,54.328
526.800,snap_through,4,Outer,8,194.685,79.140,197.960,65.147
526.800,snap_through,4,Outer,9,202.936,94.258,208.147,78.996
526.800,snap_through,4,Outer,10,211.425,107.455,217.844,91.299
526.800,snap_through,4,Outer,11,220.269,117.444,227.290,100.700
526.800,snap_through,4,Outer,12,229.785,125.140,236.999,108.136
526.800,snap_through,4,Outer,13,239.572,129.567,246.695,112.750
526.800,snap_through,4,Outer,14,249.075,130.767,256.071,114.665
526.800,snap_through,4,Outer,15,258.526,131.041,265.354,116.377
526.800,snap_through,4,Outer,16,267.963,131.041,274.569,118.374
526.800,snap_through,4,Outer,17,277.414,130.767,283.833,120.234
526.800,snap_through,4,Outer,18,286.917,129.567,293.379,120.950
526.800,snap_through,4,Outer,19,296.703,125.140,303.617,117.755
526.800,snap_through,4,Outer,20,306.220,117.444,313.142,110.113
526.800,snap_through,4,Outer,21,315.064,107.455,320.998,99.358
526.800,snap_through,4,Outer,22,323.553,94.258,327.121,84.923
526.800,snap_through,4,Outer,23,331.804,79.140,332.762,68.658
526.800,snap_through,4,Outer,24,340.058,66.673,340.245,55.723
526.800,snap_through,4,Outer,25,348.518,57.810,348.980,47.143
526.800,snap_through,4,Outer,26,356.691,53.466,357.422,43.361
526.800,snap_through,4,Outer,27,365.467,52.930,366.207,43.503
526.800,snap_through,4,Outer,28,374.356,52.895,375.237,44.069
526.800,snap_through,4,Outer,29,383.244,52.895,384.107,44.633
526.800,snap_through,4,Outer,30,392.133,52.895,392.977,45.214
526.800,snap_through,4,Plate,1,134.356,50.431,133.312,45.948
526.800,snap_through,4,Plate,2,143.244,50.431,142.144,44.945
526.800,snap_through,4,Plate,3,152.133,50.431,150.977,43.955
526.800,snap_through,4,Plate,4,161.165,41.997,159.590,35.083
526.800,snap_through,4,Plate,5,170.169,30.733,169.027,24.175
526.800,snap_through,4,Plate,6,178.883,18.942,178.395,12.896
526.800,snap_through,4,Plate,7,187.689,10.528,187.457,4.756
526.800,snap_through,4,Plate,8,196.578,10.528,196.346,4.748
526.800,snap_through,4,Plate,9,205.467,10.528,205.235,4.641
526.800,snap_through,4,Plate,10,214.356,10.528,214.125,4.509
526.800,snap_through,4,Plate,11,223.367,12.884,223.177,6.709
526.800,snap_through,4,Plate,12,231.986,17.106,231.878,10.756
526.800,snap_through,4,Plate,13,241.018,19.893,240.960,13.378
526.800,snap_through,4,Plate,14,249.946,20.173,249.891,13.531
526.800,snap_through,4,Plate,15,258.814,20.049,258.758,13.310
526.800,snap_through,4,Plate,16,267.675,20.049,267.618,13.224
526.800,snap_through,4,Plate,17,276.542,20.173,276.486,13.259
526.800,snap_through,4,Plate,18,285.471,19.893,285.410,12.873
526.800,snap_through,4,Plate,19,294.503,17.106,294.398,9.950
526.800,snap_through,4,Plate,20,303.122,12.884,302.944,5.588
526.800,snap_through,4,Plate,21,312.133,10.528,311.919,3.098
526.800,snap_through,4,Plate,22,321.022,10.528,320.806,2.967
526.800,snap_through,4,Plate,23,329.911,10.528,329.693,2.787
526.800,snap_through,4,Plate,24,338.800,10.528,338.580,2.596
526.800,snap_through,4,Plate,25,347.606,18.942,347.536,10.846
526.800,snap_through,4,Plate,26,356.320,30.733,356.793,22.214
526.800,snap_through,4,Plate,27,365.324,41.997,366.327,33.037
526.800,snap_through,4,Plate,28,374.356,50.431,375.237,41.605
526.800,snap_through,4,Plate,29,383.244,50.431,384.107,42.169
526.800,snap_through,4,Plate,30,392.133,50.431,392.977,42.750
526.800,snap_through,4,Inner,1,187.689,12.992,187.457,7.220
526.800,snap_through,4,Inner,2,196.578,12.992,196.346,7.212
526.800,snap_through,4,Inner,3,205.467,12.992,205.235,7.105
526.800,snap_through,4,Inner,4,214.071,21.972,214.100,15.877
526.800,snap_through,4,Inner,5,222.646,34.962,223.007,28.632
526.800,snap_through,4,Inner,6,231.167,50.669,231.794,44.182
526.800,snap_through,4,Inner,7,239.966,63.790,240.687,57.230
526.800,snap_through,4,Inner,8,249.081,73.146,249.844,66.540
526.800,snap_through,4,Inner,9,258.542,77.247,259.337,70.565
526.800,snap_through,4,Inner,10,267.947,77.247,268.740,70.448
526.800,snap_through,4,Inner,11,277.408,73.146,278.135,66.205
526.800,snap_through,4,Inner,12,286.523,63.790,287.097,56.708
526.800,snap_through,4,Inner,13,295.322,50.669,295.691,43.460
526.800,snap_through,4,Inner,14,303.843,34.962,303.969,27.630
526.800,snap_through,4,Inner,15,312.418,21.972,312.394,14.549
526.800,snap_through,4,Inner,16,321.022,12.992,320.806,5.431
526.800,snap_through,4,Inner,17,329.911,12.992,329.693,5.251
526.800,snap_through,4,Inner,18,338.800,12.992,338.580,5.061
526.800,snap_through,4,Patch2,1,321.022,8.960,320.806,1.400
526.800,snap_through,4,Patch2,2,329.911,8.960,329.693,1.220
526.800,snap_through,4,Patch2,3,338.800,8.960,338.580,1.029
526.800,snap_through,4,Patch3,1,187.689,8.961,187.457,3.190
526.800,snap_through,4,Patch3,2,196.578,8.961,196.346,3.181
526.800,snap_through,4,Patch3,3,205.467,8.961,205.235,3.075
526.800,snap_through,5,Outer,1,139.231,50.583,138.593,45.724
526.800,snap_through,5,Outer,2,147.240,50.583,146.345,43.715
526.800,snap_through,5,Outer,3,155.250,50.583,154.094,41.701
526.800,snap_through,5,Outer,4,163.259,50.590,162.471,39.427
526.800,snap_through,5,Outer,5,171.156,51.029,170.131,37.488
526.800,snap_through,5,Outer,6,178.442,54.693,178.173,38.822
526.800,snap_through,5,Outer,7,185.991,62.770,187.564,44.639
526.800,snap_through,5,Outer,8,193.391,74.459,197.092,54.639
526.800,snap_through,5,Outer,9,200.785,88.877,206.647,67.684
526.800,snap_through,5,Outer,10,208.546,101.631,216.749,78.643
526.800,snap_through,5,Outer,11,216.606,111.225,226.835,86.061
526.800,snap_through,5,Outer,12,225.335,118.356,237.019,90.873
526.800,snap_through,5,Outer,13,234.192,122.123,246.447,92.683
526.800,snap_through,5,Outer,14,242.699,123.045,254.935,92.367
526.800,snap_through,5,Outer,15,251.146,123.226,263.313,93.099
526.800,snap_through,5,Outer,16,259.593,123.226,270.986,96.548
526.800,snap_through,5,Outer,17,268.040,123.045,278.242,100.788
526.800,snap_through,5,Outer,18,276.547,122.123,285.828,104.656
526.800,snap_through,5,Outer,19,285.404,118.356,295.321,106.091
526.800,snap_through,5,Outer,20,294.133,111.225,305.856,102.187
526.800,snap_through,5,Outer,21,302.192,101.631,313.109,92.023
526.800,snap_through,5,Outer,22,309.953,88.877,317.068,77.651
526.800,snap_through,5,Outer,23,317.348,74.459,320.106,61.748
526.800,snap_through,5,Outer,24,324.748,62.770,325.668,49.094
526.800,snap_through,5,Outer,25,332.297,54.693,333.283,41.089
526.800,snap_through,5,Outer,26,339.583,51.029,340.804,37.942
526.800,snap_through,5,Outer,27,347.480,50.590,348.706,38.182
526.800,snap_through,5,Outer,28,355.489,50.583,356.883,38.814
526.800,snap_through,5,Outer,29,363.499,50.583,364.872,39.380
526.800,snap_through,5,Outer,30,371.508,50.583,372.861,39.958
526.800,snap_through,5,Plate,1,139.231,48.119,138.593,43.259
526.800,snap_through,5,Plate,2,147.240,48.119,146.345,41.251
526.800,snap_through,5,Plate,3,155.250,48.119,154.094,39.237
526.800,snap_through,5,Plate,4,163.353,40.122,161.369,30.483
526.800,snap_through,5,Plate,5,171.459,29.444,170.073,20.291
526.800,snap_through,5,Plate,6,179.280,18.227,178.645,9.640
526.800,snap_through,5,Plate,7,187.288,10.680,186.938,2.406
526.800,snap_through,5,Plate,8,195.298,10.680,194.948,2.450
526.800,snap_through,5,Plate,9,203.307,10.680,202.958,2.390
526.800,snap_through,5,Plate,10,211.317,10.680,210.968,2.240
526.800,snap_through,5,Plate,11,219.406,12.553,219.113,3.863
526.800,snap_through,5,Plate,12,227.186,16.545,227.039,7.557
526.800,snap_through,5,Plate,13,235.334,18.997,235.266,9.731
526.800,snap_through,5,Plate,14,243.388,18.963,243.318,9.505
526.800,snap_through,5,Plate,15,251.376,18.674,251.303,9.097
526.800,snap_through,5,Plate,16,259.363,18.674,259.290,9.029
526.800,snap_through,5,Plate,17,267.351,18.963,267.281,9.288
526.800,snap_through,5,Plate,18,275.405,18.997,275.336,9.325
526.800,snap_through,5,Plate,19,283.553,16.545,283.492,6.898
526.800,snap_through,5,Plate,20,291.333,12.553,291.275,2.915
526.800,snap_through,5,Plate,21,299.422,10.680,299.351,0.982
526.800,snap_through,5,Plate,22,307.432,10.680,307.359,0.806
526.800,snap_through,5,Plate,23,315.441,10.680,315.363,0.511
526.800,snap_through,5,Plate,24,323.451,10.680,323.366,0.161
526.800,snap_through,5,Plate,25,331.459,18.227,331.717,7.322
526.800,snap_through,5,Plate,26,339.280,29.444,340.146,18.084
526.800,snap_through,5,Plate,27,347.386,40.122,348.857,28.274
526.800,snap_through,5,Plate,28,355.489,48.119,356.883,36.350
526.800,snap_through,5,Plate,29,363.499,48.119,364.872,36.916
526.800,snap_through,5,Plate,30,371.508,48.119,372.861,37.494
526.800,snap_through,5,Inner,1,187.288,13.144,186.938,4.871
526.800,snap_through,5,Inner,2,195.298,13.144,194.948,4.915
526.800,snap_through,5,Inner,3,203.307,13.144,202.958,4.855
526.800,snap_through,5,Inner,4,211.019,20.775,210.847,12.342
526.800,snap_through,5,Inner,5,218.700,32.823,218.795,24.207
526.800,snap_through,5,Inner,6,226.287,47.873,226.707,39.081
526.800,snap_through,5,Inner,7,234.161,60.570,234.808,51.628
526.800,snap_through,5,Inner,8,242.456,69.396,243.232,60.325
526.800,snap_through,5,Inner,9,251.070,73.216,251.895,64.032
526.800,snap_through,5,Inner,10,259.669,73.216,260.494,63.942
526.800,snap_through,5,Inner,11,268.283,69.396,269.077,60.056
526.800,snap_through,5,Inner,12,276.577,60.570,277.312,51.180
526.800,snap_through,5,Inner,13,284.452,47.873,285.085,38.429
526.800,snap_through,5,Inner,14,292.039,32.823,292.478,23.290
526.800,snap_through,5,Inner,15,299.720,20.775,299.939,11.112
526.800,snap_through,5,Inner,16,307.432,13.144,307.359,3.270
526.800,snap_through,5,Inner,17,315.441,13.144,315.363,2.975
526.800,snap_through,5,Inner,18,323.451,13.144,323.366,2.625
526.800,snap_through,5,Patch2,1,307.432,9.113,307.359,-0.761
526.800,snap_through,5,Patch2,2,315.441,9.113,315.363,-1.056
526.800,snap_through,5,Patch2,3,323.451,9.113,323.366,-1.406
526.800,snap_through,5,Patch3,1,187.288,9.113,186.938,0.840
526.800,snap_through,5,Patch3,2,195.298,9.113,194.948,0.884
526.800,snap_through,5,Patch3,3,203.307,9.113,202.958,0.824
526.800,snap_through,5,Patch4,1,203.773,86.983,201.722,36.644
526.800,snap_through,5,Patch4,2,211.281,96.878,208.682,46.931
526.800,snap_through,5,Patch4,3,218.935,105.036,215.924,55.457
526.800,snap_through,5,Patch4,4,226.845,111.238,223.576,61.976
526.800,snap_through,5,Patch4,5,235.042,114.695,231.666,65.672
526.800,snap_through,5,Patch4,6,243.299,115.481,239.909,66.599
526.800,snap_through,5,Patch4,7,251.419,115.459,248.028,66.619
526.800,snap_through,5,Patch4,8,259.320,115.459,255.927,66.577
526.800,snap_through,5,Patch4,9,267.439,115.481,264.045,66.482
526.800,snap_through,5,Patch4,10,275.697,114.695,272.283,65.519
526.800,snap_through,5,Patch4,11,283.893,111.238,280.388,61.852
526.800,snap_through,5,Patch4,12,291.804,105.036,288.126,55.436
526.800,snap_through,5,Patch4,13,299.458,96.878,295.553,47.071
526.800,snap_through,5,Patch4,14,306.966,86.983,302.791,36.977
526.800,snap_through,6,Outer,1,140.800,48.303,141.365,43.331
526.800,snap_through,6,Outer,2,148.386,48.303,148.365,40.417
526.800,snap_through,6,Outer,3,155.972,48.303,155.359,37.488
526.800,snap_through,6,Outer,4,163.559,48.311,163.287,34.160
526.800,snap_through,6,Outer,5,171.044,48.759,170.219,31.316
526.800,snap_through,6,Outer,6,177.980,52.470,178.073,31.688
526.800,snap_through,6,Outer,7,185.111,60.492,187.722,36.376
526.800,snap_through,6,Outer,8,192.148,71.869,197.707,45.249
526.800,snap_through,6,Outer,9,199.159,85.612,207.860,56.817
526.800,snap_through,6,Outer,10,206.533,97.629,218.673,65.823
526.800,snap_through,6,Outer,11,214.282,106.732,229.247,71.366
526.800,snap_through,6,Outer,12,222.564,113.316,239.392,74.304
526.800,snap_through,6,Outer,13,230.837,116.566,248.244,74.468
526.800,snap_through,6,Outer,14,238.842,117.305,256.067,72.886
526.800,snap_through,6,Outer,15,246.809,117.432,264.001,72.696
526.800,snap_through,6,Outer,16,254.791,117.432,270.865,76.723
526.800,snap_through,6,Outer,17,262.758,117.305,276.584,82.198
526.800,snap_through,6,Outer,18,270.763,116.566,282.370,87.699
526.800,snap_through,6,Outer,19,279.036,113.316,290.064,92.047
526.800,snap_through,6,Outer,20,287.318,106.732,300.508,93.319
526.800,snap_through,6,Outer,21,295.067,97.629,310.443,86.770
526.800,snap_through,6,Outer,22,302.441,85.612,314.349,73.267
526.800,snap_through,6,Outer,23,309.452,71.869,315.559,57.909
526.800,snap_through,6,Outer,24,316.489,60.492,318.645,44.914
526.800,snap_through,6,Outer,25,323.620,52.470,324.918,36.227
526.800,snap_through,6,Outer,26,330.556,48.759,332.107,33.043
526.800,snap_through,6,Outer,27,338.041,48.311,339.595,33.409
526.800,snap_through,6,Outer,28,345.628,48.303,347.394,34.190
526.800,snap_through,6,Outer,29,353.214,48.303,354.950,34.858
526.800,snap_through,6,Outer,30,360.800,48.303,362.506,35.531
526.800,snap_through,6,Plate,1,140.800,45.839,141.365,40.867
526.800,snap_through,6,Plate,2,148.386,45.839,148.365,37.952
526.800,snap_through,6,Plate,3,155.972,45.839,155.359,35.024
526.800,snap_through,6,Plate,4,163.654,38.045,161.712,26.151
526.800,snap_through,6,Plate,5,171.343,27.651,169.971,16.209
526.800,snap_through,6,Plate,6,178.725,17.265,178.036,6.347
526.800,snap_through,6,Plate,7,186.317,10.369,185.901,-0.239
526.800,snap_through,6,Plate,8,193.903,10.369,193.488,-0.184
526.800,snap_through,6,Plate,9,201.490,10.369,201.075,-0.238
526.800,snap_through,6,Plate,10,209.076,10.369,208.662,-0.405
526.800,snap_through,6,Plate,11,216.709,12.191,216.363,1.116
526.800,snap_through,6,Plate,12,224.137,15.878,223.963,4.436
526.800,snap_through,6,Plate,13,231.834,18.101,231.753,6.320
526.800,snap_through,6,Plate,14,239.448,17.973,239.361,5.961
526.800,snap_through,6,Plate,15,247.013,17.623,246.921,5.472
526.800,snap_through,6,Plate,16,254.587,17.623,254.496,5.403
526.800,snap_through,6,Plate,17,262.152,17.973,262.063,5.747
526.800,snap_through,6,Plate,18,269.766,18.101,269.678,5.937
526.800,snap_through,6,Plate,19,277.463,15.878,277.414,3.844
526.800,snap_through,6,Plate,20,284.891,12.191,284.905,0.285
526.800,snap_through,6,Plate,21,292.524,10.369,292.547,-1.508
526.800,snap_through,6,Plate,22,300.110,10.369,300.135,-1.637
526.800,snap_through,6,Plate,23,307.697,10.369,307.718,-1.890
526.800,snap_through,6,Plate,24,315.283,10.369,315.297,-2.222
526.800,snap_through,6,Plate,25,322.875,17.265,323.302,4.191
526.800,snap_through,6,Plate,26,330.257,27.651,331.430,14.001
526.800,snap_through,6,Plate,27,337.946,38.045,339.823,23.832
526.800,snap_through,6,Plate,28,345.628,45.839,347.394,31.726
526.800,snap_through,6,Plate,29,353.214,45.839,354.950,32.394
526.800,snap_through,6,Plate,30,360.800,45.839,362.506,33.066
526.800,snap_through,6,Inner,1,186.317,12.833,185.901,2.226
526.800,snap_through,6,Inner,2,193.903,12.833,193.488,2.280
526.800,snap_through,6,Inner,3,201.490,12.833,201.075,2.227
526.800,snap_through,6,Inner,4,208.823,20.472,208.577,9.737
526.800,snap_through,6,Inner,5,216.119,32.216,216.107,21.327
526.800,snap_through,6,Inner,6,223.263,46.799,223.568,35.742
526.800,snap_through,6,Inner,7,230.709,59.201,231.326,47.942
526.800,snap_through,6,Inner,8,238.590,67.321,239.429,55.833
526.800,snap_through,6,Inner,9,246.762,70.662,247.660,59.019
526.800,snap_through,6,Inner,10,254.838,70.662,255.735,59.041
526.800,snap_through,6,Inner,11,263.010,67.321,263.945,55.805
526.800,snap_through,6,Inner,12,270.891,59.201,271.875,47.739
526.800,snap_through,6,Inner,13,278.337,46.799,279.221,35.287
526.800,snap_through,6,Inner,14,285.481,32.216,286.081,20.577
526.800,snap_through,6,Inner,15,292.777,20.472,293.088,8.664
526.800,snap_through,6,Inner,16,300.110,12.833,300.135,0.828
526.800,snap_through,6,Inner,17,307.697,12.833,307.718,0.574
526.800,snap_through,6,Inner,18,315.283,12.833,315.297,0.242
526.800,snap_through,6,Patch2,1,300.110,8.802,300.135,-3.204
526.800,snap_through,6,Patch2,2,307.697,8.802,307.718,-3.457
526.800,snap_through,6,Patch2,3,315.283,8.802,315.297,-3.790
526.800,snap_through,6,Patch3,1,186.317,8.802,185.901,-1.805
526.800,snap_through,6,Patch3,2,193.903,8.802,193.488,-1.751
526.800,snap_through,6,Patch3,3,201.490,8.802,201.075,-1.804
526.800,snap_through,6,Patch4,1,202.050,83.389,202.212,31.570
526.800,snap_through,6,Patch4,2,209.220,93.060,208.372,41.915
526.800,snap_through,6,Patch4,3,216.438,100.364,214.803,49.923
526.800,snap_through,6,Patch4,4,223.835,105.993,221.578,56.289
526.800,snap_through,6,Patch4,5,231.519,109.222,228.910,60.259
526.800,snap_through,6,Patch4,6,239.300,109.861,236.620,61.502
526.800,snap_through,6,Patch4,7,247.033,109.923,244.350,61.798
526.800,snap_through,6,Patch4,8,254.567,109.923,251.884,61.774
526.800,snap_through,6,Patch4,9,262.300,109.861,259.615,61.538
526.800,snap_through,6,Patch4,10,270.081,109.222,267.373,60.646
526.800,snap_through,6,Patch4,11,277.765,105.993,274.949,57.167
526.800,snap_through,6,Patch4,12,285.162,100.364,282.187,51.335
526.800,snap_through,6,Patch4,13,292.380,93.060,289.238,43.869
526.800,snap_through,6,Patch4,14,299.550,83.389,296.219,34.060
526.800,snap_through,7,Outer,1,140.800,45.954,142.690,40.961
526.800,snap_through,7,Outer,2,148.179,45.954,149.188,37.474
526.800,snap_through,7,Outer,3,155.559,45.954,155.682,33.976
526.800,snap_through,7,Outer,4,162.938,45.996,163.326,30.012
526.800,snap_through,7,Outer,5,170.236,46.502,169.806,26.626
526.800,snap_through,7,Outer,6,177.078,50.601,177.778,26.509
526.800,snap_through,7,Outer,7,184.022,58.912,187.894,30.361
526.800,snap_through,7,Outer,8,190.935,70.418,198.637,38.386
526.800,snap_through,7,Outer,9,197.805,83.736,209.361,48.838
526.800,snap_through,7,Outer,10,204.911,95.040,220.041,56.831
526.800,snap_through,7,Outer,11,212.547,103.832,230.518,61.890
526.800,snap_through,7,Outer,12,220.586,109.847,240.291,64.124
526.800,snap_through,7,Outer,13,228.504,112.543,248.615,63.523
526.800,snap_through,7,Outer,14,236.231,113.073,256.039,61.412
526.800,snap_through,7,Outer,15,243.939,113.130,263.686,60.864
526.800,snap_through,7,Outer,16,251.661,113.130,269.954,65.344
526.800,snap_through,7,Outer,17,259.369,113.073,274.630,71.447
526.800,snap_through,7,Outer,18,267.096,112.543,279.194,77.676
526.800,snap_through,7,Outer,19,275.014,109.847,285.526,83.093
526.800,snap_through,7,Outer,20,283.053,103.832,295.002,86.243
526.800,snap_through,7,Outer,21,290.689,95.040,305.913,82.275
526.800,snap_through,7,Outer,22,297.795,83.736,311.042,69.986
526.800,snap_through,7,Outer,23,304.665,70.418,312.492,55.092
526.800,snap_through,7,Outer,24,311.578,58.912,314.713,41.872
526.800,snap_through,7,Outer,25,318.522,50.601,319.951,32.430
526.800,snap_through,7,Outer,26,325.364,46.502,327.056,28.824
526.800,snap_through,7,Outer,27,332.662,45.996,334.359,29.220
526.800,snap_through,7,Outer,28,340.041,45.954,341.983,30.077
526.800,snap_through,7,Outer,29,347.421,45.954,349.322,30.842
526.800,snap_through,7,Outer,30,354.800,45.954,356.661,31.611
526.800,snap_through,7,Plate,1,140.800,43.490,142.690,38.497
526.800,snap_through,7,Plate,2,148.179,43.490,149.188,35.009
526.800,snap_through,7,Plate,3,155.559,43.490,155.682,31.512
526.800,snap_through,7,Plate,4,163.078,35.864,161.674,22.655
526.800,snap_through,7,Plate,5,170.565,25.613,169.516,12.675
526.800,snap_through,7,Plate,6,177.726,16.091,177.118,3.503
526.800,snap_through,7,Plate,7,185.076,9.485,184.637,-2.911
526.800,snap_through,7,Plate,8,192.455,9.485,192.016,-2.909
526.800,snap_through,7,Plate,9,199.834,9.485,199.396,-2.997
526.800,snap_through,7,Plate,10,207.214,9.485,206.775,-3.178
526.800,snap_through,7,Plate,11,214.614,11.430,214.253,-1.544
526.800,snap_through,7,Plate,12,221.917,14.890,221.727,1.536
526.800,snap_through,7,Plate,13,229.396,16.811,229.288,3.124
526.800,snap_through,7,Plate,14,236.774,16.676,236.663,2.777
526.800,snap_through,7,Plate,15,244.121,16.365,244.008,2.348
526.800,snap_through,7,Plate,16,251.479,16.365,251.370,2.290
526.800,snap_through,7,Plate,17,258.826,16.676,258.721,2.597
526.800,snap_through,7,Plate,18,266.204,16.811,266.101,2.806
526.800,snap_through,7,Plate,19,273.683,14.890,273.625,1.051
526.800,snap_through,7,Plate,20,280.986,11.430,281.014,-2.228
526.800,snap_through,7,Plate,21,288.386,9.485,288.436,-4.102
526.800,snap_through,7,Plate,22,295.766,9.485,295.817,-4.203
526.800,snap_through,7,Plate,23,303.145,9.485,303.193,-4.416
526.800,snap_through,7,Plate,24,310.524,9.485,310.567,-4.706
526.800,snap_through,7,Plate,25,317.874,16.091,318.307,1.439
526.800,snap_through,7,Plate,26,325.035,25.613,326.221,10.343
526.800,snap_through,7,Plate,27,332.522,35.864,334.476,19.983
526.800,snap_through,7,Plate,28,340.041,43.490,341.983,27.612
526.800,snap_through,7,Plate,29,347.421,43.490,349.322,28.378
526.800,snap_through,7,Plate,30,354.800,43.490,356.661,29.147
526.800,snap_through,7,Inner,1,185.076,11.949,184.637,-0.447
526.800,snap_through,7,Inner,2,192.455,11.949,192.016,-0.445
526.800,snap_through,7,Inner,3,199.834,11.949,199.396,-0.533
526.800,snap_through,7,Inner,4,207.020,20.143,206.773,7.525
526.800,snap_through,7,Inner,5,214.142,31.992,214.122,19.228
526.800,snap_through,7,Inner,6,221.068,46.395,221.380,33.460
526.800,snap_through,7,Inner,7,228.320,58.606,229.015,45.429
526.800,snap_through,7,Inner,8,235.982,66.306,236.927,52.868
526.800,snap_through,7,Inner,9,243.897,69.252,244.891,55.680
526.800,snap_through,7,Inner,10,251.703,69.252,252.697,55.772
526.800,snap_through,7,Inner,11,259.618,66.306,260.697,53.065
526.800,snap_through,7,Inner,12,267.280,58.606,268.562,45.575
526.800,snap_through,7,Inner,13,274.532,46.395,275.807,33.367
526.800,snap_through,7,Inner,14,281.458,31.992,282.295,18.769
526.800,snap_through,7,Inner,15,288.580,20.143,288.966,6.667
526.800,snap_through,7,Inner,16,295.766,11.949,295.817,-1.739
526.800,snap_through,7,Inner,17,303.145,11.949,303.193,-1.952
526.800,snap_through,7,Inner,18,310.524,11.949,310.567,-2.242
526.800,snap_through,7,Patch2,1,295.766,7.918,295.817,-5.770
526.800,snap_through,7,Patch2,2,303.145,7.918,303.193,-5.983
526.800,snap_through,7,Patch2,3,310.524,7.918,310.567,-6.273
526.800,snap_through,7,Patch3,1,185.076,7.918,184.637,-4.478
526.800,snap_through,7,Patch3,2,192.455,7.918,192.016,-4.475
526.800,snap_through,7,Patch3,3,199.834,7.918,199.396,-4.564
526.800,snap_through,7,Patch4,1,200.260,80.432,201.861,27.513
526.800,snap_through,7,Patch4,2,207.475,90.411,207.874,38.257
526.800,snap_through,7,Patch4,3,214.410,97.757,213.861,46.391
526.800,snap_through,7,Patch4,4,221.802,103.415,220.424,52.993
526.800,snap_through,7,Patch4,5,229.250,105.988,227.466,56.530
526.800,snap_through,7,Patch4,6,236.611,106.205,234.752,57.597
526.800,snap_through,7,Patch4,7,244.056,106.186,242.177,58.168
526.800,snap_through,7,Patch4,8,251.544,106.186,249.664,58.333
526.800,snap_through,7,Patch4,9,258.989,106.205,257.111,58.313
526.800,snap_through,7,Patch4,10,266.350,105.988,264.469,58.003
526.800,snap_through,7,Patch4,11,273.798,103.415,271.902,55.378
526.800,snap_through,7,Patch4,12,281.190,97.757,279.300,49.726
526.800,snap_through,7,Patch4,13,288.125,90.411,286.273,42.417
526.800,snap_through,7,Patch4,14,295.340,80.432,293.553,32.487
526.800,snap_through,8,Outer,1,140.800,43.924,143.830,39.062
526.800,snap_through,8,Outer,2,147.972,43.924,149.960,35.343
526.800,snap_through,8,Outer,3,155.145,43.924,156.085,31.615
526.800,snap_through,8,Outer,4,162.317,43.927,163.440,27.301
526.800,snap_through,8,Outer,5,169.423,44.390,169.511,23.584
526.800,snap_through,8,Outer,6,176.142,48.169,177.163,22.676
526.800,snap_through,8,Outer,7,182.888,56.052,187.222,25.199
526.800,snap_through,8,Outer,8,189.649,67.202,198.604,31.548
526.800,snap_through,8,Outer,9,196.363,79.659,209.743,40.276
526.800,snap_through,8,Outer,10,203.218,90.051,219.654,47.817
526.800,snap_through,8,Outer,11,210.667,98.241,229.124,53.576
526.800,snap_through,8,Outer,12,218.441,103.675,238.145,56.532
526.800,snap_through,8,Outer,13,226.079,105.997,246.128,56.845
526.800,snap_through,8,Outer,14,233.571,106.418,253.589,56.011
526.800,snap_through,8,Outer,15,241.055,106.449,261.067,56.294
526.800,snap_through,8,Outer,16,248.545,106.449,267.758,59.621
526.800,snap_through,8,Outer,17,256.029,106.418,272.305,65.548
526.800,snap_through,8,Outer,18,263.521,105.997,276.440,71.803
526.800,snap_through,8,Outer,19,271.159,103.675,282.087,77.425
526.800,snap_through,8,Outer,20,278.933,98.241,290.882,80.835
526.800,snap_through,8,Outer,21,286.382,90.051,301.055,76.603
526.800,snap_through,8,Outer,22,293.237,79.659,305.653,65.067
526.800,snap_through,8,Outer,23,299.951,67.202,307.271,51.028
526.800,snap_through,8,Outer,24,306.712,56.052,309.599,38.212
526.800,snap_through,8,Outer,25,313.458,48.169,314.721,29.215
526.800,snap_through,8,Outer,26,320.177,44.390,321.700,25.956
526.800,snap_through,8,Outer,27,327.283,43.927,328.808,26.362
526.800,snap_through,8,Outer,28,334.455,43.924,336.225,27.243
526.800,snap_through,8,Outer,29,341.628,43.924,343.356,28.009
526.800,snap_through,8,Outer,30,348.800,43.924,350.486,28.778
526.800,snap_through,8,Plate,1,140.800,41.459,143.830,36.597
526.800,snap_through,8,Plate,2,147.972,41.459,149.960,32.879
526.800,snap_through,8,Plate,3,155.145,41.459,156.085,29.150
526.800,snap_through,8,Plate,4,162.466,34.336,161.737,20.675
526.800,snap_through,8,Plate,5,169.751,24.669,169.085,11.056
526.800,snap_through,8,Plate,6,176.701,15.891,176.237,2.441
526.800,snap_through,8,Plate,7,183.834,9.845,183.420,-3.551
526.800,snap_through,8,Plate,8,191.007,9.845,190.593,-3.630
526.800,snap_through,8,Plate,9,198.179,9.845,197.766,-3.753
526.800,snap_through,8,Plate,10,205.352,9.845,204.939,-3.941
526.800,snap_through,8,Plate,11,212.526,11.670,212.189,-2.425
526.800,snap_through,8,Plate,12,219.660,14.743,219.475,0.280
526.800,snap_through,8,Plate,13,226.927,16.409,226.810,1.636
526.800,snap_through,8,Plate,14,234.092,16.240,233.974,1.283
526.800,snap_through,8,Plate,15,241.226,15.949,241.108,0.898
526.800,snap_through,8,Plate,16,248.374,15.949,248.261,0.860
526.800,snap_through,8,Plate,17,255.508,16.240,255.399,1.166
526.800,snap_through,8,Plate,18,262.673,16.409,262.566,1.428
526.800,snap_through,8,Plate,19,269.940,14.743,269.879,-0.045
526.800,snap_through,8,Plate,20,277.074,11.670,277.106,-2.906
526.800,snap_through,8,Plate,21,284.248,9.845,284.307,-4.641
526.800,snap_through,8,Plate,22,291.421,9.845,291.483,-4.761
526.800,snap_through,8,Plate,23,298.593,9.845,298.653,-4.989
526.800,snap_through,8,Plate,24,305.766,9.845,305.822,-5.258
526.800,snap_through,8,Plate,25,312.899,15.891,313.298,0.365
526.800,snap_through,8,Plate,26,319.849,24.669,320.923,8.565
526.800,snap_through,8,Plate,27,327.134,34.336,328.907,17.662
526.800,snap_through,8,Plate,28,334.455,41.459,336.225,24.778
526.800,snap_through,8,Plate,29,341.628,41.459,343.356,25.545
526.800,snap_through,8,Plate,30,348.800,41.459,350.486,26.314
526.800,snap_through,8,Inner,1,183.834,12.309,183.420,-1.086
526.800,snap_through,8,Inner,2,191.007,12.309,190.593,-1.166
526.800,snap_through,8,Inner,3,198.179,12.309,197.766,-1.289
526.800,snap_through,8,Inner,4,205.206,19.990,204.873,6.332
526.800,snap_through,8,Inner,5,212.126,31.298,211.756,17.655
526.800,snap_through,8,Inner,6,218.877,44.909,218.642,31.185
526.800,snap_through,8,Inner,7,225.964,56.366,226.356,42.211
526.800,snap_through,8,Inner,8,233.390,63.530,234.381,48.677
526.800,snap_through,8,Inner,9,241.025,66.240,242.170,50.876
526.800,snap_through,8,Inner,10,248.575,66.240,249.704,51.070
526.800,snap_through,8,Inner,11,256.210,63.530,257.578,49.195
526.800,snap_through,8,Inner,12,263.636,56.366,265.638,42.770
526.800,snap_through,8,Inner,13,270.723,44.909,272.940,31.466
526.800,snap_through,8,Inner,14,277.474,31.298,278.933,17.516
526.800,snap_through,8,Inner,15,284.394,19.990,284.997,5.734
526.800,snap_through,8,Inner,16,291.421,12.309,291.483,-2.296
526.800,snap_through,8,Inner,17,298.593,12.309,298.653,-2.525
526.800,snap_through,8,Inner,18,305.766,12.309,305.822,-2.793
526.800,snap_through,8,Patch2,1,291.421,8.278,291.483,-6.328
526.800,snap_through,8,Patch2,2,298.593,8.278,298.653,-6.556
526.800,snap_through,8,Patch2,3,305.766,8.278,305.822,-6.825
526.800,snap_through,8,Patch3,1,183.834,8.278,183.420,-5.117
526.800,snap_through,8,Patch3,2,191.007,8.278,190.593,-5.197
526.800,snap_through,8,Patch3,3,198.179,8.278,197.766,-5.320
526.800,snap_through,8,Patch4,1,198.827,77.188,200.526,25.431
526.800,snap_through,8,Patch4,2,205.781,86.254,206.564,35.120
526.800,snap_through,8,Patch4,3,212.610,93.074,212.678,42.577
526.800,snap_through,8,Patch4,4,219.744,97.831,219.270,48.043
526.800,snap_through,8,Patch4,5,226.949,100.113,226.137,51.156
526.800,snap_through,8,Patch4,6,234.088,100.289,233.145,52.470
526.800,snap_through,8,Patch4,7,241.256,100.235,240.229,53.356
526.800,snap_through,8,Patch4,8,248.344,100.235,247.295,53.549
526.800,snap_through,8,Patch4,9,255.512,100.289,254.458,53.555
526.800,snap_through,8,Patch4,10,262.651,100.113,261.595,53.500
526.800,snap_through,8,Patch4,11,269.856,97.831,268.869,51.453
526.800,snap_through,8,Patch4,12,276.989,93.074,276.189,46.992
526.800,snap_through,8,Patch4,13,283.819,86.254,283.322,40.495
526.800,snap_through,8,Patch4,14,290.773,77.188,290.701,31.775
526.800,snap_through,9,Outer,1,140.800,41.821,144.040,37.102
526.800,snap_through,9,Outer,2,147.766,41.821,150.000,33.499
526.800,snap_through,9,Outer,3,154.731,41.821,155.956,29.886
526.800,snap_through,9,Outer,4,161.697,41.822,163.138,25.685
526.800,snap_through,9,Outer,5,168.609,42.268,169.025,22.033
526.800,snap_through,9,Outer,6,175.208,45.875,176.463,20.921
526.800,snap_through,9,Outer,7,181.788,53.270,186.195,22.726
526.800,snap_through,9,Outer,8,188.390,63.898,197.613,27.814
526.800,snap_through,9,Outer,9,194.949,75.960,208.751,35.811
526.800,snap_through,9,Outer,10,201.645,85.927,218.240,43.131
526.800,snap_through,9,Outer,11,208.805,93.528,226.801,49.065
526.800,snap_through,9,Outer,12,216.285,98.376,234.924,52.703
526.800,snap_through,9,Outer,13,223.660,100.324,242.470,53.745
526.800,snap_through,9,Outer,14,230.917,100.656,249.720,53.748
526.800,snap_through,9,Outer,15,238.170,100.670,256.899,54.602
526.800,snap_through,9,Outer,16,245.430,100.670,263.066,58.338
526.800,snap_through,9,Outer,17,252.682,100.656,267.396,64.142
526.800,snap_through,9,Outer,18,259.940,100.324,271.470,70.154
526.800,snap_through,9,Outer,19,267.315,98.376,276.881,75.522
526.800,snap_through,9,Outer,20,274.795,93.528,285.395,77.982
526.800,snap_through,9,Outer,21,281.955,85.927,294.191,72.468
526.800,snap_through,9,Outer,22,288.651,75.960,298.081,61.123
526.800,snap_through,9,Outer,23,295.210,63.898,300.261,47.578
526.800,snap_through,9,Outer,24,301.812,53.270,303.454,35.489
526.800,snap_through,9,Outer,25,308.392,45.875,309.272,27.506
526.800,snap_through,9,Outer,26,314.991,42.268,316.151,24.476
526.800,snap_through,9,Outer,27,321.903,41.822,323.067,24.857
526.800,snap_through,9,Outer,28,328.869,41.821,330.274,25.689
526.800,snap_through,9,Outer,29,335.834,41.821,337.202,26.401
526.800,snap_through,9,Outer,30,342.800,41.821,344.131,27.110
526.800,snap_through,9,Plate,1,140.800,39.357,144.040,34.638
526.800,snap_through,9,Plate,2,147.766,39.357,150.000,31.034
526.800,snap_through,9,Plate,3,154.731,39.357,155.956,27.422
526.800,snap_through,9,Plate,4,161.847,32.291,161.409,19.022
526.800,snap_through,9,Plate,5,168.904,22.942,168.410,9.631
526.800,snap_through,9,Plate,6,175.659,14.820,175.277,1.601
526.800,snap_through,9,Plate,7,182.593,9.592,182.243,-3.586
526.800,snap_through,9,Plate,8,189.559,9.592,189.209,-3.631
526.800,snap_through,9,Plate,9,196.524,9.592,196.175,-3.712
526.800,snap_through,9,Plate,10,203.490,9.592,203.142,-3.855
526.800,snap_through,9,Plate,11,210.433,11.441,210.146,-2.235
526.800,snap_through,9,Plate,12,217.390,14.434,217.217,0.488
526.800,snap_through,9,Plate,13,224.447,15.934,224.322,1.753
526.800,snap_through,9,Plate,14,231.405,15.764,231.276,1.424
526.800,snap_through,9,Plate,15,238.329,15.482,238.197,1.045
526.800,snap_through,9,Plate,16,245.271,15.482,245.142,0.994
526.800,snap_through,9,Plate,17,252.195,15.764,252.068,1.271
526.800,snap_through,9,Plate,18,259.153,15.934,259.026,1.494
526.800,snap_through,9,Plate,19,266.210,14.434,266.111,0.115
526.800,snap_through,9,Plate,20,273.167,11.441,273.129,-2.741
526.800,snap_through,9,Plate,21,280.110,9.592,280.091,-4.537
526.800,snap_through,9,Plate,22,287.076,9.592,287.060,-4.650
526.800,snap_through,9,Plate,23,294.041,9.592,294.022,-4.884
526.800,snap_through,9,Plate,24,301.007,9.592,300.983,-5.160
526.800,snap_through,9,Plate,25,307.941,14.820,308.200,-0.328
526.800,snap_through,9,Plate,26,314.696,22.942,315.519,7.291
526.800,snap_through,9,Plate,27,321.753,32.291,323.182,16.147
526.800,snap_through,9,Plate,28,328.869,39.357,330.274,23.224
526.800,snap_through,9,Plate,29,335.834,39.357,337.202,23.937
526.800,snap_through,9,Plate,30,342.800,39.357,344.131,24.646
526.800,snap_through,9,Inner,1,182.593,12.056,182.243,-1.122
526.800,snap_through,9,Inner,2,189.559,12.056,189.209,-1.167
526.800,snap_through,9,Inner,3,196.524,12.056,196.175,-1.248
526.800,snap_through,9,Inner,4,203.397,19.511,203.100,6.167
526.800,snap_through,9,Inner,5,210.133,30.518,209.798,17.188
526.800,snap_through,9,Inner,6,216.714,43.686,216.503,30.279
526.800,snap_through,9,Inner,7,223.599,54.542,223.975,40.721
526.800,snap_through,9,Inner,8,230.777,61.083,231.696,46.589
526.800,snap_through,9,Inner,9,238.147,63.531,239.203,48.533
526.800,snap_through,9,Inner,10,245.453,63.531,246.488,48.820
526.800,snap_through,9,Inner,11,252.823,61.083,254.061,47.142
526.800,snap_through,9,Inner,12,260.001,54.542,261.758,41.240
526.800,snap_through,9,Inner,13,266.886,43.686,268.781,30.488
526.800,snap_through,9,Inner,14,273.467,30.518,274.690,17.015
526.800,snap_through,9,Inner,15,280.203,19.511,280.676,5.588
526.800,snap_through,9,Inner,16,287.076,12.056,287.060,-2.186
526.800,snap_through,9,Inner,17,294.041,12.056,294.022,-2.419
526.800,snap_through,9,Inner,18,301.007,12.056,300.983,-2.696
526.800,snap_through,9,Patch1,1,203.490,13.073,203.142,-0.374
526.800,snap_through,9,Patch1,2,209.589,14.803,209.392,1.173
526.800,snap_through,9,Patch1,3,217.450,17.933,217.343,4.065
526.800,snap_through,9,Patch1,4,224.512,19.326,224.437,5.283
526.800,snap_through,9,Patch1,5,231.408,19.187,231.331,5.022
526.800,snap_through,9,Patch1,6,238.331,18.882,238.251,4.637
526.800,snap_through,9,Patch1,7,245.269,18.882,245.189,4.591
526.800,snap_through,9,Patch1,8,252.192,19.187,252.113,4.883
526.800,snap_through,9,Patch1,9,259.088,19.326,259.010,5.042
526.800,snap_through,9,Patch1,10,266.150,17.933,266.083,3.705
526.800,snap_through,9,Patch1,11,274.011,14.803,273.974,0.651
526.800,snap_through,9,Patch1,12,280.110,13.073,280.091,-1.055
526.800,snap_through,9,Patch2,1,287.076,8.025,287.060,-6.217
526.800,snap_through,9,Patch2,2,294.041,8.025,294.022,-6.451
526.800,snap_through,9,Patch2,3,301.007,8.025,300.983,-6.727
526.800,snap_through,9,Patch3,1,182.593,8.025,182.243,-5.152
526.800,snap_through,9,Patch3,2,189.559,8.025,189.209,-5.198
526.800,snap_through,9,Patch3,3,196.524,8.025,196.175,-5.279
526.800,snap_through,9,Patch4,1,197.238,73.649,198.656,26.244
526.800,snap_through,9,Patch4,2,204.061,82.424,204.769,35.504
526.800,snap_through,9,Patch4,3,210.677,89.048,210.825,42.626
526.800,snap_through,9,Patch4,4,217.602,93.438,217.336,47.602
526.800,snap_through,9,Patch4,5,224.585,95.404,224.101,50.228
526.800,snap_through,9,Patch4,6,231.525,95.546,231.005,50.995
526.800,snap_through,9,Patch4,7,238.380,95.337,237.867,51.093
526.800,snap_through,9,Patch4,8,245.220,95.337,244.706,51.287
526.800,snap_through,9,Patch4,9,252.075,95.546,251.550,51.738
526.800,snap_through,9,Patch4,10,259.015,95.404,258.489,51.964
526.800,snap_through,9,Patch4,11,265.998,93.438,265.591,50.485
526.800,snap_through,9,Patch4,12,272.923,89.048,272.848,46.678
526.800,snap_through,9,Patch4,13,279.539,82.424,280.014,40.672
526.800,snap_through,9,Patch4,14,286.362,73.649,287.584,32.559
526.800,snap_through,10,Outer,1,140.800,39.668,142.780,34.626
526.800,snap_through,10,Outer,2,147.559,39.668,148.813,31.578
526.800,snap_through,10,Outer,3,154.317,39.668,154.838,28.517
526.800,snap_through,10,Outer,4,161.076,39.719,161.977,25.018
526.800,snap_through,10,Outer,5,167.791,40.129,167.972,21.964
526.800,snap_through,10,Outer,6,174.245,43.473,175.227,21.500
526.800,snap_through,10,Outer,7,180.654,50.504,184.284,24.388
526.800,snap_through,10,Outer,8,187.088,60.758,194.458,30.907
526.800,snap_through,10,Outer,9,193.474,72.697,204.205,40.252
526.800,snap_through,10,Outer,10,199.989,82.455,212.817,48.177
526.800,snap_through,10,Outer,11,206.913,89.649,221.098,53.725
526.800,snap_through,10,Outer,12,214.119,94.117,229.082,56.553
526.800,snap_through,10,Outer,13,221.244,95.761,236.370,56.822
526.800,snap_through,10,Outer,14,228.272,96.019,243.336,56.174
526.800,snap_through,10,Outer,15,235.290,96.026,250.234,57.013
526.800,snap_through,10,Outer,16,242.310,96.026,255.699,61.384
526.800,snap_through,10,Outer,17,249.328,96.019,260.305,66.671
526.800,snap_through,10,Outer,18,256.356,95.761,264.966,71.933
526.800,snap_through,10,Outer,19,263.481,94.117,270.805,76.326
526.800,snap_through,10,Outer,20,270.687,89.649,279.229,76.929
526.800,snap_through,10,Outer,21,277.611,82.455,286.231,69.865
526.800,snap_through,10,Outer,22,284.126,72.697,290.212,58.837
526.800,snap_through,10,Outer,23,290.512,60.758,293.361,45.675
526.800,snap_through,10,Outer,24,296.946,50.504,297.777,34.410
526.800,snap_through,10,Outer,25,303.355,43.473,303.963,27.192
526.800,snap_through,10,Outer,26,309.809,40.129,310.658,24.362
526.800,snap_through,10,Outer,27,316.524,39.719,317.382,24.625
526.800,snap_through,10,Outer,28,323.283,39.668,324.351,25.234
526.800,snap_through,10,Outer,29,330.041,39.668,331.087,25.783
526.800,snap_through,10,Outer,30,336.800,39.668,337.824,26.327
526.800,snap_through,10,Plate,1,140.800,37.204,142.780,32.162
526.800,snap_through,10,Plate,2,147.559,37.204,148.813,29.114
526.800,snap_through,10,Plate,3,154.317,37.204,154.838,26.053
526.800,snap_through,10,Plate,4,161.218,30.231,160.307,17.947
526.800,snap_through,10,Plate,5,168.054,21.110,167.309,8.959
526.800,snap_through,10,Plate,6,174.610,13.360,174.165,1.478
526.800,snap_through,10,Plate,7,181.352,8.626,181.060,-3.029
526.800,snap_through,10,Plate,8,188.110,8.626,187.817,-2.904
526.800,snap_through,10,Plate,9,194.869,8.626,194.576,-2.849
526.800,snap_through,10,Plate,10,201.628,8.626,201.336,-2.857
526.800,snap_through,10,Plate,11,208.345,10.370,208.075,-1.191
526.800,snap_through,10,Plate,12,215.111,13.202,214.897,1.508
526.800,snap_through,10,Plate,13,221.958,14.570,221.772,2.753
526.800,snap_through,10,Plate,14,228.716,14.372,228.529,2.469
526.800,snap_through,10,Plate,15,235.433,14.065,235.246,2.095
526.800,snap_through,10,Plate,16,242.167,14.065,241.984,2.024
526.800,snap_through,10,Plate,17,248.884,14.372,248.708,2.254
526.800,snap_through,10,Plate,18,255.642,14.570,255.469,2.386
526.800,snap_through,10,Plate,19,262.489,13.202,262.311,0.977
526.800,snap_through,10,Plate,20,269.255,10.370,269.060,-1.899
526.800,snap_through,10,Plate,21,275.972,8.626,275.750,-3.750
526.800,snap_through,10,Plate,22,282.731,8.626,282.507,-3.940
526.800,snap_through,10,Plate,23,289.490,8.626,289.261,-4.190
526.800,snap_through,10,Plate,24,296.248,8.626,296.012,-4.500
526.800,snap_through,10,Plate,25,302.990,13.360,303.024,-0.177
526.800,snap_through,10,Plate,26,309.546,21.110,310.103,7.095
526.800,snap_through,10,Plate,27,316.382,30.231,317.497,15.765
526.800,snap_through,10,Plate,28,323.283,37.204,324.351,22.770
526.800,snap_through,10,Plate,29,330.041,37.204,331.087,23.318
526.800,snap_through,10,Plate,30,336.800,37.204,337.824,23.862
526.800,snap_through,10,Inner,1,181.352,11.090,181.060,-0.565
526.800,snap_through,10,Inner,2,188.110,11.090,187.817,-0.440
526.800,snap_through,10,Inner,3,194.869,11.090,194.576,-0.385
526.800,snap_through,10,Inner,4,201.583,18.186,201.345,6.664
526.800,snap_through,10,Inner,5,208.099,28.933,208.076,17.271
526.800,snap_through,10,Inner,6,214.505,41.894,214.818,30.054
526.800,snap_through,10,Inner,7,221.206,52.486,221.751,40.490
526.800,snap_through,10,Inner,8,228.153,58.705,228.776,46.621
526.800,snap_through,10,Inner,9,235.268,61.015,235.899,48.905
526.800,snap_through,10,Inner,10,242.332,61.015,242.964,48.914
526.800,snap_through,10,Inner,11,249.447,58.705,250.083,46.622
526.800,snap_through,10,Inner,12,256.394,52.486,257.023,40.400
526.800,snap_through,10,Inner,13,263.095,41.894,263.632,29.758
526.800,snap_through,10,Inner,14,269.501,28.933,269.818,16.699
526.800,snap_through,10,Inner,15,276.017,18.186,276.077,5.807
526.800,snap_through,10,Inner,16,282.731,11.090,282.507,-1.476
526.800,snap_through,10,Inner,17,289.490,11.090,289.261,-1.726
526.800,snap_through,10,Inner,18,296.248,11.090,296.012,-2.036
526.800,snap_through,10,Patch2,1,282.731,7.059,282.507,-5.507
526.800,snap_through,10,Patch2,2,289.490,7.059,289.261,-5.757
526.800,snap_through,10,Patch2,3,296.248,7.059,296.012,-6.067
526.800,snap_through,10,Patch3,1,181.352,7.059,181.060,-4.596
526.800,snap_through,10,Patch3,2,188.110,7.059,187.817,-4.471
526.800,snap_through,10,Patch3,3,194.869,7.059,194.576,-4.416
526.800,snap_through,10,Patch4,1,195.329,69.366,196.322,28.384
526.800,snap_through,10,Patch4,2,201.897,78.048,202.528,37.265
526.800,snap_through,10,Patch4,3,208.521,84.991,208.863,44.420
526.800,snap_through,10,Patch4,4,215.278,89.783,215.413,49.452
526.800,snap_through,10,Patch4,5,222.106,91.706,222.134,51.694
526.800,snap_through,10,Patch4,6,228.891,91.857,228.890,52.306
526.800,snap_through,10,Patch4,7,235.567,91.780,235.546,52.788
526.800,snap_through,10,Patch4,8,242.033,91.780,241.982,53.394
526.800,snap_through,10,Patch4,9,248.709,91.857,248.614,54.140
526.800,snap_through,10,Patch4,10,255.494,91.706,255.377,54.698
526.800,snap_through,10,Patch4,11,262.322,89.783,262.370,53.522
526.800,snap_through,10,Patch4,12,269.079,84.991,269.599,49.510
526.800,snap_through,10,Patch4,13,275.703,78.048,276.923,43.362
526.800,snap_through,10,Patch4,14,282.271,69.366,284.373,35.490
526.800,snap_through,11,Outer,1,140.800,37.778,141.120,32.483
526.800,snap_through,11,Outer,2,147.352,37.778,147.341,30.429
526.800,snap_through,11,Outer,3,153.903,37.778,153.561,28.374
526.800,snap_through,11,Outer,4,160.455,37.756,160.551,26.034
526.800,snap_through,11,Outer,5,166.972,38.129,166.781,24.093
526.800,snap_through,11,Outer,6,173.275,41.172,173.746,24.739
526.800,snap_through,11,Outer,7,179.510,47.531,181.701,28.718
526.800,snap_through,11,Outer,8,185.771,56.841,190.265,35.922
526.800,snap_through,11,Outer,9,191.988,67.968,198.703,45.414
526.800,snap_through,11,Outer,10,198.313,77.018,206.449,53.237
526.800,snap_through,11,Outer,11,204.978,83.598,213.901,58.885
526.800,snap_through,11,Outer,12,211.921,87.530,221.152,62.202
526.800,snap_through,11,Outer,13,218.813,88.897,228.073,63.328
526.800,snap_through,11,Outer,14,225.616,89.118,234.824,63.870
526.800,snap_through,11,Outer,15,232.405,89.133,241.335,65.635
526.800,snap_through,11,Outer,16,239.195,89.133,247.433,68.591
526.800,snap_through,11,Outer,17,245.984,89.118,253.381,71.852
526.800,snap_through,11,Outer,18,252.787,88.897,259.414,74.990
526.800,snap_through,11,Outer,19,259.679,87.530,266.159,76.915
526.800,snap_through,11,Outer,20,266.622,83.598,273.651,74.277
526.800,snap_through,11,Outer,21,273.287,77.018,279.282,66.808
526.800,snap_through,11,Outer,22,279.612,67.968,283.526,56.621
526.800,snap_through,11,Outer,23,285.829,56.841,287.503,44.517
526.800,snap_through,11,Outer,24,292.090,47.531,292.771,34.617
526.800,snap_through,11,Outer,25,298.325,41.172,298.944,28.202
526.800,snap_through,11,Outer,26,304.628,38.129,305.357,25.399
526.800,snap_through,11,Outer,27,311.145,37.756,311.886,25.372
526.800,snap_through,11,Outer,28,317.697,37.778,318.556,25.734
526.800,snap_through,11,Outer,29,324.248,37.778,325.102,26.002
526.800,snap_through,11,Outer,30,330.800,37.778,331.649,26.267
526.800,snap_through,11,Plate,1,140.800,35.313,141.120,30.019
526.800,snap_through,11,Plate,2,147.352,35.313,147.341,27.964
526.800,snap_through,11,Plate,3,153.903,35.313,153.561,25.909
526.800,snap_through,11,Plate,4,160.593,28.814,159.353,18.623
526.800,snap_through,11,Plate,5,167.202,20.300,166.336,10.422
526.800,snap_through,11,Plate,6,173.563,13.270,173.110,3.792
526.800,snap_through,11,Plate,7,180.110,9.254,179.852,0.112
526.800,snap_through,11,Plate,8,186.662,9.254,186.401,0.329
526.800,snap_through,11,Plate,9,193.214,9.254,192.953,0.467
526.800,snap_through,11,Plate,10,199.766,9.254,199.506,0.503
526.800,snap_through,11,Plate,11,206.252,10.912,206.004,2.122
526.800,snap_through,11,Plate,12,212.838,13.547,212.617,4.687
526.800,snap_through,11,Plate,13,219.480,14.725,219.272,5.789
526.800,snap_through,11,Plate,14,226.031,14.516,225.822,5.508
526.800,snap_through,11,Plate,15,232.537,14.211,232.323,5.132
526.800,snap_through,11,Plate,16,239.063,14.211,238.850,5.057
526.800,snap_through,11,Plate,17,245.569,14.516,245.358,5.278
526.800,snap_through,11,Plate,18,252.120,14.725,251.912,5.393
526.800,snap_through,11,Plate,19,258.762,13.547,258.533,4.105
526.800,snap_through,11,Plate,20,265.348,10.912,265.063,1.339
526.800,snap_through,11,Plate,21,271.834,9.254,271.506,-0.481
526.800,snap_through,11,Plate,22,278.386,9.254,278.053,-0.709
526.800,snap_through,11,Plate,23,284.938,9.254,284.596,-1.040
526.800,snap_through,11,Plate,24,291.490,9.254,291.136,-1.439
526.800,snap_through,11,Plate,25,298.037,13.270,297.951,2.100
526.800,snap_through,11,Plate,26,304.398,20.300,304.809,8.642
526.800,snap_through,11,Plate,27,311.007,28.814,311.886,16.763
526.800,snap_through,11,Plate,28,317.697,35.313,318.556,23.270
526.800,snap_through,11,Plate,29,324.248,35.313,325.102,23.538
526.800,snap_through,11,Plate,30,330.800,35.313,331.649,23.803
526.800,snap_through,11,Inner,1,180.110,11.718,179.852,2.577
526.800,snap_through,11,Inner,2,186.662,11.718,186.401,2.794
526.800,snap_through,11,Inner,3,193.214,11.718,192.953,2.932
526.800,snap_through,11,Inner,4,199.736,18.029,199.423,9.275
526.800,snap_through,11,Inner,5,206.081,28.040,205.857,19.222
526.800,snap_through,11,Inner,6,212.309,40.061,212.307,31.116
526.800,snap_through,11,Inner,7,218.819,49.723,219.018,40.629
526.800,snap_through,11,Inner,8,225.513,55.281,225.818,46.051
526.800,snap_through,11,Inner,9,232.382,57.312,232.721,47.963
526.800,snap_through,11,Inner,10,239.218,57.312,239.556,47.860
526.800,snap_through,11,Inner,11,246.087,55.281,246.398,45.742
526.800,snap_through,11,Inner,12,252.781,49.723,253.036,40.123
526.800,snap_through,11,Inner,13,259.291,40.061,259.485,30.430
526.800,snap_through,11,Inner,14,265.519,28.040,265.640,18.379
526.800,snap_through,11,Inner,15,271.864,18.029,271.820,8.271
526.800,snap_through,11,Inner,16,278.386,11.718,278.053,1.755
526.800,snap_through,11,Inner,17,284.938,11.718,284.596,1.425
526.800,snap_through,11,Inner,18,291.490,11.718,291.136,1.025
526.800,snap_through,11,Patch1,1,199.766,12.597,199.506,3.846
526.800,snap_through,11,Patch1,2,205.429,14.310,205.218,5.499
526.800,snap_through,11,Patch1,3,212.897,17.027,212.732,8.086
526.800,snap_through,11,Patch1,4,219.549,17.995,219.400,8.946
526.800,snap_through,11,Patch1,5,226.056,17.807,225.904,8.675
526.800,snap_through,11,Patch1,6,232.539,17.524,232.386,8.323
526.800,snap_through,11,Patch1,7,239.061,17.524,238.907,8.257
526.800,snap_through,11,Patch1,8,245.544,17.807,245.394,8.473
526.800,snap_through,11,Patch1,9,252.051,17.995,251.903,8.588
526.800,snap_through,11,Patch1,10,258.703,17.027,258.544,7.539
526.800,snap_through,11,Patch1,11,266.171,14.310,265.966,4.705
526.800,snap_through,11,Patch1,12,271.834,12.597,271.506,2.863
526.800,snap_through,11,Patch2,1,278.386,7.687,278.053,-2.276
526.800,snap_through,11,Patch2,2,284.938,7.687,284.596,-2.607
526.800,snap_through,11,Patch2,3,291.490,7.687,291.136,-3.006
526.800,snap_through,11,Patch3,1,180.110,7.687,179.852,-1.454
526.800,snap_through,11,Patch3,2,186.662,7.687,186.401,-1.237
526.800,snap_through,11,Patch3,3,193.214,7.687,192.953,-1.099
526.800,snap_through,11,Patch4,1,194.083,66.285,195.295,34.455
526.800,snap_through,11,Patch4,2,200.528,74.107,201.392,42.454
526.800,snap_through,11,Patch4,3,206.781,80.139,207.369,48.683
526.800,snap_through,11,Patch4,4,213.263,83.631,213.677,52.437
526.800,snap_through,11,Patch4,5,219.783,85.206,220.101,54.341
526.800,snap_through,11,Patch4,6,226.300,85.292,226.599,54.834
526.800,snap_through,11,Patch4,7,232.666,85.106,232.963,55.109
526.800,snap_through,11,Patch4,8,238.934,85.106,239.209,55.619
526.800,snap_through,11,Patch4,9,245.300,85.292,245.533,56.374
526.800,snap_through,11,Patch4,10,251.817,85.206,252.027,56.919
526.800,snap_through,11,Patch4,11,258.336,83.631,258.672,56.029
526.800,snap_through,11,Patch4,12,264.818,80.139,265.478,53.259
526.800,snap_through,11,Patch4,13,271.072,74.107,272.312,47.962
526.800,snap_through,11,Patch4,14,277.517,66.285,279.507,40.909
526.800,snap_through,12,Outer,1,140.800,35.764,140.242,31.139
526.800,snap_through,12,Outer,2,147.145,35.764,146.508,30.141
526.800,snap_through,12,Outer,3,153.490,35.764,152.776,29.156
526.800,snap_through,12,Outer,4,159.834,35.798,159.447,28.092
526.800,snap_through,12,Outer,5,166.153,36.172,165.724,27.292
526.800,snap_through,12,Outer,6,172.304,39.184,172.332,29.079
526.800,snap_through,12,Outer,7,178.365,45.306,179.400,33.982
526.800,snap_through,12,Outer,8,184.455,54.259,186.845,41.809
526.800,snap_through,12,Outer,9,190.512,64.860,194.184,51.520
526.800,snap_through,12,Outer,10,196.621,73.524,200.972,59.627
526.800,snap_through,12,Outer,11,203.038,80.001,207.562,65.907
526.800,snap_through,12,Outer,12,209.702,83.742,214.094,69.873
526.800,snap_through,12,Outer,13,216.367,85.039,220.602,71.810
526.800,snap_through,12,Outer,14,222.951,85.249,227.084,72.971
526.800,snap_through,12,Outer,15,229.518,85.264,233.545,74.130
526.800,snap_through,12,Outer,16,236.082,85.264,239.993,75.350
526.800,snap_through,12,Outer,17,242.649,85.249,246.454,76.505
526.800,snap_through,12,Outer,18,249.233,85.039,252.989,77.300
526.800,snap_through,12,Outer,19,255.898,83.742,259.741,76.658
526.800,snap_through,12,Outer,20,262.562,80.001,266.375,72.885
526.800,snap_through,12,Outer,21,268.979,73.524,272.172,65.860
526.800,snap_through,12,Outer,22,275.088,64.860,277.214,56.547
526.800,snap_through,12,Outer,23,281.145,54.259,282.126,45.382
526.800,snap_through,12,Outer,24,287.235,45.306,287.878,36.215
526.800,snap_through,12,Outer,25,293.296,39.184,293.916,30.075
526.800,snap_through,12,Outer,26,299.447,36.172,300.084,27.098
526.800,snap_through,12,Outer,27,305.766,35.798,306.408,26.810
526.800,snap_through,12,Outer,28,312.110,35.764,312.774,26.828
526.800,snap_through,12,Outer,29,318.455,35.764,319.119,26.805
526.800,snap_through,12,Outer,30,324.800,35.764,325.464,26.781
526.800,snap_through,12,Plate,1,140.800,33.300,140.242,28.675
526.800,snap_through,12,Plate,2,147.145,33.300,146.508,27.677
526.800,snap_through,12,Plate,3,153.490,33.300,152.776,26.692
526.800,snap_through,12,Plate,4,159.968,26.864,158.888,19.903
526.800,snap_through,12,Plate,5,166.351,18.503,165.690,11.884
526.800,snap_through,12,Plate,6,172.533,11.872,172.217,5.596
526.800,snap_through,12,Plate,7,178.869,8.323,178.709,2.343
526.800,snap_through,12,Plate,8,185.214,8.323,185.050,2.559
526.800,snap_through,12,Plate,9,191.559,8.323,191.393,2.723
526.800,snap_through,12,Plate,10,197.903,8.323,197.738,2.822
526.800,snap_through,12,Plate,11,204.172,10.250,203.988,4.805
526.800,snap_through,12,Plate,12,210.585,12.745,210.384,7.339
526.800,snap_through,12,Plate,13,217.010,13.760,216.806,8.377
526.800,snap_through,12,Plate,14,223.350,13.533,223.145,8.151
526.800,snap_through,12,Plate,15,229.641,13.231,229.435,7.823
526.800,snap_through,12,Plate,16,235.959,13.231,235.752,7.765
526.800,snap_through,12,Plate,17,242.250,13.533,242.046,7.972
526.800,snap_through,12,Plate,18,248.590,13.760,248.388,8.059
526.800,snap_through,12,Plate,19,255.015,12.745,254.779,6.853
526.800,snap_through,12,Plate,20,261.428,10.250,261.093,4.125
526.800,snap_through,12,Plate,21,267.697,8.323,267.275,1.946
526.800,snap_through,12,Plate,22,274.041,8.323,273.609,1.641
526.800,snap_through,12,Plate,23,280.386,8.323,279.941,1.230
526.800,snap_through,12,Plate,24,286.731,8.323,286.266,0.745
526.800,snap_through,12,Plate,25,293.067,11.872,292.877,3.745
526.800,snap_through,12,Plate,26,299.249,18.503,299.580,9.841
526.800,snap_through,12,Plate,27,305.632,26.864,306.306,17.923
526.800,snap_through,12,Plate,28,312.110,33.300,312.774,24.363
526.800,snap_through,12,Plate,29,318.455,33.300,319.119,24.341
526.800,snap_through,12,Plate,30,324.800,33.300,325.464,24.317
526.800,snap_through,12,Inner,1,178.869,10.788,178.709,4.807
526.800,snap_through,12,Inner,2,185.214,10.788,185.050,5.023
526.800,snap_through,12,Inner,3,191.559,10.788,191.393,5.187
526.800,snap_through,12,Inner,4,197.895,17.093,197.606,11.570
526.800,snap_through,12,Inner,5,204.082,27.105,203.801,21.566
526.800,snap_through,12,Inner,6,210.140,38.557,210.002,32.927
526.800,snap_through,12,Inner,7,216.462,47.473,216.500,41.705
526.800,snap_through,12,Inner,8,222.882,52.427,223.029,46.508
526.800,snap_through,12,Inner,9,229.495,54.128,229.679,48.059
526.800,snap_through,12,Inner,10,236.104,54.128,236.286,47.927
526.800,snap_through,12,Inner,11,242.718,52.427,242.873,46.125
526.800,snap_through,12,Inner,12,249.138,47.473,249.247,41.117
526.800,snap_through,12,Inner,13,255.460,38.557,255.551,32.198
526.800,snap_through,12,Inner,14,261.518,27.105,261.599,20.753
526.800,snap_through,12,Inner,15,267.705,17.093,267.633,10.655
526.800,snap_through,12,Inner,16,274.041,10.788,273.609,4.105
526.800,snap_through,12,Inner,17,280.386,10.788,279.941,3.695
526.800,snap_through,12,Inner,18,286.731,10.788,286.266,3.210
526.800,snap_through,12,Patch1,1,197.903,11.612,197.738,6.111
526.800,snap_through,12,Patch1,2,203.450,13.990,203.271,8.495
526.800,snap_through,12,Patch1,3,210.648,16.002,210.480,10.466
526.800,snap_through,12,Patch1,4,217.038,16.838,216.876,11.256
526.800,snap_through,12,Patch1,5,223.344,16.600,223.181,10.973
526.800,snap_through,12,Patch1,6,229.641,16.306,229.477,10.629
526.800,snap_through,12,Patch1,7,235.959,16.306,235.795,10.566
526.800,snap_through,12,Patch1,8,242.256,16.600,242.096,10.781
526.800,snap_through,12,Patch1,9,248.562,16.838,248.406,10.923
526.800,snap_through,12,Patch1,10,254.952,16.002,254.780,9.973
526.800,snap_through,12,Patch1,11,262.150,13.990,261.928,7.793
526.800,snap_through,12,Patch1,12,267.697,11.612,267.275,5.235
526.800,snap_through,12,Patch2,1,274.041,6.756,273.609,0.074
526.800,snap_through,12,Patch2,2,280.386,6.756,279.941,-0.337
526.800,snap_through,12,Patch2,3,286.731,6.756,286.266,-0.822
526.800,snap_through,12,Patch3,1,178.869,6.757,178.709,0.776
526.800,snap_through,12,Patch3,2,185.214,6.757,185.050,0.993
526.800,snap_through,12,Patch3,3,191.559,6.757,191.393,1.156
526.800,snap_through,12,Patch4,1,192.077,61.597,193.220,40.760
526.800,snap_through,12,Patch4,2,198.301,69.349,199.104,48.659
526.800,snap_through,12,Patch4,3,204.533,75.546,205.051,55.039
526.800,snap_through,12,Patch4,4,210.875,80.134,211.166,59.860
526.800,snap_through,12,Patch4,5,217.255,81.458,217.469,61.494
526.800,snap_through,12,Patch4,6,223.597,81.558,223.796,61.945
526.800,snap_through,12,Patch4,7,229.747,81.611,229.931,62.359
526.800,snap_through,12,Patch4,8,235.853,81.611,236.026,62.740
526.800,snap_through,12,Patch4,9,242.003,81.558,242.166,63.091
526.800,snap_through,12,Patch4,10,248.345,81.458,248.500,63.427
526.800,snap_through,12,Patch4,11,254.725,80.134,254.959,62.579
526.800,snap_through,12,Patch4,12,261.067,75.546,261.622,58.528
526.800,snap_through,12,Patch4,13,267.299,69.349,268.303,52.894
526.800,snap_through,12,Patch4,14,273.523,61.597,275.094,45.729
526.800,snap_through,13,Outer,1,140.800,33.866,140.369,31.292
526.800,snap_through,13,Outer,2,146.938,33.866,146.498,30.965
526.800,snap_through,13,Outer,3,153.076,33.866,152.628,30.646
526.800,snap_through,13,Outer,4,159.214,33.898,158.905,30.298
526.800,snap_through,13,Outer,5,165.337,34.286,165.039,30.226
526.800,snap_through,13,Outer,6,171.352,37.358,171.283,32.792
526.800,snap_through,13,Outer,7,177.259,43.243,177.641,38.168
526.800,snap_through,13,Outer,8,183.190,51.657,184.155,46.111
526.800,snap_through,13,Outer,9,189.097,61.538,190.584,55.628
526.800,snap_through,13,Outer,10,195.018,69.686,196.753,63.564
526.800,snap_through,13,Outer,11,201.192,75.889,202.964,69.714
526.800,snap_through,13,Outer,12,207.563,79.241,209.277,73.173
526.800,snap_through,13,Outer,13,213.958,80.350,215.624,74.522
526.800,snap_through,13,Outer,14,220.301,80.555,221.946,75.061
526.800,snap_through,13,Outer,15,226.634,80.597,228.262,75.494
526.800,snap_through,13,Outer,16,232.966,80.597,234.579,75.895
526.800,snap_through,13,Outer,17,239.299,80.555,240.901,76.207
526.800,snap_through,13,Outer,18,245.642,80.350,247.245,76.251
526.800,snap_through,13,Outer,19,252.037,79.241,253.650,75.236
526.800,snap_through,13,Outer,20,258.408,75.889,259.956,71.778
526.800,snap_through,13,Outer,21,264.582,69.686,265.808,65.287
526.800,snap_through,13,Outer,22,270.503,61.538,271.150,56.764
526.800,snap_through,13,Outer,23,276.410,51.657,276.642,46.659
526.800,snap_through,13,Outer,24,282.341,43.243,282.687,38.331
526.800,snap_through,13,Outer,25,288.248,37.358,288.681,32.535
526.800,snap_through,13,Outer,26,294.263,34.286,294.687,29.447
526.800,snap_through,13,Outer,27,300.386,33.898,300.808,28.996
526.800,snap_through,13,Outer,28,306.524,33.866,306.906,28.866
526.800,snap_through,13,Outer,29,312.662,33.866,313.042,28.701
526.800,snap_through,13,Outer,30,318.800,33.866,319.178,28.532
526.800,snap_through,13,Plate,1,140.800,31.401,140.369,28.828
526.800,snap_through,13,Plate,2,146.938,31.401,146.498,28.500
526.800,snap_through,13,Plate,3,153.076,31.401,152.628,28.182
526.800,snap_through,13,Plate,4,159.343,24.803,158.859,21.550
526.800,snap_through,13,Plate,5,165.508,16.664,165.229,13.574
526.800,snap_through,13,Plate,6,171.521,10.866,171.409,7.959
526.800,snap_through,13,Plate,7,177.628,8.057,177.598,5.334
526.800,snap_through,13,Plate,8,183.766,8.057,183.734,5.497
526.800,snap_through,13,Plate,9,189.903,8.057,189.870,5.640
526.800,snap_through,13,Plate,10,196.041,8.057,196.006,5.766
526.800,snap_through,13,Plate,11,202.121,10.574,202.036,8.397
526.800,snap_through,13,Plate,12,208.355,12.863,208.228,10.792
526.800,snap_through,13,Plate,13,214.549,13.670,214.410,11.678
526.800,snap_through,13,Plate,14,220.666,13.483,220.528,11.534
526.800,snap_through,13,Plate,15,226.748,13.233,226.609,11.288
526.800,snap_through,13,Plate,16,232.852,13.233,232.714,11.251
526.800,snap_through,13,Plate,17,238.934,13.483,238.797,11.419
526.800,snap_through,13,Plate,18,245.051,13.670,244.916,11.473
526.800,snap_through,13,Plate,19,251.245,12.863,251.081,10.478
526.800,snap_through,13,Plate,20,257.479,10.574,257.219,7.955
526.800,snap_through,13,Plate,21,263.559,8.057,263.189,5.196
526.800,snap_through,13,Plate,22,269.697,8.057,269.319,4.920
526.800,snap_through,13,Plate,23,275.834,8.057,275.446,4.565
526.800,snap_through,13,Plate,24,281.972,8.057,281.570,4.149
526.800,snap_through,13,Plate,25,288.079,10.866,287.872,6.482
526.800,snap_through,13,Plate,26,294.092,16.664,294.322,11.783
526.800,snap_through,13,Plate,27,300.257,24.803,300.676,19.771
526.800,snap_through,13,Plate,28,306.524,31.401,306.906,26.402
526.800,snap_through,13,Plate,29,312.662,31.401,313.042,26.236
526.800,snap_through,13,Plate,30,318.800,31.401,319.178,26.068
526.800,snap_through,13,Inner,1,177.628,10.521,177.598,7.798
526.800,snap_through,13,Inner,2,183.766,10.521,183.734,7.961
526.800,snap_through,13,Inner,3,189.903,10.521,189.870,8.104
526.800,snap_through,13,Inner,4,196.084,17.518,195.911,15.182
526.800,snap_through,13,Inner,5,202.108,27.666,201.929,25.324
526.800,snap_through,13,Inner,6,208.009,38.178,207.932,35.766
526.800,snap_through,13,Inner,7,214.126,45.932,214.172,43.413
526.800,snap_through,13,Inner,8,220.294,49.823,220.406,47.192
526.800,snap_through,13,Inner,9,226.628,50.991,226.758,48.259
526.800,snap_through,13,Inner,10,232.972,50.991,233.102,48.181
526.800,snap_through,13,Inner,11,239.306,49.823,239.427,46.964
526.800,snap_through,13,Inner,12,245.474,45.932,245.584,43.060
526.800,snap_through,13,Inner,13,251.591,38.178,251.712,35.322
526.800,snap_through,13,Inner,14,257.491,27.666,257.605,24.817
526.800,snap_through,13,Inner,15,263.516,17.518,263.487,14.595
526.800,snap_through,13,Inner,16,269.697,10.521,269.319,7.384
526.800,snap_through,13,Inner,17,275.834,10.521,275.446,7.029
526.800,snap_through,13,Inner,18,281.972,10.521,281.570,6.613
526.800,snap_through,13,Patch1,1,196.041,11.292,196.006,9.001
526.800,snap_through,13,Patch1,2,201.468,14.254,201.343,12.034
526.800,snap_through,13,Patch1,3,208.403,15.939,208.265,13.769
526.800,snap_through,13,Patch1,4,214.559,16.611,214.420,14.452
526.800,snap_through,13,Patch1,5,220.661,16.401,220.521,14.224
526.800,snap_through,13,Patch1,6,226.746,16.147,226.604,13.927
526.800,snap_through,13,Patch1,7,232.854,16.147,232.712,13.863
526.800,snap_through,13,Patch1,8,238.939,16.401,238.800,14.035
526.800,snap_through,13,Patch1,9,245.041,16.611,244.904,14.149
526.800,snap_through,13,Patch1,10,251.197,15.939,251.048,13.369
526.800,snap_through,13,Patch1,11,258.132,14.254,257.947,11.543
526.800,snap_through,13,Patch1,12,263.559,11.292,263.189,8.431
526.800,snap_through,13,Patch2,1,269.697,6.490,269.319,3.353
526.800,snap_through,13,Patch2,2,275.834,6.490,275.446,2.998
526.800,snap_through,13,Patch2,3,281.972,6.490,281.570,2.582
526.800,snap_through,13,Patch3,1,177.628,6.491,177.598,3.767
526.800,snap_through,13,Patch3,2,183.766,6.491,183.734,3.930
526.800,snap_through,13,Patch3,3,189.903,6.491,189.870,4.073
526.800,snap_through,13,Patch4,1,190.376,57.996,190.793,48.916
526.800,snap_through,13,Patch4,2,196.436,65.473,196.747,56.372
526.800,snap_through,13,Patch4,3,202.467,71.300,202.682,62.216
526.800,snap_through,13,Patch4,4,208.614,75.198,208.753,66.182
526.800,snap_through,13,Patch4,5,214.771,76.642,214.876,67.745
526.800,snap_through,13,Patch4,6,220.846,77.102,220.936,68.354
526.800,snap_through,13,Patch4,7,226.823,77.282,226.904,68.709
526.800,snap_through,13,Patch4,8,232.777,77.282,232.854,68.912
526.800,snap_through,13,Patch4,9,238.754,77.102,238.833,68.965
526.800,snap_through,13,Patch4,10,244.829,76.642,244.921,68.770
526.800,snap_through,13,Patch4,11,250.986,75.198,251.138,67.626
526.800,snap_through,13,Patch4,12,257.133,71.300,257.467,64.073
526.800,snap_through,13,Patch4,13,263.164,65.473,263.787,58.624
526.800,snap_through,13,Patch4,14,269.224,57.996,270.227,51.552
526.800,snap_through,14,Outer,1,140.800,32.045,140.800,32.045
526.800,snap_through,14,Outer,2,146.731,32.045,146.731,32.045
526.800,snap_through,14,Outer,3,152.662,32.045,152.662,32.045
526.800,snap_through,14,Outer,4,158.593,32.049,158.593,32.049
526.800,snap_through,14,Outer,5,164.523,32.484,164.523,32.484
526.800,snap_through,14,Outer,6,170.423,35.821,170.423,35.821
526.800,snap_through,14,Outer,7,176.197,41.604,176.197,41.604
526.800,snap_through,14,Outer,8,181.983,49.464,181.983,49.464
526.800,snap_through,14,Outer,9,187.757,58.532,187.757,58.532
526.800,snap_through,14,Outer,10,193.509,66.117,193.509,66.117
526.800,snap_through,14,Outer,11,199.438,72.003,199.438,72.003
526.800,snap_through,14,Outer,12,205.496,74.850,205.496,74.850
526.800,snap_through,14,Outer,13,211.583,75.698,211.583,75.698
526.800,snap_through,14,Outer,14,217.666,75.897,217.666,75.897
526.800,snap_through,14,Outer,15,223.755,75.979,223.755,75.979
526.800,snap_through,14,Outer,16,229.845,75.979,229.845,75.979
526.800,snap_through,14,Outer,17,235.934,75.897,235.934,75.897
526.800,snap_through,14,Outer,18,242.017,75.698,242.017,75.698
526.800,snap_through,14,Outer,19,248.104,74.850,248.104,74.850
526.800,snap_through,14,Outer,20,254.162,72.003,254.162,72.003
526.800,snap_through,14,Outer,21,260.091,66.117,260.091,66.117
526.800,snap_through,14,Outer,22,265.843,58.532,265.843,58.532
526.800,snap_through,14,Outer,23,271.617,49.464,271.617,49.464
526.800,snap_through,14,Outer,24,277.403,41.604,277.403,41.604
526.800,snap_through,14,Outer,25,283.177,35.821,283.177,35.821
526.800,snap_through,14,Outer,26,289.077,32.484,289.077,32.484
526.800,snap_through,14,Outer,27,295.007,32.049,295.007,32.049
526.800,snap_through,14,Outer,28,300.938,32.045,300.938,32.045
526.800,snap_through,14,Outer,29,306.869,32.045,306.869,32.045
526.800,snap_through,14,Outer,30,312.800,32.045,312.800,32.045
526.800,snap_through,14,Plate,1,140.800,29.580,140.800,29.580
526.800,snap_through,14,Plate,2,146.731,29.580,146.731,29.580
526.800,snap_through,14,Plate,3,152.662,29.580,152.662,29.580
526.800,snap_through,14,Plate,4,158.723,22.515,158.723,22.515
526.800,snap_through,14,Plate,5,164.673,14.537,164.673,14.537
526.800,snap_through,14,Plate,6,170.530,9.892,170.530,9.892
526.800,snap_through,14,Plate,7,176.386,8.038,176.386,8.038
526.800,snap_through,14,Plate,8,182.317,8.038,182.317,8.038
526.800,snap_through,14,Plate,9,188.248,8.038,188.248,8.038
526.800,snap_through,14,Plate,10,194.179,8.038,194.179,8.038
526.800,snap_through,14,Plate,11,200.094,11.507,200.094,11.507
526.800,snap_through,14,Plate,12,206.152,13.587,206.152,13.587
526.800,snap_through,14,Plate,13,212.101,14.155,212.101,14.155
526.800,snap_through,14,Plate,14,217.981,14.064,217.981,14.064
526.800,snap_through,14,Plate,15,223.856,13.910,223.856,13.910
526.800,snap_through,14,Plate,16,229.744,13.910,229.744,13.910
526.800,snap_through,14,Plate,17,235.619,14.064,235.619,14.064
526.800,snap_through,14,Plate,18,241.499,14.155,241.499,14.155
526.800,snap_through,14,Plate,19,247.448,13.587,247.448,13.587
526.800,snap_through,14,Plate,20,253.506,11.507,253.506,11.507
526.800,snap_through,14,Plate,21,259.421,8.038,259.421,8.038
526.800,snap_through,14,Plate,22,265.352,8.038,265.352,8.038
526.800,snap_through,14,Plate,23,271.283,8.038,271.283,8.038
526.800,snap_through,14,Plate,24,277.214,8.038,277.214,8.038
526.800,snap_through,14,Plate,25,283.070,9.892,283.070,9.892
526.800,snap_through,14,Plate,26,288.927,14.537,288.927,14.537
526.800,snap_through,14,Plate,27,294.877,22.515,294.877,22.515
526.800,snap_through,14,Plate,28,300.938,29.580,300.938,29.580
526.800,snap_through,14,Plate,29,306.869,29.580,306.869,29.580
526.800,snap_through,14,Plate,30,312.800,29.580,312.800,29.580
526.800,snap_through,14,Inner,1,176.386,10.503,176.386,10.503
526.800,snap_through,14,Inner,2,182.317,10.503,182.317,10.503
526.800,snap_through,14,Inner,3,188.248,10.503,188.248,10.503
526.800,snap_through,14,Inner,4,194.303,19.004,194.303,19.004
526.800,snap_through,14,Inner,5,200.172,29.589,200.172,29.589
526.800,snap_through,14,Inner,6,205.926,38.974,205.926,38.974
526.800,snap_through,14,Inner,7,211.821,45.264,211.821,45.264
526.800,snap_through,14,Inner,8,217.746,47.702,217.746,47.702
526.800,snap_through,14,Inner,9,223.776,48.140,223.776,48.140
526.800,snap_through,14,Inner,10,229.824,48.140,229.824,48.140
526.800,snap_through,14,Inner,11,235.854,47.702,235.854,47.702
526.800,snap_through,14,Inner,12,241.779,45.264,241.779,45.264
526.800,snap_through,14,Inner,13,247.674,38.974,247.674,38.974
526.800,snap_through,14,Inner,14,253.428,29.589,253.428,29.589
526.800,snap_through,14,Inner,15,259.297,19.004,259.297,19.004
526.800,snap_through,14,Inner,16,265.352,10.503,265.352,10.503
526.800,snap_through,14,Inner,17,271.283,10.503,271.283,10.503
526.800,snap_through,14,Inner,18,277.214,10.503,277.214,10.503
526.800,snap_through,14,Patch2,1,265.352,6.471,265.352,6.471
526.800,snap_through,14,Patch2,2,271.283,6.471,271.283,6.471
526.800,snap_through,14,Patch2,3,277.214,6.471,277.214,6.471
526.800,snap_through,14,Patch3,1,176.386,6.472,176.386,6.472
526.800,snap_through,14,Patch3,2,182.317,6.472,182.317,6.472
526.800,snap_through,14,Patch3,3,188.248,6.472,188.248,6.472
526.800,snap_through,14,Patch4,1,188.813,54.965,188.813,54.965
526.800,snap_through,14,Patch4,2,194.711,61.612,194.711,61.612
526.800,snap_through,14,Patch4,3,200.511,67.178,200.511,67.178
526.800,snap_through,14,Patch4,4,206.420,70.274,206.420,70.274
526.800,snap_through,14,Patch4,5,212.306,71.319,212.306,71.319
526.800,snap_through,14,Patch4,6,218.131,71.494,218.131,71.494
526.800,snap_through,14,Patch4,7,223.908,71.503,223.908,71.503
526.800,snap_through,14,Patch4,8,229.692,71.503,229.692,71.503
526.800,snap_through,14,Patch4,9,235.469,71.494,235.469,71.494
526.800,snap_through,14,Patch4,10,241.294,71.319,241.294,71.319
526.800,snap_through,14,Patch4,11,247.180,70.274,247.180,70.274
526.800,snap_through,14,Patch4,12,253.089,67.178,253.089,67.178
526.800,snap_through,14,Patch4,13,258.889,61.612,258.889,61.612
526.800,snap_through,14,Patch4,14,264.787,54.965,264.787,54.965
658.500,snap_through,0,Outer,1,0.000,77.176,0.000,77.176
658.500,snap_through,0,Outer,2,22.952,77.176,22.952,77.176
658.500,snap_through,0,Outer,3,45.903,77.176,45.903,77.176
658.500,snap_through,0,Outer,4,68.855,77.179,68.855,77.179
658.500,snap_through,0,Outer,5,91.792,78.077,91.792,78.077
658.500,snap_through,0,Outer,6,114.593,85.124,114.593,85.124
658.500,snap_through,0,Outer,7,137.122,98.200,137.122,98.200
658.500,snap_through,0,Outer,8,159.711,115.776,159.711,115.776
658.500,snap_through,0,Outer,9,181.710,136.686,181.710,136.686
658.500,snap_through,0,Outer,10,203.804,155.760,203.804,155.760
658.500,snap_through,0,Outer,11,226.449,171.309,226.449,171.309
658.500,snap_through,0,Outer,12,250.090,183.123,250.090,183.123
658.500,snap_through,0,Outer,13,273.409,191.435,273.409,191.435
658.500,snap_through,0,Outer,14,297.146,196.498,297.146,196.498
658.500,snap_through,0,Outer,15,320.863,198.450,320.863,198.450
658.500,snap_through,0,Outer,16,344.737,198.450,344.737,198.450
658.500,snap_through,0,Outer,17,368.454,196.498,368.454,196.498
658.500,snap_through,0,Outer,18,392.191,191.435,392.191,191.435
658.500,snap_through,0,Outer,19,415.510,183.123,415.510,183.123
658.500,snap_through,0,Outer,20,439.151,171.309,439.151,171.309
658.500,snap_through,0,Outer,21,461.796,155.760,461.796,155.760
658.500,snap_through,0,Outer,22,483.890,136.686,483.890,136.686
658.500,snap_through,0,Outer,23,505.889,115.776,505.889,115.776
658.500,snap_through,0,Outer,24,528.478,98.200,528.478,98.200
658.500,snap_through,0,Outer,25,551.007,85.124,551.007,85.124
658.500,snap_through,0,Outer,26,573.808,78.077,573.808,78.077
658.500,snap_through,0,Outer,27,596.745,77.179,596.745,77.179
658.500,snap_through,0,Outer,28,619.697,77.176,619.697,77.176
658.500,snap_through,0,Outer,29,642.648,77.176,642.648,77.176
658.500,snap_through,0,Outer,30,665.600,77.176,665.600,77.176
658.500,snap_through,0,Plate,1,0.000,74.712,0.000,74.712
658.500,snap_through,0,Plate,2,22.952,74.712,22.952,74.712
658.500,snap_through,0,Plate,3,45.903,74.712,45.903,74.712
658.500,snap_through,0,Plate,4,68.670,59.831,68.670,59.831
658.500,snap_through,0,Plate,5,91.365,40.578,91.365,40.578
658.500,snap_through,0,Plate,6,114.568,23.951,114.568,23.951
658.500,snap_through,0,Plate,7,137.710,12.233,137.710,12.233
658.500,snap_through,0,Plate,8,160.662,12.233,160.662,12.233
658.500,snap_through,0,Plate,9,183.614,12.233,183.614,12.233
658.500,snap_through,0,Plate,10,206.566,12.233,206.566,12.233
658.500,snap_through,0,Plate,11,229.750,16.398,229.750,16.398
658.500,snap_through,0,Plate,12,253.240,20.696,253.240,20.696
658.500,snap_through,0,Plate,13,275.756,23.795,275.756,23.795
658.500,snap_through,0,Plate,14,298.909,25.770,298.909,25.770
658.500,snap_through,0,Plate,15,321.607,26.483,321.607,26.483
658.500,snap_through,0,Plate,16,343.993,26.483,343.993,26.483
658.500,snap_through,0,Plate,17,366.691,25.770,366.691,25.770
658.500,snap_through,0,Plate,18,389.844,23.795,389.844,23.795
658.500,snap_through,0,Plate,19,412.360,20.696,412.360,20.696
658.500,snap_through,0,Plate,20,435.850,16.398,435.850,16.398
658.500,snap_through,0,Plate,21,459.034,12.233,459.034,12.233
658.500,snap_through,0,Plate,22,481.986,12.233,481.986,12.233
658.500,snap_through,0,Plate,23,504.938,12.233,504.938,12.233
658.500,snap_through,0,Plate,24,527.890,12.233,527.890,12.233
658.500,snap_through,0,Plate,25,551.032,23.951,551.032,23.951
658.500,snap_through,0,Plate,26,574.235,40.578,574.235,40.578
658.500,snap_through,0,Plate,27,596.930,59.831,596.930,59.831
658.500,snap_through,0,Plate,28,619.697,74.712,619.697,74.712
658.500,snap_through,0,Plate,29,642.648,74.712,642.648,74.712
658.500,snap_through,0,Plate,30,665.600,74.712,665.600,74.712
658.500,snap_through,0,Inner,1,137.710,14.698,137.710,14.698
658.500,snap_through,0,Inner,2,160.662,14.698,160.662,14.698
658.500,snap_through,0,Inner,3,183.614,14.698,183.614,14.698
658.500,snap_through,0,Inner,4,205.946,28.584,205.946,28.584
658.500,snap_through,0,Inner,5,228.148,46.667,228.148,46.667
658.500,snap_through,0,Inner,6,250.657,67.900,250.657,67.900
658.500,snap_through,0,Inner,7,273.978,86.397,273.978,86.397
658.500,snap_through,0,Inner,8,297.624,99.495,297.624,99.495
658.500,snap_through,0,Inner,9,321.194,106.375,321.194,106.375
658.500,snap_through,0,Inner,10,344.406,106.375,344.406,106.375
658.500,snap_through,0,Inner,11,367.976,99.495,367.976,99.495
658.500,snap_through,0,Inner,12,391.622,86.397,391.622,86.397
658.500,snap_through,0,Inner,13,414.943,67.900,414.943,67.900
658.500,snap_through,0,Inner,14,437.452,46.667,437.452,46.667
658.500,snap_through,0,Inner,15,459.654,28.584,459.654,28.584
658.500,snap_through,0,Inner,16,481.986,14.698,481.986,14.698
658.500,snap_through,0,Inner,17,504.938,14.698,504.938,14.698
658.500,snap_through,0,Inner,18,527.890,14.698,527.890,14.698
658.500,snap_through,0,Patch2,1,481.986,10.666,481.986,10.666
658.500,snap_through,0,Patch2,2,504.938,10.666,504.938,10.666
658.500,snap_through,0,Patch2,3,527.890,10.666,527.890,10.666
658.500,snap_through,0,Patch3,1,137.710,10.667,137.710,10.667
658.500,snap_through,0,Patch3,2,160.662,10.667,160.662,10.667
658.500,snap_through,0,Patch3,3,183.614,10.667,183.614,10.667
658.500,snap_through,0,Patch4,1,187.098,137.722,187.098,137.722
658.500,snap_through,0,Patch4,2,208.654,153.385,208.654,153.385
658.500,snap_through,0,Patch4,3,231.566,166.352,231.566,166.352
658.500,snap_through,0,Patch4,4,253.461,175.656,253.461,175.656
658.500,snap_through,0,Patch4,5,276.821,183.870,276.821,183.870
658.500,snap_through,0,Patch4,6,299.323,189.200,299.323,189.200
658.500,snap_through,0,Patch4,7,321.567,192.149,321.567,192.149
658.500,snap_through,0,Patch4,8,344.033,192.149,344.033,192.149
658.500,snap_through,0,Patch4,9,366.277,189.200,366.277,189.200
658.500,snap_through,0,Patch4,10,388.779,183.870,388.779,183.870
658.500,snap_through,0,Patch4,11,412.139,175.656,412.139,175.656
658.500,snap_through,0,Patch4,12,434.034,166.352,434.034,166.352
658.500,snap_through,0,Patch4,13,456.946,153.385,456.946,153.385
658.500,snap_through,0,Patch4,14,478.502,137.722,478.502,137.722
658.500,snap_through,1,Outer,1,97.397,60.197,97.150,58.824
658.500,snap_through,1,Outer,2,112.005,60.197,111.753,59.220
658.500,snap_through,1,Outer,3,126.612,60.197,126.362,59.677
658.500,snap_through,1,Outer,4,141.219,60.237,140.711,61.046
658.500,snap_through,1,Outer,5,155.751,60.865,155.071,63.552
658.500,snap_through,1,Outer,6,169.822,65.726,168.539,69.915
658.500,snap_through,1,Outer,7,183.819,74.544,181.606,80.059
658.500,snap_through,1,Outer,8,198.046,87.541,194.638,94.241
658.500,snap_through,1,Outer,9,211.802,102.987,207.584,110.390
658.500,snap_through,1,Outer,10,225.848,116.516,221.855,123.910
658.500,snap_through,1,Outer,11,240.338,128.410,237.215,135.052
658.500,snap_through,1,Outer,12,255.796,138.853,253.968,144.077
658.500,snap_through,1,Outer,13,271.284,145.897,270.443,150.085
658.500,snap_through,1,Outer,14,286.468,149.143,286.122,153.265
658.500,snap_through,1,Outer,15,301.594,150.184,301.573,154.397
658.500,snap_through,1,Outer,16,316.811,150.184,317.059,154.008
658.500,snap_through,1,Outer,17,331.937,149.143,332.423,152.151
658.500,snap_through,1,Outer,18,347.122,145.897,347.751,148.188
658.500,snap_through,1,Outer,19,362.610,138.853,363.348,140.884
658.500,snap_through,1,Outer,20,378.068,128.410,378.968,130.378
658.500,snap_through,1,Outer,21,392.557,116.516,393.595,118.519
658.500,snap_through,1,Outer,22,406.603,102.987,407.745,105.017
658.500,snap_through,1,Outer,23,420.360,87.541,421.481,89.510
658.500,snap_through,1,Outer,24,434.586,74.544,435.560,76.333
658.500,snap_through,1,Outer,25,448.583,65.726,449.339,67.180
658.500,snap_through,1,Outer,26,462.654,60.865,463.141,61.616
658.500,snap_through,1,Outer,27,477.186,60.237,477.591,59.963
658.500,snap_through,1,Outer,28,491.794,60.197,492.051,59.182
658.500,snap_through,1,Outer,29,506.401,60.197,506.657,58.957
658.500,snap_through,1,Outer,30,521.008,60.197,521.263,58.773
658.500,snap_through,1,Plate,1,97.397,57.733,97.150,56.360
658.500,snap_through,1,Plate,2,112.005,57.733,111.753,56.755
658.500,snap_through,1,Plate,3,126.612,57.733,126.362,57.213
658.500,snap_through,1,Plate,4,140.862,48.632,140.707,48.208
658.500,snap_through,1,Plate,5,155.243,35.513,155.403,35.424
658.500,snap_through,1,Plate,6,170.168,21.392,170.677,21.668
658.500,snap_through,1,Plate,7,185.041,11.236,185.390,11.280
658.500,snap_through,1,Plate,8,199.648,11.236,199.984,10.905
658.500,snap_through,1,Plate,9,214.255,11.236,214.585,10.780
658.500,snap_through,1,Plate,10,228.863,11.236,229.141,9.775
658.500,snap_through,1,Plate,11,243.703,12.624,244.003,10.835
658.500,snap_through,1,Plate,12,258.371,16.101,258.619,14.532
658.500,snap_through,1,Plate,13,272.893,19.011,273.019,17.959
658.500,snap_through,1,Plate,14,287.535,20.699,287.574,20.163
658.500,snap_through,1,Plate,15,302.017,21.120,302.026,20.864
658.500,snap_through,1,Plate,16,316.389,21.120,316.379,20.894
658.500,snap_through,1,Plate,17,330.871,20.699,330.836,20.256
658.500,snap_through,1,Plate,18,345.513,19.011,345.409,18.131
658.500,snap_through,1,Plate,19,360.034,16.101,359.836,14.798
658.500,snap_through,1,Plate,20,374.703,12.624,374.477,11.175
658.500,snap_through,1,Plate,21,389.543,11.236,389.347,9.987
658.500,snap_through,1,Plate,22,404.150,11.236,403.961,10.300
658.500,snap_through,1,Plate,23,418.757,11.236,418.574,10.439
658.500,snap_through,1,Plate,24,433.365,11.236,433.183,10.670
658.500,snap_through,1,Plate,25,448.237,21.392,448.034,20.866
658.500,snap_through,1,Plate,26,463.163,35.513,463.158,34.788
658.500,snap_through,1,Plate,27,477.543,48.632,477.724,47.721
658.500,snap_through,1,Plate,28,491.794,57.733,492.051,56.718
658.500,snap_through,1,Plate,29,506.401,57.733,506.657,56.492
658.500,snap_through,1,Plate,30,521.008,57.733,521.263,56.309
658.500,snap_through,1,Inner,1,185.041,13.700,185.390,13.745
658.500,snap_through,1,Inner,2,199.648,13.700,199.984,13.369
658.500,snap_through,1,Inner,3,214.255,13.700,214.585,13.244
658.500,snap_through,1,Inner,4,228.453,19.191,228.673,19.010
658.500,snap_through,1,Inner,5,242.488,31.270,242.140,31.783
658.500,snap_through,1,Inner,6,256.943,47.431,255.842,48.658
658.500,snap_through,1,Inner,7,271.825,62.634,270.728,63.996
658.500,snap_through,1,Inner,8,286.862,73.925,286.582,74.404
658.500,snap_through,1,Inner,9,301.841,79.683,302.015,79.294
658.500,snap_through,1,Inner,10,316.565,79.683,316.846,79.255
658.500,snap_through,1,Inner,11,331.544,73.925,332.093,73.989
658.500,snap_through,1,Inner,12,346.581,62.634,347.346,62.834
658.500,snap_through,1,Inner,13,361.463,47.431,362.023,47.343
658.500,snap_through,1,Inner,14,375.917,31.270,376.033,30.755
658.500,snap_through,1,Inner,15,389.952,19.191,389.822,18.378
658.500,snap_through,1,Inner,16,404.150,13.700,403.961,12.765
658.500,snap_through,1,Inner,17,418.757,13.700,418.574,12.903
658.500,snap_through,1,Inner,18,433.365,13.700,433.183,13.134
658.500,snap_through,1,Patch1,1,228.863,13.824,229.141,12.363
658.500,snap_through,1,Patch1,2,243.070,15.777,243.378,14.250
658.500,snap_through,1,Patch1,3,258.414,19.225,258.627,18.113
658.500,snap_through,1,Patch1,4,272.814,21.462,272.940,20.843
658.500,snap_through,1,Patch1,5,287.381,23.368,287.436,23.187
658.500,snap_through,1,Patch1,6,302.003,23.612,302.046,23.650
658.500,snap_through,1,Patch1,7,316.402,23.612,316.437,23.655
658.500,snap_through,1,Patch1,8,331.024,23.368,331.048,23.218
658.500,snap_through,1,Patch1,9,345.591,21.462,345.558,20.950
658.500,snap_through,1,Patch1,10,359.992,19.225,359.891,18.332
658.500,snap_through,1,Patch1,11,375.336,15.777,375.157,14.567
658.500,snap_through,1,Patch1,12,389.543,13.824,389.347,12.576
658.500,snap_through,1,Patch2,1,404.150,9.669,403.961,8.733
658.500,snap_through,1,Patch2,2,418.757,9.669,418.574,8.871
658.500,snap_through,1,Patch2,3,433.365,9.669,433.183,9.103
658.500,snap_through,1,Patch3,1,185.041,9.669,185.390,9.714
658.500,snap_through,1,Patch3,2,199.648,9.669,199.984,9.338
658.500,snap_through,1,Patch3,3,214.255,9.669,214.585,9.213
658.500,snap_through,1,Patch4,1,216.285,101.557,218.283,98.500
658.500,snap_through,1,Patch4,2,229.667,112.774,231.155,110.280
658.500,snap_through,1,Patch4,3,244.116,124.447,245.046,122.587
658.500,snap_through,1,Patch4,4,257.887,133.856,258.359,132.604
658.500,snap_through,1,Patch4,5,272.378,141.447,272.512,140.771
658.500,snap_through,1,Patch4,6,287.127,145.349,287.158,144.995
658.500,snap_through,1,Patch4,7,301.796,146.111,301.816,145.801
658.500,snap_through,1,Patch4,8,316.609,146.111,316.621,145.669
658.500,snap_through,1,Patch4,9,331.279,145.349,331.266,144.629
658.500,snap_through,1,Patch4,10,346.027,141.447,345.887,140.296
658.500,snap_through,1,Patch4,11,360.519,133.856,360.093,132.204
658.500,snap_through,1,Patch4,12,374.289,124.447,373.507,122.319
658.500,snap_through,1,Patch4,13,388.738,112.774,387.515,110.150
658.500,snap_through,1,Patch4,14,402.121,101.557,400.479,98.483
658.500,snap_through,2,Outer,1,113.689,57.760,112.533,52.622
658.500,snap_through,2,Outer,2,125.842,57.760,124.670,53.203
658.500,snap_through,2,Outer,3,137.995,57.760,136.802,53.878
658.500,snap_through,2,Outer,4,150.149,57.749,148.680,54.942
658.500,snap_through,2,Outer,5,162.192,58.278,160.598,56.720
658.500,snap_through,2,Outer,6,173.599,62.559,171.628,61.877
658.500,snap_through,2,Outer,7,185.095,71.380,182.927,70.921
658.500,snap_through,2,Outer,8,196.817,84.268,195.351,83.101
658.500,snap_through,2,Outer,9,208.209,99.135,208.315,96.579
658.500,snap_through,2,Outer,10,219.956,111.960,221.471,107.938
658.500,snap_through,2,Outer,11,232.101,123.030,234.646,117.761
658.500,snap_through,2,Outer,12,245.128,132.263,248.240,126.153
658.500,snap_through,2,Outer,13,258.404,138.045,261.606,131.746
658.500,snap_through,2,Outer,14,271.049,139.973,274.196,134.010
658.500,snap_through,2,Outer,15,283.611,140.420,286.723,134.998
658.500,snap_through,2,Outer,16,296.211,140.420,299.304,135.508
658.500,snap_through,2,Outer,17,308.773,139.973,311.859,135.452
658.500,snap_through,2,Outer,18,321.419,138.045,324.529,133.883
658.500,snap_through,2,Outer,19,334.694,132.263,337.922,128.494
658.500,snap_through,2,Outer,20,347.721,123.030,350.480,118.675
658.500,snap_through,2,Outer,21,359.866,111.960,361.841,106.811
658.500,snap_through,2,Outer,22,371.613,99.135,372.649,93.180
658.500,snap_through,2,Outer,23,383.005,84.268,383.177,77.685
658.500,snap_through,2,Outer,24,394.728,71.380,395.067,64.950
658.500,snap_through,2,Outer,25,406.223,62.559,407.123,56.923
658.500,snap_through,2,Outer,26,417.630,58.278,418.744,53.286
658.500,snap_through,2,Outer,27,429.674,57.749,430.786,52.941
658.500,snap_through,2,Outer,28,441.827,57.760,442.909,52.859
658.500,snap_through,2,Outer,29,453.980,57.760,455.062,52.930
658.500,snap_through,2,Outer,30,466.133,57.760,467.214,52.997
658.500,snap_through,2,Plate,1,113.689,55.295,112.533,50.157
658.500,snap_through,2,Plate,2,125.842,55.295,124.670,50.739
658.500,snap_through,2,Plate,3,137.995,55.295,136.802,51.414
658.500,snap_through,2,Plate,4,149.809,45.886,149.033,42.551
658.500,snap_through,2,Plate,5,161.818,33.361,161.389,30.372
658.500,snap_through,2,Plate,6,174.224,20.802,174.074,18.104
658.500,snap_through,2,Plate,7,186.608,11.916,186.563,9.371
658.500,snap_through,2,Plate,8,198.762,11.916,198.716,9.335
658.500,snap_through,2,Plate,9,210.915,11.916,210.866,9.175
658.500,snap_through,2,Plate,10,223.068,11.916,223.014,9.083
658.500,snap_through,2,Plate,11,235.431,14.224,235.369,11.410
658.500,snap_through,2,Plate,12,247.358,17.674,247.291,14.864
658.500,snap_through,2,Plate,13,259.631,20.393,259.577,17.523
658.500,snap_through,2,Plate,14,271.744,21.656,271.705,18.658
658.500,snap_through,2,Plate,15,283.855,21.842,283.820,18.634
658.500,snap_through,2,Plate,16,295.967,21.842,295.931,18.330
658.500,snap_through,2,Plate,17,308.078,21.656,308.031,17.755
658.500,snap_through,2,Plate,18,320.191,20.393,320.092,16.059
658.500,snap_through,2,Plate,19,332.464,17.674,332.258,12.910
658.500,snap_through,2,Plate,20,344.391,14.224,344.083,9.137
658.500,snap_through,2,Plate,21,356.754,11.916,356.429,6.743
658.500,snap_through,2,Plate,22,368.907,11.916,368.581,7.071
658.500,snap_through,2,Plate,23,381.061,11.916,380.714,7.763
658.500,snap_through,2,Plate,24,393.214,11.916,392.850,8.439
658.500,snap_through,2,Plate,25,405.598,20.802,405.084,17.540
658.500,snap_through,2,Plate,26,418.004,33.361,418.205,29.365
658.500,snap_through,2,Plate,27,430.013,45.886,430.939,41.168
658.500,snap_through,2,Plate,28,441.827,55.295,442.909,50.394
658.500,snap_through,2,Plate,29,453.980,55.295,455.062,50.466
658.500,snap_through,2,Plate,30,466.133,55.295,467.214,50.532
658.500,snap_through,2,Inner,1,186.608,14.380,186.563,11.835
658.500,snap_through,2,Inner,2,198.762,14.380,198.716,11.800
658.500,snap_through,2,Inner,3,210.915,14.380,210.866,11.639
658.500,snap_through,2,Inner,4,222.789,22.464,223.001,19.403
658.500,snap_through,2,Inner,5,234.500,34.242,235.036,30.832
658.500,snap_through,2,Inner,6,246.598,49.503,247.442,45.824
658.500,snap_through,2,Inner,7,258.910,63.582,259.908,59.748
658.500,snap_through,2,Inner,8,271.329,73.553,272.382,69.638
658.500,snap_through,2,Inner,9,283.773,78.321,284.851,74.335
658.500,snap_through,2,Inner,10,296.049,78.321,297.124,74.266
658.500,snap_through,2,Inner,11,308.493,73.553,309.540,69.456
658.500,snap_through,2,Inner,12,320.912,63.582,321.891,59.437
658.500,snap_through,2,Inner,13,333.224,49.503,333.338,44.678
658.500,snap_through,2,Inner,14,345.322,34.242,344.397,28.675
658.500,snap_through,2,Inner,15,357.033,22.464,356.305,17.125
658.500,snap_through,2,Inner,16,368.907,14.380,368.581,9.535
658.500,snap_through,2,Inner,17,381.061,14.380,380.714,10.227
658.500,snap_through,2,Inner,18,393.214,14.380,392.850,10.903
658.500,snap_through,2,Patch2,1,368.907,10.349,368.581,5.504
658.500,snap_through,2,Patch2,2,381.061,10.349,380.714,6.196
658.500,snap_through,2,Patch2,3,393.214,10.349,392.850,6.872
658.500,snap_through,2,Patch3,1,186.608,10.349,186.563,7.805
658.500,snap_through,2,Patch3,2,198.762,10.349,198.716,7.769
658.500,snap_through,2,Patch3,3,210.915,10.349,210.866,7.608
658.500,snap_through,2,Patch4,1,211.968,96.300,214.351,89.147
658.500,snap_through,2,Patch4,2,224.001,108.348,225.686,101.834
658.500,snap_through,2,Patch4,3,235.531,117.659,236.663,111.777
658.500,snap_through,2,Patch4,4,247.396,125.986,248.031,120.757
658.500,snap_through,2,Patch4,5,259.328,130.868,259.687,126.258
658.500,snap_through,2,Patch4,6,271.463,132.793,271.730,128.683
658.500,snap_through,2,Patch4,7,283.785,133.242,284.032,129.443
658.500,snap_through,2,Patch4,8,296.038,133.242,296.280,129.525
658.500,snap_through,2,Patch4,9,308.359,132.793,308.588,128.897
658.500,snap_through,2,Patch4,10,320.494,130.868,320.636,126.517
658.500,snap_through,2,Patch4,11,332.426,125.986,332.258,120.964
658.500,snap_through,2,Patch4,12,344.291,117.659,343.500,111.855
658.500,snap_through,2,Patch4,13,355.821,108.348,354.299,101.752
658.500,snap_through,2,Patch4,14,367.854,96.300,365.395,88.896
658.500,snap_through,3,Outer,1,125.925,55.289,124.009,47.541
658.500,snap_through,3,Outer,2,136.184,55.289,134.267,47.633
658.500,snap_through,3,Outer,3,146.442,55.289,144.525,47.758
658.500,snap_through,3,Outer,4,156.701,55.312,154.735,47.965
658.500,snap_through,3,Outer,5,166.853,55.906,164.889,48.517
658.500,snap_through,3,Outer,6,176.432,60.600,174.688,52.721
658.500,snap_through,3,Outer,7,186.279,69.578,185.409,60.603
658.500,snap_through,3,Outer,8,196.021,82.377,196.952,71.752
658.500,snap_through,3,Outer,9,205.598,97.285,208.844,84.817
658.500,snap_through,3,Outer,10,215.299,109.979,220.289,95.908
658.500,snap_through,3,Outer,11,225.579,120.488,231.723,105.109
658.500,snap_through,3,Outer,12,236.336,128.994,243.128,112.701
658.500,snap_through,3,Outer,13,247.507,134.127,254.471,117.436
658.500,snap_through,3,Outer,14,258.470,135.642,265.403,119.119
658.500,snap_through,3,Outer,15,269.279,136.054,276.160,120.166
658.500,snap_through,3,Outer,16,280.071,136.054,286.899,121.132
658.500,snap_through,3,Outer,17,290.880,135.642,297.681,121.838
658.500,snap_through,3,Outer,18,301.843,134.127,308.721,121.429
658.500,snap_through,3,Outer,19,313.014,128.994,320.247,117.288
658.500,snap_through,3,Outer,20,323.771,120.488,330.761,108.555
658.500,snap_through,3,Outer,21,334.051,109.979,339.433,96.716
658.500,snap_through,3,Outer,22,343.752,97.285,346.616,82.451
658.500,snap_through,3,Outer,23,353.329,82.377,353.619,66.178
658.500,snap_through,3,Outer,24,363.071,69.578,363.216,53.280
658.500,snap_through,3,Outer,25,372.918,60.600,374.025,45.509
658.500,snap_through,3,Outer,26,382.497,55.906,384.165,42.227
658.500,snap_through,3,Outer,27,392.649,55.312,394.305,42.858
658.500,snap_through,3,Outer,28,402.908,55.289,404.725,43.701
658.500,snap_through,3,Outer,29,413.166,55.289,414.952,44.494
658.500,snap_through,3,Outer,30,423.425,55.289,425.180,45.278
658.500,snap_through,3,Plate,1,125.925,52.825,124.009,45.077
658.500,snap_through,3,Plate,2,136.184,52.825,134.267,45.169
658.500,snap_through,3,Plate,3,146.442,52.825,144.525,45.294
658.500,snap_through,3,Plate,4,156.714,44.118,154.989,36.814
658.500,snap_through,3,Plate,5,167.104,32.311,166.022,25.605
658.500,snap_through,3,Plate,6,177.231,20.040,176.782,13.887
658.500,snap_through,3,Plate,7,187.477,11.002,187.141,4.982
658.500,snap_through,3,Plate,8,197.735,11.002,197.397,4.737
658.500,snap_through,3,Plate,9,207.994,11.002,207.651,4.374
658.500,snap_through,3,Plate,10,218.253,11.002,217.909,4.083
658.500,snap_through,3,Plate,11,228.623,13.554,228.334,6.404
658.500,snap_through,3,Plate,12,238.582,17.756,238.392,10.357
658.500,snap_through,3,Plate,13,248.928,20.676,248.812,12.995
658.500,snap_through,3,Plate,14,259.272,21.407,259.174,13.414
658.500,snap_through,3,Plate,15,269.548,21.486,269.446,13.133
658.500,snap_through,3,Plate,16,279.802,21.486,279.692,12.723
658.500,snap_through,3,Plate,17,290.078,21.407,289.955,12.201
658.500,snap_through,3,Plate,18,300.422,20.676,300.258,11.026
658.500,snap_through,3,Plate,19,310.768,17.756,310.482,7.713
658.500,snap_through,3,Plate,20,320.727,13.554,320.311,3.226
658.500,snap_through,3,Plate,21,331.097,11.002,330.645,0.523
658.500,snap_through,3,Plate,22,341.356,11.002,340.909,0.647
658.500,snap_through,3,Plate,23,351.615,11.002,351.160,1.077
658.500,snap_through,3,Plate,24,361.873,11.002,361.410,1.541
658.500,snap_through,3,Plate,25,372.119,20.040,371.646,10.582
658.500,snap_through,3,Plate,26,382.246,32.311,382.995,21.736
658.500,snap_through,3,Plate,27,392.636,44.118,394.434,32.539
658.500,snap_through,3,Plate,28,402.908,52.825,404.725,41.237
658.500,snap_through,3,Plate,29,413.166,52.825,414.952,42.030
658.500,snap_through,3,Plate,30,423.425,52.825,425.180,42.814
658.500,snap_through,3,Inner,1,187.477,13.466,187.141,7.446
658.500,snap_through,3,Inner,2,197.735,13.466,197.397,7.201
658.500,snap_through,3,Inner,3,207.994,13.466,207.651,6.838
658.500,snap_through,3,Inner,4,218.065,22.629,218.323,15.423
658.500,snap_through,3,Inner,5,227.955,35.554,228.901,27.759
658.500,snap_through,3,Inner,6,238.006,51.396,239.462,43.226
658.500,snap_through,3,Inner,7,248.213,64.987,249.840,56.653
658.500,snap_through,3,Inner,8,258.686,74.658,260.391,66.214
658.500,snap_through,3,Inner,9,269.387,78.923,271.157,70.295
658.500,snap_through,3,Inner,10,279.963,78.923,281.726,70.021
658.500,snap_through,3,Inner,11,290.664,74.658,292.284,65.446
658.500,snap_through,3,Inner,12,301.137,64.987,302.472,55.517
658.500,snap_through,3,Inner,13,311.344,51.396,311.869,41.394
658.500,snap_through,3,Inner,14,321.395,35.554,320.553,24.795
658.500,snap_through,3,Inner,15,331.285,22.629,330.507,11.949
658.500,snap_through,3,Inner,16,341.356,13.466,340.909,3.111
658.500,snap_through,3,Inner,17,351.615,13.466,351.160,3.541
658.500,snap_through,3,Inner,18,361.873,13.466,361.410,4.006
658.500,snap_through,3,Patch2,1,341.356,9.435,340.909,-0.920
658.500,snap_through,3,Patch2,2,351.615,9.435,351.160,-0.490
658.500,snap_through,3,Patch2,3,361.873,9.435,361.410,-0.026
658.500,snap_through,3,Patch3,1,187.477,9.436,187.141,3.415
658.500,snap_through,3,Patch3,2,197.735,9.436,197.397,3.170
658.500,snap_through,3,Patch3,3,207.994,9.436,207.651,2.808
658.500,snap_through,4,Outer,1,134.356,52.895,132.108,42.887
658.500,snap_through,4,Outer,2,143.244,52.895,140.948,41.966
658.500,snap_through,4,Outer,3,152.133,52.895,149.790,41.058
658.500,snap_through,4,Outer,4,161.022,52.930,158.905,40.058
658.500,snap_through,4,Outer,5,169.798,53.466,167.654,39.239
658.500,snap_through,4,Outer,6,177.971,57.810,176.487,41.988
658.500,snap_through,4,Outer,7,186.431,66.673,186.567,48.920
658.500,snap_through,4,Outer,8,194.685,79.140,197.198,59.373
658.500,snap_through,4,Outer,9,202.936,94.258,208.220,72.523
658.500,snap_through,4,Outer,10,211.425,107.455,219.054,83.804
658.500,snap_through,4,Outer,11,220.269,117.444,229.567,91.979
658.500,snap_through,4,Outer,12,229.785,125.140,240.194,98.025
658.500,snap_through,4,Outer,13,239.572,129.567,250.448,101.189
658.500,snap_through,4,Outer,14,249.075,130.767,259.979,101.705
658.500,snap_through,4,Outer,15,258.526,131.041,269.351,102.403
658.500,snap_through,4,Outer,16,267.963,131.041,278.611,104.118
658.500,snap_through,4,Outer,17,277.414,130.767,287.868,105.993
658.500,snap_through,4,Outer,18,286.917,129.567,297.385,107.001
658.500,snap_through,4,Outer,19,296.703,125.140,307.787,104.440
658.500,snap_through,4,Outer,20,306.220,117.444,317.637,97.283
658.500,snap_through,4,Outer,21,315.064,107.455,324.617,85.952
658.500,snap_through,4,Outer,22,323.553,94.258,328.569,70.781
658.500,snap_through,4,Outer,23,331.804,79.140,332.143,53.944
658.500,snap_through,4,Outer,24,340.058,66.673,339.992,41.241
658.500,snap_through,4,Outer,25,348.518,57.810,349.880,34.027
658.500,snap_through,4,Outer,26,356.691,53.466,358.790,31.547
658.500,snap_through,4,Outer,27,365.467,52.930,367.473,32.862
658.500,snap_through,4,Outer,28,374.356,52.895,376.653,34.419
658.500,snap_through,4,Outer,29,383.244,52.895,385.431,35.809
658.500,snap_through,4,Outer,30,392.133,52.895,394.211,37.190
658.500,snap_through,4,Plate,1,134.356,50.431,132.108,40.423
658.500,snap_through,4,Plate,2,143.244,50.431,140.948,39.502
658.500,snap_through,4,Plate,3,152.133,50.431,149.790,38.593
658.500,snap_through,4,Plate,4,161.165,41.997,158.491,29.810
658.500,snap_through,4,Plate,5,170.169,30.733,168.371,19.306
658.500,snap_through,4,Plate,6,178.883,18.942,178.120,8.361
658.500,snap_through,4,Plate,7,187.689,10.528,187.050,0.082
658.500,snap_through,4,Plate,8,196.578,10.528,195.935,-0.204
658.500,snap_through,4,Plate,9,205.467,10.528,204.816,-0.606
658.500,snap_through,4,Plate,10,214.356,10.528,213.696,-1.035
658.500,snap_through,4,Plate,11,223.367,12.884,222.816,0.856
658.500,snap_through,4,Plate,12,231.986,17.106,231.648,4.598
658.500,snap_through,4,Plate,13,241.018,19.893,240.814,6.902
658.500,snap_through,4,Plate,14,249.946,20.173,249.745,6.747
658.500,snap_through,4,Plate,15,258.814,20.049,258.598,6.228
658.500,snap_through,4,Plate,16,267.675,20.049,267.452,5.864
658.500,snap_through,4,Plate,17,276.542,20.173,276.318,5.655
658.500,snap_through,4,Plate,18,285.471,19.893,285.232,5.071
658.500,snap_through,4,Plate,19,294.503,17.106,294.174,2.016
658.500,snap_through,4,Plate,20,303.122,12.884,302.675,-2.423
658.500,snap_through,4,Plate,21,312.133,10.528,311.633,-4.973
658.500,snap_through,4,Plate,22,321.022,10.528,320.523,-5.125
658.500,snap_through,4,Plate,23,329.911,10.528,329.411,-5.279
658.500,snap_through,4,Plate,24,338.800,10.528,338.299,-5.463
658.500,snap_through,4,Plate,25,347.606,18.942,347.391,2.613
658.500,snap_through,4,Plate,26,356.320,30.733,357.649,13.076
658.500,snap_through,4,Plate,27,365.324,41.997,367.887,23.233
658.500,snap_through,4,Plate,28,374.356,50.431,376.653,31.954
658.500,snap_through,4,Plate,29,383.244,50.431,385.431,33.344
658.500,snap_through,4,Plate,30,392.133,50.431,394.211,34.725
658.500,snap_through,4,Inner,1,187.689,12.992,187.050,2.546
658.500,snap_through,4,Inner,2,196.578,12.992,195.935,2.260
658.500,snap_through,4,Inner,3,205.467,12.992,204.816,1.858
658.500,snap_through,4,Inner,4,214.071,21.972,214.049,10.306
658.500,snap_through,4,Inner,5,222.646,34.962,223.352,22.748
658.500,snap_through,4,Inner,6,231.167,50.669,232.566,38.015
658.500,snap_through,4,Inner,7,239.966,63.790,241.777,50.815
658.500,snap_through,4,Inner,8,249.081,73.146,251.151,59.888
658.500,snap_through,4,Inner,9,258.542,77.247,260.739,63.673
658.500,snap_through,4,Inner,10,267.947,77.247,270.135,63.330
658.500,snap_through,4,Inner,11,277.408,73.146,279.434,58.894
658.500,snap_through,4,Inner,12,286.523,63.790,288.224,49.263
658.500,snap_through,4,Inner,13,295.322,50.669,296.535,35.863
658.500,snap_through,4,Inner,14,303.843,34.962,303.821,19.574
658.500,snap_through,4,Inner,15,312.418,21.972,312.098,6.422
658.500,snap_through,4,Inner,16,321.022,12.992,320.523,-2.661
658.500,snap_through,4,Inner,17,329.911,12.992,329.411,-2.815
658.500,snap_through,4,Inner,18,338.800,12.992,338.299,-2.998
658.500,snap_through,4,Patch2,1,321.022,8.960,320.523,-6.692
658.500,snap_through,4,Patch2,2,329.911,8.960,329.411,-6.846
658.500,snap_through,4,Patch2,3,338.800,8.960,338.299,-7.030
658.500,snap_through,4,Patch3,1,187.689,8.961,187.050,-1.485
658.500,snap_through,4,Patch3,2,196.578,8.961,195.935,-1.771
658.500,snap_through,4,Patch3,3,205.467,8.961,204.816,-2.172
658.500,snap_through,5,Outer,1,139.231,50.583,137.680,38.457
658.500,snap_through,5,Outer,2,147.240,50.583,145.382,36.279
658.500,snap_through,5,Outer,3,155.250,50.583,153.082,34.096
658.500,snap_through,5,Outer,4,163.259,50.590,161.459,31.645
658.500,snap_through,5,Outer,5,171.156,51.029,169.069,29.536
658.500,snap_through,5,Outer,6,178.442,54.693,177.145,30.640
658.500,snap_through,5,Outer,7,185.991,62.770,186.747,36.089
658.500,snap_through,5,Outer,8,193.391,74.459,196.691,45.646
658.500,snap_through,5,Outer,9,200.785,88.877,207.313,57.793
658.500,snap_through,5,Outer,10,208.546,101.631,218.714,67.374
658.500,snap_through,5,Outer,11,216.606,111.225,229.691,73.398
658.500,snap_through,5,Outer,12,225.335,118.356,240.371,76.982
658.500,snap_through,5,Outer,13,234.192,122.123,249.921,77.847
658.500,snap_through,5,Outer,14,242.699,123.045,258.332,76.817
658.500,snap_through,5,Outer,15,251.146,123.226,266.736,76.860
658.500,snap_through,5,Outer,16,259.593,123.226,274.691,79.617
658.500,snap_through,5,Outer,17,268.040,123.045,282.312,83.171
658.500,snap_through,5,Outer,18,276.547,122.123,290.215,86.358
658.500,snap_through,5,Outer,19,285.404,118.356,299.796,87.103
658.500,snap_through,5,Outer,20,294.133,111.225,310.131,82.726
658.500,snap_through,5,Outer,21,302.192,101.631,315.678,71.565
658.500,snap_through,5,Outer,22,309.953,88.877,316.491,56.684
658.500,snap_through,5,Outer,23,317.348,74.459,317.079,40.511
658.500,snap_through,5,Outer,24,324.748,62.770,323.980,28.543
658.500,snap_through,5,Outer,25,332.297,54.693,333.491,22.915
658.500,snap_through,5,Outer,26,339.583,51.029,341.571,21.856
658.500,snap_through,5,Outer,27,347.480,50.590,349.173,24.007
658.500,snap_through,5,Outer,28,355.489,50.583,357.548,26.467
658.500,snap_through,5,Outer,29,363.499,50.583,365.262,28.611
658.500,snap_through,5,Outer,30,371.508,50.583,372.981,30.737
658.500,snap_through,5,Plate,1,139.231,48.119,137.680,35.992
658.500,snap_through,5,Plate,2,147.240,48.119,145.382,33.814
658.500,snap_through,5,Plate,3,155.250,48.119,153.082,31.631
658.500,snap_through,5,Plate,4,163.353,40.122,160.260,22.801
658.500,snap_through,5,Plate,5,171.459,29.444,169.278,12.892
658.500,snap_through,5,Plate,6,179.280,18.227,178.190,2.534
658.500,snap_through,5,Plate,7,187.288,10.680,186.393,-4.793
658.500,snap_through,5,Plate,8,195.298,10.680,194.401,-4.974
658.500,snap_through,5,Plate,9,203.307,10.680,202.405,-5.287
658.500,snap_through,5,Plate,10,211.317,10.680,210.404,-5.731
658.500,snap_through,5,Plate,11,219.406,12.553,218.608,-4.446
658.500,snap_through,5,Plate,12,227.186,16.545,226.683,-1.099
658.500,snap_through,5,Plate,13,235.334,18.997,234.992,0.735
658.500,snap_through,5,Plate,14,243.388,18.963,243.031,0.212
658.500,snap_through,5,Plate,15,251.376,18.674,250.999,-0.460
658.500,snap_through,5,Plate,16,259.363,18.674,258.981,-0.768
658.500,snap_through,5,Plate,17,267.351,18.963,266.977,-0.717
658.500,snap_through,5,Plate,18,275.405,18.997,275.032,-0.847
658.500,snap_through,5,Plate,19,283.553,16.545,283.152,-3.391
658.500,snap_through,5,Plate,20,291.333,12.553,290.887,-7.461
658.500,snap_through,5,Plate,21,299.422,10.680,298.933,-9.514
658.500,snap_through,5,Plate,22,307.432,10.680,306.936,-9.873
658.500,snap_through,5,Plate,23,315.441,10.680,314.927,-10.418
658.500,snap_through,5,Plate,24,323.451,10.680,322.912,-11.058
658.500,snap_through,5,Plate,25,331.459,18.227,331.567,-4.288
658.500,snap_through,5,Plate,26,339.280,29.444,340.959,5.624
658.500,snap_through,5,Plate,27,347.386,40.122,350.290,15.237
658.500,snap_through,5,Plate,28,355.489,48.119,357.548,24.003
658.500,snap_through,5,Plate,29,363.499,48.119,365.262,26.147
658.500,snap_through,5,Plate,30,371.508,48.119,372.981,28.273
658.500,snap_through,5,Inner,1,187.288,13.144,186.393,-2.329
658.500,snap_through,5,Inner,2,195.298,13.144,194.401,-2.510
658.500,snap_through,5,Inner,3,203.307,13.144,202.405,-2.823
658.500,snap_through,5,Inner,4,211.019,20.775,210.645,4.355
658.500,snap_through,5,Inner,5,218.700,32.823,219.067,15.865
658.500,snap_through,5,Inner,6,226.287,47.873,227.604,30.359
658.500,snap_through,5,Inner,7,234.161,60.570,236.156,42.578
658.500,snap_through,5,Inner,8,242.456,69.396,244.795,51.048
658.500,snap_through,5,Inner,9,251.070,73.216,253.514,54.615
658.500,snap_through,5,Inner,10,259.669,73.216,262.110,54.420
658.500,snap_through,5,Inner,11,268.283,69.396,270.635,50.419
658.500,snap_through,5,Inner,12,276.577,60.570,278.692,41.402
658.500,snap_through,5,Inner,13,284.452,47.873,286.135,28.479
658.500,snap_through,5,Inner,14,292.039,32.823,292.719,12.994
658.500,snap_through,5,Inner,15,299.720,20.775,299.810,0.619
658.500,snap_through,5,Inner,16,307.432,13.144,306.936,-7.409
658.500,snap_through,5,Inner,17,315.441,13.144,314.927,-7.953
658.500,snap_through,5,Inner,18,323.451,13.144,322.912,-8.593
658.500,snap_through,5,Patch2,1,307.432,9.113,306.936,-11.440
658.500,snap_through,5,Patch2,2,315.441,9.113,314.927,-11.985
658.500,snap_through,5,Patch2,3,323.451,9.113,322.912,-12.625
658.500,snap_through,5,Patch3,1,187.288,9.113,186.393,-6.360
658.500,snap_through,5,Patch3,2,195.298,9.113,194.401,-6.541
658.500,snap_through,5,Patch3,3,203.307,9.113,202.405,-6.854
658.500,snap_through,5,Patch4,1,203.773,86.983,203.478,27.258
658.500,snap_through,5,Patch4,2,211.281,96.878,210.336,37.599
658.500,snap_through,5,Patch4,3,218.935,105.036,217.482,46.193
658.500,snap_through,5,Patch4,4,226.845,111.238,225.051,52.801
658.500,snap_through,5,Patch4,5,235.042,114.695,233.091,56.603
658.500,snap_through,5,Patch4,6,243.299,115.481,241.320,57.645
658.500,snap_through,5,Patch4,7,251.419,115.459,249.438,57.778
658.500,snap_through,5,Patch4,8,259.320,115.459,257.337,57.845
658.500,snap_through,5,Patch4,9,267.439,115.481,265.456,57.862
658.500,snap_through,5,Patch4,10,275.697,114.695,273.706,57.010
658.500,snap_through,5,Patch4,11,283.893,111.238,281.854,53.449
658.500,snap_through,5,Patch4,12,291.804,105.036,289.660,47.129
658.500,snap_through,5,Patch4,13,299.458,96.878,297.169,38.853
658.500,snap_through,5,Patch4,14,306.966,86.983,304.501,28.846
658.500,snap_through,6,Outer,1,140.800,48.303,141.145,34.383
658.500,snap_through,6,Outer,2,148.386,48.303,147.988,31.135
658.500,snap_through,6,Outer,3,155.972,48.303,154.822,27.868
658.500,snap_through,6,Outer,4,163.559,48.311,162.692,24.139
658.500,snap_through,6,Outer,5,171.044,48.759,169.455,20.930
658.500,snap_through,6,Outer,6,177.980,52.470,177.315,20.825
658.500,snap_through,6,Outer,7,185.111,60.492,187.274,24.811
658.500,snap_through,6,Outer,8,192.148,71.869,197.983,32.784
658.500,snap_through,6,Outer,9,199.159,85.612,209.246,43.250
658.500,snap_through,6,Outer,10,206.533,97.629,220.903,51.121
658.500,snap_through,6,Outer,11,214.282,106.732,231.873,55.825
658.500,snap_through,6,Outer,12,222.564,113.316,242.167,58.180
658.500,snap_through,6,Outer,13,230.837,116.566,251.013,57.915
658.500,snap_through,6,Outer,14,238.842,117.305,258.740,55.933
658.500,snap_through,6,Outer,15,246.809,117.432,266.643,55.236
658.500,snap_through,6,Outer,16,254.791,117.432,273.827,58.668
658.500,snap_through,6,Outer,17,262.758,117.305,280.102,63.507
658.500,snap_through,6,Outer,18,270.763,116.566,286.543,68.238
658.500,snap_through,6,Outer,19,279.036,113.316,294.795,71.439
658.500,snap_through,6,Outer,20,287.318,106.732,305.326,71.043
658.500,snap_through,6,Outer,21,295.067,97.629,313.935,62.841
658.500,snap_through,6,Outer,22,302.441,85.612,314.008,48.792
658.500,snap_through,6,Outer,23,309.452,71.869,311.673,33.563
658.500,snap_through,6,Outer,24,316.489,60.492,315.286,20.720
658.500,snap_through,6,Outer,25,323.620,52.470,323.979,14.440
658.500,snap_through,6,Outer,26,330.556,48.759,331.827,14.035
658.500,snap_through,6,Outer,27,338.041,48.311,338.752,16.891
658.500,snap_through,6,Outer,28,345.628,48.303,346.676,20.227
658.500,snap_through,6,Outer,29,353.214,48.303,353.669,23.151
658.500,snap_through,6,Outer,30,360.800,48.303,360.672,26.052
658.500,snap_through,6,Plate,1,140.800,45.839,141.145,31.919
658.500,snap_through,6,Plate,2,148.386,45.839,147.988,28.671
658.500,snap_through,6,Plate,3,155.972,45.839,154.822,25.403
658.500,snap_through,6,Plate,4,163.654,38.045,160.949,16.384
658.500,snap_through,6,Plate,5,171.343,27.651,169.247,6.488
658.500,snap_through,6,Plate,6,178.725,17.265,177.385,-3.303
658.500,snap_through,6,Plate,7,186.317,10.369,185.174,-9.973
658.500,snap_through,6,Plate,8,193.903,10.369,192.759,-10.152
658.500,snap_through,6,Plate,9,201.490,10.369,200.340,-10.467
658.500,snap_through,6,Plate,10,209.076,10.369,207.916,-10.928
658.500,snap_through,6,Plate,11,216.709,12.191,215.676,-9.743
658.500,snap_through,6,Plate,12,224.137,15.878,223.418,-6.772
658.500,snap_through,6,Plate,13,231.834,18.101,231.278,-5.210
658.500,snap_through,6,Plate,14,239.448,17.973,238.872,-5.826
658.500,snap_through,6,Plate,15,247.013,17.623,246.415,-6.529
658.500,snap_through,6,Plate,16,254.587,17.623,253.988,-6.786
658.500,snap_through,6,Plate,17,262.152,17.973,261.562,-6.604
658.500,snap_through,6,Plate,18,269.766,18.101,269.180,-6.540
658.500,snap_through,6,Plate,19,277.463,15.878,276.894,-8.716
658.500,snap_through,6,Plate,20,284.891,12.191,284.350,-12.347
658.500,snap_through,6,Plate,21,292.524,10.369,291.961,-14.268
658.500,snap_through,6,Plate,22,300.110,10.369,299.542,-14.662
658.500,snap_through,6,Plate,23,307.697,10.369,307.104,-15.277
658.500,snap_through,6,Plate,24,315.283,10.369,314.659,-15.981
658.500,snap_through,6,Plate,25,322.875,17.265,322.983,-9.999
658.500,snap_through,6,Plate,26,330.257,27.651,331.611,-0.643
658.500,snap_through,6,Plate,27,337.946,38.045,340.392,8.829
658.500,snap_through,6,Plate,28,345.628,45.839,346.676,17.762
658.500,snap_through,6,Plate,29,353.214,45.839,353.669,20.686
658.500,snap_through,6,Plate,30,360.800,45.839,360.672,23.588
658.500,snap_through,6,Inner,1,186.317,12.833,185.174,-7.509
658.500,snap_through,6,Inner,2,193.903,12.833,192.759,-7.688
658.500,snap_through,6,Inner,3,201.490,12.833,200.340,-8.003
658.500,snap_through,6,Inner,4,208.823,20.472,208.225,-0.813
658.500,snap_through,6,Inner,5,216.119,32.216,216.261,10.408
658.500,snap_through,6,Inner,6,223.263,46.799,224.442,24.395
658.500,snap_through,6,Inner,7,230.709,59.201,232.879,36.107
658.500,snap_through,6,Inner,8,238.590,67.321,241.379,43.552
658.500,snap_through,6,Inner,9,246.762,70.662,249.698,46.493
658.500,snap_through,6,Inner,10,254.838,70.662,257.769,46.698
658.500,snap_through,6,Inner,11,263.010,67.321,266.143,43.931
658.500,snap_through,6,Inner,12,270.891,59.201,274.379,36.205
658.500,snap_through,6,Inner,13,278.337,46.799,281.362,23.578
658.500,snap_through,6,Inner,14,285.481,32.216,287.022,8.397
658.500,snap_through,6,Inner,15,292.777,20.472,293.098,-3.992
658.500,snap_through,6,Inner,16,300.110,12.833,299.542,-12.197
658.500,snap_through,6,Inner,17,307.697,12.833,307.104,-12.813
658.500,snap_through,6,Inner,18,315.283,12.833,314.659,-13.517
658.500,snap_through,6,Patch2,1,300.110,8.802,299.542,-16.229
658.500,snap_through,6,Patch2,2,307.697,8.802,307.104,-16.844
658.500,snap_through,6,Patch2,3,315.283,8.802,314.659,-17.548
658.500,snap_through,6,Patch3,1,186.317,8.802,185.174,-11.540
658.500,snap_through,6,Patch3,2,193.903,8.802,192.759,-11.719
658.500,snap_through,6,Patch3,3,201.490,8.802,200.340,-12.034
658.500,snap_through,6,Patch4,1,202.050,83.389,203.270,19.051
658.500,snap_through,6,Patch4,2,209.220,93.060,209.540,29.313
658.500,snap_through,6,Patch4,3,216.438,100.364,216.037,37.255
658.500,snap_through,6,Patch4,4,223.835,105.993,222.829,43.596
658.500,snap_through,6,Patch4,5,231.519,109.222,230.137,47.611
658.500,snap_through,6,Patch4,6,239.300,109.861,237.831,48.970
658.500,snap_through,6,Patch4,7,247.033,109.923,245.561,49.359
658.500,snap_through,6,Patch4,8,254.567,109.923,253.099,49.400
658.500,snap_through,6,Patch4,9,262.300,109.861,260.834,49.181
658.500,snap_through,6,Patch4,10,270.081,109.222,268.586,48.222
658.500,snap_through,6,Patch4,11,277.765,105.993,276.135,44.689
658.500,snap_through,6,Patch4,12,285.162,100.364,283.372,38.865
658.500,snap_through,6,Patch4,13,292.380,93.060,290.473,31.459
658.500,snap_through,6,Patch4,14,299.550,83.389,297.557,21.741
658.500,snap_through,7,Outer,1,140.800,45.954,143.056,30.244
658.500,snap_through,7,Outer,2,148.179,45.954,149.347,26.407
658.500,snap_through,7,Outer,3,155.559,45.954,155.628,22.555
658.500,snap_through,7,Outer,4,162.938,45.996,163.165,18.137
658.500,snap_through,7,Outer,5,170.236,46.502,169.406,14.343
658.500,snap_through,7,Outer,6,177.078,50.601,177.348,13.660
658.500,snap_through,7,Outer,7,184.022,58.912,187.736,16.703
658.500,snap_through,7,Outer,8,190.935,70.418,199.139,23.761
658.500,snap_through,7,Outer,9,197.805,83.736,210.772,33.196
658.500,snap_through,7,Outer,10,204.911,95.040,222.070,40.301
658.500,snap_through,7,Outer,11,212.547,103.832,232.769,44.886
658.500,snap_through,7,Outer,12,220.586,109.847,242.575,46.983
658.500,snap_through,7,Outer,13,228.504,112.543,250.891,46.348
658.500,snap_through,7,Outer,14,236.231,113.073,258.277,44.160
658.500,snap_through,7,Outer,15,243.939,113.130,265.876,43.352
658.500,snap_through,7,Outer,16,251.661,113.130,272.603,47.044
658.500,snap_through,7,Outer,17,259.369,113.073,277.967,52.509
658.500,snap_through,7,Outer,18,267.096,112.543,283.305,58.074
658.500,snap_through,7,Outer,19,275.014,109.847,290.417,62.414
658.500,snap_through,7,Outer,20,283.053,103.832,300.324,63.767
658.500,snap_through,7,Outer,21,290.689,95.040,310.165,57.580
658.500,snap_through,7,Outer,22,297.795,83.736,312.127,44.423
658.500,snap_through,7,Outer,23,304.665,70.418,310.019,29.617
658.500,snap_through,7,Outer,24,311.578,58.912,310.475,16.233
658.500,snap_through,7,Outer,25,318.522,50.601,317.829,8.331
658.500,snap_through,7,Outer,26,325.364,46.502,325.788,8.026
658.500,snap_through,7,Outer,27,332.662,45.996,332.330,11.289
658.500,snap_through,7,Outer,28,340.041,45.954,339.990,15.153
658.500,snap_through,7,Outer,29,347.421,45.954,346.535,18.553
658.500,snap_through,7,Outer,30,354.800,45.954,353.088,21.935
658.500,snap_through,7,Plate,1,140.800,43.490,143.056,27.780
658.500,snap_through,7,Plate,2,148.179,43.490,149.347,23.943
658.500,snap_through,7,Plate,3,155.559,43.490,155.628,20.090
658.500,snap_through,7,Plate,4,163.078,35.864,161.298,11.036
658.500,snap_through,7,Plate,5,170.565,25.613,168.976,0.940
658.500,snap_through,7,Plate,6,177.726,16.091,176.372,-8.391
658.500,snap_through,7,Plate,7,185.076,9.485,183.671,-15.050
658.500,snap_through,7,Plate,8,192.455,9.485,191.044,-15.366
658.500,snap_through,7,Plate,9,199.834,9.485,198.414,-15.767
658.500,snap_through,7,Plate,10,207.214,9.485,205.782,-16.241
658.500,snap_through,7,Plate,11,214.614,11.430,213.325,-14.924
658.500,snap_through,7,Plate,12,221.917,14.890,220.925,-12.168
658.500,snap_through,7,Plate,13,229.396,16.811,228.540,-10.843
658.500,snap_through,7,Plate,14,236.774,16.676,235.908,-11.359
658.500,snap_through,7,Plate,15,244.121,16.365,243.248,-11.910
658.500,snap_through,7,Plate,16,251.479,16.365,250.611,-12.075
658.500,snap_through,7,Plate,17,258.826,16.676,257.969,-11.865
658.500,snap_through,7,Plate,18,266.204,16.811,265.353,-11.730
658.500,snap_through,7,Plate,19,273.683,14.890,272.871,-13.519
658.500,snap_through,7,Plate,20,280.986,11.430,280.250,-16.823
658.500,snap_through,7,Plate,21,288.386,9.485,287.649,-18.793
658.500,snap_through,7,Plate,22,295.766,9.485,295.026,-19.207
658.500,snap_through,7,Plate,23,303.145,9.485,302.380,-19.824
658.500,snap_through,7,Plate,24,310.524,9.485,309.734,-20.439
658.500,snap_through,7,Plate,25,317.874,16.091,317.669,-14.553
658.500,snap_through,7,Plate,26,325.035,25.613,325.718,-5.779
658.500,snap_through,7,Plate,27,332.522,35.864,333.939,3.882
658.500,snap_through,7,Plate,28,340.041,43.490,339.990,12.689
658.500,snap_through,7,Plate,29,347.421,43.490,346.535,16.088
658.500,snap_through,7,Plate,30,354.800,43.490,353.088,19.471
658.500,snap_through,7,Inner,1,185.076,11.949,183.671,-12.586
658.500,snap_through,7,Inner,2,192.455,11.949,191.044,-12.902
658.500,snap_through,7,Inner,3,199.834,11.949,198.414,-13.303
658.500,snap_through,7,Inner,4,207.020,20.143,206.150,-5.528
658.500,snap_through,7,Inner,5,214.142,31.992,213.881,5.903
658.500,snap_through,7,Inner,6,221.068,46.395,221.832,19.733
658.500,snap_through,7,Inner,7,228.320,58.606,230.469,30.977
658.500,snap_through,7,Inner,8,235.982,66.306,239.278,37.310
658.500,snap_through,7,Inner,9,243.897,69.252,247.582,38.792
658.500,snap_through,7,Inner,10,251.703,69.252,255.348,38.524
658.500,snap_through,7,Inner,11,259.618,66.306,263.761,38.026
658.500,snap_through,7,Inner,12,267.280,58.606,273.245,32.771
658.500,snap_through,7,Inner,13,274.532,46.395,280.647,20.715
658.500,snap_through,7,Inner,14,281.458,31.992,284.628,5.265
658.500,snap_through,7,Inner,15,288.580,20.143,289.316,-7.713
658.500,snap_through,7,Inner,16,295.766,11.949,295.026,-16.743
658.500,snap_through,7,Inner,17,303.145,11.949,302.380,-17.360
658.500,snap_through,7,Inner,18,310.524,11.949,309.734,-17.975
658.500,snap_through,7,Patch2,1,295.766,7.918,295.026,-20.774
658.500,snap_through,7,Patch2,2,303.145,7.918,302.380,-21.391
658.500,snap_through,7,Patch2,3,310.524,7.918,309.734,-22.006
658.500,snap_through,7,Patch3,1,185.076,7.918,183.671,-16.616
658.500,snap_through,7,Patch3,2,192.455,7.918,191.044,-16.933
658.500,snap_through,7,Patch3,3,199.834,7.918,198.414,-17.334
658.500,snap_through,7,Patch4,1,200.260,80.432,201.635,12.401
658.500,snap_through,7,Patch4,2,207.475,90.411,208.073,22.883
658.500,snap_through,7,Patch4,3,214.410,97.757,214.373,30.763
658.500,snap_through,7,Patch4,4,221.802,103.415,221.162,37.123
658.500,snap_through,7,Patch4,5,229.250,105.988,228.339,40.366
658.500,snap_through,7,Patch4,6,236.611,106.205,235.665,41.083
658.500,snap_through,7,Patch4,7,244.056,106.186,243.101,41.283
658.500,snap_through,7,Patch4,8,251.544,106.186,250.581,41.116
658.500,snap_through,7,Patch4,9,258.989,106.205,258.016,40.953
658.500,snap_through,7,Patch4,10,266.350,105.988,265.367,40.875
658.500,snap_through,7,Patch4,11,273.798,103.415,272.926,38.687
658.500,snap_through,7,Patch4,12,281.190,97.757,280.585,33.413
658.500,snap_through,7,Patch4,13,288.125,90.411,287.814,26.372
658.500,snap_through,7,Patch4,14,295.340,80.432,295.400,16.684
658.500,snap_through,8,Outer,1,140.800,43.924,144.165,26.170
658.500,snap_through,8,Outer,2,147.972,43.924,150.178,22.269
658.500,snap_through,8,Outer,3,155.145,43.924,156.183,18.356
658.500,snap_through,8,Outer,4,162.317,43.927,163.468,13.790
658.500,snap_through,8,Outer,5,169.423,44.390,169.366,9.811
658.500,snap_through,8,Outer,6,176.142,48.169,176.952,8.463
658.500,snap_through,8,Outer,7,182.888,56.052,187.176,10.202
658.500,snap_through,8,Outer,8,189.649,67.202,199.132,15.388
658.500,snap_through,8,Outer,9,196.363,79.659,211.177,22.808
658.500,snap_through,8,Outer,10,203.218,90.051,221.807,29.287
658.500,snap_through,8,Outer,11,210.667,98.241,231.691,34.294
658.500,snap_through,8,Outer,12,218.441,103.675,240.843,36.813
658.500,snap_through,8,Outer,13,226.079,105.997,248.830,36.957
658.500,snap_through,8,Outer,14,233.571,106.418,256.290,36.099
658.500,snap_through,8,Outer,15,241.055,106.449,263.776,36.330
658.500,snap_through,8,Outer,16,248.545,106.449,270.668,39.240
658.500,snap_through,8,Outer,17,256.029,106.418,275.884,44.589
658.500,snap_through,8,Outer,18,263.521,105.997,280.860,50.197
658.500,snap_through,8,Outer,19,271.159,103.675,287.238,54.969
658.500,snap_through,8,Outer,20,278.933,98.241,296.398,57.233
658.500,snap_through,8,Outer,21,286.382,90.051,305.951,51.729
658.500,snap_through,8,Outer,22,293.237,79.659,307.673,39.439
658.500,snap_through,8,Outer,23,299.951,67.202,305.456,25.492
658.500,snap_through,8,Outer,24,306.712,56.052,305.039,12.484
658.500,snap_through,8,Outer,25,313.458,48.169,311.823,4.664
658.500,snap_through,8,Outer,26,320.177,44.390,319.521,4.615
658.500,snap_through,8,Outer,27,327.283,43.927,325.866,7.845
658.500,snap_through,8,Outer,28,334.455,43.924,333.315,11.728
658.500,snap_through,8,Outer,29,341.628,43.924,339.617,15.148
658.500,snap_through,8,Outer,30,348.800,43.924,345.923,18.563
658.500,snap_through,8,Plate,1,140.800,41.459,144.165,23.706
658.500,snap_through,8,Plate,2,147.972,41.459,150.178,19.805
658.500,snap_through,8,Plate,3,155.145,41.459,156.183,15.892
658.500,snap_through,8,Plate,4,162.466,34.336,161.623,7.277
658.500,snap_through,8,Plate,5,169.751,24.669,168.716,-2.532
658.500,snap_through,8,Plate,6,176.701,15.891,175.497,-11.442
658.500,snap_through,8,Plate,7,183.834,9.845,182.318,-17.845
658.500,snap_through,8,Plate,8,191.007,9.845,189.471,-18.391
658.500,snap_through,8,Plate,9,198.179,9.845,196.624,-18.939
658.500,snap_through,8,Plate,10,205.352,9.845,203.788,-19.409
658.500,snap_through,8,Plate,11,212.526,11.670,211.075,-18.070
658.500,snap_through,8,Plate,12,219.660,14.743,218.408,-15.490
658.500,snap_through,8,Plate,13,226.927,16.409,225.757,-14.202
658.500,snap_through,8,Plate,14,234.092,16.240,232.921,-14.574
658.500,snap_through,8,Plate,15,241.226,15.949,240.057,-14.961
658.500,snap_through,8,Plate,16,248.374,15.949,247.210,-15.008
658.500,snap_through,8,Plate,17,255.508,16.240,254.351,-14.728
658.500,snap_through,8,Plate,18,262.673,16.409,261.520,-14.505
658.500,snap_through,8,Plate,19,269.940,14.743,268.825,-16.025
658.500,snap_through,8,Plate,20,277.074,11.670,276.024,-18.958
658.500,snap_through,8,Plate,21,284.248,9.845,283.193,-20.834
658.500,snap_through,8,Plate,22,291.421,9.845,290.364,-21.254
658.500,snap_through,8,Plate,23,298.593,9.845,297.518,-21.789
658.500,snap_through,8,Plate,24,305.766,9.845,304.675,-22.263
658.500,snap_through,8,Plate,25,312.899,15.891,312.205,-16.713
658.500,snap_through,8,Plate,26,319.849,24.669,319.703,-8.397
658.500,snap_through,8,Plate,27,327.134,34.336,327.328,1.005
658.500,snap_through,8,Plate,28,334.455,41.459,333.315,9.263
658.500,snap_through,8,Plate,29,341.628,41.459,339.617,12.684
658.500,snap_through,8,Plate,30,348.800,41.459,345.923,16.099
658.500,snap_through,8,Inner,1,183.834,12.309,182.318,-15.381
658.500,snap_through,8,Inner,2,191.007,12.309,189.471,-15.927
658.500,snap_through,8,Inner,3,198.179,12.309,196.624,-16.475
658.500,snap_through,8,Inner,4,205.206,19.990,204.261,-9.263
658.500,snap_through,8,Inner,5,212.126,31.298,211.857,1.578
658.500,snap_through,8,Inner,6,218.877,44.909,219.916,14.418
658.500,snap_through,8,Inner,7,225.964,56.366,229.067,24.248
658.500,snap_through,8,Inner,8,233.390,63.530,237.971,29.416
658.500,snap_through,8,Inner,9,241.025,66.240,245.963,30.637
658.500,snap_through,8,Inner,10,248.575,66.240,253.446,30.883
658.500,snap_through,8,Inner,11,256.210,63.530,261.514,31.366
658.500,snap_through,8,Inner,12,263.636,56.366,271.343,28.270
658.500,snap_through,8,Inner,13,270.723,44.909,279.811,17.904
658.500,snap_through,8,Inner,14,277.474,31.298,282.367,2.949
658.500,snap_through,8,Inner,15,284.394,19.990,285.574,-9.900
658.500,snap_through,8,Inner,16,291.421,12.309,290.364,-18.790
658.500,snap_through,8,Inner,17,298.593,12.309,297.518,-19.324
658.500,snap_through,8,Inner,18,305.766,12.309,304.675,-19.799
658.500,snap_through,8,Patch2,1,291.421,8.278,290.364,-22.821
658.500,snap_through,8,Patch2,2,298.593,8.278,297.518,-23.356
658.500,snap_through,8,Patch2,3,305.766,8.278,304.675,-23.830
658.500,snap_through,8,Patch3,1,183.834,8.278,182.318,-19.412
658.500,snap_through,8,Patch3,2,191.007,8.278,189.471,-19.958
658.500,snap_through,8,Patch3,3,198.179,8.278,196.624,-20.506
658.500,snap_through,8,Patch4,1,198.827,77.188,199.129,8.321
658.500,snap_through,8,Patch4,2,205.781,86.254,205.952,17.485
658.500,snap_through,8,Patch4,3,212.610,93.074,212.672,24.411
658.500,snap_through,8,Patch4,4,219.744,97.831,219.697,29.319
658.500,snap_through,8,Patch4,5,226.949,100.113,226.797,31.868
658.500,snap_through,8,Patch4,6,234.088,100.289,233.892,32.613
658.500,snap_through,8,Patch4,7,241.256,100.235,241.017,33.141
658.500,snap_through,8,Patch4,8,248.344,100.235,248.087,33.366
658.500,snap_through,8,Patch4,9,255.512,100.289,255.248,33.617
658.500,snap_through,8,Patch4,10,262.651,100.113,262.384,33.839
658.500,snap_through,8,Patch4,11,269.856,97.831,269.727,32.046
658.500,snap_through,8,Patch4,12,276.989,93.074,277.210,27.857
658.500,snap_through,8,Patch4,13,283.819,86.254,284.598,21.648
658.500,snap_through,8,Patch4,14,290.773,77.188,292.326,13.233
658.500,snap_through,9,Outer,1,140.800,41.821,144.351,23.972
658.500,snap_through,9,Outer,2,147.766,41.821,150.236,20.247
658.500,snap_through,9,Outer,3,154.731,41.821,156.115,16.511
658.500,snap_through,9,Outer,4,161.697,41.822,163.248,12.115
658.500,snap_through,9,Outer,5,168.609,42.268,168.995,8.246
658.500,snap_through,9,Outer,6,175.208,45.875,176.370,6.777
658.500,snap_through,9,Outer,7,181.788,53.270,186.195,7.969
658.500,snap_through,9,Outer,8,188.390,63.898,197.984,12.117
658.500,snap_through,9,Outer,9,194.949,75.960,209.831,19.015
658.500,snap_through,9,Outer,10,201.645,85.927,219.998,25.362
658.500,snap_through,9,Outer,11,208.805,93.528,229.102,30.425
658.500,snap_through,9,Outer,12,216.285,98.376,237.465,33.486
658.500,snap_through,9,Outer,13,223.660,100.324,245.048,34.260
658.500,snap_through,9,Outer,14,230.917,100.656,252.298,34.126
658.500,snap_through,9,Outer,15,238.170,100.670,259.506,34.736
658.500,snap_through,9,Outer,16,245.430,100.670,265.980,37.921
658.500,snap_through,9,Outer,17,252.682,100.656,271.001,43.137
658.500,snap_through,9,Outer,18,259.940,100.324,275.833,48.557
658.500,snap_through,9,Outer,19,267.315,98.376,281.846,53.245
658.500,snap_through,9,Outer,20,274.795,93.528,290.550,54.910
658.500,snap_through,9,Outer,21,281.955,85.927,298.797,48.631
658.500,snap_through,9,Outer,22,288.651,75.960,299.680,36.683
658.500,snap_through,9,Outer,23,295.210,63.898,297.520,23.139
658.500,snap_through,9,Outer,24,301.812,53.270,298.090,10.657
658.500,snap_through,9,Outer,25,308.392,45.875,305.667,4.327
658.500,snap_through,9,Outer,26,314.991,42.268,313.181,4.446
658.500,snap_through,9,Outer,27,321.903,41.822,319.359,7.581
658.500,snap_through,9,Outer,28,328.869,41.821,326.634,11.344
658.500,snap_through,9,Outer,29,335.834,41.821,332.780,14.621
658.500,snap_through,9,Outer,30,342.800,41.821,338.932,17.887
658.500,snap_through,9,Plate,1,140.800,39.357,144.351,21.508
658.500,snap_through,9,Plate,2,147.766,39.357,150.236,17.782
658.500,snap_through,9,Plate,3,154.731,39.357,156.115,14.047
658.500,snap_through,9,Plate,4,161.847,32.291,161.385,5.532
658.500,snap_through,9,Plate,5,168.904,22.942,168.100,-4.062
658.500,snap_through,9,Plate,6,175.659,14.820,174.611,-12.380
658.500,snap_through,9,Plate,7,182.593,9.592,181.288,-17.933
658.500,snap_through,9,Plate,8,189.559,9.592,188.241,-18.369
658.500,snap_through,9,Plate,9,196.524,9.592,195.194,-18.803
658.500,snap_through,9,Plate,10,203.490,9.592,202.153,-19.189
658.500,snap_through,9,Plate,11,210.433,11.441,209.197,-17.739
658.500,snap_through,9,Plate,12,217.390,14.434,216.321,-15.154
658.500,snap_through,9,Plate,13,224.447,15.934,223.442,-13.965
658.500,snap_through,9,Plate,14,231.405,15.764,230.399,-14.310
658.500,snap_through,9,Plate,15,238.329,15.482,237.323,-14.689
658.500,snap_through,9,Plate,16,245.271,15.482,244.269,-14.755
658.500,snap_through,9,Plate,17,252.195,15.764,251.199,-14.516
658.500,snap_through,9,Plate,18,259.153,15.934,258.161,-14.342
658.500,snap_through,9,Plate,19,266.210,14.434,265.239,-15.763
658.500,snap_through,9,Plate,20,273.167,11.441,272.241,-18.664
658.500,snap_through,9,Plate,21,280.110,9.592,279.182,-20.544
658.500,snap_through,9,Plate,22,287.076,9.592,286.150,-20.851
658.500,snap_through,9,Plate,23,294.041,9.592,293.102,-21.300
658.500,snap_through,9,Plate,24,301.007,9.592,300.058,-21.683
658.500,snap_through,9,Plate,25,307.941,14.820,307.237,-16.798
658.500,snap_through,9,Plate,26,314.696,22.942,314.254,-8.903
658.500,snap_through,9,Plate,27,321.753,32.291,321.287,0.453
658.500,snap_through,9,Plate,28,328.869,39.357,326.634,8.880
658.500,snap_through,9,Plate,29,335.834,39.357,332.780,12.157
658.500,snap_through,9,Plate,30,342.800,39.357,338.932,15.423
658.500,snap_through,9,Inner,1,182.593,12.056,181.288,-15.468
658.500,snap_through,9,Inner,2,189.559,12.056,188.241,-15.905
658.500,snap_through,9,Inner,3,196.524,12.056,195.194,-16.339
658.500,snap_through,9,Inner,4,203.397,19.511,202.565,-9.269
658.500,snap_through,9,Inner,5,210.133,30.518,209.869,1.338
658.500,snap_through,9,Inner,6,216.714,43.686,217.609,13.808
658.500,snap_through,9,Inner,7,223.599,54.542,226.363,23.159
658.500,snap_through,9,Inner,8,230.777,61.083,234.787,27.953
658.500,snap_through,9,Inner,9,238.147,63.531,242.481,28.911
658.500,snap_through,9,Inner,10,245.453,63.531,249.731,29.167
658.500,snap_through,9,Inner,11,252.823,61.083,257.463,29.650
658.500,snap_through,9,Inner,12,260.001,54.542,266.741,26.916
658.500,snap_through,9,Inner,13,266.886,43.686,274.635,16.910
658.500,snap_through,9,Inner,14,273.467,30.518,277.533,2.493
658.500,snap_through,9,Inner,15,280.203,19.511,281.108,-9.898
658.500,snap_through,9,Inner,16,287.076,12.056,286.150,-18.387
658.500,snap_through,9,Inner,17,294.041,12.056,293.102,-18.836
658.500,snap_through,9,Inner,18,301.007,12.056,300.058,-19.219
658.500,snap_through,9,Patch1,1,203.490,13.073,202.153,-15.708
658.500,snap_through,9,Patch1,2,209.589,14.803,208.515,-14.311
658.500,snap_through,9,Patch1,3,217.450,17.933,216.518,-11.567
658.500,snap_through,9,Patch1,4,224.512,19.326,223.627,-10.441
658.500,snap_through,9,Patch1,5,231.408,19.187,230.519,-10.756
658.500,snap_through,9,Patch1,6,238.331,18.882,237.437,-11.171
658.500,snap_through,9,Patch1,7,245.269,18.882,244.375,-11.234
658.500,snap_through,9,Patch1,8,252.192,19.187,251.300,-10.955
658.500,snap_through,9,Patch1,9,259.088,19.326,258.197,-10.811
658.500,snap_through,9,Patch1,10,266.150,17.933,265.265,-12.171
658.500,snap_through,9,Patch1,11,274.011,14.803,273.135,-15.277
658.500,snap_through,9,Patch1,12,280.110,13.073,279.182,-17.063
658.500,snap_through,9,Patch2,1,287.076,8.025,286.150,-22.418
658.500,snap_through,9,Patch2,2,294.041,8.025,293.102,-22.867
658.500,snap_through,9,Patch2,3,301.007,8.025,300.058,-23.250
658.500,snap_through,9,Patch3,1,182.593,8.025,181.288,-19.499
658.500,snap_through,9,Patch3,2,189.559,8.025,188.241,-19.936
658.500,snap_through,9,Patch3,3,196.524,8.025,195.194,-20.370
658.500,snap_through,9,Patch4,1,197.238,73.649,197.248,9.286
658.500,snap_through,9,Patch4,2,204.061,82.424,204.126,17.964
658.500,snap_through,9,Patch4,3,210.677,89.048,210.767,24.521
658.500,snap_through,9,Patch4,4,217.602,93.438,217.672,28.915
658.500,snap_through,9,Patch4,5,224.585,95.404,224.615,31.010
658.500,snap_through,9,Patch4,6,231.525,95.546,231.546,31.403
658.500,snap_through,9,Patch4,7,238.380,95.337,238.405,31.412
658.500,snap_through,9,Patch4,8,245.220,95.337,245.241,31.649
658.500,snap_through,9,Patch4,9,252.075,95.546,252.083,32.116
658.500,snap_through,9,Patch4,10,259.015,95.404,259.023,32.256
658.500,snap_through,9,Patch4,11,265.998,93.438,266.120,30.760
658.500,snap_through,9,Patch4,12,272.923,89.048,273.400,27.015
658.500,snap_through,9,Patch4,13,279.539,82.424,280.620,21.095
658.500,snap_through,9,Patch4,14,286.362,73.649,288.261,13.072
658.500,snap_through,10,Outer,1,140.800,39.668,143.409,24.210
658.500,snap_through,10,Outer,2,147.559,39.668,149.274,20.856
658.500,snap_through,10,Outer,3,154.317,39.668,155.131,17.487
658.500,snap_through,10,Outer,4,161.076,39.719,162.198,13.575
658.500,snap_through,10,Outer,5,167.791,40.129,167.989,10.153
658.500,snap_through,10,Outer,6,174.245,43.473,175.196,9.196
658.500,snap_through,10,Outer,7,180.654,50.504,184.444,11.397
658.500,snap_through,10,Outer,8,187.088,60.758,195.105,17.073
658.500,snap_through,10,Outer,9,193.474,72.697,205.533,25.626
658.500,snap_through,10,Outer,10,199.989,82.455,214.592,33.016
658.500,snap_through,10,Outer,11,206.913,89.649,223.077,38.238
658.500,snap_through,10,Outer,12,214.119,94.117,231.140,40.835
658.500,snap_through,10,Outer,13,221.244,95.761,238.431,40.905
658.500,snap_through,10,Outer,14,228.272,96.019,245.361,39.987
658.500,snap_through,10,Outer,15,235.290,96.026,252.299,40.386
658.500,snap_through,10,Outer,16,242.310,96.026,258.136,44.246
658.500,snap_through,10,Outer,17,249.328,96.019,263.266,49.023
658.500,snap_through,10,Outer,18,256.356,95.761,268.467,53.747
658.500,snap_through,10,Outer,19,263.481,94.117,274.738,57.502
658.500,snap_through,10,Outer,20,270.687,89.649,283.170,57.165
658.500,snap_through,10,Outer,21,277.611,82.455,288.545,48.825
658.500,snap_through,10,Outer,22,284.126,72.697,289.042,37.113
658.500,snap_through,10,Outer,23,290.512,60.758,288.106,23.612
658.500,snap_through,10,Outer,24,296.946,50.504,291.855,12.115
658.500,snap_through,10,Outer,25,303.355,43.473,300.085,7.376
658.500,snap_through,10,Outer,26,309.809,40.129,307.355,7.366
658.500,snap_through,10,Outer,27,316.524,39.719,313.499,10.106
658.500,snap_through,10,Outer,28,323.283,39.668,320.671,13.338
658.500,snap_through,10,Outer,29,330.041,39.668,326.792,16.198
658.500,snap_through,10,Outer,30,336.800,39.668,332.918,19.046
658.500,snap_through,10,Plate,1,140.800,37.204,143.409,21.745
658.500,snap_through,10,Plate,2,147.559,37.204,149.274,18.392
658.500,snap_through,10,Plate,3,154.317,37.204,155.131,15.023
658.500,snap_through,10,Plate,4,161.218,30.231,160.289,6.734
658.500,snap_through,10,Plate,5,168.054,21.110,167.064,-2.410
658.500,snap_through,10,Plate,6,174.610,13.360,173.694,-10.077
658.500,snap_through,10,Plate,7,181.352,8.626,180.425,-14.820
658.500,snap_through,10,Plate,8,188.110,8.626,187.183,-14.957
658.500,snap_through,10,Plate,9,194.869,8.626,193.940,-15.148
658.500,snap_through,10,Plate,10,201.628,8.626,200.701,-15.351
658.500,snap_through,10,Plate,11,208.345,10.370,207.486,-13.870
658.500,snap_through,10,Plate,12,215.111,13.202,214.379,-11.357
658.500,snap_through,10,Plate,13,221.958,14.570,221.281,-10.263
658.500,snap_through,10,Plate,14,228.716,14.372,228.035,-10.654
658.500,snap_through,10,Plate,15,235.433,14.065,234.748,-11.121
658.500,snap_through,10,Plate,16,242.167,14.065,241.485,-11.289
658.500,snap_through,10,Plate,17,248.884,14.372,248.212,-11.168
658.500,snap_through,10,Plate,18,255.642,14.570,254.976,-11.154
658.500,snap_through,10,Plate,19,262.489,13.202,261.789,-12.690
658.500,snap_through,10,Plate,20,269.255,10.370,268.476,-15.698
658.500,snap_through,10,Plate,21,275.972,8.626,275.122,-17.692
658.500,snap_through,10,Plate,22,282.731,8.626,281.872,-18.046
658.500,snap_through,10,Plate,23,289.490,8.626,288.619,-18.423
658.500,snap_through,10,Plate,24,296.248,8.626,295.369,-18.769
658.500,snap_through,10,Plate,25,302.990,13.360,302.306,-14.335
658.500,snap_through,10,Plate,26,309.546,21.110,309.019,-6.740
658.500,snap_through,10,Plate,27,316.382,30.231,315.636,2.515
658.500,snap_through,10,Plate,28,323.283,37.204,320.671,10.874
658.500,snap_through,10,Plate,29,330.041,37.204,326.792,13.734
658.500,snap_through,10,Plate,30,336.800,37.204,332.918,16.582
658.500,snap_through,10,Inner,1,181.352,11.090,180.425,-12.355
658.500,snap_through,10,Inner,2,188.110,11.090,187.183,-12.492
658.500,snap_through,10,Inner,3,194.869,11.090,193.940,-12.684
658.500,snap_through,10,Inner,4,201.583,18.186,201.014,-5.891
658.500,snap_through,10,Inner,5,208.099,28.933,208.110,4.440
658.500,snap_through,10,Inner,6,214.505,41.894,215.408,16.874
658.500,snap_through,10,Inner,7,221.206,52.486,222.929,26.862
658.500,snap_through,10,Inner,8,228.153,58.705,230.293,32.561
658.500,snap_through,10,Inner,9,235.268,61.015,237.486,34.613
658.500,snap_through,10,Inner,10,242.332,61.015,244.545,34.908
658.500,snap_through,10,Inner,11,249.447,58.705,251.833,33.258
658.500,snap_through,10,Inner,12,256.394,52.486,259.204,27.596
658.500,snap_through,10,Inner,13,263.095,41.894,265.606,16.870
658.500,snap_through,10,Inner,14,269.501,28.933,270.612,3.343
658.500,snap_through,10,Inner,15,276.017,18.186,275.933,-8.012
658.500,snap_through,10,Inner,16,282.731,11.090,281.872,-15.582
658.500,snap_through,10,Inner,17,289.490,11.090,288.619,-15.958
658.500,snap_through,10,Inner,18,296.248,11.090,295.369,-16.305
658.500,snap_through,10,Patch2,1,282.731,7.059,281.872,-19.613
658.500,snap_through,10,Patch2,2,289.490,7.059,288.619,-19.990
658.500,snap_through,10,Patch2,3,296.248,7.059,295.369,-20.336
658.500,snap_through,10,Patch3,1,181.352,7.059,180.425,-16.386
658.500,snap_through,10,Patch3,2,188.110,7.059,187.183,-16.523
658.500,snap_through,10,Patch3,3,194.869,7.059,193.940,-16.715
658.500,snap_through,10,Patch4,1,195.329,69.366,195.400,14.075
658.500,snap_through,10,Patch4,2,201.897,78.048,202.054,22.566
658.500,snap_through,10,Patch4,3,208.521,84.991,208.717,29.370
658.500,snap_through,10,Patch4,4,215.278,89.783,215.445,34.133
658.500,snap_through,10,Patch4,5,222.106,91.706,222.217,36.215
658.500,snap_through,10,Patch4,6,228.891,91.857,228.981,36.752
658.500,snap_through,10,Patch4,7,235.567,91.780,235.648,37.096
658.500,snap_through,10,Patch4,8,242.033,91.780,242.108,37.398
658.500,snap_through,10,Patch4,9,248.709,91.857,248.780,37.687
658.500,snap_through,10,Patch4,10,255.494,91.706,255.569,37.739
658.500,snap_through,10,Patch4,11,262.322,89.783,262.465,36.094
658.500,snap_through,10,Patch4,12,269.079,84.991,269.441,31.684
658.500,snap_through,10,Patch4,13,275.703,78.048,276.428,25.194
658.500,snap_through,10,Patch4,14,282.271,69.366,283.474,17.004
658.500,snap_through,11,Outer,1,140.800,37.778,141.515,24.853
658.500,snap_through,11,Outer,2,147.352,37.778,147.588,22.403
658.500,snap_through,11,Outer,3,153.903,37.778,153.659,19.949
658.500,snap_through,11,Outer,4,160.455,37.756,160.643,17.146
658.500,snap_through,11,Outer,5,166.972,38.129,166.732,14.808
658.500,snap_through,11,Outer,6,173.275,41.172,173.725,15.009
658.500,snap_through,11,Outer,7,179.510,47.531,181.906,18.484
658.500,snap_through,11,Outer,8,185.771,56.841,190.854,25.173
658.500,snap_through,11,Outer,9,191.988,67.968,199.752,34.182
658.500,snap_through,11,Outer,10,198.313,77.018,207.852,41.595
658.500,snap_through,11,Outer,11,204.978,83.598,215.542,46.890
658.500,snap_through,11,Outer,12,211.921,87.530,222.920,49.914
658.500,snap_through,11,Outer,13,218.813,88.897,229.872,50.812
658.500,snap_through,11,Outer,14,225.616,89.118,236.632,51.186
658.500,snap_through,11,Outer,15,232.405,89.133,243.187,52.788
658.500,snap_through,11,Outer,16,239.195,89.133,249.389,55.522
658.500,snap_through,11,Outer,17,245.984,89.118,255.487,58.496
658.500,snap_through,11,Outer,18,252.787,88.897,261.691,61.284
658.500,snap_through,11,Outer,19,259.679,87.530,268.559,62.692
658.500,snap_through,11,Outer,20,266.622,83.598,275.326,58.543
658.500,snap_through,11,Outer,21,273.287,77.018,278.446,49.744
658.500,snap_through,11,Outer,22,279.612,67.968,279.538,38.781
658.500,snap_through,11,Outer,23,285.829,56.841,280.924,26.143
658.500,snap_through,11,Outer,24,292.090,47.531,287.587,17.116
658.500,snap_through,11,Outer,25,298.325,41.172,295.504,13.060
658.500,snap_through,11,Outer,26,304.628,38.129,302.467,12.341
658.500,snap_through,11,Outer,27,311.145,37.756,308.730,14.170
658.500,snap_through,11,Outer,28,317.697,37.778,315.720,16.428
658.500,snap_through,11,Outer,29,324.248,37.778,321.953,18.432
658.500,snap_through,11,Outer,30,330.800,37.778,328.186,20.437
658.500,snap_through,11,Plate,1,140.800,35.313,141.515,22.388
658.500,snap_through,11,Plate,2,147.352,35.313,147.588,19.939
658.500,snap_through,11,Plate,3,153.903,35.313,153.659,17.485
658.500,snap_through,11,Plate,4,160.593,28.814,159.127,9.977
658.500,snap_through,11,Plate,5,167.202,20.300,165.990,1.696
658.500,snap_through,11,Plate,6,173.563,13.270,172.676,-5.006
658.500,snap_through,11,Plate,7,180.110,9.254,179.374,-8.755
658.500,snap_through,11,Plate,8,186.662,9.254,185.925,-8.626
658.500,snap_through,11,Plate,9,193.214,9.254,192.478,-8.592
658.500,snap_through,11,Plate,10,199.766,9.254,199.030,-8.691
658.500,snap_through,11,Plate,11,206.252,10.912,205.564,-7.229
658.500,snap_through,11,Plate,12,212.838,13.547,212.236,-4.832
658.500,snap_through,11,Plate,13,219.480,14.725,218.916,-3.899
658.500,snap_through,11,Plate,14,226.031,14.516,225.456,-4.345
658.500,snap_through,11,Plate,15,232.537,14.211,231.945,-4.887
658.500,snap_through,11,Plate,16,239.063,14.211,238.467,-5.131
658.500,snap_through,11,Plate,17,245.569,14.516,244.979,-5.077
658.500,snap_through,11,Plate,18,252.120,14.725,251.534,-5.127
658.500,snap_through,11,Plate,19,258.762,13.547,258.121,-6.567
658.500,snap_through,11,Plate,20,265.348,10.912,264.588,-9.466
658.500,snap_through,11,Plate,21,271.834,9.254,270.992,-11.406
658.500,snap_through,11,Plate,22,278.386,9.254,277.533,-11.730
658.500,snap_through,11,Plate,23,284.938,9.254,284.072,-12.143
658.500,snap_through,11,Plate,24,291.490,9.254,290.607,-12.602
658.500,snap_through,11,Plate,25,298.037,13.270,297.420,-9.067
658.500,snap_through,11,Plate,26,304.398,20.300,304.125,-2.388
658.500,snap_through,11,Plate,27,311.007,28.814,310.518,6.258
658.500,snap_through,11,Plate,28,317.697,35.313,315.720,13.964
658.500,snap_through,11,Plate,29,324.248,35.313,321.953,15.968
658.500,snap_through,11,Plate,30,330.800,35.313,328.186,17.973
658.500,snap_through,11,Inner,1,180.110,11.718,179.374,-6.291
658.500,snap_through,11,Inner,2,186.662,11.718,185.925,-6.162
658.500,snap_through,11,Inner,3,193.214,11.718,192.478,-6.128
658.500,snap_through,11,Inner,4,199.736,18.029,199.128,0.052
658.500,snap_through,11,Inner,5,206.081,28.040,205.815,9.798
658.500,snap_through,11,Inner,6,212.309,40.061,212.605,21.463
658.500,snap_through,11,Inner,7,218.819,49.723,219.561,30.771
658.500,snap_through,11,Inner,8,225.513,55.281,226.471,36.038
658.500,snap_through,11,Inner,9,232.382,57.312,233.407,37.824
658.500,snap_through,11,Inner,10,239.218,57.312,240.238,37.597
658.500,snap_through,11,Inner,11,246.087,55.281,247.030,35.339
658.500,snap_through,11,Inner,12,252.781,49.723,253.510,29.562
658.500,snap_through,11,Inner,13,259.291,40.061,259.658,19.708
658.500,snap_through,11,Inner,14,265.519,28.040,265.474,7.527
658.500,snap_through,11,Inner,15,271.864,18.029,271.439,-2.679
658.500,snap_through,11,Inner,16,278.386,11.718,277.533,-9.266
658.500,snap_through,11,Inner,17,284.938,11.718,284.072,-9.679
658.500,snap_through,11,Inner,18,291.490,11.718,290.607,-10.138
658.500,snap_through,11,Patch1,1,199.766,12.597,199.030,-5.348
658.500,snap_through,11,Patch1,2,205.429,14.310,204.863,-3.852
658.500,snap_through,11,Patch1,3,212.897,17.027,212.441,-1.471
658.500,snap_through,11,Patch1,4,219.549,17.995,219.129,-0.783
658.500,snap_through,11,Patch1,5,226.056,17.807,225.626,-1.208
658.500,snap_through,11,Patch1,6,232.539,17.524,232.097,-1.706
658.500,snap_through,11,Patch1,7,239.061,17.524,238.616,-1.917
658.500,snap_through,11,Patch1,8,245.544,17.807,245.106,-1.849
658.500,snap_through,11,Patch1,9,252.051,17.995,251.616,-1.888
658.500,snap_through,11,Patch1,10,258.703,17.027,258.227,-3.099
658.500,snap_through,11,Patch1,11,266.171,14.310,265.574,-6.113
658.500,snap_through,11,Patch1,12,271.834,12.597,270.992,-8.063
658.500,snap_through,11,Patch2,1,278.386,7.687,277.533,-13.297
658.500,snap_through,11,Patch2,2,284.938,7.687,284.072,-13.710
658.500,snap_through,11,Patch2,3,291.490,7.687,290.607,-14.169
658.500,snap_through,11,Patch3,1,180.110,7.687,179.374,-10.322
658.500,snap_through,11,Patch3,2,186.662,7.687,185.925,-10.193
658.500,snap_through,11,Patch3,3,193.214,7.687,192.478,-10.159
658.500,snap_through,11,Patch4,1,194.083,66.285,194.147,23.891
658.500,snap_through,11,Patch4,2,200.528,74.107,200.578,31.547
658.500,snap_through,11,Patch4,3,206.781,80.139,206.828,37.444
658.500,snap_through,11,Patch4,4,213.263,83.631,213.314,40.851
658.500,snap_through,11,Patch4,5,219.783,85.206,219.832,42.391
658.500,snap_through,11,Patch4,6,226.300,85.292,226.348,42.499
658.500,snap_through,11,Patch4,7,232.666,85.106,232.715,42.374
658.500,snap_through,11,Patch4,8,238.934,85.106,238.980,42.468
658.500,snap_through,11,Patch4,9,245.300,85.292,245.340,42.777
658.500,snap_through,11,Patch4,10,251.817,85.206,251.855,42.833
658.500,snap_through,11,Patch4,11,258.336,83.631,258.401,41.412
658.500,snap_through,11,Patch4,12,264.818,80.139,264.920,38.063
658.500,snap_through,11,Patch4,13,271.072,74.107,271.176,32.153
658.500,snap_through,11,Patch4,14,277.517,66.285,277.553,24.425
658.500,snap_through,12,Outer,1,140.800,35.764,140.215,26.132
658.500,snap_through,12,Outer,2,147.145,35.764,146.425,24.834
658.500,snap_through,12,Outer,3,153.490,35.764,152.638,23.548
658.500,snap_through,12,Outer,4,159.834,35.798,159.368,22.163
658.500,snap_through,12,Outer,5,166.153,36.172,165.602,21.085
658.500,snap_through,12,Outer,6,172.304,39.184,172.279,22.588
658.500,snap_through,12,Outer,7,178.365,45.306,179.526,27.198
658.500,snap_through,12,Outer,8,184.455,54.259,187.223,34.733
658.500,snap_through,12,Outer,9,190.512,64.860,194.845,44.163
658.500,snap_through,12,Outer,10,196.621,73.524,201.849,52.037
658.500,snap_through,12,Outer,11,203.038,80.001,208.587,58.125
658.500,snap_through,12,Outer,12,209.702,83.742,215.198,61.947
658.500,snap_through,12,Outer,13,216.367,85.039,221.734,63.793
658.500,snap_through,12,Outer,14,222.951,85.249,228.228,64.880
658.500,snap_through,12,Outer,15,229.518,85.264,234.702,65.962
658.500,snap_through,12,Outer,16,236.082,85.264,241.165,67.087
658.500,snap_through,12,Outer,17,242.649,85.249,247.646,68.119
658.500,snap_through,12,Outer,18,249.233,85.039,254.198,68.726
658.500,snap_through,12,Outer,19,255.898,83.742,260.822,67.335
658.500,snap_through,12,Outer,20,262.562,80.001,266.389,62.152
658.500,snap_through,12,Outer,21,268.979,73.524,270.190,53.911
658.500,snap_through,12,Outer,22,275.088,64.860,273.010,43.746
658.500,snap_through,12,Outer,23,281.145,54.259,276.949,32.262
658.500,snap_through,12,Outer,24,287.235,45.306,284.535,24.556
658.500,snap_through,12,Outer,25,293.296,39.184,291.670,19.749
658.500,snap_through,12,Outer,26,299.447,36.172,298.291,18.002
658.500,snap_through,12,Outer,27,305.766,35.798,304.560,18.857
658.500,snap_through,12,Outer,28,312.110,35.764,311.254,20.017
658.500,snap_through,12,Outer,29,318.455,35.764,317.506,21.079
658.500,snap_through,12,Outer,30,324.800,35.764,323.758,22.144
658.500,snap_through,12,Plate,1,140.800,33.300,140.215,23.667
658.500,snap_through,12,Plate,2,147.145,33.300,146.425,22.370
658.500,snap_through,12,Plate,3,153.490,33.300,152.638,21.084
658.500,snap_through,12,Plate,4,159.968,26.864,158.597,14.172
658.500,snap_through,12,Plate,5,166.351,18.503,165.441,6.205
658.500,snap_through,12,Plate,6,172.533,11.872,171.909,-0.125
658.500,snap_through,12,Plate,7,178.869,8.323,178.375,-3.419
658.500,snap_through,12,Plate,8,185.214,8.323,184.718,-3.247
658.500,snap_through,12,Plate,9,191.559,8.323,191.062,-3.132
658.500,snap_through,12,Plate,10,197.903,8.323,197.406,-3.099
658.500,snap_through,12,Plate,11,204.172,10.250,203.681,-1.205
658.500,snap_through,12,Plate,12,210.585,12.745,210.115,1.219
658.500,snap_through,12,Plate,13,217.010,13.760,216.554,2.132
658.500,snap_through,12,Plate,14,223.350,13.533,222.887,1.767
658.500,snap_through,12,Plate,15,229.641,13.231,229.166,1.287
658.500,snap_through,12,Plate,16,235.959,13.231,235.479,1.062
658.500,snap_through,12,Plate,17,242.250,13.533,241.776,1.097
658.500,snap_through,12,Plate,18,248.590,13.760,248.119,1.012
658.500,snap_through,12,Plate,19,255.015,12.745,254.476,-0.354
658.500,snap_through,12,Plate,20,261.428,10.250,260.722,-3.218
658.500,snap_through,12,Plate,21,267.697,8.323,266.858,-5.515
658.500,snap_through,12,Plate,22,274.041,8.323,273.190,-5.864
658.500,snap_through,12,Plate,23,280.386,8.323,279.516,-6.353
658.500,snap_through,12,Plate,24,286.731,8.323,285.836,-6.910
658.500,snap_through,12,Plate,25,293.067,11.872,292.479,-3.991
658.500,snap_through,12,Plate,26,299.249,18.503,299.213,2.053
658.500,snap_through,12,Plate,27,305.632,26.864,305.610,10.387
658.500,snap_through,12,Plate,28,312.110,33.300,311.254,17.553
658.500,snap_through,12,Plate,29,318.455,33.300,317.506,18.614
658.500,snap_through,12,Plate,30,324.800,33.300,323.758,19.680
658.500,snap_through,12,Inner,1,178.869,10.788,178.375,-0.955
658.500,snap_through,12,Inner,2,185.214,10.788,184.718,-0.783
658.500,snap_through,12,Inner,3,191.559,10.788,191.062,-0.668
658.500,snap_through,12,Inner,4,197.895,17.093,197.349,5.631
658.500,snap_through,12,Inner,5,204.082,27.105,203.650,15.525
658.500,snap_through,12,Inner,6,210.140,38.557,210.025,26.749
658.500,snap_through,12,Inner,7,216.462,47.473,216.707,35.356
658.500,snap_through,12,Inner,8,222.882,52.427,223.361,39.968
658.500,snap_through,12,Inner,9,229.495,54.128,230.054,41.317
658.500,snap_through,12,Inner,10,236.104,54.128,236.654,40.982
658.500,snap_through,12,Inner,11,242.718,52.427,243.183,38.989
658.500,snap_through,12,Inner,12,249.138,47.473,249.418,33.828
658.500,snap_through,12,Inner,13,255.460,38.557,255.526,24.808
658.500,snap_through,12,Inner,14,261.518,27.105,261.400,13.316
658.500,snap_through,12,Inner,15,267.705,17.093,267.319,3.188
658.500,snap_through,12,Inner,16,274.041,10.788,273.190,-3.399
658.500,snap_through,12,Inner,17,280.386,10.788,279.516,-3.889
658.500,snap_through,12,Inner,18,286.731,10.788,285.836,-4.445
658.500,snap_through,12,Patch1,1,197.903,11.612,197.406,0.190
658.500,snap_through,12,Patch1,2,203.450,13.990,203.014,2.478
658.500,snap_through,12,Patch1,3,210.648,16.002,210.256,4.316
658.500,snap_through,12,Patch1,4,217.038,16.838,216.667,4.970
658.500,snap_through,12,Patch1,5,223.344,16.600,222.963,4.542
658.500,snap_through,12,Patch1,6,229.641,16.306,229.249,4.041
658.500,snap_through,12,Patch1,7,235.959,16.306,235.562,3.813
658.500,snap_through,12,Patch1,8,242.256,16.600,241.867,3.860
658.500,snap_through,12,Patch1,9,248.562,16.838,248.179,3.838
658.500,snap_through,12,Patch1,10,254.952,16.002,254.528,2.737
658.500,snap_through,12,Patch1,11,262.150,13.990,261.626,0.409
658.500,snap_through,12,Patch1,12,267.697,11.612,266.858,-2.226
658.500,snap_through,12,Patch2,1,274.041,6.756,273.190,-7.431
658.500,snap_through,12,Patch2,2,280.386,6.756,279.516,-7.920
658.500,snap_through,12,Patch2,3,286.731,6.756,285.836,-8.477
658.500,snap_through,12,Patch3,1,178.869,6.757,178.375,-4.986
658.500,snap_through,12,Patch3,2,185.214,6.757,184.718,-4.814
658.500,snap_through,12,Patch3,3,191.559,6.757,191.062,-4.699
658.500,snap_through,12,Patch4,1,192.077,61.597,192.272,33.867
658.500,snap_through,12,Patch4,2,198.301,69.349,198.412,41.481
658.500,snap_through,12,Patch4,3,204.533,75.546,204.583,47.575
658.500,snap_through,12,Patch4,4,210.875,80.134,210.887,52.095
658.500,snap_through,12,Patch4,5,217.255,81.458,217.259,53.426
658.500,snap_through,12,Patch4,6,223.597,81.558,223.600,53.554
658.500,snap_through,12,Patch4,7,229.747,81.611,229.749,53.626
658.500,snap_through,12,Patch4,8,235.853,81.611,235.856,53.636
658.500,snap_through,12,Patch4,9,242.003,81.558,242.005,53.585
658.500,snap_through,12,Patch4,10,248.345,81.458,248.347,53.479
658.500,snap_through,12,Patch4,11,254.725,80.134,254.725,52.172
658.500,snap_through,12,Patch4,12,261.067,75.546,261.049,47.675
658.500,snap_through,12,Patch4,13,267.299,69.349,267.248,41.602
658.500,snap_through,12,Patch4,14,273.523,61.597,273.419,34.007
658.500,snap_through,13,Outer,1,140.800,33.866,140.217,28.865
658.500,snap_through,13,Outer,2,146.938,33.866,146.339,28.418
658.500,snap_through,13,Outer,3,153.076,33.866,152.461,27.982
658.500,snap_through,13,Outer,4,159.214,33.898,158.774,27.519
658.500,snap_through,13,Outer,5,165.337,34.286,164.905,27.348
658.500,snap_through,13,Outer,6,171.352,37.358,171.187,29.806
658.500,snap_through,13,Outer,7,177.259,43.243,177.625,35.059
658.500,snap_through,13,Outer,8,183.190,51.657,184.253,42.865
658.500,snap_through,13,Outer,9,189.097,61.538,190.797,52.249
658.500,snap_through,13,Outer,10,195.018,69.686,197.025,60.094
658.500,snap_through,13,Outer,11,201.192,75.889,203.264,66.185
658.500,snap_through,13,Outer,12,207.563,79.241,209.592,69.606
658.500,snap_through,13,Outer,13,213.958,80.350,215.946,70.922
658.500,snap_through,13,Outer,14,220.301,80.555,222.270,71.418
658.500,snap_through,13,Outer,15,226.634,80.597,228.589,71.779
658.500,snap_through,13,Outer,16,232.966,80.597,234.910,72.065
658.500,snap_through,13,Outer,17,239.299,80.555,241.238,72.198
658.500,snap_through,13,Outer,18,245.642,80.350,247.575,71.970
658.500,snap_through,13,Outer,19,252.037,79.241,253.875,70.468
658.500,snap_through,13,Outer,20,258.408,75.889,259.730,66.329
658.500,snap_through,13,Outer,21,264.582,69.686,264.732,59.210
658.500,snap_through,13,Outer,22,270.503,61.538,269.197,50.258
658.500,snap_through,13,Outer,23,276.410,51.657,274.621,40.170
658.500,snap_through,13,Outer,24,282.341,43.243,281.535,32.556
658.500,snap_through,13,Outer,25,288.248,37.358,287.922,27.212
658.500,snap_through,13,Outer,26,294.263,34.286,294.127,24.552
658.500,snap_through,13,Outer,27,300.386,33.898,300.260,24.519
658.500,snap_through,13,Outer,28,306.524,33.866,306.517,24.801
658.500,snap_through,13,Outer,29,312.662,33.866,312.649,25.049
658.500,snap_through,13,Outer,30,318.800,33.866,318.781,25.308
658.500,snap_through,13,Plate,1,140.800,31.401,140.217,26.401
658.500,snap_through,13,Plate,2,146.938,31.401,146.339,25.953
658.500,snap_through,13,Plate,3,153.076,31.401,152.461,25.518
658.500,snap_through,13,Plate,4,159.343,24.803,158.720,18.915
658.500,snap_through,13,Plate,5,165.508,16.664,165.179,11.022
658.500,snap_through,13,Plate,6,171.521,10.866,171.298,5.353
658.500,snap_through,13,Plate,7,177.628,8.057,177.463,2.679
658.500,snap_through,13,Plate,8,183.766,8.057,183.599,2.796
658.500,snap_through,13,Plate,9,189.903,8.057,189.736,2.899
658.500,snap_through,13,Plate,10,196.041,8.057,195.872,2.995
658.500,snap_through,13,Plate,11,202.121,10.574,201.907,5.601
658.500,snap_through,13,Plate,12,208.355,12.863,208.104,7.969
658.500,snap_through,13,Plate,13,214.549,13.670,214.291,8.814
658.500,snap_through,13,Plate,14,220.666,13.483,220.406,8.607
658.500,snap_through,13,Plate,15,226.748,13.233,226.483,8.277
658.500,snap_through,13,Plate,16,232.852,13.233,232.585,8.137
658.500,snap_through,13,Plate,17,238.934,13.483,238.671,8.190
658.500,snap_through,13,Plate,18,245.051,13.670,244.789,8.124
658.500,snap_through,13,Plate,19,251.245,12.863,250.934,7.013
658.500,snap_through,13,Plate,20,257.479,10.574,257.024,4.387
658.500,snap_through,13,Plate,21,263.559,8.057,262.946,1.537
658.500,snap_through,13,Plate,22,269.697,8.057,269.063,1.087
658.500,snap_through,13,Plate,23,275.834,8.057,275.186,0.651
658.500,snap_through,13,Plate,24,281.972,8.057,281.303,0.146
658.500,snap_through,13,Plate,25,288.079,10.866,287.658,2.327
658.500,snap_through,13,Plate,26,294.092,16.664,294.265,7.418
658.500,snap_through,13,Plate,27,300.257,24.803,300.608,15.414
658.500,snap_through,13,Plate,28,306.524,31.401,306.517,22.337
658.500,snap_through,13,Plate,29,312.662,31.401,312.649,22.585
658.500,snap_through,13,Plate,30,318.800,31.401,318.781,22.843
658.500,snap_through,13,Inner,1,177.628,10.521,177.463,5.143
658.500,snap_through,13,Inner,2,183.766,10.521,183.599,5.260
658.500,snap_through,13,Inner,3,189.903,10.521,189.736,5.363
658.500,snap_through,13,Inner,4,196.084,17.518,195.834,12.375
658.500,snap_through,13,Inner,5,202.108,27.666,201.930,22.436
658.500,snap_through,13,Inner,6,208.009,38.178,208.049,32.775
658.500,snap_through,13,Inner,7,214.126,45.932,214.407,40.298
658.500,snap_through,13,Inner,8,220.294,49.823,220.709,43.949
658.500,snap_through,13,Inner,9,226.628,50.991,227.081,44.892
658.500,snap_through,13,Inner,10,232.972,50.991,233.422,44.696
658.500,snap_through,13,Inner,11,239.306,49.823,239.726,43.374
658.500,snap_through,13,Inner,12,245.474,45.932,245.822,39.390
658.500,snap_through,13,Inner,13,251.591,38.178,251.837,31.594
658.500,snap_through,13,Inner,14,257.491,27.666,257.582,21.048
658.500,snap_through,13,Inner,15,263.516,17.518,263.340,10.793
658.500,snap_through,13,Inner,16,269.697,10.521,269.063,3.551
658.500,snap_through,13,Inner,17,275.834,10.521,275.186,3.116
658.500,snap_through,13,Inner,18,281.972,10.521,281.303,2.610
658.500,snap_through,13,Patch1,1,196.041,11.292,195.872,6.230
658.500,snap_through,13,Patch1,2,201.468,14.254,201.238,9.216
658.500,snap_through,13,Patch1,3,208.403,15.939,208.172,10.893
658.500,snap_through,13,Patch1,4,214.559,16.611,214.333,11.515
658.500,snap_through,13,Patch1,5,220.661,16.401,220.431,11.219
658.500,snap_through,13,Patch1,6,226.746,16.147,226.509,10.843
658.500,snap_through,13,Patch1,7,232.854,16.147,232.616,10.687
658.500,snap_through,13,Patch1,8,238.939,16.401,238.706,10.757
658.500,snap_through,13,Patch1,9,245.041,16.611,244.812,10.763
658.500,snap_through,13,Patch1,10,251.197,15.939,250.941,9.878
658.500,snap_through,13,Patch1,11,258.132,14.254,257.808,7.942
658.500,snap_through,13,Patch1,12,263.559,11.292,262.946,4.772
658.500,snap_through,13,Patch2,1,269.697,6.490,269.063,-0.480
658.500,snap_through,13,Patch2,2,275.834,6.490,275.186,-0.916
658.500,snap_through,13,Patch2,3,281.972,6.490,281.303,-1.421
658.500,snap_through,13,Patch3,1,177.628,6.491,177.463,1.113
658.500,snap_through,13,Patch3,2,183.766,6.491,183.599,1.230
658.500,snap_through,13,Patch3,3,189.903,6.491,189.736,1.333
658.500,snap_through,13,Patch4,1,190.376,57.996,190.256,45.743
658.500,snap_through,13,Patch4,2,196.436,65.473,196.368,52.981
658.500,snap_through,13,Patch4,3,202.467,71.300,202.434,58.622
658.500,snap_through,13,Patch4,4,208.614,75.198,208.600,62.392
658.500,snap_through,13,Patch4,5,214.771,76.642,214.763,63.772
658.500,snap_through,13,Patch4,6,220.846,77.102,220.839,64.194
658.500,snap_through,13,Patch4,7,226.823,77.282,226.816,64.349
658.500,snap_through,13,Patch4,8,232.777,77.282,232.769,64.336
658.500,snap_through,13,Patch4,9,238.754,77.102,238.745,64.154
658.500,snap_through,13,Patch4,10,244.829,76.642,244.819,63.704
658.500,snap_through,13,Patch4,11,250.986,75.198,250.976,62.295
658.500,snap_through,13,Patch4,12,257.133,71.300,257.125,58.494
658.500,snap_through,13,Patch4,13,263.164,65.473,263.160,52.817
658.500,snap_through,13,Patch4,14,269.224,57.996,269.223,45.534
658.500,snap_through,14,Outer,1,140.800,32.045,140.800,32.045
658.500,snap_through,14,Outer,2,146.731,32.045,146.731,32.045
658.500,snap_through,14,Outer,3,152.662,32.045,152.662,32.045
658.500,snap_through,14,Outer,4,158.593,32.049,158.593,32.049
658.500,snap_through,14,Outer,5,164.523,32.484,164.523,32.484
658.500,snap_through,14,Outer,6,170.423,35.821,170.423,35.821
658.500,snap_through,14,Outer,7,176.197,41.604,176.197,41.604
658.500,snap_through,14,Outer,8,181.983,49.464,181.983,49.464
658.500,snap_through,14,Outer,9,187.757,58.532,187.757,58.532
658.500,snap_through,14,Outer,10,193.509,66.117,193.509,66.117
658.500,snap_through,14,Outer,11,199.438,72.003,199.438,72.003
658.500,snap_through,14,Outer,12,205.496,74.850,205.496,74.850
658.500,snap_through,14,Outer,13,211.583,75.698,211.583,75.698
658.500,snap_through,14,Outer,14,217.666,75.897,217.666,75.897
658.500,snap_through,14,Outer,15,223.755,75.979,223.755,75.979
658.500,snap_through,14,Outer,16,229.845,75.979,229.845,75.979
658.500,snap_through,14,Outer,17,235.934,75.897,235.934,75.897
658.500,snap_through,14,Outer,18,242.017,75.698,242.017,75.698
658.500,snap_through,14,Outer,19,248.104,74.850,248.104,74.850
658.500,snap_through,14,Outer,20,254.162,72.003,254.162,72.003
658.500,snap_through,14,Outer,21,260.091,66.117,260.091,66.117
658.500,snap_through,14,Outer,22,265.843,58.532,265.843,58.532
658.500,snap_through,14,Outer,23,271.617,49.464,271.617,49.464
658.500,snap_through,14,Outer,24,277.403,41.604,277.403,41.604
658.500,snap_through,14,Outer,25,283.177,35.821,283.177,35.821
658.500,snap_through,14,Outer,26,289.077,32.484,289.077,32.484
658.500,snap_through,14,Outer,27,295.007,32.049,295.007,32.049
658.500,snap_through,14,Outer,28,300.938,32.045,300.938,32.045
658.500,snap_through,14,Outer,29,306.869,32.045,306.869,32.045
658.500,snap_through,14,Outer,30,312.800,32.045,312.800,32.045
658.500,snap_through,14,Plate,1,140.800,29.580,140.800,29.580
658.500,snap_through,14,Plate,2,146.731,29.580,146.731,29.580
658.500,snap_through,14,Plate,3,152.662,29.580,152.662,29.580
658.500,snap_through,14,Plate,4,158.723,22.515,158.723,22.515
658.500,snap_through,14,Plate,5,164.673,14.537,164.673,14.537
658.500,snap_through,14,Plate,6,170.530,9.892,170.530,9.892
658.500,snap_through,14,Plate,7,176.386,8.038,176.386,8.038
658.500,snap_through,14,Plate,8,182.317,8.038,182.317,8.038
658.500,snap_through,14,Plate,9,188.248,8.038,188.248,8.038
658.500,snap_through,14,Plate,10,194.179,8.038,194.179,8.038
658.500,snap_through,14,Plate,11,200.094,11.507,200.094,11.507
658.500,snap_through,14,Plate,12,206.152,13.587,206.152,13.587
658.500,snap_through,14,Plate,13,212.101,14.155,212.101,14.155
658.500,snap_through,14,Plate,14,217.981,14.064,217.981,14.064
658.500,snap_through,14,Plate,15,223.856,13.910,223.856,13.910
658.500,snap_through,14,Plate,16,229.744,13.910,229.744,13.910
658.500,snap_through,14,Plate,17,235.619,14.064,235.619,14.064
658.500,snap_through,14,Plate,18,241.499,14.155,241.499,14.155
658.500,snap_through,14,Plate,19,247.448,13.587,247.448,13.587
658.500,snap_through,14,Plate,20,253.506,11.507,253.506,11.507
658.500,snap_through,14,Plate,21,259.421,8.038,259.421,8.038
658.500,snap_through,14,Plate,22,265.352,8.038,265.352,8.038
658.500,snap_through,14,Plate,23,271.283,8.038,271.283,8.038
658.500,snap_through,14,Plate,24,277.214,8.038,277.214,8.038
658.500,snap_through,14,Plate,25,283.070,9.892,283.070,9.892
658.500,snap_through,14,Plate,26,288.927,14.537,288.927,14.537
658.500,snap_through,14,Plate,27,294.877,22.515,294.877,22.515
658.500,snap_through,14,Plate,28,300.938,29.580,300.938,29.580
658.500,snap_through,14,Plate,29,306.869,29.580,306.869,29.580
658.500,snap_through,14,Plate,30,312.800,29.580,312.800,29.580
658.500,snap_through,14,Inner,1,176.386,10.503,176.386,10.503
658.500,snap_through,14,Inner,2,182.317,10.503,182.317,10.503
658.500,snap_through,14,Inner,3,188.248,10.503,188.248,10.503
658.500,snap_through,14,Inner,4,194.303,19.004,194.303,19.004
658.500,snap_through,14,Inner,5,200.172,29.589,200.172,29.589
658.500,snap_through,14,Inner,6,205.926,38.974,205.926,38.974
658.500,snap_through,14,Inner,7,211.821,45.264,211.821,45.264
658.500,snap_through,14,Inner,8,217.746,47.702,217.746,47.702
658.500,snap_through,14,Inner,9,223.776,48.140,223.776,48.140
658.500,snap_through,14,Inner,10,229.824,48.140,229.824,48.140
658.500,snap_through,14,Inner,11,235.854,47.702,235.854,47.702
658.500,snap_through,14,Inner,12,241.779,45.264,241.779,45.264
658.500,snap_through,14,Inner,13,247.674,38.974,247.674,38.974
658.500,snap_through,14,Inner,14,253.428,29.589,253.428,29.589
658.500,snap_through,14,Inner,15,259.297,19.004,259.297,19.004
658.500,snap_through,14,Inner,16,265.352,10.503,265.352,10.503
658.500,snap_through,14,Inner,17,271.283,10.503,271.283,10.503
658.500,snap_through,14,Inner,18,277.214,10.503,277.214,10.503
658.500,snap_through,14,Patch2,1,265.352,6.471,265.352,6.471
658.500,snap_through,14,Patch2,2,271.283,6.471,271.283,6.471
658.500,snap_through,14,Patch2,3,277.214,6.471,277.214,6.471
658.500,snap_through,14,Patch3,1,176.386,6.472,176.386,6.472
658.500,snap_through,14,Patch3,2,182.317,6.472,182.317,6.472
658.500,snap_through,14,Patch3,3,188.248,6.472,188.248,6.472
658.500,snap_through,14,Patch4,1,188.813,54.965,188.813,54.965
658.500,snap_through,14,Patch4,2,194.711,61.612,194.711,61.612
658.500,snap_through,14,Patch4,3,200.511,67.178,200.511,67.178
658.500,snap_through,14,Patch4,4,206.420,70.274,206.420,70.274
658.500,snap_through,14,Patch4,5,212.306,71.319,212.306,71.319
658.500,snap_through,14,Patch4,6,218.131,71.494,218.131,71.494
658.500,snap_through,14,Patch4,7,223.908,71.503,223.908,71.503
658.500,snap_through,14,Patch4,8,229.692,71.503,229.692,71.503
658.500,snap_through,14,Patch4,9,235.469,71.494,235.469,71.494
658.500,snap_through,14,Patch4,10,241.294,71.319,241.294,71.319
658.500,snap_through,14,Patch4,11,247.180,70.274,247.180,70.274
658.500,snap_through,14,Patch4,12,253.089,67.178,253.089,67.178
658.500,snap_through,14,Patch4,13,258.889,61.612,258.889,61.612
658.500,snap_through,14,Patch4,14,264.787,54.965,264.787,54.965
790.200,snap_through,0,Outer,1,0.000,77.176,0.000,77.176
790.200,snap_through,0,Outer,2,22.952,77.176,22.952,77.176
790.200,snap_through,0,Outer,3,45.903,77.176,45.903,77.176
790.200,snap_through,0,Outer,4,68.855,77.179,68.855,77.179
790.200,snap_through,0,Outer,5,91.792,78.077,91.792,78.077
790.200,snap_through,0,Outer,6,114.593,85.124,114.593,85.124
790.200,snap_through,0,Outer,7,137.122,98.200,137.122,98.200
790.200,snap_through,0,Outer,8,159.711,115.776,159.711,115.776
790.200,snap_through,0,Outer,9,181.710,136.686,181.710,136.686
790.200,snap_through,0,Outer,10,203.804,155.760,203.804,155.760
790.200,snap_through,0,Outer,11,226.449,171.309,226.449,171.309
790.200,snap_through,0,Outer,12,250.090,183.123,250.090,183.123
790.200,snap_through,0,Outer,13,273.409,191.435,273.409,191.435
790.200,snap_through,0,Outer,14,297.146,196.498,297.146,196.498
790.200,snap_through,0,Outer,15,320.863,198.450,320.863,198.450
790.200,snap_through,0,Outer,16,344.737,198.450,344.737,198.450
790.200,snap_through,0,Outer,17,368.454,196.498,368.454,196.498
790.200,snap_through,0,Outer,18,392.191,191.435,392.191,191.435
790.200,snap_through,0,Outer,19,415.510,183.123,415.510,183.123
790.200,snap_through,0,Outer,20,439.151,171.309,439.151,171.309
790.200,snap_through,0,Outer,21,461.796,155.760,461.796,155.760
790.200,snap_through,0,Outer,22,483.890,136.686,483.890,136.686
790.200,snap_through,0,Outer,23,505.889,115.776,505.889,115.776
790.200,snap_through,0,Outer,24,528.478,98.200,528.478,98.200
790.200,snap_through,0,Outer,25,551.007,85.124,551.007,85.124
790.200,snap_through,0,Outer,26,573.808,78.077,573.808,78.077
790.200,snap_through,0,Outer,27,596.745,77.179,596.745,77.179
790.200,snap_through,0,Outer,28,619.697,77.176,619.697,77.176
790.200,snap_through,0,Outer,29,642.648,77.176,642.648,77.176
790.200,snap_through,0,Outer,30,665.600,77.176,665.600,77.176
790.200,snap_through,0,Plate,1,0.000,74.712,0.000,74.712
790.200,snap_through,0,Plate,2,22.952,74.712,22.952,74.712
790.200,snap_through,0,Plate,3,45.903,74.712,45.903,74.712
790.200,snap_through,0,Plate,4,68.670,59.831,68.670,59.831
790.200,snap_through,0,Plate,5,91.365,40.578,91.365,40.578
790.200,snap_through,0,Plate,6,114.568,23.951,114.568,23.951
790.200,snap_through,0,Plate,7,137.710,12.233,137.710,12.233
790.200,snap_through,0,Plate,8,160.662,12.233,160.662,12.233
790.200,snap_through,0,Plate,9,183.614,12.233,183.614,12.233
790.200,snap_through,0,Plate,10,206.566,12.233,206.566,12.233
790.200,snap_through,0,Plate,11,229.750,16.398,229.750,16.398
790.200,snap_through,0,Plate,12,253.240,20.696,253.240,20.696
790.200,snap_through,0,Plate,13,275.756,23.795,275.756,23.795
790.200,snap_through,0,Plate,14,298.909,25.770,298.909,25.770
790.200,snap_through,0,Plate,15,321.607,26.483,321.607,26.483
790.200,snap_through,0,Plate,16,343.993,26.483,343.993,26.483
790.200,snap_through,0,Plate,17,366.691,25.770,366.691,25.770
790.200,snap_through,0,Plate,18,389.844,23.795,389.844,23.795
790.200,snap_through,0,Plate,19,412.360,20.696,412.360,20.696
790.200,snap_through,0,Plate,20,435.850,16.398,435.850,16.398
790.200,snap_through,0,Plate,21,459.034,12.233,459.034,12.233
790.200,snap_through,0,Plate,22,481.986,12.233,481.986,12.233
790.200,snap_through,0,Plate,23,504.938,12.233,504.938,12.233
790.200,snap_through,0,Plate,24,527.890,12.233,527.890,12.233
790.200,snap_through,0,Plate,25,551.032,23.951,551.032,23.951
790.200,snap_through,0,Plate,26,574.235,40.578,574.235,40.578
790.200,snap_through,0,Plate,27,596.930,59.831,596.930,59.831
790.200,snap_through,0,Plate,28,619.697,74.712,619.697,74.712
790.200,snap_through,0,Plate,29,642.648,74.712,642.648,74.712
790.200,snap_through,0,Plate,30,665.600,74.712,665.600,74.712
790.200,snap_through,0,Inner,1,137.710,14.698,137.710,14.698
790.200,snap_through,0,Inner,2,160.662,14.698,160.662,14.698
790.200,snap_through,0,Inner,3,183.614,14.698,183.614,14.698
790.200,snap_through,0,Inner,4,205.946,28.584,205.946,28.584
790.200,snap_through,0,Inner,5,228.148,46.667,228.148,46.667
790.200,snap_through,0,Inner,6,250.657,67.900,250.657,67.900
790.200,snap_through,0,Inner,7,273.978,86.397,273.978,86.397
790.200,snap_through,0,Inner,8,297.624,99.495,297.624,99.495
790.200,snap_through,0,Inner,9,321.194,106.375,321.194,106.375
790.200,snap_through,0,Inner,10,344.406,106.375,344.406,106.375
790.200,snap_through,0,Inner,11,367.976,99.495,367.976,99.495
790.200,snap_through,0,Inner,12,391.622,86.397,391.622,86.397
790.200,snap_through,0,Inner,13,414.943,67.900,414.943,67.900
790.200,snap_through,0,Inner,14,437.452,46.667,437.452,46.667
790.200,snap_through,0,Inner,15,459.654,28.584,459.654,28.584
790.200,snap_through,0,Inner,16,481.986,14.698,481.986,14.698
790.200,snap_through,0,Inner,17,504.938,14.698,504.938,14.698
790.200,snap_through,0,Inner,18,527.890,14.698,527.890,14.698
790.200,snap_through,0,Patch2,1,481.986,10.666,481.986,10.666
790.200,snap_through,0,Patch2,2,504.938,10.666,504.938,10.666
790.200,snap_through,0,Patch2,3,527.890,10.666,527.890,10.666
790.200,snap_through,0,Patch3,1,137.710,10.667,137.710,10.667
790.200,snap_through,0,Patch3,2,160.662,10.667,160.662,10.667
790.200,snap_through,0,Patch3,3,183.614,10.667,183.614,10.667
790.200,snap_through,0,Patch4,1,187.098,137.722,187.098,137.722
790.200,snap_through,0,Patch4,2,208.654,153.385,208.654,153.385
790.200,snap_through,0,Patch4,3,231.566,166.352,231.566,166.352
790.200,snap_through,0,Patch4,4,253.461,175.656,253.461,175.656
790.200,snap_through,0,Patch4,5,276.821,183.870,276.821,183.870
790.200,snap_through,0,Patch4,6,299.323,189.200,299.323,189.200
790.200,snap_through,0,Patch4,7,321.567,192.149,321.567,192.149
790.200,snap_through,0,Patch4,8,344.033,192.149,344.033,192.149
790.200,snap_through,0,Patch4,9,366.277,189.200,366.277,189.200
790.200,snap_through,0,Patch4,10,388.779,183.870,388.779,183.870
790.200,snap_through,0,Patch4,11,412.139,175.656,412.139,175.656
790.200,snap_through,0,Patch4,12,434.034,166.352,434.034,166.352
790.200,snap_through,0,Patch4,13,456.946,153.385,456.946,153.385
790.200,snap_through,0,Patch4,14,478.502,137.722,478.502,137.722
790.200,snap_through,1,Outer,1,97.397,60.197,96.757,57.905
790.200,snap_through,1,Outer,2,112.005,60.197,111.348,58.503
790.200,snap_through,1,Outer,3,126.612,60.197,125.941,59.199
790.200,snap_through,1,Outer,4,141.219,60.237,140.093,61.227
790.200,snap_through,1,Outer,5,155.751,60.865,154.255,64.618
790.200,snap_through,1,Outer,6,169.822,65.726,167.344,71.658
790.200,snap_through,1,Outer,7,183.819,74.544,179.893,82.357
790.200,snap_through,1,Outer,8,198.046,87.541,192.493,96.860
790.200,snap_through,1,Outer,9,211.802,102.987,206.036,112.567
790.200,snap_through,1,Outer,10,225.848,116.516,221.182,125.169
790.200,snap_through,1,Outer,11,240.338,128.410,237.151,135.440
790.200,snap_through,1,Outer,12,255.796,138.853,254.282,143.805
790.200,snap_through,1,Outer,13,271.284,145.897,270.897,149.455
790.200,snap_through,1,Outer,14,286.468,149.143,286.624,152.537
790.200,snap_through,1,Outer,15,301.594,150.184,302.133,153.786
790.200,snap_through,1,Outer,16,316.811,150.184,317.636,153.670
790.200,snap_through,1,Outer,17,331.937,149.143,333.040,152.168
790.200,snap_through,1,Outer,18,347.122,145.897,348.477,148.664
790.200,snap_through,1,Outer,19,362.610,138.853,364.271,141.793
790.200,snap_through,1,Outer,20,378.068,128.410,380.060,131.563
790.200,snap_through,1,Outer,21,392.557,116.516,394.831,119.887
790.200,snap_through,1,Outer,22,406.603,102.987,409.076,106.485
790.200,snap_through,1,Outer,23,420.360,87.541,422.799,90.962
790.200,snap_through,1,Outer,24,434.586,74.544,436.734,77.621
790.200,snap_through,1,Outer,25,448.583,65.726,450.253,68.111
790.200,snap_through,1,Outer,26,462.654,60.865,463.832,62.081
790.200,snap_through,1,Outer,27,477.186,60.237,478.185,59.863
790.200,snap_through,1,Outer,28,491.794,60.197,492.507,58.598
790.200,snap_through,1,Outer,29,506.401,60.197,507.101,58.161
790.200,snap_through,1,Outer,30,521.008,60.197,521.697,57.774
790.200,snap_through,1,Plate,1,97.397,57.733,96.757,55.441
790.200,snap_through,1,Plate,2,112.005,57.733,111.348,56.039
790.200,snap_through,1,Plate,3,126.612,57.733,125.941,56.734
790.200,snap_through,1,Plate,4,140.862,48.632,140.298,47.745
790.200,snap_through,1,Plate,5,155.243,35.513,155.078,35.065
790.200,snap_through,1,Plate,6,170.168,21.392,170.471,21.450
790.200,snap_through,1,Plate,7,185.041,11.236,185.302,11.232
790.200,snap_through,1,Plate,8,199.648,11.236,199.899,11.051
790.200,snap_through,1,Plate,9,214.255,11.236,214.498,11.133
790.200,snap_through,1,Plate,10,228.863,11.236,229.055,10.165
790.200,snap_through,1,Plate,11,243.703,12.624,243.906,11.352
790.200,snap_through,1,Plate,12,258.371,16.101,258.503,15.113
790.200,snap_through,1,Plate,13,272.893,19.011,272.931,18.427
790.200,snap_through,1,Plate,14,287.535,20.699,287.535,20.352
790.200,snap_through,1,Plate,15,302.017,21.120,302.012,20.763
790.200,snap_through,1,Plate,16,316.389,21.120,316.377,20.580
790.200,snap_through,1,Plate,17,330.871,20.699,330.843,19.845
790.200,snap_through,1,Plate,18,345.513,19.011,345.429,17.748
790.200,snap_through,1,Plate,19,360.034,16.101,359.878,14.490
790.200,snap_through,1,Plate,20,374.703,12.624,374.536,10.941
790.200,snap_through,1,Plate,21,389.543,11.236,389.413,9.856
790.200,snap_through,1,Plate,22,404.150,11.236,404.019,10.280
790.200,snap_through,1,Plate,23,418.757,11.236,418.629,10.442
790.200,snap_through,1,Plate,24,433.365,11.236,433.238,10.623
790.200,snap_through,1,Plate,25,448.237,21.392,448.152,20.719
790.200,snap_through,1,Plate,26,463.163,35.513,463.414,34.481
790.200,snap_through,1,Plate,27,477.543,48.632,478.099,47.272
790.200,snap_through,1,Plate,28,491.794,57.733,492.507,56.134
790.200,snap_through,1,Plate,29,506.401,57.733,507.101,55.696
790.200,snap_through,1,Plate,30,521.008,57.733,521.697,55.309
790.200,snap_through,1,Inner,1,185.041,13.700,185.302,13.696
790.200,snap_through,1,Inner,2,199.648,13.700,199.899,13.516
790.200,snap_through,1,Inner,3,214.255,13.700,214.498,13.598
790.200,snap_through,1,Inner,4,228.453,19.191,228.371,19.713
790.200,snap_through,1,Inner,5,242.488,31.270,241.437,32.873
790.200,snap_through,1,Inner,6,256.943,47.431,254.943,49.890
790.200,snap_through,1,Inner,7,271.825,62.634,270.437,64.660
790.200,snap_through,1,Inner,8,286.862,73.925,286.637,74.569
790.200,snap_through,1,Inner,9,301.841,79.683,302.161,79.214
790.200,snap_through,1,Inner,10,316.565,79.683,317.004,79.158
790.200,snap_through,1,Inner,11,331.544,73.925,332.308,74.045
790.200,snap_through,1,Inner,12,346.581,62.634,347.666,63.033
790.200,snap_through,1,Inner,13,361.463,47.431,362.348,47.543
790.200,snap_through,1,Inner,14,375.917,31.270,376.159,30.796
790.200,snap_through,1,Inner,15,389.952,19.191,389.888,18.363
790.200,snap_through,1,Inner,16,404.150,13.700,404.019,12.744
790.200,snap_through,1,Inner,17,418.757,13.700,418.629,12.906
790.200,snap_through,1,Inner,18,433.365,13.700,433.238,13.087
790.200,snap_through,1,Patch1,1,228.863,13.824,229.055,12.753
790.200,snap_through,1,Patch1,2,243.070,15.777,243.268,14.694
790.200,snap_through,1,Patch1,3,258.414,19.225,258.535,18.463
790.200,snap_through,1,Patch1,4,272.814,21.462,272.879,21.008
790.200,snap_through,1,Patch1,5,287.381,23.368,287.412,23.123
790.200,snap_through,1,Patch1,6,302.003,23.612,302.028,23.383
790.200,snap_through,1,Patch1,7,316.402,23.612,316.422,23.244
790.200,snap_through,1,Patch1,8,331.024,23.368,331.034,22.742
790.200,snap_through,1,Patch1,9,345.591,21.462,345.551,20.507
790.200,snap_through,1,Patch1,10,359.992,19.225,359.900,17.978
790.200,snap_through,1,Patch1,11,375.336,15.777,375.191,14.326
790.200,snap_through,1,Patch1,12,389.543,13.824,389.413,12.444
790.200,snap_through,1,Patch2,1,404.150,9.669,404.019,8.713
790.200,snap_through,1,Patch2,2,418.757,9.669,418.629,8.875
790.200,snap_through,1,Patch2,3,433.365,9.669,433.238,9.056
790.200,snap_through,1,Patch3,1,185.041,9.669,185.302,9.665
790.200,snap_through,1,Patch3,2,199.648,9.669,199.899,9.485
790.200,snap_through,1,Patch3,3,214.255,9.669,214.498,9.567
790.200,snap_through,1,Patch4,1,216.285,101.557,220.328,95.472
790.200,snap_through,1,Patch4,2,229.667,112.774,232.756,107.665
790.200,snap_through,1,Patch4,3,244.116,124.447,246.138,120.468
790.200,snap_through,1,Patch4,4,257.887,133.856,258.987,131.023
790.200,snap_through,1,Patch4,5,272.378,141.447,272.724,139.815
790.200,snap_through,1,Patch4,6,287.127,145.349,287.217,144.477
790.200,snap_through,1,Patch4,7,301.796,146.111,301.861,145.380
790.200,snap_through,1,Patch4,8,316.609,146.111,316.657,145.156
790.200,snap_through,1,Patch4,9,331.279,145.349,331.276,143.877
790.200,snap_through,1,Patch4,10,346.027,141.447,345.775,139.191
790.200,snap_through,1,Patch4,11,360.519,133.856,359.740,130.739
790.200,snap_through,1,Patch4,12,374.289,124.447,372.882,120.550
790.200,snap_through,1,Patch4,13,388.738,112.774,386.579,108.098
790.200,snap_through,1,Patch4,14,402.121,101.557,399.265,96.194
790.200,snap_through,2,Outer,1,113.689,57.760,111.585,49.968
790.200,snap_through,2,Outer,2,125.842,57.760,123.692,50.947
790.200,snap_through,2,Outer,3,137.995,57.760,135.787,52.077
790.200,snap_through,2,Outer,4,150.149,57.749,147.420,53.846
790.200,snap_through,2,Outer,5,162.192,58.278,159.192,56.398
790.200,snap_through,2,Outer,6,173.599,62.559,169.945,62.080
790.200,snap_through,2,Outer,7,185.095,71.380,181.158,71.200
790.200,snap_through,2,Outer,8,196.817,84.268,193.939,82.965
790.200,snap_through,2,Outer,9,208.209,99.135,207.605,95.698
790.200,snap_through,2,Outer,10,219.956,111.960,221.510,106.120
790.200,snap_through,2,Outer,11,232.101,123.030,235.377,114.943
790.200,snap_through,2,Outer,12,245.128,132.263,249.480,122.447
790.200,snap_through,2,Outer,13,258.404,138.045,263.097,127.391
790.200,snap_through,2,Outer,14,271.049,139.973,275.745,129.265
790.200,snap_through,2,Outer,15,283.611,140.420,288.276,130.104
790.200,snap_through,2,Outer,16,296.211,140.420,300.848,130.751
790.200,snap_through,2,Outer,17,308.773,139.973,313.396,131.170
790.200,snap_through,2,Outer,18,321.419,138.045,326.141,130.442
790.200,snap_through,2,Outer,19,334.694,132.263,339.928,126.159
790.200,snap_through,2,Outer,20,347.721,123.030,352.501,116.339
790.200,snap_through,2,Outer,21,359.866,111.960,364.313,104.920
790.200,snap_through,2,Outer,22,371.613,99.135,374.960,91.160
790.200,snap_through,2,Outer,23,383.005,84.268,384.792,75.212
790.200,snap_through,2,Outer,24,394.728,71.380,396.416,62.231
790.200,snap_through,2,Outer,25,406.223,62.559,408.508,54.266
790.200,snap_through,2,Outer,26,417.630,58.278,420.134,50.674
790.200,snap_through,2,Outer,27,429.674,57.749,432.170,50.250
790.200,snap_through,2,Outer,28,441.827,57.760,444.236,49.963
790.200,snap_through,2,Outer,29,453.980,57.760,456.385,49.877
790.200,snap_through,2,Outer,30,466.133,57.760,468.534,49.787
790.200,snap_through,2,Plate,1,113.689,55.295,111.585,47.504
790.200,snap_through,2,Plate,2,125.842,55.295,123.692,48.482
790.200,snap_through,2,Plate,3,137.995,55.295,135.787,49.613
790.200,snap_through,2,Plate,4,149.809,45.886,148.326,41.189
790.200,snap_through,2,Plate,5,161.818,33.361,161.016,29.360
790.200,snap_through,2,Plate,6,174.224,20.802,173.896,17.300
790.200,snap_through,2,Plate,7,186.608,11.916,186.452,8.670
790.200,snap_through,2,Plate,8,198.762,11.916,198.604,8.699
790.200,snap_through,2,Plate,9,210.915,11.916,210.755,8.576
790.200,snap_through,2,Plate,10,223.068,11.916,222.906,8.468
790.200,snap_through,2,Plate,11,235.431,14.224,235.288,10.652
790.200,snap_through,2,Plate,12,247.358,17.674,247.277,13.866
790.200,snap_through,2,Plate,13,259.631,20.393,259.621,16.236
790.200,snap_through,2,Plate,14,271.744,21.656,271.771,17.082
790.200,snap_through,2,Plate,15,283.855,21.842,283.879,16.801
790.200,snap_through,2,Plate,16,295.967,21.842,295.980,16.307
790.200,snap_through,2,Plate,17,308.078,21.656,308.071,15.628
790.200,snap_through,2,Plate,18,320.191,20.393,320.121,13.900
790.200,snap_through,2,Plate,19,332.464,17.674,332.292,10.791
790.200,snap_through,2,Plate,20,344.391,14.224,344.149,7.137
790.200,snap_through,2,Plate,21,356.754,11.916,356.528,4.933
790.200,snap_through,2,Plate,22,368.907,11.916,368.671,5.484
790.200,snap_through,2,Plate,23,381.061,11.916,380.791,6.368
790.200,snap_through,2,Plate,24,393.214,11.916,392.922,7.114
790.200,snap_through,2,Plate,25,405.598,20.802,405.313,15.987
790.200,snap_through,2,Plate,26,418.004,33.361,418.862,27.302
790.200,snap_through,2,Plate,27,430.013,45.886,432.026,38.606
790.200,snap_through,2,Plate,28,441.827,55.295,444.236,47.499
790.200,snap_through,2,Plate,29,453.980,55.295,456.385,47.413
790.200,snap_through,2,Plate,30,466.133,55.295,468.534,47.322
790.200,snap_through,2,Inner,1,186.608,14.380,186.452,11.134
790.200,snap_through,2,Inner,2,198.762,14.380,198.604,11.163
790.200,snap_through,2,Inner,3,210.915,14.380,210.755,11.041
790.200,snap_through,2,Inner,4,222.789,22.464,222.914,18.761
790.200,snap_through,2,Inner,5,234.500,34.242,235.115,29.998
790.200,snap_through,2,Inner,6,246.598,49.503,247.911,44.641
790.200,snap_through,2,Inner,7,258.910,63.582,260.734,58.221
790.200,snap_through,2,Inner,8,271.329,73.553,273.352,67.919
790.200,snap_through,2,Inner,9,283.773,78.321,285.815,72.631
790.200,snap_through,2,Inner,10,296.049,78.321,298.085,72.713
790.200,snap_through,2,Inner,11,308.493,73.553,310.580,68.146
790.200,snap_through,2,Inner,12,320.912,63.582,323.168,58.459
790.200,snap_through,2,Inner,13,333.224,49.503,334.411,43.563
790.200,snap_through,2,Inner,14,345.322,34.242,344.275,26.803
790.200,snap_through,2,Inner,15,357.033,22.464,356.201,15.283
790.200,snap_through,2,Inner,16,368.907,14.380,368.671,7.948
790.200,snap_through,2,Inner,17,381.061,14.380,380.791,8.832
790.200,snap_through,2,Inner,18,393.214,14.380,392.922,9.578
790.200,snap_through,2,Patch2,1,368.907,10.349,368.671,3.917
790.200,snap_through,2,Patch2,2,381.061,10.349,380.791,4.801
790.200,snap_through,2,Patch2,3,393.214,10.349,392.922,5.547
790.200,snap_through,2,Patch3,1,186.608,10.349,186.452,7.103
790.200,snap_through,2,Patch3,2,198.762,10.349,198.604,7.133
790.200,snap_through,2,Patch3,3,210.915,10.349,210.755,7.010
790.200,snap_through,2,Patch4,1,211.968,96.300,215.453,83.669
790.200,snap_through,2,Patch4,2,224.001,108.348,226.431,96.612
790.200,snap_through,2,Patch4,3,235.531,117.659,237.153,106.781
790.200,snap_through,2,Patch4,4,247.396,125.986,248.341,115.941
790.200,snap_through,2,Patch4,5,259.328,130.868,259.910,121.592
790.200,snap_through,2,Patch4,6,271.463,132.793,271.911,124.204
790.200,snap_through,2,Patch4,7,283.785,133.242,284.196,125.222
790.200,snap_through,2,Patch4,8,296.038,133.242,296.440,125.594
790.200,snap_through,2,Patch4,9,308.359,132.793,308.758,125.216
790.200,snap_through,2,Patch4,10,320.494,130.868,320.829,122.970
790.200,snap_through,2,Patch4,11,332.426,125.986,332.439,117.429
790.200,snap_through,2,Patch4,12,344.291,117.659,343.594,108.263
790.200,snap_through,2,Patch4,13,355.821,108.348,354.267,98.080
790.200,snap_through,2,Patch4,14,367.854,96.300,365.197,85.147
790.200,snap_through,3,Outer,1,125.925,55.289,122.461,43.548
790.200,snap_through,3,Outer,2,136.184,55.289,132.708,43.982
790.200,snap_through,3,Outer,3,146.442,55.289,142.954,44.456
790.200,snap_through,3,Outer,4,156.701,55.312,153.057,45.022
790.200,snap_through,3,Outer,5,166.853,55.906,163.194,45.794
790.200,snap_through,3,Outer,6,176.432,60.600,172.958,50.050
790.200,snap_through,3,Outer,7,186.279,69.578,183.762,57.776
790.200,snap_through,3,Outer,8,196.021,82.377,195.703,68.443
790.200,snap_through,3,Outer,9,205.598,97.285,208.439,80.629
790.200,snap_through,3,Outer,10,215.299,109.979,220.918,90.513
790.200,snap_through,3,Outer,11,225.579,120.488,233.354,98.295
790.200,snap_through,3,Outer,12,236.336,128.994,245.587,104.469
790.200,snap_through,3,Outer,13,247.507,134.127,257.352,108.037
790.200,snap_through,3,Outer,14,258.470,135.642,268.363,108.984
790.200,snap_through,3,Outer,15,269.279,136.054,279.134,109.784
790.200,snap_through,3,Outer,16,280.071,136.054,289.855,110.913
790.200,snap_through,3,Outer,17,290.880,135.642,300.596,112.102
790.200,snap_through,3,Outer,18,301.843,134.127,311.639,112.503
790.200,snap_through,3,Outer,19,313.014,128.994,323.512,109.531
790.200,snap_through,3,Outer,20,323.771,120.488,334.444,101.340
790.200,snap_through,3,Outer,21,334.051,109.979,343.602,89.885
790.200,snap_through,3,Outer,22,343.752,97.285,350.501,75.480
790.200,snap_through,3,Outer,23,353.329,82.377,354.713,58.269
790.200,snap_through,3,Outer,24,363.071,69.578,364.780,45.745
790.200,snap_through,3,Outer,25,372.918,60.600,375.970,38.549
790.200,snap_through,3,Outer,26,382.497,55.906,386.238,35.706
790.200,snap_through,3,Outer,27,392.649,55.312,396.354,36.615
790.200,snap_through,3,Outer,28,402.908,55.289,406.777,37.511
790.200,snap_through,3,Outer,29,413.166,55.289,417.003,38.308
790.200,snap_through,3,Outer,30,423.425,55.289,427.231,39.093
790.200,snap_through,3,Plate,1,125.925,52.825,122.461,41.083
790.200,snap_through,3,Plate,2,136.184,52.825,132.708,41.518
790.200,snap_through,3,Plate,3,146.442,52.825,142.954,41.992
790.200,snap_through,3,Plate,4,156.714,44.118,153.745,33.934
790.200,snap_through,3,Plate,5,167.104,32.311,165.389,23.361
790.200,snap_through,3,Plate,6,177.231,20.040,176.686,12.163
790.200,snap_through,3,Plate,7,187.477,11.002,187.037,3.252
790.200,snap_through,3,Plate,8,197.735,11.002,197.285,2.769
790.200,snap_through,3,Plate,9,207.994,11.002,207.525,2.117
790.200,snap_through,3,Plate,10,218.253,11.002,217.769,1.521
790.200,snap_through,3,Plate,11,228.623,13.554,228.258,3.531
790.200,snap_through,3,Plate,12,238.582,17.756,238.422,7.189
790.200,snap_through,3,Plate,13,248.928,20.676,248.909,9.537
790.200,snap_through,3,Plate,14,259.272,21.407,259.278,9.694
790.200,snap_through,3,Plate,15,269.548,21.486,269.541,9.188
790.200,snap_through,3,Plate,16,279.802,21.486,279.777,8.605
790.200,snap_through,3,Plate,17,290.078,21.407,290.032,7.968
790.200,snap_through,3,Plate,18,300.422,20.676,300.329,6.741
790.200,snap_through,3,Plate,19,310.768,17.756,310.553,3.444
790.200,snap_through,3,Plate,20,320.727,13.554,320.404,-0.980
790.200,snap_through,3,Plate,21,331.097,11.002,330.755,-3.609
790.200,snap_through,3,Plate,22,341.356,11.002,341.021,-3.398
790.200,snap_through,3,Plate,23,351.615,11.002,351.266,-2.852
790.200,snap_through,3,Plate,24,361.873,11.002,361.515,-2.355
790.200,snap_through,3,Plate,25,372.119,20.040,372.025,6.335
790.200,snap_through,3,Plate,26,382.246,32.311,384.085,16.687
790.200,snap_through,3,Plate,27,392.636,44.118,396.158,26.757
790.200,snap_through,3,Plate,28,402.908,52.825,406.777,35.047
790.200,snap_through,3,Plate,29,413.166,52.825,417.003,35.844
790.200,snap_through,3,Plate,30,423.425,52.825,427.231,36.629
790.200,snap_through,3,Inner,1,187.477,13.466,187.037,5.716
790.200,snap_through,3,Inner,2,197.735,13.466,197.285,5.233
790.200,snap_through,3,Inner,3,207.994,13.466,207.525,4.582
790.200,snap_through,3,Inner,4,218.065,22.629,218.590,12.746
790.200,snap_through,3,Inner,5,227.955,35.554,229.712,24.562
790.200,snap_through,3,Inner,6,238.006,51.396,240.935,39.512
790.200,snap_through,3,Inner,7,248.213,64.987,251.702,52.593
790.200,snap_through,3,Inner,8,258.686,74.658,262.340,62.035
790.200,snap_through,3,Inner,9,269.387,78.923,273.065,66.218
790.200,snap_through,3,Inner,10,279.963,78.923,283.635,66.194
790.200,snap_through,3,Inner,11,290.664,74.658,294.313,61.943
790.200,snap_through,3,Inner,12,301.137,64.987,304.775,52.348
790.200,snap_through,3,Inner,13,311.344,51.396,313.962,38.123
790.200,snap_through,3,Inner,14,321.395,35.554,320.592,20.614
790.200,snap_through,3,Inner,15,331.285,22.629,330.462,7.730
790.200,snap_through,3,Inner,16,341.356,13.466,341.021,-0.934
790.200,snap_through,3,Inner,17,351.615,13.466,351.266,-0.388
790.200,snap_through,3,Inner,18,361.873,13.466,361.515,0.110
790.200,snap_through,3,Patch2,1,341.356,9.435,341.021,-4.965
790.200,snap_through,3,Patch2,2,351.615,9.435,351.266,-4.419
790.200,snap_through,3,Patch2,3,361.873,9.435,361.515,-3.922
790.200,snap_through,3,Patch3,1,187.477,9.436,187.037,1.685
790.200,snap_through,3,Patch3,2,197.735,9.436,197.285,1.202
790.200,snap_through,3,Patch3,3,207.994,9.436,207.525,0.551
790.200,snap_through,4,Outer,1,134.356,52.895,130.130,37.428
790.200,snap_through,4,Outer,2,143.244,52.895,138.979,36.593
790.200,snap_through,4,Outer,3,152.133,52.895,147.830,35.769
790.200,snap_through,4,Outer,4,161.022,52.930,156.935,34.816
790.200,snap_through,4,Outer,5,169.798,53.466,165.676,33.934
790.200,snap_through,4,Outer,6,177.971,57.810,174.558,36.509
790.200,snap_through,4,Outer,7,186.431,66.673,184.848,43.090
790.200,snap_through,4,Outer,8,194.685,79.140,196.038,52.894
790.200,snap_through,4,Outer,9,202.936,94.258,208.198,64.942
790.200,snap_through,4,Outer,10,211.425,107.455,220.360,74.748
790.200,snap_through,4,Outer,11,220.269,117.444,231.939,81.323
790.200,snap_through,4,Outer,12,229.785,125.140,243.355,85.709
790.200,snap_through,4,Outer,13,239.572,129.567,253.956,87.297
790.200,snap_through,4,Outer,14,249.075,130.767,263.416,86.418
790.200,snap_through,4,Outer,15,258.526,131.041,272.781,86.122
790.200,snap_through,4,Outer,16,267.963,131.041,282.030,87.854
790.200,snap_through,4,Outer,17,277.414,130.767,291.201,90.083
790.200,snap_through,4,Outer,18,286.917,129.567,300.640,91.650
790.200,snap_through,4,Outer,19,296.703,125.140,311.231,90.000
790.200,snap_through,4,Outer,20,306.220,117.444,321.811,83.998
790.200,snap_through,4,Outer,21,315.064,107.455,329.705,73.308
790.200,snap_through,4,Outer,22,323.553,94.258,333.519,58.106
790.200,snap_through,4,Outer,23,331.804,79.140,332.844,40.895
790.200,snap_through,4,Outer,24,340.058,66.673,341.785,28.949
790.200,snap_through,4,Outer,25,348.518,57.810,352.304,22.700
790.200,snap_through,4,Outer,26,356.691,53.466,361.387,20.962
790.200,snap_through,4,Outer,27,365.467,52.930,369.956,22.860
790.200,snap_through,4,Outer,28,374.356,52.895,379.164,24.838
790.200,snap_through,4,Outer,29,383.244,52.895,387.891,26.513
790.200,snap_through,4,Outer,30,392.133,52.895,396.622,28.174
790.200,snap_through,4,Plate,1,134.356,50.431,130.130,34.964
790.200,snap_through,4,Plate,2,143.244,50.431,138.979,34.128
790.200,snap_through,4,Plate,3,152.133,50.431,147.830,33.305
790.200,snap_through,4,Plate,4,161.165,41.997,156.863,24.859
790.200,snap_through,4,Plate,5,170.169,30.733,167.485,15.110
790.200,snap_through,4,Plate,6,178.883,18.942,178.004,4.904
790.200,snap_through,4,Plate,7,187.689,10.528,186.926,-3.383
790.200,snap_through,4,Plate,8,196.578,10.528,195.790,-4.074
790.200,snap_through,4,Plate,9,205.467,10.528,204.640,-4.912
790.200,snap_through,4,Plate,10,214.356,10.528,213.489,-5.774
790.200,snap_through,4,Plate,11,223.367,12.884,222.684,-4.296
790.200,snap_through,4,Plate,12,231.986,17.106,231.658,-0.920
790.200,snap_through,4,Plate,13,241.018,19.893,240.898,1.057
790.200,snap_through,4,Plate,14,249.946,20.173,249.821,0.642
790.200,snap_through,4,Plate,15,258.814,20.049,258.660,-0.088
790.200,snap_through,4,Plate,16,267.675,20.049,267.505,-0.620
790.200,snap_through,4,Plate,17,276.542,20.173,276.368,-0.950
790.200,snap_through,4,Plate,18,285.471,19.893,285.278,-1.598
790.200,snap_through,4,Plate,19,294.503,17.106,294.216,-4.655
790.200,snap_through,4,Plate,20,303.122,12.884,302.724,-9.071
790.200,snap_through,4,Plate,21,312.133,10.528,311.678,-11.630
790.200,snap_through,4,Plate,22,321.022,10.528,320.569,-11.818
790.200,snap_through,4,Plate,23,329.911,10.528,329.456,-12.000
790.200,snap_through,4,Plate,24,338.800,10.528,338.343,-12.266
790.200,snap_through,4,Plate,25,347.606,18.942,347.760,-4.609
790.200,snap_through,4,Plate,26,356.320,30.733,358.892,4.887
790.200,snap_through,4,Plate,27,365.324,41.997,369.991,14.072
790.200,snap_through,4,Plate,28,374.356,50.431,379.164,22.374
790.200,snap_through,4,Plate,29,383.244,50.431,387.891,24.048
790.200,snap_through,4,Plate,30,392.133,50.431,396.622,25.710
790.200,snap_through,4,Inner,1,187.689,12.992,186.926,-0.919
790.200,snap_through,4,Inner,2,196.578,12.992,195.790,-1.609
790.200,snap_through,4,Inner,3,205.467,12.992,204.640,-2.448
790.200,snap_through,4,Inner,4,214.071,21.972,214.517,5.387
790.200,snap_through,4,Inner,5,222.646,34.962,224.700,17.082
790.200,snap_through,4,Inner,6,231.167,50.669,234.952,31.624
790.200,snap_through,4,Inner,7,239.966,63.790,244.721,43.963
790.200,snap_through,4,Inner,8,249.081,73.146,254.158,52.947
790.200,snap_through,4,Inner,9,258.542,77.247,263.647,56.970
790.200,snap_through,4,Inner,10,267.947,77.247,273.047,57.031
790.200,snap_through,4,Inner,11,277.408,73.146,282.520,53.015
790.200,snap_through,4,Inner,12,286.523,63.790,291.584,43.688
790.200,snap_through,4,Inner,13,295.322,50.669,299.783,30.269
790.200,snap_through,4,Inner,14,303.843,34.962,304.165,12.982
790.200,snap_through,4,Inner,15,312.418,21.972,312.165,-0.299
790.200,snap_through,4,Inner,16,321.022,12.992,320.569,-9.354
790.200,snap_through,4,Inner,17,329.911,12.992,329.456,-9.536
790.200,snap_through,4,Inner,18,338.800,12.992,338.343,-9.802
790.200,snap_through,4,Patch2,1,321.022,8.960,320.569,-13.385
790.200,snap_through,4,Patch2,2,329.911,8.960,329.456,-13.567
790.200,snap_through,4,Patch2,3,338.800,8.960,338.343,-13.833
790.200,snap_through,4,Patch3,1,187.689,8.961,186.926,-4.950
790.200,snap_through,4,Patch3,2,196.578,8.961,195.790,-5.640
790.200,snap_through,4,Patch3,3,205.467,8.961,204.640,-6.479
790.200,snap_through,5,Outer,1,139.231,50.583,135.789,31.337
790.200,snap_through,5,Outer,2,147.240,50.583,143.428,28.965
790.200,snap_through,5,Outer,3,155.250,50.583,151.065,26.585
790.200,snap_through,5,Outer,4,163.259,50.590,159.437,23.900
790.200,snap_through,5,Outer,5,171.156,51.029,166.967,21.544
790.200,snap_through,5,Outer,6,178.442,54.693,175.083,22.296
790.200,snap_through,5,Outer,7,185.991,62.770,184.988,27.156
790.200,snap_through,5,Outer,8,193.391,74.459,195.647,35.876
790.200,snap_through,5,Outer,9,200.785,88.877,207.647,46.625
790.200,snap_through,5,Outer,10,208.546,101.631,220.273,54.520
790.200,snap_through,5,Outer,11,216.606,111.225,231.935,59.089
790.200,snap_through,5,Outer,12,225.335,118.356,242.941,61.478
790.200,snap_through,5,Outer,13,234.192,122.123,252.515,61.440
790.200,snap_through,5,Outer,14,242.699,123.045,260.781,59.702
790.200,snap_through,5,Outer,15,251.146,123.226,269.149,59.033
790.200,snap_through,5,Outer,16,259.593,123.226,277.322,61.104
790.200,snap_through,5,Outer,17,268.040,123.045,285.189,64.084
790.200,snap_through,5,Outer,18,276.547,122.123,293.252,66.838
790.200,snap_through,5,Outer,19,285.404,118.356,302.848,67.421
790.200,snap_through,5,Outer,20,294.133,111.225,313.381,63.541
790.200,snap_through,5,Outer,21,302.192,101.631,319.953,52.986
790.200,snap_through,5,Outer,22,309.953,88.877,321.147,38.136
790.200,snap_through,5,Outer,23,317.348,74.459,317.802,22.279
790.200,snap_through,5,Outer,24,324.748,62.770,326.082,11.233
790.200,snap_through,5,Outer,25,332.297,54.693,336.323,7.086
790.200,snap_through,5,Outer,26,339.583,51.029,344.465,7.163
790.200,snap_through,5,Outer,27,347.480,50.590,351.715,10.268
790.200,snap_through,5,Outer,28,355.489,50.583,360.031,13.668
790.200,snap_through,5,Outer,29,363.499,50.583,367.494,16.542
790.200,snap_through,5,Outer,30,371.508,50.583,374.968,19.388
790.200,snap_through,5,Plate,1,139.231,48.119,135.789,28.873
790.200,snap_through,5,Plate,2,147.240,48.119,143.428,26.500
790.200,snap_through,5,Plate,3,155.250,48.119,151.065,24.120
790.200,snap_through,5,Plate,4,163.353,40.122,158.363,15.387
790.200,snap_through,5,Plate,5,171.459,29.444,168.189,6.284
790.200,snap_through,5,Plate,6,179.280,18.227,177.991,-3.233
790.200,snap_through,5,Plate,7,187.288,10.680,186.198,-10.544
790.200,snap_through,5,Plate,8,195.298,10.680,194.187,-11.128
790.200,snap_through,5,Plate,9,203.307,10.680,202.162,-11.878
790.200,snap_through,5,Plate,10,211.317,10.680,210.123,-12.772
790.200,snap_through,5,Plate,11,219.406,12.553,218.383,-11.923
790.200,snap_through,5,Plate,12,227.186,16.545,226.606,-8.969
790.200,snap_through,5,Plate,13,235.334,18.997,234.983,-7.478
790.200,snap_through,5,Plate,14,243.388,18.963,243.001,-8.266
790.200,snap_through,5,Plate,15,251.376,18.674,250.948,-9.154
790.200,snap_through,5,Plate,16,259.363,18.674,258.923,-9.638
790.200,snap_through,5,Plate,17,267.351,18.963,266.920,-9.719
790.200,snap_through,5,Plate,18,275.405,18.997,274.976,-9.920
790.200,snap_through,5,Plate,19,283.553,16.545,283.097,-12.457
790.200,snap_through,5,Plate,20,291.333,12.553,290.846,-16.493
790.200,snap_through,5,Plate,21,299.422,10.680,298.884,-18.577
790.200,snap_through,5,Plate,22,307.432,10.680,306.880,-19.117
790.200,snap_through,5,Plate,23,315.441,10.680,314.849,-19.931
790.200,snap_through,5,Plate,24,323.451,10.680,322.804,-20.873
790.200,snap_through,5,Plate,25,331.459,18.227,331.839,-14.655
790.200,snap_through,5,Plate,26,339.280,29.444,342.304,-5.915
790.200,snap_through,5,Plate,27,347.386,40.122,352.693,2.515
790.200,snap_through,5,Plate,28,355.489,48.119,360.031,11.203
790.200,snap_through,5,Plate,29,363.499,48.119,367.494,14.077
790.200,snap_through,5,Plate,30,371.508,48.119,374.968,16.924
790.200,snap_through,5,Inner,1,187.288,13.144,186.198,-8.080
790.200,snap_through,5,Inner,2,195.298,13.144,194.187,-8.663
790.200,snap_through,5,Inner,3,203.307,13.144,202.162,-9.414
790.200,snap_through,5,Inner,4,211.019,20.775,211.063,-2.874
790.200,snap_through,5,Inner,5,218.700,32.823,220.496,7.788
790.200,snap_through,5,Inner,6,226.287,47.873,230.446,21.303
790.200,snap_through,5,Inner,7,234.161,60.570,240.034,32.689
790.200,snap_through,5,Inner,8,242.456,69.396,249.046,40.738
790.200,snap_through,5,Inner,9,251.070,73.216,257.684,44.506
790.200,snap_through,5,Inner,10,259.669,73.216,266.266,45.080
790.200,snap_through,5,Inner,11,268.283,69.396,275.196,42.117
790.200,snap_through,5,Inner,12,276.577,60.570,284.042,33.920
790.200,snap_through,5,Inner,13,284.452,47.873,291.397,21.015
790.200,snap_through,5,Inner,14,292.039,32.823,294.009,4.411
790.200,snap_through,5,Inner,15,299.720,20.775,300.205,-8.379
790.200,snap_through,5,Inner,16,307.432,13.144,306.880,-16.653
790.200,snap_through,5,Inner,17,315.441,13.144,314.849,-17.466
790.200,snap_through,5,Inner,18,323.451,13.144,322.804,-18.409
790.200,snap_through,5,Patch2,1,307.432,9.113,306.880,-20.684
790.200,snap_through,5,Patch2,2,315.441,9.113,314.849,-21.498
790.200,snap_through,5,Patch2,3,323.451,9.113,322.804,-22.440
790.200,snap_through,5,Patch3,1,187.288,9.113,186.198,-12.110
790.200,snap_through,5,Patch3,2,195.298,9.113,194.187,-12.694
790.200,snap_through,5,Patch3,3,203.307,9.113,202.162,-13.445
790.200,snap_through,5,Patch4,1,203.773,86.983,202.700,15.309
790.200,snap_through,5,Patch4,2,211.281,96.878,209.402,25.714
790.200,snap_through,5,Patch4,3,218.935,105.036,216.365,34.426
790.200,snap_through,5,Patch4,4,226.845,111.238,223.720,41.245
790.200,snap_through,5,Patch4,5,235.042,114.695,231.581,45.392
790.200,snap_through,5,Patch4,6,243.299,115.481,239.734,46.912
790.200,snap_through,5,Patch4,7,251.419,115.459,247.822,47.634
790.200,snap_through,5,Patch4,8,259.320,115.459,255.687,48.379
790.200,snap_through,5,Patch4,9,267.439,115.481,263.764,49.205
790.200,snap_through,5,Patch4,10,275.697,114.695,272.058,49.315
790.200,snap_through,5,Patch4,11,283.893,111.238,280.603,46.879
790.200,snap_through,5,Patch4,12,291.804,105.036,289.256,41.818
790.200,snap_through,5,Patch4,13,299.458,96.878,297.990,34.898
790.200,snap_through,5,Patch4,14,306.966,86.983,306.883,26.310
790.200,snap_through,6,Outer,1,140.800,48.303,139.748,25.510
790.200,snap_through,6,Outer,2,148.386,48.303,146.413,21.932
790.200,snap_through,6,Outer,3,155.972,48.303,153.066,18.330
790.200,snap_through,6,Outer,4,163.559,48.311,160.853,14.191
790.200,snap_through,6,Outer,5,171.044,48.759,167.404,10.595
790.200,snap_through,6,Outer,6,177.980,52.470,175.234,9.927
790.200,snap_through,6,Outer,7,185.111,60.492,185.516,12.991
790.200,snap_through,6,Outer,8,192.148,71.869,197.075,19.668
790.200,snap_through,6,Outer,9,199.159,85.612,209.633,28.535
790.200,snap_through,6,Outer,10,206.533,97.629,222.128,34.999
790.200,snap_through,6,Outer,11,214.282,106.732,233.439,38.823
790.200,snap_through,6,Outer,12,222.564,113.316,243.842,40.635
790.200,snap_through,6,Outer,13,230.837,116.566,252.661,39.974
790.200,snap_through,6,Outer,14,238.842,117.305,260.263,37.609
790.200,snap_through,6,Outer,15,246.809,117.432,268.094,36.403
790.200,snap_through,6,Outer,16,254.791,117.432,275.564,39.153
790.200,snap_through,6,Outer,17,262.758,117.305,282.285,43.348
790.200,snap_through,6,Outer,18,270.763,116.566,289.145,47.447
790.200,snap_through,6,Outer,19,279.036,113.316,297.651,49.906
790.200,snap_through,6,Outer,20,287.318,106.732,308.133,48.753
790.200,snap_through,6,Outer,21,295.067,97.629,316.400,40.218
790.200,snap_through,6,Outer,22,302.441,85.612,315.932,26.186
790.200,snap_through,6,Outer,23,309.452,71.869,311.107,11.536
790.200,snap_through,6,Outer,24,316.489,60.492,316.826,-0.512
790.200,snap_through,6,Outer,25,323.620,52.470,326.697,-4.700
790.200,snap_through,6,Outer,26,330.556,48.759,334.456,-3.535
790.200,snap_through,6,Outer,27,338.041,48.311,340.740,0.517
790.200,snap_through,6,Outer,28,345.628,48.303,348.407,5.119
790.200,snap_through,6,Outer,29,353.214,48.303,354.885,9.034
790.200,snap_through,6,Outer,30,360.800,48.303,361.379,12.920
790.200,snap_through,6,Plate,1,140.800,45.839,139.748,23.046
790.200,snap_through,6,Plate,2,148.386,45.839,146.413,19.468
790.200,snap_through,6,Plate,3,155.972,45.839,153.066,15.866
790.200,snap_through,6,Plate,4,163.654,38.045,159.176,6.846
790.200,snap_through,6,Plate,5,171.343,27.651,168.040,-2.536
790.200,snap_through,6,Plate,6,178.725,17.265,176.894,-11.674
790.200,snap_through,6,Plate,7,186.317,10.369,184.773,-18.236
790.200,snap_through,6,Plate,8,193.903,10.369,192.344,-18.738
790.200,snap_through,6,Plate,9,201.490,10.369,199.902,-19.404
790.200,snap_through,6,Plate,10,209.076,10.369,207.446,-20.239
790.200,snap_through,6,Plate,11,216.709,12.191,215.258,-19.456
790.200,snap_through,6,Plate,12,224.137,15.878,223.140,-16.885
790.200,snap_through,6,Plate,13,231.834,18.101,231.062,-15.669
790.200,snap_through,6,Plate,14,239.448,17.973,238.633,-16.536
790.200,snap_through,6,Plate,15,247.013,17.623,246.158,-17.437
790.200,snap_through,6,Plate,16,254.587,17.623,253.726,-17.859
790.200,snap_through,6,Plate,17,262.152,17.973,261.305,-17.809
790.200,snap_through,6,Plate,18,269.766,18.101,268.927,-17.817
790.200,snap_through,6,Plate,19,277.463,15.878,276.652,-19.960
790.200,snap_through,6,Plate,20,284.891,12.191,284.151,-23.502
790.200,snap_through,6,Plate,21,292.524,10.369,291.778,-25.378
790.200,snap_through,6,Plate,22,300.110,10.369,299.357,-26.099
790.200,snap_through,6,Plate,23,307.697,10.369,306.846,-27.321
790.200,snap_through,6,Plate,24,315.283,10.369,314.328,-28.576
790.200,snap_through,6,Plate,25,322.875,17.265,323.113,-23.309
790.200,snap_through,6,Plate,26,330.257,27.651,332.600,-14.856
790.200,snap_through,6,Plate,27,337.946,38.045,342.292,-6.349
790.200,snap_through,6,Plate,28,345.628,45.839,348.407,2.655
790.200,snap_through,6,Plate,29,353.214,45.839,354.885,6.570
790.200,snap_through,6,Plate,30,360.800,45.839,361.379,10.455
790.200,snap_through,6,Inner,1,186.317,12.833,184.773,-15.772
790.200,snap_through,6,Inner,2,193.903,12.833,192.344,-16.274
790.200,snap_through,6,Inner,3,201.490,12.833,199.902,-16.940
790.200,snap_through,6,Inner,4,208.823,20.472,208.318,-10.242
790.200,snap_through,6,Inner,5,216.119,32.216,217.189,0.293
790.200,snap_through,6,Inner,6,223.263,46.799,226.803,13.290
790.200,snap_through,6,Inner,7,230.709,59.201,236.777,23.686
790.200,snap_through,6,Inner,8,238.590,67.321,246.354,29.664
790.200,snap_through,6,Inner,9,246.762,70.662,255.041,31.213
790.200,snap_through,6,Inner,10,254.838,70.662,263.093,31.468
790.200,snap_through,6,Inner,11,263.010,67.321,271.906,31.138
790.200,snap_through,6,Inner,12,270.891,59.201,282.302,26.721
790.200,snap_through,6,Inner,13,278.337,46.799,290.151,14.700
790.200,snap_through,6,Inner,14,285.481,32.216,290.707,-1.478
790.200,snap_through,6,Inner,15,292.777,20.472,294.339,-14.737
790.200,snap_through,6,Inner,16,300.110,12.833,299.357,-23.635
790.200,snap_through,6,Inner,17,307.697,12.833,306.846,-24.856
790.200,snap_through,6,Inner,18,315.283,12.833,314.328,-26.112
790.200,snap_through,6,Patch2,1,300.110,8.802,299.357,-27.666
790.200,snap_through,6,Patch2,2,307.697,8.802,306.846,-28.888
790.200,snap_through,6,Patch2,3,315.283,8.802,314.328,-30.143
790.200,snap_through,6,Patch3,1,186.317,8.802,184.773,-19.803
790.200,snap_through,6,Patch3,2,193.903,8.802,192.344,-20.305
790.200,snap_through,6,Patch3,3,201.490,8.802,199.902,-20.970
790.200,snap_through,6,Patch4,1,202.050,83.389,201.029,5.277
790.200,snap_through,6,Patch4,2,209.220,93.060,207.724,15.237
790.200,snap_through,6,Patch4,3,216.438,100.364,214.551,22.875
790.200,snap_through,6,Patch4,4,223.835,105.993,221.608,28.902
790.200,snap_through,6,Patch4,5,231.519,109.222,229.074,32.601
790.200,snap_through,6,Patch4,6,239.300,109.861,236.810,33.697
790.200,snap_through,6,Patch4,7,247.033,109.923,244.545,33.940
790.200,snap_through,6,Patch4,8,254.567,109.923,252.082,33.965
790.200,snap_through,6,Patch4,9,262.300,109.861,259.820,33.939
790.200,snap_through,6,Patch4,10,270.081,109.222,267.643,33.744
790.200,snap_through,6,Patch4,11,277.765,105.993,275.786,31.878
790.200,snap_through,6,Patch4,12,285.162,100.364,284.290,28.149
790.200,snap_through,6,Patch4,13,292.380,93.060,293.081,22.877
790.200,snap_through,6,Patch4,14,299.550,83.389,302.445,15.360
790.200,snap_through,7,Outer,1,140.800,45.954,142.123,19.825
790.200,snap_through,7,Outer,2,148.179,45.954,148.196,15.668
790.200,snap_through,7,Outer,3,155.559,45.954,154.255,11.488
790.200,snap_through,7,Outer,4,162.938,45.996,161.634,6.560
790.200,snap_through,7,Outer,5,170.236,46.502,167.527,2.263
790.200,snap_through,7,Outer,6,177.078,50.601,175.361,0.812
790.200,snap_through,7,Outer,7,184.022,58.912,186.032,2.633
790.200,snap_through,7,Outer,8,190.935,70.418,198.279,8.102
790.200,snap_through,7,Outer,9,197.805,83.736,211.101,15.838
790.200,snap_through,7,Outer,10,204.911,95.040,223.135,21.601
790.200,snap_through,7,Outer,11,212.547,103.832,234.193,25.225
790.200,snap_through,7,Outer,12,220.586,109.847,244.106,26.728
790.200,snap_through,7,Outer,13,228.504,112.543,252.388,25.785
790.200,snap_through,7,Outer,14,236.231,113.073,259.702,23.393
790.200,snap_through,7,Outer,15,243.939,113.130,267.263,22.277
790.200,snap_through,7,Outer,16,251.661,113.130,274.245,25.475
790.200,snap_through,7,Outer,17,259.369,113.073,280.061,30.453
790.200,snap_through,7,Outer,18,267.096,112.543,285.832,35.560
790.200,snap_through,7,Outer,19,275.014,109.847,293.204,39.433
790.200,snap_through,7,Outer,20,283.053,103.832,303.163,40.341
790.200,snap_through,7,Outer,21,290.689,95.040,312.760,33.783
790.200,snap_through,7,Outer,22,297.795,83.736,313.888,20.541
790.200,snap_through,7,Outer,23,304.665,70.418,309.486,6.239
790.200,snap_through,7,Outer,24,311.578,58.912,310.886,-7.063
790.200,snap_through,7,Outer,25,318.522,50.601,320.045,-12.773
790.200,snap_through,7,Outer,26,325.364,46.502,327.833,-11.162
790.200,snap_through,7,Outer,27,332.662,45.996,333.489,-6.542
790.200,snap_through,7,Outer,28,340.041,45.954,340.705,-1.173
790.200,snap_through,7,Outer,29,347.421,45.954,346.520,3.352
790.200,snap_through,7,Outer,30,354.800,45.954,352.352,7.855
790.200,snap_through,7,Plate,1,140.800,43.490,142.123,17.360
790.200,snap_through,7,Plate,2,148.179,43.490,148.196,13.203
790.200,snap_through,7,Plate,3,155.559,43.490,154.255,9.024
790.200,snap_through,7,Plate,4,163.078,35.864,159.868,-0.050
790.200,snap_through,7,Plate,5,170.565,25.613,167.926,-9.833
790.200,snap_through,7,Plate,6,177.726,16.091,175.652,-18.881
790.200,snap_through,7,Plate,7,185.076,9.485,182.961,-25.531
790.200,snap_through,7,Plate,8,192.455,9.485,190.311,-26.207
790.200,snap_through,7,Plate,9,199.834,9.485,197.654,-26.960
790.200,snap_through,7,Plate,10,207.214,9.485,205.003,-27.727
790.200,snap_through,7,Plate,11,214.614,11.430,212.595,-26.707
790.200,snap_through,7,Plate,12,221.917,14.890,220.303,-24.264
790.200,snap_through,7,Plate,13,229.396,16.811,227.963,-23.204
790.200,snap_through,7,Plate,14,236.774,16.676,235.320,-23.884
790.200,snap_through,7,Plate,15,244.121,16.365,242.651,-24.557
790.200,snap_through,7,Plate,16,251.479,16.365,250.012,-24.828
790.200,snap_through,7,Plate,17,258.826,16.676,257.371,-24.717
790.200,snap_through,7,Plate,18,266.204,16.811,264.756,-24.677
790.200,snap_through,7,Plate,19,273.683,14.890,272.251,-26.561
790.200,snap_through,7,Plate,20,280.986,11.430,279.585,-29.959
790.200,snap_through,7,Plate,21,288.386,9.485,286.954,-32.039
790.200,snap_through,7,Plate,22,295.766,9.485,294.310,-32.772
790.200,snap_through,7,Plate,23,303.145,9.485,301.603,-33.902
790.200,snap_through,7,Plate,24,310.524,9.485,308.899,-35.006
790.200,snap_through,7,Plate,25,317.874,16.091,317.213,-29.679
790.200,snap_through,7,Plate,26,325.035,25.613,325.873,-21.522
790.200,snap_through,7,Plate,27,332.522,35.864,334.799,-12.526
790.200,snap_through,7,Plate,28,340.041,43.490,340.705,-3.638
790.200,snap_through,7,Plate,29,347.421,43.490,346.520,0.887
790.200,snap_through,7,Plate,30,354.800,43.490,352.352,5.391
790.200,snap_through,7,Inner,1,185.076,11.949,182.961,-23.067
790.200,snap_through,7,Inner,2,192.455,11.949,190.311,-23.743
790.200,snap_through,7,Inner,3,199.834,11.949,197.654,-24.496
790.200,snap_through,7,Inner,4,207.020,20.143,205.905,-17.171
790.200,snap_through,7,Inner,5,214.142,31.992,214.540,-6.449
790.200,snap_through,7,Inner,6,221.068,46.395,224.355,6.074
790.200,snap_through,7,Inner,7,228.320,58.606,235.279,15.072
790.200,snap_through,7,Inner,8,235.982,66.306,245.397,18.982
790.200,snap_through,7,Inner,9,243.897,69.252,253.813,18.488
790.200,snap_through,7,Inner,10,251.703,69.252,261.389,16.886
790.200,snap_through,7,Inner,11,259.618,66.306,269.752,17.382
790.200,snap_through,7,Inner,12,267.280,58.606,280.594,17.689
790.200,snap_through,7,Inner,13,274.532,46.395,291.882,9.268
790.200,snap_through,7,Inner,14,281.458,31.992,290.897,-6.599
790.200,snap_through,7,Inner,15,288.580,20.143,291.291,-20.348
790.200,snap_through,7,Inner,16,295.766,11.949,294.310,-30.308
790.200,snap_through,7,Inner,17,303.145,11.949,301.603,-31.437
790.200,snap_through,7,Inner,18,310.524,11.949,308.899,-32.542
790.200,snap_through,7,Patch2,1,295.766,7.918,294.310,-34.339
790.200,snap_through,7,Patch2,2,303.145,7.918,301.603,-35.469
790.200,snap_through,7,Patch2,3,310.524,7.918,308.899,-36.573
790.200,snap_through,7,Patch3,1,185.076,7.918,182.961,-27.098
790.200,snap_through,7,Patch3,2,192.455,7.918,190.311,-27.774
790.200,snap_through,7,Patch3,3,199.834,7.918,197.654,-28.526
790.200,snap_through,7,Patch4,1,200.260,80.432,198.793,-3.684
790.200,snap_through,7,Patch4,2,207.475,90.411,206.157,6.143
790.200,snap_through,7,Patch4,3,214.410,97.757,213.160,13.391
790.200,snap_through,7,Patch4,4,221.802,103.415,220.517,19.074
790.200,snap_through,7,Patch4,5,229.250,105.988,227.949,21.687
790.200,snap_through,7,Patch4,6,236.611,106.205,235.308,21.844
790.200,snap_through,7,Patch4,7,244.056,106.186,242.739,21.510
790.200,snap_through,7,Patch4,8,251.544,106.186,250.180,20.768
790.200,snap_through,7,Patch4,9,258.989,106.205,257.548,19.788
790.200,snap_through,7,Patch4,10,266.350,105.988,264.850,19.855
790.200,snap_through,7,Patch4,11,273.798,103.415,272.709,20.160
790.200,snap_through,7,Patch4,12,281.190,97.757,281.700,17.765
790.200,snap_through,7,Patch4,13,288.125,90.411,290.885,13.570
790.200,snap_through,7,Patch4,14,295.340,80.432,301.281,6.989
790.200,snap_through,8,Outer,1,140.800,43.924,143.123,13.932
790.200,snap_through,8,Outer,2,147.972,43.924,149.052,9.912
790.200,snap_through,8,Outer,3,155.145,43.924,154.973,5.879
790.200,snap_through,8,Outer,4,162.317,43.927,162.130,0.923
790.200,snap_through,8,Outer,5,169.423,44.390,167.671,-3.533
790.200,snap_through,8,Outer,6,176.142,48.169,175.085,-5.618
790.200,snap_through,8,Outer,7,182.888,56.052,185.440,-5.062
790.200,snap_through,8,Outer,8,189.649,67.202,197.990,-1.545
790.200,snap_through,8,Outer,9,196.363,79.659,211.028,3.944
790.200,snap_through,8,Outer,10,203.218,90.051,222.499,8.768
790.200,snap_through,8,Outer,11,210.667,98.241,232.903,12.554
790.200,snap_through,8,Outer,12,218.441,103.675,242.218,14.360
790.200,snap_through,8,Outer,13,226.079,105.997,250.210,14.360
790.200,snap_through,8,Outer,14,233.571,106.418,257.680,13.597
790.200,snap_through,8,Outer,15,241.055,106.449,265.164,13.949
790.200,snap_through,8,Outer,16,248.545,106.449,272.172,16.587
790.200,snap_through,8,Outer,17,256.029,106.418,277.797,21.507
790.200,snap_through,8,Outer,18,263.521,105.997,283.209,26.698
790.200,snap_through,8,Outer,19,271.159,103.675,289.834,31.124
790.200,snap_through,8,Outer,20,278.933,98.241,299.017,33.298
790.200,snap_through,8,Outer,21,286.382,90.051,308.638,27.927
790.200,snap_through,8,Outer,22,293.237,79.659,309.210,15.536
790.200,snap_through,8,Outer,23,299.951,67.202,305.051,2.041
790.200,snap_through,8,Outer,24,306.712,56.052,304.682,-10.974
790.200,snap_through,8,Outer,25,313.458,48.169,313.216,-16.818
790.200,snap_through,8,Outer,26,320.177,44.390,320.682,-14.966
790.200,snap_through,8,Outer,27,327.283,43.927,326.107,-10.355
790.200,snap_through,8,Outer,28,334.455,43.924,333.068,-4.892
790.200,snap_through,8,Outer,29,341.628,43.924,338.542,-0.260
790.200,snap_through,8,Outer,30,348.800,43.924,344.030,4.356
790.200,snap_through,8,Plate,1,140.800,41.459,143.123,11.467
790.200,snap_through,8,Plate,2,147.972,41.459,149.052,7.448
790.200,snap_through,8,Plate,3,155.145,41.459,154.973,3.414
790.200,snap_through,8,Plate,4,162.466,34.336,160.451,-5.188
790.200,snap_through,8,Plate,5,169.751,24.669,167.680,-14.893
790.200,snap_through,8,Plate,6,176.701,15.891,174.489,-23.780
790.200,snap_through,8,Plate,7,183.834,9.845,181.183,-30.319
790.200,snap_through,8,Plate,8,191.007,9.845,188.307,-31.165
790.200,snap_through,8,Plate,9,198.179,9.845,195.429,-32.023
790.200,snap_through,8,Plate,10,205.352,9.845,202.577,-32.713
790.200,snap_through,8,Plate,11,212.526,11.670,209.893,-31.535
790.200,snap_through,8,Plate,12,219.660,14.743,217.275,-29.098
790.200,snap_through,8,Plate,13,226.927,16.409,224.645,-27.926
790.200,snap_through,8,Plate,14,234.092,16.240,231.806,-28.383
790.200,snap_through,8,Plate,15,241.226,15.949,238.938,-28.853
790.200,snap_through,8,Plate,16,248.374,15.949,246.091,-28.999
790.200,snap_through,8,Plate,17,255.508,16.240,253.236,-28.836
790.200,snap_through,8,Plate,18,262.673,16.409,260.409,-28.740
790.200,snap_through,8,Plate,19,269.940,14.743,267.687,-30.389
790.200,snap_through,8,Plate,20,277.074,11.670,274.836,-33.443
790.200,snap_through,8,Plate,21,284.248,9.845,281.970,-35.456
790.200,snap_through,8,Plate,22,291.421,9.845,289.127,-36.130
790.200,snap_through,8,Plate,23,298.593,9.845,296.252,-36.968
790.200,snap_through,8,Plate,24,305.766,9.845,303.383,-37.747
790.200,snap_through,8,Plate,25,312.899,15.891,311.170,-32.567
790.200,snap_through,8,Plate,26,319.849,24.669,319.130,-24.694
790.200,snap_through,8,Plate,27,327.134,34.336,327.330,-15.790
790.200,snap_through,8,Plate,28,334.455,41.459,333.068,-7.357
790.200,snap_through,8,Plate,29,341.628,41.459,338.542,-2.724
790.200,snap_through,8,Plate,30,348.800,41.459,344.030,1.892
790.200,snap_through,8,Inner,1,183.834,12.309,181.183,-27.855
790.200,snap_through,8,Inner,2,191.007,12.309,188.307,-28.701
790.200,snap_through,8,Inner,3,198.179,12.309,195.429,-29.559
790.200,snap_through,8,Inner,4,205.206,19.990,203.626,-22.834
790.200,snap_through,8,Inner,5,212.126,31.298,212.401,-12.944
790.200,snap_through,8,Inner,6,218.877,44.909,222.853,-2.010
790.200,snap_through,8,Inner,7,225.964,56.366,234.339,4.927
790.200,snap_through,8,Inner,8,233.390,63.530,244.264,7.657
790.200,snap_through,8,Inner,9,241.025,66.240,252.328,7.441
790.200,snap_through,8,Inner,10,248.575,66.240,259.783,6.781
790.200,snap_through,8,Inner,11,256.210,63.530,267.671,8.485
790.200,snap_through,8,Inner,12,263.636,56.366,277.933,9.374
790.200,snap_through,8,Inner,13,270.723,44.909,290.255,4.242
790.200,snap_through,8,Inner,14,277.474,31.298,289.316,-10.842
790.200,snap_through,8,Inner,15,284.394,19.990,287.483,-23.937
790.200,snap_through,8,Inner,16,291.421,12.309,289.127,-33.665
790.200,snap_through,8,Inner,17,298.593,12.309,296.252,-34.504
790.200,snap_through,8,Inner,18,305.766,12.309,303.383,-35.282
790.200,snap_through,8,Patch2,1,291.421,8.278,289.127,-37.697
790.200,snap_through,8,Patch2,2,298.593,8.278,296.252,-38.535
790.200,snap_through,8,Patch2,3,305.766,8.278,303.383,-39.314
790.200,snap_through,8,Patch3,1,183.834,8.278,181.183,-31.886
790.200,snap_through,8,Patch3,2,191.007,8.278,188.307,-32.732
790.200,snap_through,8,Patch3,3,198.179,8.278,195.429,-33.590
790.200,snap_through,8,Patch4,1,198.827,77.188,196.605,-9.836
790.200,snap_through,8,Patch4,2,205.781,86.254,204.556,-1.630
790.200,snap_through,8,Patch4,3,212.610,93.074,212.113,4.370
790.200,snap_through,8,Patch4,4,219.744,97.831,219.691,8.369
790.200,snap_through,8,Patch4,5,226.949,100.113,227.033,10.114
790.200,snap_through,8,Patch4,6,234.088,100.289,234.165,10.211
790.200,snap_through,8,Patch4,7,241.256,100.235,241.315,10.313
790.200,snap_through,8,Patch4,8,248.344,100.235,248.393,10.419
790.200,snap_through,8,Patch4,9,255.512,100.289,255.554,10.694
790.200,snap_through,8,Patch4,10,262.651,100.113,262.654,11.469
790.200,snap_through,8,Patch4,11,269.856,97.831,270.206,11.851
790.200,snap_through,8,Patch4,12,276.989,93.074,278.629,10.258
790.200,snap_through,8,Patch4,13,283.819,86.254,287.611,6.737
790.200,snap_through,8,Patch4,14,290.773,77.188,297.584,1.173
790.200,snap_through,9,Outer,1,140.800,41.821,143.202,11.365
790.200,snap_through,9,Outer,2,147.766,41.821,149.092,7.648
790.200,snap_through,9,Outer,3,154.731,41.821,154.975,3.918
790.200,snap_through,9,Outer,4,161.697,41.822,162.012,-0.796
790.200,snap_through,9,Outer,5,168.609,42.268,167.445,-5.096
790.200,snap_through,9,Outer,6,175.208,45.875,174.673,-7.170
790.200,snap_through,9,Outer,7,181.788,53.270,184.560,-6.803
790.200,snap_through,9,Outer,8,188.390,63.898,196.655,-3.678
790.200,snap_through,9,Outer,9,194.949,75.960,209.091,2.066
790.200,snap_through,9,Outer,10,201.645,85.927,219.872,7.285
790.200,snap_through,9,Outer,11,208.805,93.528,229.470,11.326
790.200,snap_through,9,Outer,12,216.285,98.376,238.020,13.857
790.200,snap_through,9,Outer,13,223.660,100.324,245.616,14.554
790.200,snap_through,9,Outer,14,230.917,100.656,252.866,14.559
790.200,snap_through,9,Outer,15,238.170,100.670,260.058,15.361
790.200,snap_through,9,Outer,16,245.430,100.670,266.645,18.316
790.200,snap_through,9,Outer,17,252.682,100.656,272.046,23.129
790.200,snap_through,9,Outer,18,259.940,100.324,277.320,28.110
790.200,snap_through,9,Outer,19,267.315,98.376,283.684,32.314
790.200,snap_through,9,Outer,20,274.795,93.528,292.470,33.442
790.200,snap_through,9,Outer,21,281.955,85.927,300.326,26.747
790.200,snap_through,9,Outer,22,288.651,75.960,299.988,14.782
790.200,snap_through,9,Outer,23,295.210,63.898,296.370,1.546
790.200,snap_through,9,Outer,24,301.812,53.270,297.119,-10.922
790.200,snap_through,9,Outer,25,308.392,45.875,305.915,-15.376
790.200,snap_through,9,Outer,26,314.991,42.268,313.230,-13.643
790.200,snap_through,9,Outer,27,321.903,41.822,318.652,-9.335
790.200,snap_through,9,Outer,28,328.869,41.821,325.543,-4.199
790.200,snap_through,9,Outer,29,335.834,41.821,330.971,0.162
790.200,snap_through,9,Outer,30,342.800,41.821,336.409,4.511
790.200,snap_through,9,Plate,1,140.800,39.357,143.202,8.901
790.200,snap_through,9,Plate,2,147.766,39.357,149.092,5.183
790.200,snap_through,9,Plate,3,154.731,39.357,154.975,1.454
790.200,snap_through,9,Plate,4,161.847,32.291,160.375,-6.975
790.200,snap_through,9,Plate,5,168.904,22.942,167.247,-16.450
790.200,snap_through,9,Plate,6,175.659,14.820,173.775,-24.747
790.200,snap_through,9,Plate,7,182.593,9.592,180.351,-30.414
790.200,snap_through,9,Plate,8,189.559,9.592,187.285,-31.080
790.200,snap_through,9,Plate,9,196.524,9.592,194.217,-31.779
790.200,snap_through,9,Plate,10,203.490,9.592,201.167,-32.356
790.200,snap_through,9,Plate,11,210.433,11.441,208.242,-31.052
790.200,snap_through,9,Plate,12,217.390,14.434,215.421,-28.616
790.200,snap_through,9,Plate,13,224.447,15.934,222.564,-27.552
790.200,snap_through,9,Plate,14,231.405,15.764,229.518,-27.995
790.200,snap_through,9,Plate,15,238.329,15.482,236.437,-28.477
790.200,snap_through,9,Plate,16,245.271,15.482,243.382,-28.671
790.200,snap_through,9,Plate,17,252.195,15.764,250.316,-28.591
790.200,snap_through,9,Plate,18,259.153,15.934,257.282,-28.598
790.200,snap_through,9,Plate,19,266.210,14.434,264.320,-30.207
790.200,snap_through,9,Plate,20,273.167,11.441,271.244,-33.291
790.200,snap_through,9,Plate,21,280.110,9.592,278.136,-35.349
790.200,snap_through,9,Plate,22,287.076,9.592,285.096,-35.839
790.200,snap_through,9,Plate,23,294.041,9.592,292.036,-36.448
790.200,snap_through,9,Plate,24,301.007,9.592,298.982,-36.974
790.200,snap_through,9,Plate,25,307.941,14.820,306.269,-32.249
790.200,snap_through,9,Plate,26,314.696,22.942,313.500,-24.552
790.200,snap_through,9,Plate,27,321.753,32.291,320.817,-15.418
790.200,snap_through,9,Plate,28,328.869,39.357,325.543,-6.663
790.200,snap_through,9,Plate,29,335.834,39.357,330.971,-2.302
790.200,snap_through,9,Plate,30,342.800,39.357,336.409,2.046
790.200,snap_through,9,Inner,1,182.593,12.056,180.351,-27.950
790.200,snap_through,9,Inner,2,189.559,12.056,187.285,-28.616
790.200,snap_through,9,Inner,3,196.524,12.056,194.217,-29.315
790.200,snap_through,9,Inner,4,203.397,19.511,202.192,-22.764
790.200,snap_through,9,Inner,5,210.133,30.518,210.804,-13.215
790.200,snap_through,9,Inner,6,216.714,43.686,220.804,-2.510
790.200,snap_through,9,Inner,7,223.599,54.542,231.099,5.094
790.200,snap_through,9,Inner,8,230.777,61.083,240.041,8.836
790.200,snap_through,9,Inner,9,238.147,63.531,247.788,9.027
790.200,snap_through,9,Inner,10,245.453,63.531,255.028,8.732
790.200,snap_through,9,Inner,11,252.823,61.083,262.655,9.852
790.200,snap_through,9,Inner,12,260.001,54.542,272.318,10.392
790.200,snap_through,9,Inner,13,266.886,43.686,282.891,3.455
790.200,snap_through,9,Inner,14,273.467,30.518,282.725,-11.215
790.200,snap_through,9,Inner,15,280.203,19.511,282.376,-24.105
790.200,snap_through,9,Inner,16,287.076,12.056,285.096,-33.375
790.200,snap_through,9,Inner,17,294.041,12.056,292.036,-33.984
790.200,snap_through,9,Inner,18,301.007,12.056,298.982,-34.510
790.200,snap_through,9,Patch1,1,203.490,13.073,201.167,-28.874
790.200,snap_through,9,Patch1,2,209.589,14.803,207.627,-27.615
790.200,snap_through,9,Patch1,3,217.450,17.933,215.688,-25.054
790.200,snap_through,9,Patch1,4,224.512,19.326,222.823,-24.100
790.200,snap_through,9,Patch1,5,231.408,19.187,229.705,-24.573
790.200,snap_through,9,Patch1,6,238.331,18.882,236.612,-25.138
790.200,snap_through,9,Patch1,7,245.269,18.882,243.548,-25.344
790.200,snap_through,9,Patch1,8,252.192,19.187,250.477,-25.202
790.200,snap_through,9,Patch1,9,259.088,19.326,257.376,-25.184
790.200,snap_through,9,Patch1,10,266.150,17.933,264.419,-26.670
790.200,snap_through,9,Patch1,11,274.011,14.803,272.223,-29.935
790.200,snap_through,9,Patch1,12,280.110,13.073,278.136,-31.868
790.200,snap_through,9,Patch2,1,287.076,8.025,285.096,-37.406
790.200,snap_through,9,Patch2,2,294.041,8.025,292.036,-38.015
790.200,snap_through,9,Patch2,3,301.007,8.025,298.982,-38.541
790.200,snap_through,9,Patch3,1,182.593,8.025,180.351,-31.981
790.200,snap_through,9,Patch3,2,189.559,8.025,187.285,-32.647
790.200,snap_through,9,Patch3,3,196.524,8.025,194.217,-33.345
790.200,snap_through,9,Patch4,1,197.238,73.649,195.997,-8.031
790.200,snap_through,9,Patch4,2,204.061,82.424,203.577,-0.021
790.200,snap_through,9,Patch4,3,210.677,89.048,210.738,5.914
790.200,snap_through,9,Patch4,4,217.602,93.438,217.960,9.733
790.200,snap_through,9,Patch4,5,224.585,95.404,225.018,11.384
790.200,snap_through,9,Patch4,6,231.525,95.546,231.959,11.548
790.200,snap_through,9,Patch4,7,238.380,95.337,238.819,11.521
790.200,snap_through,9,Patch4,8,245.220,95.337,245.655,11.785
790.200,snap_through,9,Patch4,9,252.075,95.546,252.492,12.326
790.200,snap_through,9,Patch4,10,259.015,95.404,259.408,12.911
790.200,snap_through,9,Patch4,11,265.998,93.438,266.663,12.857
790.200,snap_through,9,Patch4,12,272.923,89.048,274.524,10.598
790.200,snap_through,9,Patch4,13,279.539,82.424,282.600,5.953
790.200,snap_through,9,Patch4,14,286.362,73.649,291.238,-0.946
790.200,snap_through,10,Outer,1,140.800,39.668,142.676,13.832
790.200,snap_through,10,Outer,2,147.559,39.668,148.442,10.316
790.200,snap_through,10,Outer,3,154.317,39.668,154.196,6.782
790.200,snap_through,10,Outer,4,161.076,39.719,161.182,2.521
790.200,snap_through,10,Outer,5,167.791,40.129,166.745,-1.253
790.200,snap_through,10,Outer,6,174.245,43.473,173.872,-2.690
790.200,snap_through,10,Outer,7,180.654,50.504,183.248,-1.141
790.200,snap_through,10,Outer,8,187.088,60.758,194.265,3.776
790.200,snap_through,10,Outer,9,193.474,72.697,205.182,11.639
790.200,snap_through,10,Outer,10,199.989,82.455,214.571,18.553
790.200,snap_through,10,Outer,11,206.913,89.649,223.201,23.495
790.200,snap_through,10,Outer,12,214.119,94.117,231.295,25.986
790.200,snap_through,10,Outer,13,221.244,95.761,238.585,26.040
790.200,snap_through,10,Outer,14,228.272,96.019,245.500,25.090
790.200,snap_through,10,Outer,15,235.290,96.026,252.437,25.301
790.200,snap_through,10,Outer,16,242.310,96.026,258.490,28.790
790.200,snap_through,10,Outer,17,249.328,96.019,263.967,33.143
790.200,snap_through,10,Outer,18,256.356,95.761,269.557,37.386
790.200,snap_through,10,Outer,19,263.481,94.117,276.147,40.543
790.200,snap_through,10,Outer,20,270.687,89.649,284.499,39.434
790.200,snap_through,10,Outer,21,277.611,82.455,289.064,30.676
790.200,snap_through,10,Outer,22,284.126,72.697,288.577,18.996
790.200,snap_through,10,Outer,23,290.512,60.758,286.658,5.631
790.200,snap_through,10,Outer,24,296.946,50.504,290.794,-5.697
790.200,snap_through,10,Outer,25,303.355,43.473,299.648,-9.103
790.200,snap_through,10,Outer,26,309.809,40.129,306.838,-8.016
790.200,snap_through,10,Outer,27,316.524,39.719,312.512,-4.427
790.200,snap_through,10,Outer,28,323.283,39.668,319.501,-0.183
790.200,snap_through,10,Outer,29,330.041,39.668,325.153,3.498
790.200,snap_through,10,Outer,30,336.800,39.668,330.812,7.168
790.200,snap_through,10,Plate,1,140.800,37.204,142.676,11.368
790.200,snap_through,10,Plate,2,147.559,37.204,148.442,7.852
790.200,snap_through,10,Plate,3,154.317,37.204,154.196,4.317
790.200,snap_through,10,Plate,4,161.218,30.231,159.500,-3.855
790.200,snap_through,10,Plate,5,168.054,21.110,166.608,-12.717
790.200,snap_through,10,Plate,6,174.610,13.360,173.380,-20.240
790.200,snap_through,10,Plate,7,181.352,8.626,180.078,-25.017
790.200,snap_through,10,Plate,8,188.110,8.626,186.829,-25.350
790.200,snap_through,10,Plate,9,194.869,8.626,193.576,-25.763
790.200,snap_through,10,Plate,10,201.628,8.626,200.329,-26.164
790.200,snap_through,10,Plate,11,208.345,10.370,207.149,-24.862
790.200,snap_through,10,Plate,12,215.111,13.202,214.099,-22.522
790.200,snap_through,10,Plate,13,221.958,14.570,221.024,-21.588
790.200,snap_through,10,Plate,14,228.716,14.372,227.767,-22.127
790.200,snap_through,10,Plate,15,235.433,14.065,234.468,-22.740
790.200,snap_through,10,Plate,16,242.167,14.065,241.199,-23.063
790.200,snap_through,10,Plate,17,248.884,14.372,247.927,-23.108
790.200,snap_through,10,Plate,18,255.642,14.570,254.688,-23.278
790.200,snap_through,10,Plate,19,262.489,13.202,261.451,-25.011
790.200,snap_through,10,Plate,20,269.255,10.370,268.032,-28.229
790.200,snap_through,10,Plate,21,275.972,8.626,274.596,-30.467
790.200,snap_through,10,Plate,22,282.731,8.626,281.323,-31.127
790.200,snap_through,10,Plate,23,289.490,8.626,288.047,-31.803
790.200,snap_through,10,Plate,24,296.248,8.626,294.780,-32.386
790.200,snap_through,10,Plate,25,302.990,13.360,301.824,-28.134
790.200,snap_through,10,Plate,26,309.546,21.110,308.622,-20.634
790.200,snap_through,10,Plate,27,316.382,30.231,315.170,-11.360
790.200,snap_through,10,Plate,28,323.283,37.204,319.501,-2.648
790.200,snap_through,10,Plate,29,330.041,37.204,325.153,1.033
790.200,snap_through,10,Plate,30,336.800,37.204,330.812,4.704
790.200,snap_through,10,Inner,1,181.352,11.090,180.078,-22.553
790.200,snap_through,10,Inner,2,188.110,11.090,186.829,-22.886
790.200,snap_through,10,Inner,3,194.869,11.090,193.576,-23.298
790.200,snap_through,10,Inner,4,201.583,18.186,201.044,-16.870
790.200,snap_through,10,Inner,5,208.099,28.933,208.845,-7.111
790.200,snap_through,10,Inner,6,214.505,41.894,217.281,4.523
790.200,snap_through,10,Inner,7,221.206,52.486,225.793,13.641
790.200,snap_through,10,Inner,8,228.153,58.705,233.704,18.539
790.200,snap_through,10,Inner,9,235.268,61.015,241.066,19.839
790.200,snap_through,10,Inner,10,242.332,61.015,248.094,20.158
790.200,snap_through,10,Inner,11,249.447,58.705,255.555,20.083
790.200,snap_through,10,Inner,12,256.394,52.486,263.981,16.265
790.200,snap_through,10,Inner,13,263.095,41.894,270.518,5.696
790.200,snap_through,10,Inner,14,269.501,28.933,273.201,-8.455
790.200,snap_through,10,Inner,15,276.017,18.186,276.546,-20.519
790.200,snap_through,10,Inner,16,282.731,11.090,281.323,-28.663
790.200,snap_through,10,Inner,17,289.490,11.090,288.047,-29.339
790.200,snap_through,10,Inner,18,296.248,11.090,294.780,-29.922
790.200,snap_through,10,Patch2,1,282.731,7.059,281.323,-32.694
790.200,snap_through,10,Patch2,2,289.490,7.059,288.047,-33.370
790.200,snap_through,10,Patch2,3,296.248,7.059,294.780,-33.953
790.200,snap_through,10,Patch3,1,181.352,7.059,180.078,-26.584
790.200,snap_through,10,Patch3,2,188.110,7.059,186.829,-26.917
790.200,snap_through,10,Patch3,3,194.869,7.059,193.576,-27.329
790.200,snap_through,10,Patch4,1,195.329,69.366,195.231,-0.182
790.200,snap_through,10,Patch4,2,201.897,78.048,202.014,8.109
790.200,snap_through,10,Patch4,3,208.521,84.991,208.756,14.756
790.200,snap_through,10,Patch4,4,215.278,89.783,215.513,19.422
790.200,snap_through,10,Patch4,5,222.106,91.706,222.289,21.468
790.200,snap_through,10,Patch4,6,228.891,91.857,229.054,21.997
790.200,snap_through,10,Patch4,7,235.567,91.780,235.721,22.331
790.200,snap_through,10,Patch4,8,242.033,91.780,242.181,22.609
790.200,snap_through,10,Patch4,9,248.709,91.857,248.852,22.838
790.200,snap_through,10,Patch4,10,255.494,91.706,255.636,22.960
790.200,snap_through,10,Patch4,11,262.322,89.783,262.560,21.475
790.200,snap_through,10,Patch4,12,269.079,84.991,269.614,17.243
790.200,snap_through,10,Patch4,13,275.703,78.048,276.688,10.906
790.200,snap_through,10,Patch4,14,282.271,69.366,283.819,2.847
790.200,snap_through,11,Outer,1,140.800,37.778,141.052,17.408
790.200,snap_through,11,Outer,2,147.352,37.778,147.002,14.683
790.200,snap_through,11,Outer,3,153.903,37.778,152.948,11.949
790.200,snap_through,11,Outer,4,160.455,37.756,159.904,8.781
790.200,snap_through,11,Outer,5,166.972,38.129,165.853,6.117
790.200,snap_through,11,Outer,6,173.275,41.172,172.847,5.912
790.200,snap_through,11,Outer,7,179.510,47.531,181.209,8.903
790.200,snap_through,11,Outer,8,185.771,56.841,190.462,15.110
790.200,snap_through,11,Outer,9,191.988,67.968,199.673,23.724
790.200,snap_through,11,Outer,10,198.313,77.018,207.989,30.833
790.200,snap_through,11,Outer,11,204.978,83.598,215.861,35.823
790.200,snap_through,11,Outer,12,211.921,87.530,223.341,38.584
790.200,snap_through,11,Outer,13,218.813,88.897,230.322,39.265
790.200,snap_through,11,Outer,14,225.616,89.118,237.092,39.408
790.200,snap_through,11,Outer,15,232.405,89.133,243.717,40.716
790.200,snap_through,11,Outer,16,239.195,89.133,250.055,43.121
790.200,snap_through,11,Outer,17,245.984,89.118,256.302,45.768
790.200,snap_through,11,Outer,18,252.787,88.897,262.630,48.267
790.200,snap_through,11,Outer,19,259.679,87.530,269.543,49.447
790.200,snap_through,11,Outer,20,266.622,83.598,276.147,45.098
790.200,snap_through,11,Outer,21,273.287,77.018,278.779,36.209
790.200,snap_through,11,Outer,22,279.612,67.968,279.136,25.267
790.200,snap_through,11,Outer,23,285.829,56.841,279.788,12.656
790.200,snap_through,11,Outer,24,292.090,47.531,286.706,3.863
790.200,snap_through,11,Outer,25,298.325,41.172,294.965,0.577
790.200,snap_through,11,Outer,26,304.628,38.129,301.965,0.512
790.200,snap_through,11,Outer,27,311.145,37.756,308.023,2.896
790.200,snap_through,11,Outer,28,317.697,37.778,315.000,5.804
790.200,snap_through,11,Outer,29,324.248,37.778,321.007,8.378
790.200,snap_through,11,Outer,30,330.800,37.778,327.014,10.956
790.200,snap_through,11,Plate,1,140.800,35.313,141.052,14.944
790.200,snap_through,11,Plate,2,147.352,35.313,147.002,12.218
790.200,snap_through,11,Plate,3,153.903,35.313,152.948,9.484
790.200,snap_through,11,Plate,4,160.593,28.814,158.409,2.014
790.200,snap_through,11,Plate,5,167.202,20.300,165.618,-5.937
790.200,snap_through,11,Plate,6,173.563,13.270,172.495,-12.415
790.200,snap_through,11,Plate,7,180.110,9.254,179.231,-16.083
790.200,snap_through,11,Plate,8,186.662,9.254,185.784,-16.020
790.200,snap_through,11,Plate,9,193.214,9.254,192.336,-16.108
790.200,snap_through,11,Plate,10,199.766,9.254,198.883,-16.374
790.200,snap_through,11,Plate,11,206.252,10.912,205.453,-15.094
790.200,snap_through,11,Plate,12,212.838,13.547,212.187,-12.889
790.200,snap_through,11,Plate,13,219.480,14.725,218.890,-12.146
790.200,snap_through,11,Plate,14,226.031,14.516,225.413,-12.780
790.200,snap_through,11,Plate,15,232.537,14.211,231.883,-13.516
790.200,snap_through,11,Plate,16,239.063,14.211,238.393,-13.964
790.200,snap_through,11,Plate,17,245.569,14.516,244.903,-14.120
790.200,snap_through,11,Plate,18,252.120,14.725,251.452,-14.387
790.200,snap_through,11,Plate,19,258.762,13.547,257.985,-16.046
790.200,snap_through,11,Plate,20,265.348,10.912,264.340,-19.159
790.200,snap_through,11,Plate,21,271.834,9.254,270.664,-21.331
790.200,snap_through,11,Plate,22,278.386,9.254,277.192,-21.856
790.200,snap_through,11,Plate,23,284.938,9.254,283.712,-22.493
790.200,snap_through,11,Plate,24,291.490,9.254,290.230,-23.146
790.200,snap_through,11,Plate,25,298.037,13.270,297.141,-19.819
790.200,snap_through,11,Plate,26,304.398,20.300,304.012,-13.340
790.200,snap_through,11,Plate,27,311.007,28.814,310.362,-4.697
790.200,snap_through,11,Plate,28,317.697,35.313,315.000,3.340
790.200,snap_through,11,Plate,29,324.248,35.313,321.007,5.914
790.200,snap_through,11,Plate,30,330.800,35.313,327.014,8.492
790.200,snap_through,11,Inner,1,180.110,11.718,179.231,-13.619
790.200,snap_through,11,Inner,2,186.662,11.718,185.784,-13.556
790.200,snap_through,11,Inner,3,193.214,11.718,192.336,-13.644
790.200,snap_through,11,Inner,4,199.736,18.029,199.306,-7.767
790.200,snap_through,11,Inner,5,206.081,28.040,206.522,1.542
790.200,snap_through,11,Inner,6,212.309,40.061,214.016,12.707
790.200,snap_through,11,Inner,7,218.819,49.723,221.438,21.602
790.200,snap_through,11,Inner,8,225.513,55.281,228.494,26.655
790.200,snap_through,11,Inner,9,232.382,57.312,235.436,28.424
790.200,snap_through,11,Inner,10,239.218,57.312,242.270,28.314
790.200,snap_through,11,Inner,11,246.087,55.281,249.098,26.207
790.200,snap_through,11,Inner,12,252.781,49.723,255.575,20.481
790.200,snap_through,11,Inner,13,259.291,40.061,261.321,10.449
790.200,snap_through,11,Inner,14,265.519,28.040,266.262,-2.048
790.200,snap_through,11,Inner,15,271.864,18.029,271.537,-12.572
790.200,snap_through,11,Inner,16,278.386,11.718,277.192,-19.392
790.200,snap_through,11,Inner,17,284.938,11.718,283.712,-20.028
790.200,snap_through,11,Inner,18,291.490,11.718,290.230,-20.682
790.200,snap_through,11,Patch1,1,199.766,12.597,198.883,-13.030
790.200,snap_through,11,Patch1,2,205.429,14.310,204.866,-11.743
790.200,snap_through,11,Patch1,3,212.897,17.027,212.520,-9.625
790.200,snap_through,11,Patch1,4,219.549,17.995,219.227,-9.148
790.200,snap_through,11,Patch1,5,226.056,17.807,225.708,-9.756
790.200,snap_through,11,Patch1,6,232.539,17.524,232.163,-10.426
790.200,snap_through,11,Patch1,7,239.061,17.524,238.674,-10.810
790.200,snap_through,11,Patch1,8,245.544,17.807,245.163,-10.923
790.200,snap_through,11,Patch1,9,252.051,17.995,251.668,-11.157
790.200,snap_through,11,Patch1,10,258.703,17.027,258.233,-12.585
790.200,snap_through,11,Patch1,11,266.171,14.310,265.460,-15.857
790.200,snap_through,11,Patch1,12,271.834,12.597,270.664,-17.987
790.200,snap_through,11,Patch2,1,278.386,7.687,277.192,-23.423
790.200,snap_through,11,Patch2,2,284.938,7.687,283.712,-24.060
790.200,snap_through,11,Patch2,3,291.490,7.687,290.230,-24.713
790.200,snap_through,11,Patch3,1,180.110,7.687,179.231,-17.650
790.200,snap_through,11,Patch3,2,186.662,7.687,185.784,-17.587
790.200,snap_through,11,Patch3,3,193.214,7.687,192.336,-17.675
790.200,snap_through,11,Patch4,1,194.083,66.285,193.941,13.458
790.200,snap_through,11,Patch4,2,200.528,74.107,200.394,20.988
790.200,snap_through,11,Patch4,3,206.781,80.139,206.655,26.792
790.200,snap_through,11,Patch4,4,213.263,83.631,213.137,30.157
790.200,snap_through,11,Patch4,5,219.783,85.206,219.647,31.706
790.200,snap_through,11,Patch4,6,226.300,85.292,226.159,31.811
790.200,snap_through,11,Patch4,7,232.666,85.106,232.521,31.623
790.200,snap_through,11,Patch4,8,238.934,85.106,238.783,31.572
790.200,snap_through,11,Patch4,9,245.300,85.292,245.147,31.634
790.200,snap_through,11,Patch4,10,251.817,85.206,251.652,31.330
790.200,snap_through,11,Patch4,11,258.336,83.631,258.071,29.456
790.200,snap_through,11,Patch4,12,264.818,80.139,264.272,25.598
790.200,snap_through,11,Patch4,13,271.072,74.107,269.933,19.186
790.200,snap_through,11,Patch4,14,277.517,66.285,275.499,10.944
790.200,snap_through,12,Outer,1,140.800,35.764,139.755,21.505
790.200,snap_through,12,Outer,2,147.145,35.764,145.909,19.968
790.200,snap_through,12,Outer,3,153.490,35.764,152.065,18.441
790.200,snap_through,12,Outer,4,159.834,35.798,158.836,16.759
790.200,snap_through,12,Outer,5,166.153,36.172,165.014,15.403
790.200,snap_through,12,Outer,6,172.304,39.184,171.752,16.591
790.200,snap_through,12,Outer,7,178.365,45.306,179.184,20.859
790.200,snap_through,12,Outer,8,184.455,54.259,187.137,28.056
790.200,snap_through,12,Outer,9,190.512,64.860,195.019,37.180
790.200,snap_through,12,Outer,10,196.621,73.524,202.222,44.796
790.200,snap_through,12,Outer,11,203.038,80.001,209.132,50.636
790.200,snap_through,12,Outer,12,209.702,83.742,215.868,54.211
790.200,snap_through,12,Outer,13,216.367,85.039,222.467,55.814
790.200,snap_through,12,Outer,14,222.951,85.249,228.995,56.671
790.200,snap_through,12,Outer,15,229.518,85.264,235.498,57.551
790.200,snap_through,12,Outer,16,236.082,85.264,241.987,58.521
790.200,snap_through,12,Outer,17,242.649,85.249,248.483,59.453
790.200,snap_through,12,Outer,18,249.233,85.039,255.040,60.011
790.200,snap_through,12,Outer,19,255.898,83.742,261.648,58.588
790.200,snap_through,12,Outer,20,262.562,80.001,267.043,53.284
790.200,snap_through,12,Outer,21,268.979,73.524,270.435,44.940
790.200,snap_through,12,Outer,22,275.088,64.860,272.690,34.720
790.200,snap_through,12,Outer,23,281.145,54.259,276.216,23.195
790.200,snap_through,12,Outer,24,287.235,45.306,283.981,15.711
790.200,snap_through,12,Outer,25,293.296,39.184,291.349,11.295
790.200,snap_through,12,Outer,26,299.447,36.172,298.053,9.904
790.200,snap_through,12,Outer,27,305.766,35.798,304.262,11.085
790.200,snap_through,12,Outer,28,312.110,35.764,311.018,12.625
790.200,snap_through,12,Outer,29,318.455,35.764,317.194,14.043
790.200,snap_through,12,Outer,30,324.800,35.764,323.368,15.472
790.200,snap_through,12,Plate,1,140.800,33.300,139.755,19.041
790.200,snap_through,12,Plate,2,147.145,33.300,145.909,17.504
790.200,snap_through,12,Plate,3,153.490,33.300,152.065,15.976
790.200,snap_through,12,Plate,4,159.968,26.864,158.004,9.072
790.200,snap_through,12,Plate,5,166.351,18.503,165.138,1.390
790.200,snap_through,12,Plate,6,172.533,11.872,171.767,-4.745
790.200,snap_through,12,Plate,7,178.869,8.323,178.277,-7.940
790.200,snap_through,12,Plate,8,185.214,8.323,184.619,-7.754
790.200,snap_through,12,Plate,9,191.559,8.323,190.963,-7.670
790.200,snap_through,12,Plate,10,197.903,8.323,197.307,-7.707
790.200,snap_through,12,Plate,11,204.172,10.250,203.608,-5.914
790.200,snap_through,12,Plate,12,210.585,12.745,210.083,-3.616
790.200,snap_through,12,Plate,13,217.010,13.760,216.541,-2.851
790.200,snap_through,12,Plate,14,223.350,13.533,222.861,-3.383
790.200,snap_through,12,Plate,15,229.641,13.231,229.122,-4.053
790.200,snap_through,12,Plate,16,235.959,13.231,235.423,-4.488
790.200,snap_through,12,Plate,17,242.250,13.533,241.718,-4.678
790.200,snap_through,12,Plate,18,248.590,13.760,248.053,-4.991
790.200,snap_through,12,Plate,19,255.015,12.745,254.357,-6.572
790.200,snap_through,12,Plate,20,261.428,10.250,260.503,-9.625
790.200,snap_through,12,Plate,21,267.697,8.323,266.564,-12.094
790.200,snap_through,12,Plate,22,274.041,8.323,272.874,-12.677
790.200,snap_through,12,Plate,23,280.386,8.323,279.188,-13.301
790.200,snap_through,12,Plate,24,286.731,8.323,285.495,-13.989
790.200,snap_through,12,Plate,25,293.067,11.872,292.206,-11.243
790.200,snap_through,12,Plate,26,299.249,18.503,299.103,-5.414
790.200,snap_through,12,Plate,27,305.632,26.864,305.567,2.851
790.200,snap_through,12,Plate,28,312.110,33.300,311.018,10.160
790.200,snap_through,12,Plate,29,318.455,33.300,317.194,11.579
790.200,snap_through,12,Plate,30,324.800,33.300,323.368,13.007
790.200,snap_through,12,Inner,1,178.869,10.788,178.277,-5.476
790.200,snap_through,12,Inner,2,185.214,10.788,184.619,-5.290
790.200,snap_through,12,Inner,3,191.559,10.788,190.963,-5.206
790.200,snap_through,12,Inner,4,197.895,17.093,197.407,0.931
790.200,snap_through,12,Inner,5,204.082,27.105,204.009,10.575
790.200,snap_through,12,Inner,6,210.140,38.557,210.775,21.509
790.200,snap_through,12,Inner,7,216.462,47.473,217.729,29.857
790.200,snap_through,12,Inner,8,222.882,52.427,224.504,34.271
790.200,snap_through,12,Inner,9,229.495,54.128,231.227,35.457
790.200,snap_through,12,Inner,10,236.104,54.128,237.817,34.969
790.200,snap_through,12,Inner,11,242.718,52.427,244.288,32.816
790.200,snap_through,12,Inner,12,249.138,47.473,250.352,27.493
790.200,snap_through,12,Inner,13,255.460,38.557,256.124,18.312
790.200,snap_through,12,Inner,14,261.518,27.105,261.595,6.693
790.200,snap_through,12,Inner,15,267.705,17.093,267.220,-3.541
790.200,snap_through,12,Inner,16,274.041,10.788,272.874,-10.212
790.200,snap_through,12,Inner,17,280.386,10.788,279.188,-10.837
790.200,snap_through,12,Inner,18,286.731,10.788,285.495,-11.525
790.200,snap_through,12,Patch1,1,197.903,11.612,197.307,-4.418
790.200,snap_through,12,Patch1,2,203.450,13.990,203.001,-2.250
790.200,snap_through,12,Patch1,3,210.648,16.002,210.282,-0.580
790.200,snap_through,12,Patch1,4,217.038,16.838,216.709,-0.099
790.200,snap_through,12,Patch1,5,223.344,16.600,222.990,-0.709
790.200,snap_through,12,Patch1,6,229.641,16.306,229.256,-1.405
790.200,snap_through,12,Patch1,7,235.959,16.306,235.559,-1.841
790.200,snap_through,12,Patch1,8,242.256,16.600,241.863,-2.009
790.200,snap_through,12,Patch1,9,248.562,16.838,248.170,-2.243
790.200,snap_through,12,Patch1,10,254.952,16.002,254.480,-3.539
790.200,snap_through,12,Patch1,11,262.150,13.990,261.506,-6.062
790.200,snap_through,12,Patch1,12,267.697,11.612,266.564,-8.805
790.200,snap_through,12,Patch2,1,274.041,6.756,272.874,-14.244
790.200,snap_through,12,Patch2,2,280.386,6.756,279.188,-14.868
790.200,snap_through,12,Patch2,3,286.731,6.756,285.495,-15.556
790.200,snap_through,12,Patch3,1,178.869,6.757,178.277,-9.506
790.200,snap_through,12,Patch3,2,185.214,6.757,184.619,-9.321
790.200,snap_through,12,Patch3,3,191.559,6.757,190.963,-9.237
790.200,snap_through,12,Patch4,1,192.077,61.597,191.914,27.214
790.200,snap_through,12,Patch4,2,198.301,69.349,198.098,34.681
790.200,snap_through,12,Patch4,3,204.533,75.546,204.319,40.638
790.200,snap_through,12,Patch4,4,210.875,80.134,210.679,45.016
790.200,snap_through,12,Patch4,5,217.255,81.458,217.073,46.219
790.200,snap_through,12,Patch4,6,223.597,81.558,223.416,46.207
790.200,snap_through,12,Patch4,7,229.747,81.611,229.565,46.112
790.200,snap_through,12,Patch4,8,235.853,81.611,235.669,45.928
790.200,snap_through,12,Patch4,9,242.003,81.558,241.812,45.654
790.200,snap_through,12,Patch4,10,248.345,81.458,248.144,45.287
790.200,snap_through,12,Patch4,11,254.725,80.134,254.452,43.708
790.200,snap_through,12,Patch4,12,261.067,75.546,260.533,38.967
790.200,snap_through,12,Patch4,13,267.299,69.349,266.386,32.664
790.200,snap_through,12,Patch4,14,273.523,61.597,272.117,24.860
790.200,snap_through,13,Outer,1,140.800,33.866,139.842,26.644
790.200,snap_through,13,Outer,2,146.938,33.866,145.961,26.157
790.200,snap_through,13,Outer,3,153.076,33.866,152.080,25.683
790.200,snap_through,13,Outer,4,159.214,33.898,158.407,25.163
790.200,snap_through,13,Outer,5,165.337,34.286,164.537,24.927
790.200,snap_through,13,Outer,6,171.352,37.358,170.855,27.270
790.200,snap_through,13,Outer,7,177.259,43.243,177.400,32.349
790.200,snap_through,13,Outer,8,183.190,51.657,184.215,39.932
790.200,snap_through,13,Outer,9,189.097,61.538,190.983,49.086
790.200,snap_through,13,Outer,10,195.018,69.686,197.385,56.741
790.200,snap_through,13,Outer,11,201.192,75.889,203.745,62.671
790.200,snap_through,13,Outer,12,207.563,79.241,210.137,65.954
790.200,snap_through,13,Outer,13,213.958,80.350,216.516,67.143
790.200,snap_through,13,Outer,14,220.301,80.555,222.848,67.515
790.200,snap_through,13,Outer,15,226.634,80.597,229.173,67.759
790.200,snap_through,13,Outer,16,232.966,80.597,235.497,67.942
790.200,snap_through,13,Outer,17,239.299,80.555,241.825,67.988
790.200,snap_through,13,Outer,18,245.642,80.350,248.154,67.681
790.200,snap_through,13,Outer,19,252.037,79.241,254.418,66.071
790.200,snap_through,13,Outer,20,258.408,75.889,260.148,61.812
790.200,snap_through,13,Outer,21,264.582,69.686,264.919,54.610
790.200,snap_through,13,Outer,22,270.503,61.538,269.085,45.607
790.200,snap_through,13,Outer,23,276.410,51.657,274.319,35.510
790.200,snap_through,13,Outer,24,282.341,43.243,281.288,27.983
790.200,snap_through,13,Outer,25,288.248,37.358,287.777,22.793
790.200,snap_through,13,Outer,26,294.263,34.286,294.050,20.309
790.200,snap_through,13,Outer,27,300.386,33.898,300.180,20.451
790.200,snap_through,13,Outer,28,306.524,33.866,306.501,20.931
790.200,snap_through,13,Outer,29,312.662,33.866,312.621,21.375
790.200,snap_through,13,Outer,30,318.800,33.866,318.740,21.833
790.200,snap_through,13,Plate,1,140.800,31.401,139.842,24.180
790.200,snap_through,13,Plate,2,146.938,31.401,145.961,23.692
790.200,snap_through,13,Plate,3,153.076,31.401,152.080,23.218
790.200,snap_through,13,Plate,4,159.343,24.803,158.378,16.666
790.200,snap_through,13,Plate,5,165.508,16.664,165.005,8.932
790.200,snap_through,13,Plate,6,171.521,10.866,171.216,3.385
790.200,snap_through,13,Plate,7,177.628,8.057,177.419,0.808
790.200,snap_through,13,Plate,8,183.766,8.057,183.554,0.984
790.200,snap_through,13,Plate,9,189.903,8.057,189.690,1.110
790.200,snap_through,13,Plate,10,196.041,8.057,195.826,1.193
790.200,snap_through,13,Plate,11,202.121,10.574,201.873,3.757
790.200,snap_through,13,Plate,12,208.355,12.863,208.091,6.058
790.200,snap_through,13,Plate,13,214.549,13.670,214.289,6.810
790.200,snap_through,13,Plate,14,220.666,13.483,220.398,6.483
790.200,snap_through,13,Plate,15,226.748,13.233,226.465,6.011
790.200,snap_through,13,Plate,16,232.852,13.233,232.561,5.711
790.200,snap_through,13,Plate,17,238.934,13.483,238.645,5.596
790.200,snap_through,13,Plate,18,245.051,13.670,244.760,5.361
790.200,snap_through,13,Plate,19,251.245,12.863,250.872,4.094
790.200,snap_through,13,Plate,20,257.479,10.574,256.897,1.337
790.200,snap_through,13,Plate,21,263.559,8.057,262.757,-1.620
790.200,snap_through,13,Plate,22,269.697,8.057,268.847,-2.306
790.200,snap_through,13,Plate,23,275.834,8.057,274.964,-2.822
790.200,snap_through,13,Plate,24,281.972,8.057,281.074,-3.403
790.200,snap_through,13,Plate,25,288.079,10.866,287.472,-1.357
790.200,snap_through,13,Plate,26,294.092,16.664,294.169,3.604
790.200,snap_through,13,Plate,27,300.257,24.803,300.681,11.457
790.200,snap_through,13,Plate,28,306.524,31.401,306.501,18.467
790.200,snap_through,13,Plate,29,312.662,31.401,312.621,18.910
790.200,snap_through,13,Plate,30,318.800,31.401,318.740,19.369
790.200,snap_through,13,Inner,1,177.628,10.521,177.419,3.272
790.200,snap_through,13,Inner,2,183.766,10.521,183.554,3.448
790.200,snap_through,13,Inner,3,189.903,10.521,189.690,3.575
790.200,snap_through,13,Inner,4,196.084,17.518,195.873,10.488
790.200,snap_through,13,Inner,5,202.108,27.666,202.179,20.372
790.200,snap_through,13,Inner,6,208.009,38.178,208.564,30.504
790.200,snap_through,13,Inner,7,214.126,45.932,215.094,37.843
790.200,snap_through,13,Inner,8,220.294,49.823,221.468,41.348
790.200,snap_through,13,Inner,9,226.628,50.991,227.857,42.162
790.200,snap_through,13,Inner,10,232.972,50.991,234.194,41.838
790.200,snap_through,13,Inner,11,239.306,49.823,240.466,40.386
790.200,snap_through,13,Inner,12,245.474,45.932,246.460,36.276
790.200,snap_through,13,Inner,13,251.591,38.178,252.253,28.365
790.200,snap_through,13,Inner,14,257.491,27.666,257.697,17.727
790.200,snap_through,13,Inner,15,263.516,17.518,263.258,7.424
790.200,snap_through,13,Inner,16,269.697,10.521,268.847,0.158
790.200,snap_through,13,Inner,17,275.834,10.521,274.964,-0.357
790.200,snap_through,13,Inner,18,281.972,10.521,281.074,-0.939
790.200,snap_through,13,Patch1,1,196.041,11.292,195.826,4.428
790.200,snap_through,13,Patch1,2,201.468,14.254,201.232,7.347
790.200,snap_through,13,Patch1,3,208.403,15.939,208.187,8.925
790.200,snap_through,13,Patch1,4,214.559,16.611,214.359,9.439
790.200,snap_through,13,Patch1,5,220.661,16.401,220.450,9.026
790.200,snap_through,13,Patch1,6,226.746,16.147,226.520,8.517
790.200,snap_through,13,Patch1,7,232.854,16.147,232.621,8.207
790.200,snap_through,13,Patch1,8,238.939,16.401,238.712,8.108
790.200,snap_through,13,Patch1,9,245.041,16.611,244.816,7.945
790.200,snap_through,13,Patch1,10,251.197,15.939,250.921,6.911
790.200,snap_through,13,Patch1,11,258.132,14.254,257.745,4.839
790.200,snap_through,13,Patch1,12,263.559,11.292,262.757,1.615
790.200,snap_through,13,Patch2,1,269.697,6.490,268.847,-3.873
790.200,snap_through,13,Patch2,2,275.834,6.490,274.964,-4.389
790.200,snap_through,13,Patch2,3,281.972,6.490,281.074,-4.970
790.200,snap_through,13,Patch3,1,177.628,6.491,177.419,-0.758
790.200,snap_through,13,Patch3,2,183.766,6.491,183.554,-0.583
790.200,snap_through,13,Patch3,3,189.903,6.491,189.690,-0.456
790.200,snap_through,13,Patch4,1,190.376,57.996,189.998,42.701
790.200,snap_through,13,Patch4,2,196.436,65.473,196.160,49.789
790.200,snap_through,13,Patch4,3,202.467,71.300,202.270,55.299
790.200,snap_through,13,Patch4,4,208.614,75.198,208.473,58.954
790.200,snap_through,13,Patch4,5,214.771,76.642,214.653,60.239
790.200,snap_through,13,Patch4,6,220.846,77.102,220.734,60.564
790.200,snap_through,13,Patch4,7,226.823,77.282,226.713,60.609
790.200,snap_through,13,Patch4,8,232.777,77.282,232.664,60.471
790.200,snap_through,13,Patch4,9,238.754,77.102,238.634,60.148
790.200,snap_through,13,Patch4,10,244.829,76.642,244.693,59.543
790.200,snap_through,13,Patch4,11,250.986,75.198,250.805,57.976
790.200,snap_through,13,Patch4,12,257.133,71.300,256.828,54.048
790.200,snap_through,13,Patch4,13,263.164,65.473,262.668,48.275
790.200,snap_through,13,Patch4,14,269.224,57.996,268.478,40.921
790.200,snap_through,14,Outer,1,140.800,32.045,140.800,32.045
790.200,snap_through,14,Outer,2,146.731,32.045,146.731,32.045
790.200,snap_through,14,Outer,3,152.662,32.045,152.662,32.045
790.200,snap_through,14,Outer,4,158.593,32.049,158.593,32.049
790.200,snap_through,14,Outer,5,164.523,32.484,164.523,32.484
790.200,snap_through,14,Outer,6,170.423,35.821,170.423,35.821
790.200,snap_through,14,Outer,7,176.197,41.604,176.197,41.604
790.200,snap_through,14,Outer,8,181.983,49.464,181.983,49.464
790.200,snap_through,14,Outer,9,187.757,58.532,187.757,58.532
790.200,snap_through,14,Outer,10,193.509,66.117,193.509,66.117
790.200,snap_through,14,Outer,11,199.438,72.003,199.438,72.003
790.200,snap_through,14,Outer,12,205.496,74.850,205.496,74.850
790.200,snap_through,14,Outer,13,211.583,75.698,211.583,75.698
790.200,snap_through,14,Outer,14,217.666,75.897,217.666,75.897
790.200,snap_through,14,Outer,15,223.755,75.979,223.755,75.979
790.200,snap_through,14,Outer,16,229.845,75.979,229.845,75.979
790.200,snap_through,14,Outer,17,235.934,75.897,235.934,75.897
790.200,snap_through,14,Outer,18,242.017,75.698,242.017,75.698
790.200,snap_through,14,Outer,19,248.104,74.850,248.104,74.850
790.200,snap_through,14,Outer,20,254.162,72.003,254.162,72.003
790.200,snap_through,14,Outer,21,260.091,66.117,260.091,66.117
790.200,snap_through,14,Outer,22,265.843,58.532,265.843,58.532
790.200,snap_through,14,Outer,23,271.617,49.464,271.617,49.464
790.200,snap_through,14,Outer,24,277.403,41.604,277.403,41.604
790.200,snap_through,14,Outer,25,283.177,35.821,283.177,35.821
790.200,snap_through,14,Outer,26,289.077,32.484,289.077,32.484
790.200,snap_through,14,Outer,27,295.007,32.049,295.007,32.049
790.200,snap_through,14,Outer,28,300.938,32.045,300.938,32.045
790.200,snap_through,14,Outer,29,306.869,32.045,306.869,32.045
790.200,snap_through,14,Outer,30,312.800,32.045,312.800,32.045
790.200,snap_through,14,Plate,1,140.800,29.580,140.800,29.580
790.200,snap_through,14,Plate,2,146.731,29.580,146.731,29.580
790.200,snap_through,14,Plate,3,152.662,29.580,152.662,29.580
790.200,snap_through,14,Plate,4,158.723,22.515,158.723,22.515
790.200,snap_through,14,Plate,5,164.673,14.537,164.673,14.537
790.200,snap_through,14,Plate,6,170.530,9.892,170.530,9.892
790.200,snap_through,14,Plate,7,176.386,8.038,176.386,8.038
790.200,snap_through,14,Plate,8,182.317,8.038,182.317,8.038
790.200,snap_through,14,Plate,9,188.248,8.038,188.248,8.038
790.200,snap_through,14,Plate,10,194.179,8.038,194.179,8.038
790.200,snap_through,14,Plate,11,200.094,11.507,200.094,11.507
790.200,snap_through,14,Plate,12,206.152,13.587,206.152,13.587
790.200,snap_through,14,Plate,13,212.101,14.155,212.101,14.155
790.200,snap_through,14,Plate,14,217.981,14.064,217.981,14.064
790.200,snap_through,14,Plate,15,223.856,13.910,223.856,13.910
790.200,snap_through,14,Plate,16,229.744,13.910,229.744,13.910
790.200,snap_through,14,Plate,17,235.619,14.064,235.619,14.064
790.200,snap_through,14,Plate,18,241.499,14.155,241.499,14.155
790.200,snap_through,14,Plate,19,247.448,13.587,247.448,13.587
790.200,snap_through,14,Plate,20,253.506,11.507,253.506,11.507
790.200,snap_through,14,Plate,21,259.421,8.038,259.421,8.038
790.200,snap_through,14,Plate,22,265.352,8.038,265.352,8.038
790.200,snap_through,14,Plate,23,271.283,8.038,271.283,8.038
790.200,snap_through,14,Plate,24,277.214,8.038,277.214,8.038
790.200,snap_through,14,Plate,25,283.070,9.892,283.070,9.892
790.200,snap_through,14,Plate,26,288.927,14.537,288.927,14.537
790.200,snap_through,14,Plate,27,294.877,22.515,294.877,22.515
790.200,snap_through,14,Plate,28,300.938,29.580,300.938,29.580
790.200,snap_through,14,Plate,29,306.869,29.580,306.869,29.580
790.200,snap_through,14,Plate,30,312.800,29.580,312.800,29.580
790.200,snap_through,14,Inner,1,176.386,10.503,176.386,10.503
790.200,snap_through,14,Inner,2,182.317,10.503,182.317,10.503
790.200,snap_through,14,Inner,3,188.248,10.503,188.248,10.503
790.200,snap_through,14,Inner,4,194.303,19.004,194.303,19.004
790.200,snap_through,14,Inner,5,200.172,29.589,200.172,29.589
790.200,snap_through,14,Inner,6,205.926,38.974,205.926,38.974
790.200,snap_through,14,Inner,7,211.821,45.264,211.821,45.264
790.200,snap_through,14,Inner,8,217.746,47.702,217.746,47.702
790.200,snap_through,14,Inner,9,223.776,48.140,223.776,48.140
790.200,snap_through,14,Inner,10,229.824,48.140,229.824,48.140
790.200,snap_through,14,Inner,11,235.854,47.702,235.854,47.702
790.200,snap_through,14,Inner,12,241.779,45.264,241.779,45.264
790.200,snap_through,14,Inner,13,247.674,38.974,247.674,38.974
790.200,snap_through,14,Inner,14,253.428,29.589,253.428,29.589
790.200,snap_through,14,Inner,15,259.297,19.004,259.297,19.004
790.200,snap_through,14,Inner,16,265.352,10.503,265.352,10.503
790.200,snap_through,14,Inner,17,271.283,10.503,271.283,10.503
790.200,snap_through,14,Inner,18,277.214,10.503,277.214,10.503
790.200,snap_through,14,Patch2,1,265.352,6.471,265.352,6.471
790.200,snap_through,14,Patch2,2,271.283,6.471,271.283,6.471
790.200,snap_through,14,Patch2,3,277.214,6.471,277.214,6.471
790.200,snap_through,14,Patch3,1,176.386,6.472,176.386,6.472
790.200,snap_through,14,Patch3,2,182.317,6.472,182.317,6.472
790.200,snap_through,14,Patch3,3,188.248,6.472,188.248,6.472
790.200,snap_through,14,Patch4,1,188.813,54.965,188.813,54.965
790.200,snap_through,14,Patch4,2,194.711,61.612,194.711,61.612
790.200,snap_through,14,Patch4,3,200.511,67.178,200.511,67.178
790.200,snap_through,14,Patch4,4,206.420,70.274,206.420,70.274
790.200,snap_through,14,Patch4,5,212.306,71.319,212.306,71.319
790.200,snap_through,14,Patch4,6,218.131,71.494,218.131,71.494
790.200,snap_through,14,Patch4,7,223.908,71.503,223.908,71.503
790.200,snap_through,14,Patch4,8,229.692,71.503,229.692,71.503
790.200,snap_through,14,Patch4,9,235.469,71.494,235.469,71.494
790.200,snap_through,14,Patch4,10,241.294,71.319,241.294,71.319
790.200,snap_through,14,Patch4,11,247.180,70.274,247.180,70.274
790.200,snap_through,14,Patch4,12,253.089,67.178,253.089,67.178
790.200,snap_through,14,Patch4,13,258.889,61.612,258.889,61.612
790.200,snap_through,14,Patch4,14,264.787,54.965,264.787,54.965
