F0_kN,E_kJ,status,sec,part,point_idx,x0_mm,y0_mm,x_mm,y_mm
496.000,10.000,stable,0,Outer,1,8.827,75.960,8.827,75.960
496.000,10.000,stable,0,Outer,2,31.167,75.960,31.167,75.960
496.000,10.000,stable,0,Outer,3,53.506,75.960,53.506,75.960
496.000,10.000,stable,0,Outer,4,75.846,76.069,75.846,76.069
496.000,10.000,stable,0,Outer,5,98.189,76.789,98.189,76.789
496.000,10.000,stable,0,Outer,6,120.570,82.461,120.570,82.461
496.000,10.000,stable,0,Outer,7,143.062,93.233,143.062,93.233
496.000,10.000,stable,0,Outer,8,165.671,108.691,165.671,108.691
496.000,10.000,stable,0,Outer,9,188.095,128.159,188.095,128.159
496.000,10.000,stable,0,Outer,10,209.549,149.354,209.549,149.354
496.000,10.000,stable,0,Outer,11,230.868,167.123,230.868,167.123
496.000,10.000,stable,0,Outer,12,252.888,181.257,252.888,181.257
496.000,10.000,stable,0,Outer,13,275.747,192.143,275.747,192.143
496.000,10.000,stable,0,Outer,14,298.383,199.342,298.383,199.342
496.000,10.000,stable,0,Outer,15,321.341,202.746,321.341,202.746
496.000,10.000,stable,0,Outer,16,344.159,202.746,344.159,202.746
496.000,10.000,stable,0,Outer,17,367.117,199.342,367.117,199.342
496.000,10.000,stable,0,Outer,18,389.753,192.143,389.753,192.143
496.000,10.000,stable,0,Outer,19,412.612,181.257,412.612,181.257
496.000,10.000,stable,0,Outer,20,434.632,167.123,434.632,167.123
496.000,10.000,stable,0,Outer,21,455.951,149.354,455.951,149.354
496.000,10.000,stable,0,Outer,22,477.405,128.159,477.405,128.159
496.000,10.000,stable,0,Outer,23,499.829,108.691,499.829,108.691
496.000,10.000,stable,0,Outer,24,522.438,93.233,522.438,93.233
496.000,10.000,stable,0,Outer,25,544.930,82.461,544.930,82.461
496.000,10.000,stable,0,Outer,26,567.311,76.789,567.311,76.789
496.000,10.000,stable,0,Outer,27,589.654,76.069,589.654,76.069
496.000,10.000,stable,0,Outer,28,611.994,75.960,611.994,75.960
496.000,10.000,stable,0,Outer,29,634.333,75.960,634.333,75.960
496.000,10.000,stable,0,Outer,30,656.673,75.960,656.673,75.960
496.000,10.000,stable,0,Plate,1,8.827,73.460,8.827,73.460
496.000,10.000,stable,0,Plate,2,31.167,73.460,31.167,73.460
496.000,10.000,stable,0,Plate,3,53.506,73.460,53.506,73.460
496.000,10.000,stable,0,Plate,4,75.958,59.377,75.958,59.377
496.000,10.000,stable,0,Plate,5,98.510,40.686,98.510,40.686
496.000,10.000,stable,0,Plate,6,120.699,22.912,120.699,22.912
496.000,10.000,stable,0,Plate,7,142.864,10.059,142.864,10.059
496.000,10.000,stable,0,Plate,8,165.204,10.059,165.204,10.059
496.000,10.000,stable,0,Plate,9,187.543,10.059,187.543,10.059
496.000,10.000,stable,0,Plate,10,209.883,10.059,209.883,10.059
496.000,10.000,stable,0,Plate,11,233.026,13.112,233.026,13.112
496.000,10.000,stable,0,Plate,12,255.082,15.438,255.082,15.438
496.000,10.000,stable,0,Plate,13,276.273,17.780,276.273,17.780
496.000,10.000,stable,0,Plate,14,298.961,20.431,298.961,20.431
496.000,10.000,stable,0,Plate,15,321.570,20.203,321.570,20.203
496.000,10.000,stable,0,Plate,16,343.930,20.203,343.930,20.203
496.000,10.000,stable,0,Plate,17,366.539,20.431,366.539,20.431
496.000,10.000,stable,0,Plate,18,389.227,17.780,389.227,17.780
496.000,10.000,stable,0,Plate,19,410.418,15.438,410.418,15.438
496.000,10.000,stable,0,Plate,20,432.474,13.112,432.474,13.112
496.000,10.000,stable,0,Plate,21,455.617,10.059,455.617,10.059
496.000,10.000,stable,0,Plate,22,477.957,10.059,477.957,10.059
496.000,10.000,stable,0,Plate,23,500.296,10.059,500.296,10.059
496.000,10.000,stable,0,Plate,24,522.636,10.059,522.636,10.059
496.000,10.000,stable,0,Plate,25,544.801,22.912,544.801,22.912
496.000,10.000,stable,0,Plate,26,566.990,40.686,566.990,40.686
496.000,10.000,stable,0,Plate,27,589.542,59.377,589.542,59.377
496.000,10.000,stable,0,Plate,28,611.994,73.460,611.994,73.460
496.000,10.000,stable,0,Plate,29,634.333,73.460,634.333,73.460
496.000,10.000,stable,0,Plate,30,656.673,73.460,656.673,73.460
496.000,10.000,stable,0,Inner,1,142.864,12.558,142.864,12.558
496.000,10.000,stable,0,Inner,2,165.204,12.558,165.204,12.558
496.000,10.000,stable,0,Inner,3,187.543,12.558,187.543,12.558
496.000,10.000,stable,0,Inner,4,209.883,24.896,209.883,24.896
496.000,10.000,stable,0,Inner,5,231.896,42.103,231.896,42.103
496.000,10.000,stable,0,Inner,6,253.865,62.568,253.865,62.568
496.000,10.000,stable,0,Inner,7,276.210,80.283,276.210,80.283
496.000,10.000,stable,0,Inner,8,298.758,93.138,298.758,93.138
496.000,10.000,stable,0,Inner,9,321.425,100.183,321.425,100.183
496.000,10.000,stable,0,Inner,10,344.075,100.183,344.075,100.183
496.000,10.000,stable,0,Inner,11,366.742,93.138,366.742,93.138
496.000,10.000,stable,0,Inner,12,389.290,80.283,389.290,80.283
496.000,10.000,stable,0,Inner,13,411.635,62.568,411.635,62.568
496.000,10.000,stable,0,Inner,14,433.604,42.103,433.604,42.103
496.000,10.000,stable,0,Inner,15,455.617,24.896,455.617,24.896
496.000,10.000,stable,0,Inner,16,477.957,12.558,477.957,12.558
496.000,10.000,stable,0,Inner,17,500.296,12.558,500.296,12.558
496.000,10.000,stable,0,Inner,18,522.636,12.558,522.636,12.558
496.000,10.000,stable,0,Patch4,1,188.413,125.084,188.413,125.084
496.000,10.000,stable,0,Patch4,2,210.092,146.277,210.092,146.277
496.000,10.000,stable,0,Patch4,3,231.889,164.475,231.889,164.475
496.000,10.000,stable,0,Patch4,4,254.042,179.042,254.042,179.042
496.000,10.000,stable,0,Patch4,5,276.598,189.795,276.598,189.795
496.000,10.000,stable,0,Patch4,6,298.888,196.896,298.888,196.896
496.000,10.000,stable,0,Patch4,7,321.509,200.254,321.509,200.254
496.000,10.000,stable,0,Patch4,8,343.991,200.254,343.991,200.254
496.000,10.000,stable,0,Patch4,9,366.612,196.896,366.612,196.896
496.000,10.000,stable,0,Patch4,10,388.902,189.795,388.902,189.795
496.000,10.000,stable,0,Patch4,11,411.458,179.042,411.458,179.042
496.000,10.000,stable,0,Patch4,12,433.611,164.475,433.611,164.475
496.000,10.000,stable,0,Patch4,13,455.408,146.277,455.408,146.277
496.000,10.000,stable,0,Patch4,14,477.087,125.084,477.087,125.084
496.000,10.000,stable,1,Outer,1,77.549,64.777,77.567,64.880
496.000,10.000,stable,1,Outer,2,93.532,64.777,93.547,64.630
496.000,10.000,stable,1,Outer,3,109.515,64.777,109.528,64.433
496.000,10.000,stable,1,Outer,4,125.498,64.521,125.497,64.234
496.000,10.000,stable,1,Outer,5,141.416,65.072,141.403,65.028
496.000,10.000,stable,1,Outer,6,156.991,69.414,156.876,69.726
496.000,10.000,stable,1,Outer,7,172.784,77.605,172.458,78.322
496.000,10.000,stable,1,Outer,8,188.752,89.060,188.138,90.198
496.000,10.000,stable,1,Outer,9,204.704,103.297,203.919,104.692
496.000,10.000,stable,1,Outer,10,220.401,118.098,219.697,119.682
496.000,10.000,stable,1,Outer,11,236.287,130.947,235.448,133.025
496.000,10.000,stable,1,Outer,12,252.472,141.811,251.743,144.260
496.000,10.000,stable,1,Outer,13,268.764,149.902,268.305,152.589
496.000,10.000,stable,1,Outer,14,284.933,154.466,284.700,157.467
496.000,10.000,stable,1,Outer,15,301.187,156.304,301.168,159.445
496.000,10.000,stable,1,Outer,16,317.418,156.304,317.600,159.212
496.000,10.000,stable,1,Outer,17,333.673,154.466,333.998,156.842
496.000,10.000,stable,1,Outer,18,349.841,149.902,350.214,151.719
496.000,10.000,stable,1,Outer,19,366.134,141.811,366.493,143.266
496.000,10.000,stable,1,Outer,20,382.318,130.947,382.646,132.130
496.000,10.000,stable,1,Outer,21,398.204,118.098,398.528,119.109
496.000,10.000,stable,1,Outer,22,413.901,103.297,414.286,104.250
496.000,10.000,stable,1,Outer,23,429.853,89.060,430.022,89.754
496.000,10.000,stable,1,Outer,24,445.821,77.605,445.925,78.191
496.000,10.000,stable,1,Outer,25,461.614,69.414,461.638,69.828
496.000,10.000,stable,1,Outer,26,477.189,65.072,477.130,65.177
496.000,10.000,stable,1,Outer,27,493.108,64.521,493.038,64.258
496.000,10.000,stable,1,Outer,28,509.091,64.777,509.007,64.389
496.000,10.000,stable,1,Outer,29,525.074,64.777,524.994,64.499
496.000,10.000,stable,1,Outer,30,541.057,64.777,540.979,64.614
496.000,10.000,stable,1,Plate,1,77.549,62.277,77.567,62.380
496.000,10.000,stable,1,Plate,2,93.532,62.277,93.547,62.131
496.000,10.000,stable,1,Plate,3,109.515,62.277,109.528,61.934
496.000,10.000,stable,1,Plate,4,125.331,52.702,125.295,52.271
496.000,10.000,stable,1,Plate,5,141.317,39.783,141.291,39.367
496.000,10.000,stable,1,Plate,6,157.419,27.076,157.411,26.711
496.000,10.000,stable,1,Plate,7,173.447,17.874,173.466,17.634
496.000,10.000,stable,1,Plate,8,189.430,17.874,189.431,17.944
496.000,10.000,stable,1,Plate,9,205.413,17.874,205.398,18.003
496.000,10.000,stable,1,Plate,10,221.396,17.874,221.359,18.437
496.000,10.000,stable,1,Plate,11,237.779,18.127,237.726,19.079
496.000,10.000,stable,1,Plate,12,253.530,19.551,253.462,20.681
496.000,10.000,stable,1,Plate,13,269.024,22.385,268.972,23.473
496.000,10.000,stable,1,Plate,14,285.180,24.741,285.157,25.728
496.000,10.000,stable,1,Plate,15,301.286,25.136,301.279,26.121
496.000,10.000,stable,1,Plate,16,317.320,25.136,317.331,26.079
496.000,10.000,stable,1,Plate,17,333.425,24.741,333.450,25.594
496.000,10.000,stable,1,Plate,18,349.582,22.385,349.611,23.208
496.000,10.000,stable,1,Plate,19,365.076,19.551,365.089,20.280
496.000,10.000,stable,1,Plate,20,380.826,18.127,380.812,18.597
496.000,10.000,stable,1,Plate,21,397.210,17.874,397.176,17.947
496.000,10.000,stable,1,Plate,22,413.193,17.874,413.136,17.483
496.000,10.000,stable,1,Plate,23,429.176,17.874,429.109,17.498
496.000,10.000,stable,1,Plate,24,445.159,17.874,445.084,17.454
496.000,10.000,stable,1,Plate,25,461.187,27.076,461.084,26.691
496.000,10.000,stable,1,Plate,26,477.289,39.783,477.142,39.457
496.000,10.000,stable,1,Plate,27,493.274,52.702,493.164,52.342
496.000,10.000,stable,1,Plate,28,509.091,62.277,509.007,61.889
496.000,10.000,stable,1,Plate,29,525.074,62.277,524.994,61.999
496.000,10.000,stable,1,Plate,30,541.057,62.277,540.979,62.114
496.000,10.000,stable,1,Inner,1,173.447,20.373,173.466,20.133
496.000,10.000,stable,1,Inner,2,189.430,20.373,189.431,20.443
496.000,10.000,stable,1,Inner,3,205.413,20.373,205.398,20.502
496.000,10.000,stable,1,Inner,4,221.282,28.542,221.412,28.384
496.000,10.000,stable,1,Inner,5,236.962,41.133,237.371,40.573
496.000,10.000,stable,1,Inner,6,252.622,56.667,253.008,56.105
496.000,10.000,stable,1,Inner,7,268.691,71.123,268.849,70.801
496.000,10.000,stable,1,Inner,8,284.944,82.136,284.972,82.007
496.000,10.000,stable,1,Inner,9,301.191,88.076,301.233,87.920
496.000,10.000,stable,1,Inner,10,317.415,88.076,317.464,87.746
496.000,10.000,stable,1,Inner,11,333.661,82.136,333.656,81.646
496.000,10.000,stable,1,Inner,12,349.915,71.123,349.824,70.516
496.000,10.000,stable,1,Inner,13,365.984,56.667,365.813,55.989
496.000,10.000,stable,1,Inner,14,381.644,41.133,381.449,40.463
496.000,10.000,stable,1,Inner,15,397.324,28.542,397.216,28.027
496.000,10.000,stable,1,Inner,16,413.193,20.373,413.136,19.983
496.000,10.000,stable,1,Inner,17,429.176,20.373,429.109,19.997
496.000,10.000,stable,1,Inner,18,445.159,20.373,445.084,19.953
496.000,10.000,stable,1,Patch4,1,205.152,100.067,204.366,101.461
496.000,10.000,stable,1,Patch4,2,220.928,114.850,220.186,116.070
496.000,10.000,stable,1,Patch4,3,237.461,128.255,237.005,129.118
496.000,10.000,stable,1,Patch4,4,253.915,139.776,253.693,140.346
496.000,10.000,stable,1,Patch4,5,269.900,147.683,269.808,148.074
496.000,10.000,stable,1,Patch4,6,285.568,152.057,285.544,152.342
496.000,10.000,stable,1,Patch4,7,301.355,153.819,301.369,154.043
496.000,10.000,stable,1,Patch4,8,317.250,153.819,317.291,154.021
496.000,10.000,stable,1,Patch4,9,333.037,152.057,333.104,152.294
496.000,10.000,stable,1,Patch4,10,348.706,147.683,348.820,148.045
496.000,10.000,stable,1,Patch4,11,364.690,139.776,364.892,140.320
496.000,10.000,stable,1,Patch4,12,381.145,128.255,381.448,128.974
496.000,10.000,stable,1,Patch4,13,397.677,114.850,398.047,115.699
496.000,10.000,stable,1,Patch4,14,413.454,100.067,413.839,101.020
496.000,10.000,stable,2,Outer,1,120.272,56.940,120.744,57.830
496.000,10.000,stable,2,Outer,2,131.971,56.940,132.409,56.929
496.000,10.000,stable,2,Outer,3,143.670,56.940,144.080,56.106
496.000,10.000,stable,2,Outer,4,155.370,57.063,155.921,55.449
496.000,10.000,stable,2,Outer,5,166.967,57.657,167.523,55.118
496.000,10.000,stable,2,Outer,6,178.019,62.341,178.923,58.860
496.000,10.000,stable,2,Outer,7,189.378,71.204,190.870,66.903
496.000,10.000,stable,2,Outer,8,200.927,83.479,203.167,78.412
496.000,10.000,stable,2,Outer,9,212.567,98.652,216.107,92.463
496.000,10.000,stable,2,Outer,10,224.332,113.744,228.527,106.997
496.000,10.000,stable,2,Outer,11,236.418,127.081,239.610,121.143
496.000,10.000,stable,2,Outer,12,248.559,138.464,250.484,133.706
496.000,10.000,stable,2,Outer,13,260.436,146.453,261.654,142.633
496.000,10.000,stable,2,Outer,14,272.249,150.109,273.260,146.888
496.000,10.000,stable,2,Outer,15,284.012,151.282,284.973,148.459
496.000,10.000,stable,2,Outer,16,295.810,151.282,296.762,148.768
496.000,10.000,stable,2,Outer,17,307.573,150.109,308.543,147.854
496.000,10.000,stable,2,Outer,18,319.386,146.453,320.414,144.416
496.000,10.000,stable,2,Outer,19,331.263,138.464,332.365,136.556
496.000,10.000,stable,2,Outer,20,343.404,127.081,344.537,125.221
496.000,10.000,stable,2,Outer,21,355.490,113.744,356.491,111.777
496.000,10.000,stable,2,Outer,22,367.255,98.652,368.082,96.559
496.000,10.000,stable,2,Outer,23,378.895,83.479,378.902,80.797
496.000,10.000,stable,2,Outer,24,390.444,71.204,390.573,68.650
496.000,10.000,stable,2,Outer,25,401.804,62.341,402.027,59.925
496.000,10.000,stable,2,Outer,26,412.855,57.657,413.105,55.326
496.000,10.000,stable,2,Outer,27,424.453,57.063,424.695,54.766
496.000,10.000,stable,2,Outer,28,436.152,56.940,436.367,54.560
496.000,10.000,stable,2,Outer,29,447.851,56.940,448.063,54.482
496.000,10.000,stable,2,Outer,30,459.550,56.940,459.761,54.403
496.000,10.000,stable,2,Plate,1,120.272,54.440,120.744,55.330
496.000,10.000,stable,2,Plate,2,131.971,54.440,132.409,54.429
496.000,10.000,stable,2,Plate,3,143.670,54.440,144.080,53.606
496.000,10.000,stable,2,Plate,4,155.098,45.050,155.196,43.843
496.000,10.000,stable,2,Plate,5,166.705,32.181,166.814,30.985
496.000,10.000,stable,2,Plate,6,178.617,19.295,178.788,18.158
496.000,10.000,stable,2,Plate,7,190.467,10.016,190.649,8.892
496.000,10.000,stable,2,Plate,8,202.167,10.016,202.349,8.934
496.000,10.000,stable,2,Plate,9,213.866,10.016,214.049,8.978
496.000,10.000,stable,2,Plate,10,225.565,10.016,225.746,8.964
496.000,10.000,stable,2,Plate,11,237.394,9.053,237.577,8.035
496.000,10.000,stable,2,Plate,12,248.935,10.451,249.099,9.559
496.000,10.000,stable,2,Plate,13,260.537,14.254,260.627,13.565
496.000,10.000,stable,2,Plate,14,272.295,17.016,272.333,16.505
496.000,10.000,stable,2,Plate,15,284.031,17.797,284.057,17.332
496.000,10.000,stable,2,Plate,16,295.791,17.797,295.806,17.245
496.000,10.000,stable,2,Plate,17,307.527,17.016,307.518,16.249
496.000,10.000,stable,2,Plate,18,319.286,14.254,319.188,13.163
496.000,10.000,stable,2,Plate,19,330.887,10.451,330.674,9.035
496.000,10.000,stable,2,Plate,20,342.428,9.053,342.180,7.391
496.000,10.000,stable,2,Plate,21,354.257,10.016,354.020,8.204
496.000,10.000,stable,2,Plate,22,365.956,10.016,365.718,8.141
496.000,10.000,stable,2,Plate,23,377.656,10.016,377.418,8.081
496.000,10.000,stable,2,Plate,24,389.355,10.016,389.119,8.067
496.000,10.000,stable,2,Plate,25,401.205,19.295,400.987,17.332
496.000,10.000,stable,2,Plate,26,413.117,32.181,412.986,30.143
496.000,10.000,stable,2,Plate,27,424.724,45.050,424.832,42.797
496.000,10.000,stable,2,Plate,28,436.152,54.440,436.367,52.061
496.000,10.000,stable,2,Plate,29,447.851,54.440,448.063,51.982
496.000,10.000,stable,2,Plate,30,459.550,54.440,459.761,51.903
496.000,10.000,stable,2,Inner,1,190.467,12.515,190.649,11.391
496.000,10.000,stable,2,Inner,2,202.167,12.515,202.349,11.434
496.000,10.000,stable,2,Inner,3,213.866,12.515,214.049,11.477
496.000,10.000,stable,2,Inner,4,225.377,21.289,225.659,20.160
496.000,10.000,stable,2,Inner,5,236.825,34.625,237.237,33.393
496.000,10.000,stable,2,Inner,6,248.279,51.343,248.721,50.101
496.000,10.000,stable,2,Inner,7,260.096,67.318,260.431,66.160
496.000,10.000,stable,2,Inner,8,272.065,79.682,272.323,78.598
496.000,10.000,stable,2,Inner,9,283.968,86.218,284.249,85.091
496.000,10.000,stable,2,Inner,10,295.854,86.218,296.131,84.909
496.000,10.000,stable,2,Inner,11,307.757,79.682,307.906,78.148
496.000,10.000,stable,2,Inner,12,319.727,67.318,319.685,65.601
496.000,10.000,stable,2,Inner,13,331.543,51.343,331.343,49.504
496.000,10.000,stable,2,Inner,14,342.998,34.625,342.723,32.728
496.000,10.000,stable,2,Inner,15,354.445,21.289,354.188,19.402
496.000,10.000,stable,2,Inner,16,365.956,12.515,365.718,10.640
496.000,10.000,stable,2,Inner,17,377.656,12.515,377.418,10.580
496.000,10.000,stable,2,Inner,18,389.355,12.515,389.119,10.567
496.000,10.000,stable,3,Outer,1,125.925,55.852,127.908,58.771
496.000,10.000,stable,3,Outer,2,136.184,55.852,138.030,57.125
496.000,10.000,stable,3,Outer,3,146.442,55.852,148.156,55.494
496.000,10.000,stable,3,Outer,4,156.701,55.862,158.688,53.717
496.000,10.000,stable,3,Outer,5,166.853,56.453,168.735,52.183
496.000,10.000,stable,3,Outer,6,176.458,61.129,179.207,54.269
496.000,10.000,stable,3,Outer,7,186.507,69.999,191.468,59.679
496.000,10.000,stable,3,Outer,8,196.724,82.245,205.252,67.693
496.000,10.000,stable,3,Outer,9,207.061,97.332,219.778,78.771
496.000,10.000,stable,3,Outer,10,217.422,112.082,229.750,93.702
496.000,10.000,stable,3,Outer,11,227.987,125.023,236.160,109.062
496.000,10.000,stable,3,Outer,12,238.529,134.949,243.062,121.741
496.000,10.000,stable,3,Outer,13,248.907,140.950,251.501,130.220
496.000,10.000,stable,3,Outer,14,259.221,142.689,261.313,133.825
496.000,10.000,stable,3,Outer,15,269.520,143.100,271.477,135.520
496.000,10.000,stable,3,Outer,16,279.830,143.100,281.752,136.356
496.000,10.000,stable,3,Outer,17,290.129,142.689,292.058,136.444
496.000,10.000,stable,3,Outer,18,300.443,140.950,302.412,134.979
496.000,10.000,stable,3,Outer,19,310.821,134.949,312.875,129.152
496.000,10.000,stable,3,Outer,20,321.363,125.023,323.484,119.327
496.000,10.000,stable,3,Outer,21,331.928,112.082,333.729,106.159
496.000,10.000,stable,3,Outer,22,342.289,97.332,343.673,91.146
496.000,10.000,stable,3,Outer,23,352.626,82.245,351.698,74.718
496.000,10.000,stable,3,Outer,24,362.843,69.999,362.589,63.080
496.000,10.000,stable,3,Outer,25,372.892,61.129,373.387,55.151
496.000,10.000,stable,3,Outer,26,382.497,56.453,383.367,51.361
496.000,10.000,stable,3,Outer,27,392.649,55.862,393.529,51.500
496.000,10.000,stable,3,Outer,28,402.908,55.852,403.871,51.898
496.000,10.000,stable,3,Outer,29,413.166,55.852,414.124,52.220
496.000,10.000,stable,3,Outer,30,423.425,55.852,424.376,52.547
496.000,10.000,stable,3,Plate,1,125.925,53.352,127.908,56.272
496.000,10.000,stable,3,Plate,2,136.184,53.352,138.030,54.625
496.000,10.000,stable,3,Plate,3,146.442,53.352,148.156,52.994
496.000,10.000,stable,3,Plate,4,156.649,44.647,157.194,43.073
496.000,10.000,stable,3,Plate,5,166.923,32.519,166.903,30.480
496.000,10.000,stable,3,Plate,6,177.166,20.365,177.199,18.366
496.000,10.000,stable,3,Plate,7,187.477,11.755,187.629,9.899
496.000,10.000,stable,3,Plate,8,197.735,11.755,197.888,9.968
496.000,10.000,stable,3,Plate,9,207.994,11.755,208.146,10.002
496.000,10.000,stable,3,Plate,10,218.253,11.755,218.404,10.063
496.000,10.000,stable,3,Plate,11,228.511,11.853,228.660,10.249
496.000,10.000,stable,3,Plate,12,238.806,13.611,238.937,12.100
496.000,10.000,stable,3,Plate,13,248.976,17.194,249.078,15.760
496.000,10.000,stable,3,Plate,14,259.220,19.630,259.314,18.231
496.000,10.000,stable,3,Plate,15,269.523,20.243,269.619,18.820
496.000,10.000,stable,3,Plate,16,279.827,20.243,279.924,18.725
496.000,10.000,stable,3,Plate,17,290.130,19.630,290.216,17.943
496.000,10.000,stable,3,Plate,18,300.374,17.194,300.402,15.274
496.000,10.000,stable,3,Plate,19,310.544,13.611,310.477,11.437
496.000,10.000,stable,3,Plate,20,320.839,11.853,320.731,9.463
496.000,10.000,stable,3,Plate,21,331.097,11.755,330.984,9.216
496.000,10.000,stable,3,Plate,22,341.356,11.755,341.240,9.096
496.000,10.000,stable,3,Plate,23,351.615,11.755,351.497,8.954
496.000,10.000,stable,3,Plate,24,361.873,11.755,361.755,8.777
496.000,10.000,stable,3,Plate,25,372.184,20.365,372.263,17.148
496.000,10.000,stable,3,Plate,26,382.427,32.519,382.904,28.962
496.000,10.000,stable,3,Plate,27,392.701,44.647,393.677,40.664
496.000,10.000,stable,3,Plate,28,402.908,53.352,403.871,49.399
496.000,10.000,stable,3,Plate,29,413.166,53.352,414.124,49.720
496.000,10.000,stable,3,Plate,30,423.425,53.352,424.376,50.048
496.000,10.000,stable,3,Inner,1,187.477,14.255,187.629,12.398
496.000,10.000,stable,3,Inner,2,197.735,14.255,197.888,12.467
496.000,10.000,stable,3,Inner,3,207.994,14.255,208.146,12.502
496.000,10.000,stable,3,Inner,4,217.998,23.409,218.132,21.666
496.000,10.000,stable,3,Inner,5,228.126,36.874,228.304,35.094
496.000,10.000,stable,3,Inner,6,238.304,53.082,238.574,51.240
496.000,10.000,stable,3,Inner,7,248.641,67.467,249.001,65.558
496.000,10.000,stable,3,Inner,8,259.066,78.176,259.499,76.192
496.000,10.000,stable,3,Inner,9,269.457,83.611,269.933,81.542
496.000,10.000,stable,3,Inner,10,279.893,83.611,280.369,81.450
496.000,10.000,stable,3,Inner,11,290.284,78.176,290.712,75.927
496.000,10.000,stable,3,Inner,12,300.709,67.467,301.048,65.134
496.000,10.000,stable,3,Inner,13,311.046,53.082,311.269,50.668
496.000,10.000,stable,3,Inner,14,321.224,36.874,321.324,34.385
496.000,10.000,stable,3,Inner,15,331.352,23.409,331.361,20.854
496.000,10.000,stable,3,Inner,16,341.356,14.255,341.240,11.596
496.000,10.000,stable,3,Inner,17,351.615,14.255,351.497,11.454
496.000,10.000,stable,3,Inner,18,361.873,14.255,361.755,11.276
496.000,10.000,stable,4,Outer,1,134.356,53.446,138.434,58.517
496.000,10.000,stable,4,Outer,2,143.244,53.446,146.857,55.693
496.000,10.000,stable,4,Outer,3,152.133,53.446,155.276,52.861
496.000,10.000,stable,4,Outer,4,161.022,53.479,164.483,49.705
496.000,10.000,stable,4,Outer,5,169.826,53.978,172.740,46.649
496.000,10.000,stable,4,Outer,6,178.200,58.020,182.025,46.479
496.000,10.000,stable,4,Outer,7,186.962,66.355,193.746,49.430
496.000,10.000,stable,4,Outer,8,195.825,78.598,207.507,55.678
496.000,10.000,stable,4,Outer,9,204.813,94.078,220.332,68.153
496.000,10.000,stable,4,Outer,10,213.770,108.981,226.675,84.304
496.000,10.000,stable,4,Outer,11,222.787,121.605,231.062,99.149
496.000,10.000,stable,4,Outer,12,231.829,130.801,236.629,110.748
496.000,10.000,stable,4,Outer,13,240.870,136.104,243.889,118.275
496.000,10.000,stable,4,Outer,14,249.861,137.318,252.439,121.285
496.000,10.000,stable,4,Outer,15,258.790,137.461,261.241,122.777
496.000,10.000,stable,4,Outer,16,267.699,137.461,270.089,123.797
496.000,10.000,stable,4,Outer,17,276.628,137.318,278.994,124.439
496.000,10.000,stable,4,Outer,18,285.619,136.104,288.045,123.860
496.000,10.000,stable,4,Outer,19,294.659,130.801,297.375,119.103
496.000,10.000,stable,4,Outer,20,303.702,121.605,306.784,110.314
496.000,10.000,stable,4,Outer,21,312.719,108.981,315.719,97.661
496.000,10.000,stable,4,Outer,22,321.676,94.078,324.424,82.640
496.000,10.000,stable,4,Outer,23,330.664,78.598,329.509,65.489
496.000,10.000,stable,4,Outer,24,339.527,66.355,339.457,54.129
496.000,10.000,stable,4,Outer,25,348.289,58.020,349.463,47.357
496.000,10.000,stable,4,Outer,26,356.663,53.978,358.444,44.987
496.000,10.000,stable,4,Outer,27,365.467,53.479,367.180,46.121
496.000,10.000,stable,4,Outer,28,374.356,53.446,376.324,47.350
496.000,10.000,stable,4,Outer,29,383.244,53.446,385.155,48.347
496.000,10.000,stable,4,Outer,30,392.133,53.446,393.988,49.333
496.000,10.000,stable,4,Plate,1,134.356,50.946,138.434,56.017
496.000,10.000,stable,4,Plate,2,143.244,50.946,146.857,53.194
496.000,10.000,stable,4,Plate,3,152.133,50.946,155.276,50.361
496.000,10.000,stable,4,Plate,4,160.935,41.987,161.827,39.638
496.000,10.000,stable,4,Plate,5,169.835,30.037,169.873,27.095
496.000,10.000,stable,4,Plate,6,178.708,18.820,178.757,15.885
496.000,10.000,stable,4,Plate,7,187.689,11.067,187.849,8.261
496.000,10.000,stable,4,Plate,8,196.578,11.067,196.738,8.352
496.000,10.000,stable,4,Plate,9,205.467,11.067,205.627,8.418
496.000,10.000,stable,4,Plate,10,214.356,11.067,214.517,8.484
496.000,10.000,stable,4,Plate,11,223.227,11.407,223.387,8.892
496.000,10.000,stable,4,Plate,12,232.118,13.127,232.270,10.656
496.000,10.000,stable,4,Plate,13,240.955,16.523,241.103,14.065
496.000,10.000,stable,4,Plate,14,249.868,18.972,250.019,16.503
496.000,10.000,stable,4,Plate,15,258.787,19.280,258.939,16.787
496.000,10.000,stable,4,Plate,16,267.702,19.280,267.854,16.744
496.000,10.000,stable,4,Plate,17,276.621,18.972,276.770,16.368
496.000,10.000,stable,4,Plate,18,285.534,16.523,285.655,13.820
496.000,10.000,stable,4,Plate,19,294.371,13.127,294.440,10.291
496.000,10.000,stable,4,Plate,20,303.262,11.407,303.296,8.399
496.000,10.000,stable,4,Plate,21,312.133,11.067,312.156,7.844
496.000,10.000,stable,4,Plate,22,321.022,11.067,321.041,7.570
496.000,10.000,stable,4,Plate,23,329.911,11.067,329.923,7.203
496.000,10.000,stable,4,Plate,24,338.800,11.067,338.801,6.754
496.000,10.000,stable,4,Plate,25,347.780,18.820,348.229,13.956
496.000,10.000,stable,4,Plate,26,356.654,30.037,357.850,24.537
496.000,10.000,stable,4,Plate,27,365.554,41.987,367.584,35.819
496.000,10.000,stable,4,Plate,28,374.356,50.946,376.324,44.850
496.000,10.000,stable,4,Plate,29,383.244,50.946,385.155,45.848
496.000,10.000,stable,4,Plate,30,392.133,50.946,393.988,46.834
496.000,10.000,stable,4,Inner,1,187.689,13.566,187.849,10.760
496.000,10.000,stable,4,Inner,2,196.578,13.566,196.738,10.852
496.000,10.000,stable,4,Inner,3,205.467,13.566,205.627,10.917
496.000,10.000,stable,4,Inner,4,214.157,22.510,214.294,19.877
496.000,10.000,stable,4,Inner,5,222.950,35.635,223.141,32.963
496.000,10.000,stable,4,Inner,6,231.816,51.345,232.134,48.599
496.000,10.000,stable,4,Inner,7,240.753,64.804,241.205,61.968
496.000,10.000,stable,4,Inner,8,249.750,74.422,250.300,71.492
496.000,10.000,stable,4,Inner,9,258.746,79.044,259.339,76.030
496.000,10.000,stable,4,Inner,10,267.743,79.044,268.335,75.967
496.000,10.000,stable,4,Inner,11,276.739,74.422,277.313,71.309
496.000,10.000,stable,4,Inner,12,285.736,64.804,286.297,61.680
496.000,10.000,stable,4,Inner,13,294.673,51.345,295.217,48.210
496.000,10.000,stable,4,Inner,14,303.539,35.635,304.010,32.459
496.000,10.000,stable,4,Inner,15,312.332,22.510,312.650,19.233
496.000,10.000,stable,4,Inner,16,321.022,13.566,321.041,10.069
496.000,10.000,stable,4,Inner,17,329.911,13.566,329.923,9.703
496.000,10.000,stable,4,Inner,18,338.800,13.566,338.801,9.253
496.000,10.000,stable,5,Outer,1,139.103,51.144,146.617,58.496
496.000,10.000,stable,5,Outer,2,147.130,51.144,153.486,54.359
496.000,10.000,stable,5,Outer,3,155.157,51.144,160.345,50.206
496.000,10.000,stable,5,Outer,4,163.185,51.147,168.427,45.442
496.000,10.000,stable,5,Outer,5,171.136,51.571,175.089,41.109
496.000,10.000,stable,5,Outer,6,178.705,55.038,183.157,39.105
496.000,10.000,stable,5,Outer,7,186.635,62.402,193.955,39.691
496.000,10.000,stable,5,Outer,8,194.627,73.805,206.945,44.695
496.000,10.000,stable,5,Outer,9,202.703,88.647,216.879,58.356
496.000,10.000,stable,5,Outer,10,210.782,102.845,221.457,74.031
496.000,10.000,stable,5,Outer,11,218.904,114.638,225.993,87.603
496.000,10.000,stable,5,Outer,12,227.055,123.073,231.528,97.934
496.000,10.000,stable,5,Outer,13,235.219,128.009,238.414,104.515
496.000,10.000,stable,5,Outer,14,243.357,129.052,246.231,106.989
496.000,10.000,stable,5,Outer,15,251.458,129.057,254.236,108.215
496.000,10.000,stable,5,Outer,16,259.536,129.057,262.247,109.237
496.000,10.000,stable,5,Outer,17,267.637,129.052,270.305,110.054
496.000,10.000,stable,5,Outer,18,275.775,128.009,278.500,109.626
496.000,10.000,stable,5,Outer,19,283.938,123.073,286.920,105.145
496.000,10.000,stable,5,Outer,20,292.089,114.638,295.450,97.104
496.000,10.000,stable,5,Outer,21,300.212,102.845,303.902,85.560
496.000,10.000,stable,5,Outer,22,308.291,88.647,312.089,71.440
496.000,10.000,stable,5,Outer,23,316.367,73.805,315.070,54.808
496.000,10.000,stable,5,Outer,24,324.359,62.402,324.481,44.564
496.000,10.000,stable,5,Outer,25,332.288,55.038,334.133,39.692
496.000,10.000,stable,5,Outer,26,339.858,51.571,342.402,38.789
496.000,10.000,stable,5,Outer,27,347.809,51.147,350.078,40.884
496.000,10.000,stable,5,Outer,28,355.836,51.144,358.475,43.159
496.000,10.000,stable,5,Outer,29,363.863,51.144,366.277,45.044
496.000,10.000,stable,5,Outer,30,371.890,51.144,374.084,46.910
496.000,10.000,stable,5,Plate,1,139.103,48.644,146.617,55.996
496.000,10.000,stable,5,Plate,2,147.130,48.644,153.486,51.859
496.000,10.000,stable,5,Plate,3,155.157,48.644,160.345,47.706
496.000,10.000,stable,5,Plate,4,163.038,39.501,164.376,36.337
496.000,10.000,stable,5,Plate,5,171.064,27.822,171.181,23.910
496.000,10.000,stable,5,Plate,6,179.098,17.945,179.194,14.016
496.000,10.000,stable,5,Plate,7,187.266,11.272,187.458,7.461
496.000,10.000,stable,5,Plate,8,195.293,11.272,195.485,7.572
496.000,10.000,stable,5,Plate,9,203.320,11.272,203.512,7.659
496.000,10.000,stable,5,Plate,10,211.348,11.272,211.539,7.722
496.000,10.000,stable,5,Plate,11,219.344,10.768,219.539,7.261
496.000,10.000,stable,5,Plate,12,227.366,12.355,227.559,8.859
496.000,10.000,stable,5,Plate,13,235.346,15.204,235.544,11.697
496.000,10.000,stable,5,Plate,14,243.396,17.361,243.598,13.844
496.000,10.000,stable,5,Plate,15,251.464,17.410,251.666,13.899
496.000,10.000,stable,5,Plate,16,259.529,17.410,259.732,13.915
496.000,10.000,stable,5,Plate,17,267.597,17.361,267.801,13.878
496.000,10.000,stable,5,Plate,18,275.648,15.204,275.850,11.712
496.000,10.000,stable,5,Plate,19,283.628,12.355,283.809,8.803
496.000,10.000,stable,5,Plate,20,291.649,10.768,291.800,7.067
496.000,10.000,stable,5,Plate,21,299.646,11.272,299.810,7.310
496.000,10.000,stable,5,Plate,22,307.673,11.272,307.828,6.923
496.000,10.000,stable,5,Plate,23,315.700,11.272,315.839,6.393
496.000,10.000,stable,5,Plate,24,323.728,11.272,323.840,5.738
496.000,10.000,stable,5,Plate,25,331.895,17.945,332.632,11.564
496.000,10.000,stable,5,Plate,26,339.930,27.822,341.691,20.505
496.000,10.000,stable,5,Plate,27,347.956,39.501,350.945,31.232
496.000,10.000,stable,5,Plate,28,355.836,48.644,358.475,40.660
496.000,10.000,stable,5,Plate,29,363.863,48.644,366.277,42.545
496.000,10.000,stable,5,Plate,30,371.890,48.644,374.084,44.411
496.000,10.000,stable,5,Inner,1,187.266,13.771,187.458,9.960
496.000,10.000,stable,5,Inner,2,195.293,13.771,195.485,10.071
496.000,10.000,stable,5,Inner,3,203.320,13.771,203.512,10.158
496.000,10.000,stable,5,Inner,4,211.201,21.536,211.351,17.954
496.000,10.000,stable,5,Inner,5,219.131,33.405,219.333,29.787
496.000,10.000,stable,5,Inner,6,227.124,48.070,227.480,44.365
496.000,10.000,stable,5,Inner,7,235.188,60.797,235.707,56.987
496.000,10.000,stable,5,Inner,8,243.304,69.915,243.927,66.010
496.000,10.000,stable,5,Inner,9,251.426,74.809,252.089,70.837
496.000,10.000,stable,5,Inner,10,259.567,74.809,260.230,70.806
496.000,10.000,stable,5,Inner,11,267.689,69.915,268.359,65.923
496.000,10.000,stable,5,Inner,12,275.806,60.797,276.529,56.854
496.000,10.000,stable,5,Inner,13,283.870,48.070,284.676,44.179
496.000,10.000,stable,5,Inner,14,291.863,33.405,292.658,29.509
496.000,10.000,stable,5,Inner,15,299.792,21.536,300.386,17.509
496.000,10.000,stable,5,Inner,16,307.673,13.771,307.828,9.422
496.000,10.000,stable,5,Inner,17,315.700,13.771,315.839,8.893
496.000,10.000,stable,5,Inner,18,323.728,13.771,323.840,8.238
496.000,10.000,stable,5,Patch4,1,203.387,84.706,217.563,54.416
496.000,10.000,stable,5,Patch4,2,211.545,98.880,223.174,70.275
496.000,10.000,stable,5,Patch4,3,220.461,111.654,228.303,84.936
496.000,10.000,stable,5,Patch4,4,228.676,121.178,233.682,96.261
496.000,10.000,stable,5,Patch4,5,236.068,125.666,239.746,102.395
496.000,10.000,stable,5,Patch4,6,243.442,126.555,246.784,104.722
496.000,10.000,stable,5,Patch4,7,251.445,126.558,254.680,105.967
496.000,10.000,stable,5,Patch4,8,259.549,126.558,262.709,106.989
496.000,10.000,stable,5,Patch4,9,267.551,126.555,270.662,107.814
496.000,10.000,stable,5,Patch4,10,274.926,125.666,278.078,107.529
496.000,10.000,stable,5,Patch4,11,282.318,121.178,285.687,103.443
496.000,10.000,stable,5,Patch4,12,290.533,111.654,294.027,94.069
496.000,10.000,stable,5,Patch4,13,299.449,98.880,302.858,81.288
496.000,10.000,stable,5,Patch4,14,307.607,84.706,311.405,67.500
496.000,10.000,stable,6,Outer,1,140.814,48.861,152.541,58.075
496.000,10.000,stable,6,Outer,2,148.399,48.861,158.011,52.836
496.000,10.000,stable,6,Outer,3,155.983,48.861,163.468,47.583
496.000,10.000,stable,6,Outer,4,163.567,48.867,170.549,41.418
496.000,10.000,stable,6,Outer,5,171.090,49.304,175.883,36.114
496.000,10.000,stable,6,Outer,6,178.300,52.818,183.212,32.884
496.000,10.000,stable,6,Outer,7,185.796,59.987,193.521,31.817
496.000,10.000,stable,6,Outer,8,193.349,71.140,205.967,36.980
496.000,10.000,stable,6,Outer,9,200.953,85.537,213.437,51.445
496.000,10.000,stable,6,Outer,10,208.574,99.451,217.526,66.778
496.000,10.000,stable,6,Outer,11,216.239,110.673,221.957,79.626
496.000,10.000,stable,6,Outer,12,223.930,118.367,227.470,89.002
496.000,10.000,stable,6,Outer,13,231.633,122.556,234.267,94.525
496.000,10.000,stable,6,Outer,14,239.317,123.325,241.758,96.388
496.000,10.000,stable,6,Outer,15,246.973,123.248,249.363,97.247
496.000,10.000,stable,6,Outer,16,254.599,123.248,256.943,98.057
496.000,10.000,stable,6,Outer,17,262.254,123.325,264.557,98.820
496.000,10.000,stable,6,Outer,18,269.939,122.556,272.275,98.567
496.000,10.000,stable,6,Outer,19,277.641,118.367,280.137,94.692
496.000,10.000,stable,6,Outer,20,285.333,110.673,287.941,87.122
496.000,10.000,stable,6,Outer,21,292.997,99.451,295.734,76.006
496.000,10.000,stable,6,Outer,22,300.618,85.537,303.254,62.056
496.000,10.000,stable,6,Outer,23,308.222,71.140,305.836,45.974
496.000,10.000,stable,6,Outer,24,315.776,59.987,315.627,36.742
496.000,10.000,stable,6,Outer,25,323.271,52.818,325.371,33.212
496.000,10.000,stable,6,Outer,26,330.482,49.304,333.386,33.308
496.000,10.000,stable,6,Outer,27,338.004,48.867,340.300,36.293
496.000,10.000,stable,6,Outer,28,345.589,48.861,348.236,39.647
496.000,10.000,stable,6,Outer,29,353.173,48.861,355.260,42.506
496.000,10.000,stable,6,Outer,30,360.757,48.861,362.292,45.344
496.000,10.000,stable,6,Plate,1,140.814,46.362,152.541,55.576
496.000,10.000,stable,6,Plate,2,148.399,46.362,158.011,50.336
496.000,10.000,stable,6,Plate,3,155.983,46.362,163.468,45.083
496.000,10.000,stable,6,Plate,4,163.422,37.647,165.464,33.826
496.000,10.000,stable,6,Plate,5,171.018,26.427,171.215,21.564
496.000,10.000,stable,6,Plate,6,178.643,17.017,178.772,12.101
496.000,10.000,stable,6,Plate,7,186.320,10.922,186.552,6.137
496.000,10.000,stable,6,Plate,8,193.904,10.922,194.135,6.290
496.000,10.000,stable,6,Plate,9,201.488,10.922,201.718,6.421
496.000,10.000,stable,6,Plate,10,209.072,10.922,209.303,6.526
496.000,10.000,stable,6,Plate,11,216.654,10.553,216.888,6.233
496.000,10.000,stable,6,Plate,12,224.233,12.206,224.461,7.920
496.000,10.000,stable,6,Plate,13,231.752,14.804,231.978,10.525
496.000,10.000,stable,6,Plate,14,239.347,16.471,239.573,12.203
496.000,10.000,stable,6,Plate,15,246.970,16.144,247.197,11.901
496.000,10.000,stable,6,Plate,16,254.602,16.144,254.830,11.933
496.000,10.000,stable,6,Plate,17,262.224,16.471,262.453,12.285
496.000,10.000,stable,6,Plate,18,269.819,14.804,270.051,10.626
496.000,10.000,stable,6,Plate,19,277.338,12.206,277.555,7.981
496.000,10.000,stable,6,Plate,20,284.918,10.553,285.100,6.171
496.000,10.000,stable,6,Plate,21,292.499,10.922,292.692,6.233
496.000,10.000,stable,6,Plate,22,300.083,10.922,300.265,5.778
496.000,10.000,stable,6,Plate,23,307.667,10.922,307.826,5.166
496.000,10.000,stable,6,Plate,24,315.252,10.922,315.373,4.406
496.000,10.000,stable,6,Plate,25,322.928,17.017,323.772,9.461
496.000,10.000,stable,6,Plate,26,330.553,26.427,332.711,17.631
496.000,10.000,stable,6,Plate,27,338.149,37.647,341.765,27.708
496.000,10.000,stable,6,Plate,28,345.589,46.362,348.236,37.147
496.000,10.000,stable,6,Plate,29,353.173,46.362,355.260,40.006
496.000,10.000,stable,6,Plate,30,360.757,46.362,362.292,42.845
496.000,10.000,stable,6,Inner,1,186.320,13.421,186.552,8.637
496.000,10.000,stable,6,Inner,2,193.904,13.421,194.135,8.789
496.000,10.000,stable,6,Inner,3,201.488,13.421,201.718,8.921
496.000,10.000,stable,6,Inner,4,208.961,20.923,209.110,16.483
496.000,10.000,stable,6,Inner,5,216.476,32.251,216.669,27.781
496.000,10.000,stable,6,Inner,6,224.002,46.385,224.369,41.821
496.000,10.000,stable,6,Inner,7,231.603,58.594,232.151,53.915
496.000,10.000,stable,6,Inner,8,239.273,67.257,239.924,62.485
496.000,10.000,stable,6,Inner,9,246.945,71.981,247.628,67.157
496.000,10.000,stable,6,Inner,10,254.626,71.981,255.309,67.150
496.000,10.000,stable,6,Inner,11,262.299,67.257,263.007,62.468
496.000,10.000,stable,6,Inner,12,269.968,58.594,270.770,53.889
496.000,10.000,stable,6,Inner,13,277.570,46.385,278.512,41.769
496.000,10.000,stable,6,Inner,14,285.095,32.251,286.056,27.644
496.000,10.000,stable,6,Inner,15,292.611,20.923,293.328,16.158
496.000,10.000,stable,6,Inner,16,300.083,13.421,300.265,8.277
496.000,10.000,stable,6,Inner,17,307.667,13.421,307.826,7.666
496.000,10.000,stable,6,Inner,18,315.252,13.421,315.373,6.905
496.000,10.000,stable,6,Patch4,1,201.724,81.613,214.207,47.521
496.000,10.000,stable,6,Patch4,2,209.407,95.502,219.178,63.145
496.000,10.000,stable,6,Patch4,3,217.741,107.665,224.033,77.021
496.000,10.000,stable,6,Patch4,4,225.445,116.390,229.465,87.270
496.000,10.000,stable,6,Patch4,5,232.364,120.175,235.438,92.385
496.000,10.000,stable,6,Patch4,6,239.343,120.828,242.207,94.142
496.000,10.000,stable,6,Patch4,7,246.943,120.748,249.748,95.003
496.000,10.000,stable,6,Patch4,8,254.628,120.748,257.381,95.811
496.000,10.000,stable,6,Patch4,9,262.228,120.828,264.934,96.581
496.000,10.000,stable,6,Patch4,10,269.208,120.175,271.934,96.433
496.000,10.000,stable,6,Patch4,11,276.126,116.390,278.986,92.931
496.000,10.000,stable,6,Patch4,12,283.830,107.665,286.709,84.265
496.000,10.000,stable,6,Patch4,13,292.164,95.502,294.790,71.982
496.000,10.000,stable,6,Patch4,14,299.848,81.613,302.483,58.132
496.000,10.000,stable,7,Outer,1,140.935,46.603,156.041,56.903
496.000,10.000,stable,7,Outer,2,148.295,46.603,160.400,50.980
496.000,10.000,stable,7,Outer,3,155.656,46.603,164.740,45.041
496.000,10.000,stable,7,Outer,4,163.017,46.650,170.990,37.903
496.000,10.000,stable,7,Outer,5,170.328,47.138,175.303,31.988
496.000,10.000,stable,7,Outer,6,177.390,50.978,182.230,27.921
496.000,10.000,stable,7,Outer,7,184.675,58.361,192.357,25.703
496.000,10.000,stable,7,Outer,8,192.017,69.673,204.161,32.181
496.000,10.000,stable,7,Outer,9,199.381,84.061,209.242,47.512
496.000,10.000,stable,7,Outer,10,206.763,97.886,212.932,62.736
496.000,10.000,stable,7,Outer,11,214.185,108.569,217.756,74.806
496.000,10.000,stable,7,Outer,12,221.643,115.531,223.909,82.927
496.000,10.000,stable,7,Outer,13,229.105,119.001,230.878,87.286
496.000,10.000,stable,7,Outer,14,236.547,119.495,238.237,88.489
496.000,10.000,stable,7,Outer,15,243.968,119.380,245.642,88.971
496.000,10.000,stable,7,Outer,16,251.363,119.380,253.017,89.507
496.000,10.000,stable,7,Outer,17,258.783,119.495,260.411,90.128
496.000,10.000,stable,7,Outer,18,266.226,119.001,267.869,90.110
496.000,10.000,stable,7,Outer,19,273.688,115.531,275.507,87.053
496.000,10.000,stable,7,Outer,20,281.146,108.569,283.177,80.340
496.000,10.000,stable,7,Outer,21,288.568,97.886,290.561,69.653
496.000,10.000,stable,7,Outer,22,295.950,84.061,297.376,55.560
496.000,10.000,stable,7,Outer,23,303.314,69.673,299.925,39.606
496.000,10.000,stable,7,Outer,24,310.656,58.361,309.885,30.549
496.000,10.000,stable,7,Outer,25,317.941,50.978,319.955,28.106
496.000,10.000,stable,7,Outer,26,325.003,47.138,327.939,28.990
496.000,10.000,stable,7,Outer,27,332.314,46.650,334.248,32.715
496.000,10.000,stable,7,Outer,28,339.675,46.603,341.838,36.952
496.000,10.000,stable,7,Outer,29,347.036,46.603,348.245,40.573
496.000,10.000,stable,7,Outer,30,354.396,46.603,354.663,44.176
496.000,10.000,stable,7,Plate,1,140.935,44.104,156.041,54.403
496.000,10.000,stable,7,Plate,2,148.295,44.104,160.400,48.480
496.000,10.000,stable,7,Plate,3,155.656,44.104,164.740,42.542
496.000,10.000,stable,7,Plate,4,162.940,36.235,165.690,31.909
496.000,10.000,stable,7,Plate,5,170.329,25.410,170.628,19.788
496.000,10.000,stable,7,Plate,6,177.722,15.979,177.882,10.253
496.000,10.000,stable,7,Plate,7,185.099,10.047,185.376,4.470
496.000,10.000,stable,7,Plate,8,192.460,10.047,192.734,4.681
496.000,10.000,stable,7,Plate,9,199.821,10.047,200.092,4.877
496.000,10.000,stable,7,Plate,10,207.181,10.047,207.451,5.041
496.000,10.000,stable,7,Plate,11,214.575,10.232,214.841,5.359
496.000,10.000,stable,7,Plate,12,221.938,12.044,222.181,7.262
496.000,10.000,stable,7,Plate,13,229.213,14.357,229.436,9.639
496.000,10.000,stable,7,Plate,14,236.567,15.703,236.780,11.042
496.000,10.000,stable,7,Plate,15,243.962,15.164,244.180,10.558
496.000,10.000,stable,7,Plate,16,251.369,15.164,251.588,10.596
496.000,10.000,stable,7,Plate,17,258.764,15.703,258.984,11.142
496.000,10.000,stable,7,Plate,18,266.118,14.357,266.332,9.762
496.000,10.000,stable,7,Plate,19,273.392,12.044,273.574,7.348
496.000,10.000,stable,7,Plate,20,280.756,10.232,280.883,5.328
496.000,10.000,stable,7,Plate,21,288.150,10.047,288.260,4.794
496.000,10.000,stable,7,Plate,22,295.510,10.047,295.602,4.285
496.000,10.000,stable,7,Plate,23,302.871,10.047,302.931,3.601
496.000,10.000,stable,7,Plate,24,310.232,10.047,310.245,2.766
496.000,10.000,stable,7,Plate,25,317.609,15.979,318.364,7.631
496.000,10.000,stable,7,Plate,26,325.002,25.410,327.087,15.845
496.000,10.000,stable,7,Plate,27,332.391,36.235,335.809,25.625
496.000,10.000,stable,7,Plate,28,339.675,44.104,341.838,34.452
496.000,10.000,stable,7,Plate,29,347.036,44.104,348.245,38.073
496.000,10.000,stable,7,Plate,30,354.396,44.104,354.663,41.676
496.000,10.000,stable,7,Inner,1,185.099,12.546,185.376,6.969
496.000,10.000,stable,7,Inner,2,192.460,12.546,192.734,7.181
496.000,10.000,stable,7,Inner,3,199.821,12.546,200.092,7.376
496.000,10.000,stable,7,Inner,4,207.092,20.251,207.214,15.186
496.000,10.000,stable,7,Inner,5,214.424,31.339,214.565,26.263
496.000,10.000,stable,7,Inner,6,221.701,45.264,222.028,40.089
496.000,10.000,stable,7,Inner,7,229.055,57.365,229.581,52.068
496.000,10.000,stable,7,Inner,8,236.502,65.934,237.136,60.541
496.000,10.000,stable,7,Inner,9,243.946,70.696,244.609,65.260
496.000,10.000,stable,7,Inner,10,251.385,70.696,252.048,65.268
496.000,10.000,stable,7,Inner,11,258.829,65.934,259.530,60.565
496.000,10.000,stable,7,Inner,12,266.276,57.365,267.094,52.098
496.000,10.000,stable,7,Inner,13,273.630,45.264,274.613,40.098
496.000,10.000,stable,7,Inner,14,280.907,31.339,281.910,26.182
496.000,10.000,stable,7,Inner,15,288.239,20.251,288.961,14.912
496.000,10.000,stable,7,Inner,16,295.510,12.546,295.602,6.784
496.000,10.000,stable,7,Inner,17,302.871,12.546,302.931,6.100
496.000,10.000,stable,7,Inner,18,310.232,12.546,310.245,5.265
496.000,10.000,stable,8,Outer,1,140.800,44.486,155.651,54.286
496.000,10.000,stable,8,Outer,2,147.972,44.486,159.577,48.287
496.000,10.000,stable,8,Outer,3,155.145,44.486,163.482,42.274
496.000,10.000,stable,8,Outer,4,162.317,44.486,169.346,34.945
496.000,10.000,stable,8,Outer,5,169.451,44.938,173.272,28.971
496.000,10.000,stable,8,Outer,6,176.385,48.534,179.802,24.685
496.000,10.000,stable,8,Outer,7,183.485,55.637,189.585,22.425
496.000,10.000,stable,8,Outer,8,190.649,66.387,200.170,29.611
496.000,10.000,stable,8,Outer,9,197.821,79.967,204.530,44.321
496.000,10.000,stable,8,Outer,10,204.997,92.819,209.013,58.345
496.000,10.000,stable,8,Outer,11,212.207,102.604,214.450,69.220
496.000,10.000,stable,8,Outer,12,219.461,109.072,220.892,76.501
496.000,10.000,stable,8,Outer,13,226.726,112.352,227.977,80.153
496.000,10.000,stable,8,Outer,14,233.970,112.755,235.203,80.808
496.000,10.000,stable,8,Outer,15,241.195,112.624,242.427,80.985
496.000,10.000,stable,8,Outer,16,248.405,112.624,249.622,81.420
496.000,10.000,stable,8,Outer,17,255.630,112.755,256.815,82.109
496.000,10.000,stable,8,Outer,18,262.874,112.352,264.066,82.311
496.000,10.000,stable,8,Outer,19,270.139,109.072,271.540,79.551
496.000,10.000,stable,8,Outer,20,277.393,102.604,278.968,73.292
496.000,10.000,stable,8,Outer,21,284.603,92.819,286.022,63.404
496.000,10.000,stable,8,Outer,22,291.779,79.967,292.423,50.163
496.000,10.000,stable,8,Outer,23,298.951,66.387,296.639,35.427
496.000,10.000,stable,8,Outer,24,306.115,55.637,305.559,26.152
496.000,10.000,stable,8,Outer,25,313.215,48.534,315.438,24.434
496.000,10.000,stable,8,Outer,26,320.149,44.938,323.091,25.988
496.000,10.000,stable,8,Outer,27,327.283,44.486,328.966,30.064
496.000,10.000,stable,8,Outer,28,334.455,44.486,336.238,34.765
496.000,10.000,stable,8,Outer,29,341.628,44.486,342.232,38.704
496.000,10.000,stable,8,Outer,30,348.800,44.486,348.239,42.624
496.000,10.000,stable,8,Plate,1,140.800,41.986,155.651,51.786
496.000,10.000,stable,8,Plate,2,147.972,41.986,159.577,45.787
496.000,10.000,stable,8,Plate,3,155.145,41.986,163.482,39.774
496.000,10.000,stable,8,Plate,4,162.259,34.978,164.480,29.907
496.000,10.000,stable,8,Plate,5,169.461,24.933,169.549,18.682
496.000,10.000,stable,8,Plate,6,176.673,16.062,176.758,9.813
496.000,10.000,stable,8,Plate,7,183.834,10.414,184.098,4.401
496.000,10.000,stable,8,Plate,8,191.007,10.414,191.265,4.681
496.000,10.000,stable,8,Plate,9,198.179,10.414,198.434,4.932
496.000,10.000,stable,8,Plate,10,205.352,10.414,205.604,5.126
496.000,10.000,stable,8,Plate,11,212.585,10.646,212.832,5.507
496.000,10.000,stable,8,Plate,12,219.768,12.277,219.991,7.244
496.000,10.000,stable,8,Plate,13,226.842,14.386,227.042,9.429
496.000,10.000,stable,8,Plate,14,234.002,15.464,234.193,10.570
496.000,10.000,stable,8,Plate,15,241.200,14.968,241.395,10.128
496.000,10.000,stable,8,Plate,16,248.400,14.968,248.596,10.162
496.000,10.000,stable,8,Plate,17,255.598,15.464,255.794,10.660
496.000,10.000,stable,8,Plate,18,262.758,14.386,262.949,9.544
496.000,10.000,stable,8,Plate,19,269.831,12.277,269.992,7.331
496.000,10.000,stable,8,Plate,20,277.015,10.646,277.125,5.488
496.000,10.000,stable,8,Plate,21,284.248,10.414,284.339,4.898
496.000,10.000,stable,8,Plate,22,291.421,10.414,291.494,4.380
496.000,10.000,stable,8,Plate,23,298.593,10.414,298.634,3.684
496.000,10.000,stable,8,Plate,24,305.766,10.414,305.757,2.840
496.000,10.000,stable,8,Plate,25,312.927,16.062,313.640,7.428
496.000,10.000,stable,8,Plate,26,320.139,24.933,322.096,15.119
496.000,10.000,stable,8,Plate,27,327.341,34.978,330.464,24.210
496.000,10.000,stable,8,Plate,28,334.455,41.986,336.238,32.266
496.000,10.000,stable,8,Plate,29,341.628,41.986,342.232,36.205
496.000,10.000,stable,8,Plate,30,348.800,41.986,348.239,40.124
496.000,10.000,stable,8,Inner,1,183.834,12.913,184.098,6.900
496.000,10.000,stable,8,Inner,2,191.007,12.913,191.265,7.181
496.000,10.000,stable,8,Inner,3,198.179,12.913,198.434,7.431
496.000,10.000,stable,8,Inner,4,205.286,19.747,205.357,14.404
496.000,10.000,stable,8,Inner,5,212.446,30.039,212.519,24.699
496.000,10.000,stable,8,Inner,6,219.527,43.079,219.791,37.634
496.000,10.000,stable,8,Inner,7,226.665,54.638,227.143,49.059
496.000,10.000,stable,8,Inner,8,233.921,62.802,234.507,57.126
496.000,10.000,stable,8,Inner,9,241.177,67.177,241.786,61.463
496.000,10.000,stable,8,Inner,10,248.423,67.177,249.033,61.481
496.000,10.000,stable,8,Inner,11,255.679,62.802,256.331,57.175
496.000,10.000,stable,8,Inner,12,262.935,54.638,263.709,49.121
496.000,10.000,stable,8,Inner,13,270.073,43.079,271.020,37.669
496.000,10.000,stable,8,Inner,14,277.154,30.039,278.118,24.637
496.000,10.000,stable,8,Inner,15,284.314,19.747,284.996,14.150
496.000,10.000,stable,8,Inner,16,291.421,12.913,291.494,6.880
496.000,10.000,stable,8,Inner,17,298.593,12.913,298.634,6.183
496.000,10.000,stable,8,Inner,18,305.766,12.913,305.757,5.339
496.000,10.000,stable,8,Patch4,1,198.650,76.192,205.359,40.546
496.000,10.000,stable,8,Patch4,2,205.814,89.002,210.311,54.879
496.000,10.000,stable,8,Patch4,3,213.606,99.631,215.896,66.738
496.000,10.000,stable,8,Patch4,4,220.866,107.014,222.480,74.688
496.000,10.000,stable,8,Patch4,5,227.323,109.930,228.760,77.951
496.000,10.000,stable,8,Patch4,6,233.951,110.256,235.363,78.555
496.000,10.000,stable,8,Patch4,7,241.166,110.124,242.573,78.737
496.000,10.000,stable,8,Patch4,8,248.434,110.124,249.824,79.168
496.000,10.000,stable,8,Patch4,9,255.649,110.256,257.003,79.863
496.000,10.000,stable,8,Patch4,10,262.277,109.930,263.630,80.116
496.000,10.000,stable,8,Patch4,11,268.734,107.014,270.289,77.722
496.000,10.000,stable,8,Patch4,12,275.994,99.631,277.897,70.737
496.000,10.000,stable,8,Patch4,13,283.786,89.002,285.240,59.835
496.000,10.000,stable,8,Patch4,14,290.950,76.192,291.594,46.388
496.000,10.000,stable,9,Outer,1,140.800,42.310,152.278,50.514
496.000,10.000,stable,9,Outer,2,147.766,42.310,156.550,45.013
496.000,10.000,stable,9,Outer,3,154.731,42.310,160.813,39.505
496.000,10.000,stable,9,Outer,4,161.697,42.332,166.983,32.901
496.000,10.000,stable,9,Outer,5,168.631,42.750,171.333,27.482
496.000,10.000,stable,9,Outer,6,175.408,46.100,177.997,23.911
496.000,10.000,stable,9,Outer,7,182.311,52.853,187.574,22.697
496.000,10.000,stable,9,Outer,8,189.271,63.008,197.706,29.581
496.000,10.000,stable,9,Outer,9,196.244,75.938,202.887,43.301
496.000,10.000,stable,9,Outer,10,203.211,87.950,207.692,56.319
496.000,10.000,stable,9,Outer,11,210.200,97.141,212.898,66.621
496.000,10.000,stable,9,Outer,12,217.226,103.089,218.811,73.679
496.000,10.000,stable,9,Outer,13,224.259,106.416,225.368,77.865
496.000,10.000,stable,9,Outer,14,231.284,106.915,232.311,79.048
496.000,10.000,stable,9,Outer,15,238.297,106.818,239.311,79.508
496.000,10.000,stable,9,Outer,16,245.303,106.818,246.304,79.943
496.000,10.000,stable,9,Outer,17,252.316,106.915,253.308,80.335
496.000,10.000,stable,9,Outer,18,259.341,106.416,260.340,79.945
496.000,10.000,stable,9,Outer,19,266.374,103.089,267.301,76.473
496.000,10.000,stable,9,Outer,20,273.400,97.141,273.906,70.058
496.000,10.000,stable,9,Outer,21,280.389,87.950,280.103,60.315
496.000,10.000,stable,9,Outer,22,287.356,75.938,286.072,47.779
496.000,10.000,stable,9,Outer,23,294.329,63.008,292.204,34.446
496.000,10.000,stable,9,Outer,24,301.289,52.853,300.992,25.864
496.000,10.000,stable,9,Outer,25,308.192,46.100,310.366,23.603
496.000,10.000,stable,9,Outer,26,314.969,42.750,317.847,24.676
496.000,10.000,stable,9,Outer,27,321.903,42.332,323.792,28.273
496.000,10.000,stable,9,Outer,28,328.869,42.310,331.009,32.451
496.000,10.000,stable,9,Outer,29,335.834,42.310,336.971,36.052
496.000,10.000,stable,9,Outer,30,342.800,42.310,342.938,39.646
496.000,10.000,stable,9,Plate,1,140.800,39.810,152.278,48.014
496.000,10.000,stable,9,Plate,2,147.766,39.810,156.550,42.513
496.000,10.000,stable,9,Plate,3,154.731,39.810,160.813,37.006
496.000,10.000,stable,9,Plate,4,161.643,33.056,162.798,27.619
496.000,10.000,stable,9,Plate,5,168.635,23.219,168.601,17.052
496.000,10.000,stable,9,Plate,6,175.651,14.980,175.707,8.892
496.000,10.000,stable,9,Plate,7,182.593,9.786,182.835,3.958
496.000,10.000,stable,9,Plate,8,189.559,9.786,189.794,4.244
496.000,10.000,stable,9,Plate,9,196.524,9.786,196.756,4.497
496.000,10.000,stable,9,Plate,10,203.490,9.786,203.718,4.704
496.000,10.000,stable,9,Plate,11,210.535,10.425,210.747,5.513
496.000,10.000,stable,9,Plate,12,217.503,12.107,217.684,7.324
496.000,10.000,stable,9,Plate,13,224.380,13.884,224.535,9.201
496.000,10.000,stable,9,Plate,14,231.330,14.414,231.479,9.818
496.000,10.000,stable,9,Plate,15,238.311,13.829,238.466,9.302
496.000,10.000,stable,9,Plate,16,245.289,13.829,245.445,9.337
496.000,10.000,stable,9,Plate,17,252.270,14.414,252.428,9.911
496.000,10.000,stable,9,Plate,18,259.220,13.884,259.374,9.319
496.000,10.000,stable,9,Plate,19,266.097,12.107,266.217,7.415
496.000,10.000,stable,9,Plate,20,273.065,10.425,273.128,5.505
496.000,10.000,stable,9,Plate,21,280.110,9.786,280.131,4.506
496.000,10.000,stable,9,Plate,22,287.076,9.786,287.078,3.997
496.000,10.000,stable,9,Plate,23,294.041,9.786,294.011,3.321
496.000,10.000,stable,9,Plate,24,301.007,9.786,300.927,2.492
496.000,10.000,stable,9,Plate,25,307.949,14.980,308.550,6.622
496.000,10.000,stable,9,Plate,26,314.965,23.219,316.802,13.620
496.000,10.000,stable,9,Plate,27,321.957,33.056,325.124,22.357
496.000,10.000,stable,9,Plate,28,328.869,39.810,331.009,29.951
496.000,10.000,stable,9,Plate,29,335.834,39.810,336.971,33.553
496.000,10.000,stable,9,Plate,30,342.800,39.810,342.938,37.146
496.000,10.000,stable,9,Inner,1,182.593,12.285,182.835,6.458
496.000,10.000,stable,9,Inner,2,189.559,12.285,189.794,6.743
496.000,10.000,stable,9,Inner,3,196.524,12.285,196.756,6.996
496.000,10.000,stable,9,Inner,4,203.446,18.978,203.489,13.829
496.000,10.000,stable,9,Inner,5,210.412,28.936,210.454,23.789
496.000,10.000,stable,9,Inner,6,217.304,41.339,217.518,36.095
496.000,10.000,stable,9,Inner,7,224.237,52.206,224.643,46.838
496.000,10.000,stable,9,Inner,8,231.262,59.618,231.764,54.158
496.000,10.000,stable,9,Inner,9,238.289,63.328,238.812,57.830
496.000,10.000,stable,9,Inner,10,245.311,63.328,245.834,57.847
496.000,10.000,stable,9,Inner,11,252.338,59.618,252.896,54.204
496.000,10.000,stable,9,Inner,12,259.363,52.206,260.032,46.899
496.000,10.000,stable,9,Inner,13,266.296,41.339,267.126,36.136
496.000,10.000,stable,9,Inner,14,273.188,28.936,274.041,23.744
496.000,10.000,stable,9,Inner,15,280.154,18.978,280.747,13.607
496.000,10.000,stable,9,Inner,16,287.076,12.285,287.078,6.497
496.000,10.000,stable,9,Inner,17,294.041,12.285,294.011,5.820
496.000,10.000,stable,9,Inner,18,301.007,12.285,300.927,4.992
496.000,10.000,stable,9,Patch4,1,197.074,72.230,203.718,39.594
496.000,10.000,stable,9,Patch4,2,204.039,84.202,209.053,52.816
496.000,10.000,stable,9,Patch4,3,211.581,94.201,214.588,64.017
496.000,10.000,stable,9,Patch4,4,218.618,101.019,220.422,71.861
496.000,10.000,stable,9,Patch4,5,224.872,103.996,226.183,75.691
496.000,10.000,stable,9,Patch4,6,231.259,104.416,232.477,76.802
496.000,10.000,stable,9,Patch4,7,238.263,104.318,239.459,77.264
496.000,10.000,stable,9,Patch4,8,245.337,104.318,246.512,77.696
496.000,10.000,stable,9,Patch4,9,252.341,104.416,253.498,78.093
496.000,10.000,stable,9,Patch4,10,258.728,103.996,259.880,77.774
496.000,10.000,stable,9,Patch4,11,264.982,101.019,266.046,74.646
496.000,10.000,stable,9,Patch4,12,272.019,94.201,272.650,67.439
496.000,10.000,stable,9,Patch4,13,279.561,84.202,279.141,56.758
496.000,10.000,stable,9,Patch4,14,286.526,72.230,285.241,44.072
496.000,10.000,stable,10,Outer,1,140.800,40.274,148.328,46.623
496.000,10.000,stable,10,Outer,2,147.559,40.274,153.218,41.958
496.000,10.000,stable,10,Outer,3,154.317,40.274,158.104,37.288
496.000,10.000,stable,10,Outer,4,161.076,40.289,164.665,31.794
496.000,10.000,stable,10,Outer,5,167.811,40.651,169.595,27.189
496.000,10.000,stable,10,Outer,6,174.425,43.625,176.328,24.494
496.000,10.000,stable,10,Outer,7,181.128,49.975,185.558,24.437
496.000,10.000,stable,10,Outer,8,187.881,59.411,195.113,30.865
496.000,10.000,stable,10,Outer,9,194.650,71.556,200.553,43.621
496.000,10.000,stable,10,Outer,10,201.409,82.847,205.400,55.830
496.000,10.000,stable,10,Outer,11,208.180,91.484,210.565,65.497
496.000,10.000,stable,10,Outer,12,214.974,97.075,216.354,72.117
496.000,10.000,stable,10,Outer,13,221.781,100.208,222.719,76.064
496.000,10.000,stable,10,Outer,14,228.590,100.759,229.448,77.244
496.000,10.000,stable,10,Outer,15,235.398,100.681,236.244,77.638
496.000,10.000,stable,10,Outer,16,242.202,100.681,243.041,77.965
496.000,10.000,stable,10,Outer,17,249.010,100.759,249.844,78.215
496.000,10.000,stable,10,Outer,18,255.819,100.208,256.652,77.646
496.000,10.000,stable,10,Outer,19,262.626,97.075,263.335,74.264
496.000,10.000,stable,10,Outer,20,269.420,91.484,269.691,68.183
496.000,10.000,stable,10,Outer,21,276.191,82.847,275.699,59.007
496.000,10.000,stable,10,Outer,22,282.950,71.556,281.572,47.244
496.000,10.000,stable,10,Outer,23,289.719,59.411,287.955,34.920
496.000,10.000,stable,10,Outer,24,296.472,49.975,296.575,27.191
496.000,10.000,stable,10,Outer,25,303.175,43.625,305.356,24.369
496.000,10.000,stable,10,Outer,26,309.789,40.651,312.594,24.810
496.000,10.000,stable,10,Outer,27,316.524,40.289,318.733,27.606
496.000,10.000,stable,10,Outer,28,323.283,40.274,325.911,30.816
496.000,10.000,stable,10,Outer,29,330.041,40.274,332.059,33.623
496.000,10.000,stable,10,Outer,30,336.800,40.274,338.206,36.430
496.000,10.000,stable,10,Plate,1,140.800,37.775,148.328,44.124
496.000,10.000,stable,10,Plate,2,147.559,37.775,153.218,39.458
496.000,10.000,stable,10,Plate,3,154.317,37.775,158.104,34.789
496.000,10.000,stable,10,Plate,4,161.037,31.525,161.392,26.299
496.000,10.000,stable,10,Plate,5,167.826,22.083,167.603,16.479
496.000,10.000,stable,10,Plate,6,174.633,14.420,174.605,8.996
496.000,10.000,stable,10,Plate,7,181.352,9.613,181.528,4.491
496.000,10.000,stable,10,Plate,8,188.110,9.613,188.281,4.784
496.000,10.000,stable,10,Plate,9,194.869,9.613,195.036,5.035
496.000,10.000,stable,10,Plate,10,201.628,9.613,201.792,5.230
496.000,10.000,stable,10,Plate,11,208.484,10.258,208.633,6.029
496.000,10.000,stable,10,Plate,12,215.249,11.916,215.369,7.803
496.000,10.000,stable,10,Plate,13,221.923,13.572,222.021,9.548
496.000,10.000,stable,10,Plate,14,228.656,13.603,228.755,9.655
496.000,10.000,stable,10,Plate,15,235.419,12.938,235.524,9.044
496.000,10.000,stable,10,Plate,16,242.181,12.938,242.287,9.065
496.000,10.000,stable,10,Plate,17,248.944,13.603,249.053,9.710
496.000,10.000,stable,10,Plate,18,255.677,13.572,255.786,9.618
496.000,10.000,stable,10,Plate,19,262.351,11.916,262.433,7.850
496.000,10.000,stable,10,Plate,20,269.116,10.258,269.149,5.997
496.000,10.000,stable,10,Plate,21,275.972,9.613,275.969,5.039
496.000,10.000,stable,10,Plate,22,282.731,9.613,282.714,4.593
496.000,10.000,stable,10,Plate,23,289.490,9.613,289.446,3.993
496.000,10.000,stable,10,Plate,24,296.248,9.613,296.164,3.241
496.000,10.000,stable,10,Plate,25,302.967,14.420,303.527,6.988
496.000,10.000,stable,10,Plate,26,309.774,22.083,311.589,13.317
496.000,10.000,stable,10,Plate,27,316.563,31.525,319.876,21.473
496.000,10.000,stable,10,Plate,28,323.283,37.775,325.911,28.316
496.000,10.000,stable,10,Plate,29,330.041,37.775,332.059,31.123
496.000,10.000,stable,10,Plate,30,336.800,37.775,338.206,33.930
496.000,10.000,stable,10,Inner,1,181.352,12.113,181.528,6.990
496.000,10.000,stable,10,Inner,2,188.110,12.113,188.281,7.284
496.000,10.000,stable,10,Inner,3,194.869,12.113,195.036,7.534
496.000,10.000,stable,10,Inner,4,201.603,18.042,201.595,13.601
496.000,10.000,stable,10,Inner,5,208.373,27.429,208.359,22.992
496.000,10.000,stable,10,Inner,6,215.069,39.081,215.210,34.555
496.000,10.000,stable,10,Inner,7,221.797,49.307,222.109,44.666
496.000,10.000,stable,10,Inner,8,228.590,56.148,228.984,51.424
496.000,10.000,stable,10,Inner,9,235.396,59.353,235.807,54.594
496.000,10.000,stable,10,Inner,10,242.204,59.353,242.616,54.605
496.000,10.000,stable,10,Inner,11,249.010,56.148,249.447,51.454
496.000,10.000,stable,10,Inner,12,255.803,49.307,256.329,44.704
496.000,10.000,stable,10,Inner,13,262.531,39.081,263.194,34.570
496.000,10.000,stable,10,Inner,14,269.227,27.429,269.917,22.933
496.000,10.000,stable,10,Inner,15,275.997,18.042,276.470,13.392
496.000,10.000,stable,10,Inner,16,282.731,12.113,282.714,7.093
496.000,10.000,stable,10,Inner,17,289.490,12.113,289.446,6.492
496.000,10.000,stable,10,Inner,18,296.248,12.113,296.164,5.740
496.000,10.000,stable,10,Patch4,1,195.453,67.909,201.356,39.974
496.000,10.000,stable,10,Patch4,2,202.192,79.155,206.707,52.349
496.000,10.000,stable,10,Patch4,3,209.459,88.535,212.156,62.848
496.000,10.000,stable,10,Patch4,4,216.218,94.907,217.794,70.200
496.000,10.000,stable,10,Patch4,5,222.351,97.774,223.466,73.878
496.000,10.000,stable,10,Patch4,6,228.626,98.259,229.649,74.998
496.000,10.000,stable,10,Patch4,7,235.384,98.183,236.388,75.395
496.000,10.000,stable,10,Patch4,8,242.216,98.183,243.206,75.720
496.000,10.000,stable,10,Patch4,9,248.974,98.259,249.953,75.971
496.000,10.000,stable,10,Patch4,10,255.249,97.774,256.216,75.463
496.000,10.000,stable,10,Patch4,11,261.382,94.907,262.209,72.340
496.000,10.000,stable,10,Patch4,12,268.141,88.535,268.460,65.497
496.000,10.000,stable,10,Patch4,13,275.408,79.155,274.742,55.463
496.000,10.000,stable,10,Patch4,14,282.147,67.909,280.770,43.597
496.000,10.000,stable,11,Outer,1,140.800,38.283,144.490,42.455
496.000,10.000,stable,11,Outer,2,147.352,38.283,150.007,38.921
496.000,10.000,stable,11,Outer,3,153.903,38.283,155.522,35.386
496.000,10.000,stable,11,Outer,4,160.455,38.302,162.364,31.320
496.000,10.000,stable,11,Outer,5,166.989,38.611,167.865,27.783
496.000,10.000,stable,11,Outer,6,173.428,41.212,174.607,26.124
496.000,10.000,stable,11,Outer,7,179.935,47.112,183.308,27.296
496.000,10.000,stable,11,Outer,8,186.484,55.979,192.207,33.696
496.000,10.000,stable,11,Outer,9,193.044,67.373,197.846,45.515
496.000,10.000,stable,11,Outer,10,199.599,77.923,202.826,56.855
496.000,10.000,stable,11,Outer,11,206.167,85.991,208.065,65.818
496.000,10.000,stable,11,Outer,12,212.744,91.104,213.829,71.820
496.000,10.000,stable,11,Outer,13,219.328,93.781,220.079,75.197
496.000,10.000,stable,11,Outer,14,225.917,94.220,226.610,76.172
496.000,10.000,stable,11,Outer,15,232.507,94.109,233.196,76.437
496.000,10.000,stable,11,Outer,16,239.093,94.109,239.779,76.649
496.000,10.000,stable,11,Outer,17,245.683,94.220,246.369,76.806
496.000,10.000,stable,11,Outer,18,252.272,93.781,252.949,76.248
496.000,10.000,stable,11,Outer,19,258.856,91.104,259.408,73.288
496.000,10.000,stable,11,Outer,20,265.433,85.991,265.607,67.733
496.000,10.000,stable,11,Outer,21,272.001,77.923,271.545,59.208
496.000,10.000,stable,11,Outer,22,278.556,67.373,277.431,48.295
496.000,10.000,stable,11,Outer,23,285.116,55.979,284.340,37.144
496.000,10.000,stable,11,Outer,24,291.665,47.112,292.616,29.904
496.000,10.000,stable,11,Outer,25,298.172,41.212,300.602,26.271
496.000,10.000,stable,11,Outer,26,304.611,38.611,307.536,25.911
496.000,10.000,stable,11,Outer,27,311.145,38.302,313.821,27.724
496.000,10.000,stable,11,Outer,28,317.697,38.283,320.826,29.777
496.000,10.000,stable,11,Outer,29,324.248,38.283,327.122,31.590
496.000,10.000,stable,11,Outer,30,330.800,38.283,333.416,33.407
496.000,10.000,stable,11,Plate,1,140.800,35.783,144.490,39.955
496.000,10.000,stable,11,Plate,2,147.352,35.783,150.007,36.422
496.000,10.000,stable,11,Plate,3,153.903,35.783,155.522,32.887
496.000,10.000,stable,11,Plate,4,160.426,29.888,160.027,25.391
496.000,10.000,stable,11,Plate,5,167.014,20.835,166.623,16.349
496.000,10.000,stable,11,Plate,6,173.617,13.574,173.529,9.376
496.000,10.000,stable,11,Plate,7,180.110,9.280,180.219,5.395
496.000,10.000,stable,11,Plate,8,186.662,9.280,186.766,5.658
496.000,10.000,stable,11,Plate,9,193.214,9.280,193.314,5.877
496.000,10.000,stable,11,Plate,10,199.766,9.280,199.865,6.025
496.000,10.000,stable,11,Plate,11,206.416,9.966,206.503,6.821
496.000,10.000,stable,11,Plate,12,212.979,11.610,213.039,8.569
496.000,10.000,stable,11,Plate,13,219.450,12.933,219.492,9.978
496.000,10.000,stable,11,Plate,14,225.971,12.612,226.015,9.720
496.000,10.000,stable,11,Plate,15,232.522,11.946,232.569,9.087
496.000,10.000,stable,11,Plate,16,239.078,11.946,239.125,9.090
496.000,10.000,stable,11,Plate,17,245.629,12.612,245.678,9.724
496.000,10.000,stable,11,Plate,18,252.150,12.933,252.202,9.971
496.000,10.000,stable,11,Plate,19,258.621,11.610,258.648,8.527
496.000,10.000,stable,11,Plate,20,265.184,9.966,265.165,6.714
496.000,10.000,stable,11,Plate,21,271.834,9.280,271.789,5.811
496.000,10.000,stable,11,Plate,22,278.386,9.280,278.333,5.486
496.000,10.000,stable,11,Plate,23,284.938,9.280,284.867,5.002
496.000,10.000,stable,11,Plate,24,291.490,9.280,291.393,4.410
496.000,10.000,stable,11,Plate,25,297.983,13.574,298.438,7.723
496.000,10.000,stable,11,Plate,26,304.586,20.835,306.325,13.564
496.000,10.000,stable,11,Plate,27,311.174,29.888,314.522,21.188
496.000,10.000,stable,11,Plate,28,317.697,35.783,320.826,27.277
496.000,10.000,stable,11,Plate,29,324.248,35.783,327.122,29.090
496.000,10.000,stable,11,Plate,30,330.800,35.783,333.416,30.908
496.000,10.000,stable,11,Inner,1,180.110,11.779,180.219,7.894
496.000,10.000,stable,11,Inner,2,186.662,11.779,186.766,8.158
496.000,10.000,stable,11,Inner,3,193.214,11.779,193.314,8.376
496.000,10.000,stable,11,Inner,4,199.761,17.358,199.710,14.076
496.000,10.000,stable,11,Inner,5,206.329,26.384,206.272,23.106
496.000,10.000,stable,11,Inner,6,212.835,37.312,212.900,33.959
496.000,10.000,stable,11,Inner,7,219.366,46.591,219.566,43.140
496.000,10.000,stable,11,Inner,8,225.930,52.519,226.197,48.992
496.000,10.000,stable,11,Inner,9,232.507,55.144,232.790,51.576
496.000,10.000,stable,11,Inner,10,239.093,55.144,239.377,51.571
496.000,10.000,stable,11,Inner,11,245.670,52.519,245.965,48.976
496.000,10.000,stable,11,Inner,12,252.234,46.591,252.585,43.111
496.000,10.000,stable,11,Inner,13,258.765,37.312,259.219,33.907
496.000,10.000,stable,11,Inner,14,265.271,26.384,265.760,23.001
496.000,10.000,stable,11,Inner,15,271.839,17.358,272.171,13.862
496.000,10.000,stable,11,Inner,16,278.386,11.779,278.333,7.985
496.000,10.000,stable,11,Inner,17,284.938,11.779,284.867,7.501
496.000,10.000,stable,11,Inner,18,291.490,11.779,291.393,6.909
496.000,10.000,stable,11,Patch1,1,201.299,12.361,201.398,9.107
496.000,10.000,stable,11,Patch1,2,206.425,12.646,206.490,9.458
496.000,10.000,stable,11,Patch1,3,212.330,14.023,212.392,10.856
496.000,10.000,stable,11,Patch1,4,219.142,15.412,219.202,12.260
496.000,10.000,stable,11,Patch1,5,226.183,15.103,226.246,11.974
496.000,10.000,stable,11,Patch1,6,232.680,14.439,232.747,11.331
496.000,10.000,stable,11,Patch1,7,238.920,14.439,238.989,11.335
496.000,10.000,stable,11,Patch1,8,245.417,15.103,245.489,11.982
496.000,10.000,stable,11,Patch1,9,252.458,15.412,252.533,12.255
496.000,10.000,stable,11,Patch1,10,259.270,14.023,259.335,10.812
496.000,10.000,stable,11,Patch1,11,265.175,12.646,265.221,9.352
496.000,10.000,stable,11,Patch1,12,270.176,12.296,270.131,8.827
496.000,10.000,stable,11,Patch2,1,278.386,6.780,278.333,2.986
496.000,10.000,stable,11,Patch2,2,284.938,6.780,284.867,2.502
496.000,10.000,stable,11,Patch2,3,291.490,6.780,291.393,1.910
496.000,10.000,stable,11,Patch3,1,180.110,6.780,180.219,2.895
496.000,10.000,stable,11,Patch3,2,186.662,6.780,186.766,3.159
496.000,10.000,stable,11,Patch3,3,193.214,6.780,193.314,3.377
496.000,10.000,stable,11,Patch4,1,193.864,63.795,198.666,41.937
496.000,10.000,stable,11,Patch4,2,200.403,74.302,204.105,53.411
496.000,10.000,stable,11,Patch4,3,207.517,83.117,209.707,63.207
496.000,10.000,stable,11,Patch4,4,214.103,89.009,215.358,69.965
496.000,10.000,stable,11,Patch4,5,219.917,91.354,220.826,73.014
496.000,10.000,stable,11,Patch4,6,225.913,91.721,226.756,73.925
496.000,10.000,stable,11,Patch4,7,232.466,91.609,233.299,74.190
496.000,10.000,stable,11,Patch4,8,239.134,91.609,239.957,74.402
496.000,10.000,stable,11,Patch4,9,245.687,91.721,246.504,74.560
496.000,10.000,stable,11,Patch4,10,251.683,91.354,252.485,74.066
496.000,10.000,stable,11,Patch4,11,257.497,89.009,258.161,71.424
496.000,10.000,stable,11,Patch4,12,264.083,83.117,264.279,65.077
496.000,10.000,stable,11,Patch4,13,271.197,74.302,270.589,55.705
496.000,10.000,stable,11,Patch4,14,277.736,63.795,276.611,44.717
496.000,10.000,stable,12,Outer,1,140.800,36.338,141.523,38.136
496.000,10.000,stable,12,Outer,2,147.145,36.338,147.477,35.947
496.000,10.000,stable,12,Outer,3,153.490,36.338,153.433,33.762
496.000,10.000,stable,12,Outer,4,159.834,36.349,160.254,31.292
496.000,10.000,stable,12,Outer,5,166.165,36.622,166.181,29.061
496.000,10.000,stable,12,Outer,6,172.424,38.961,172.849,28.688
496.000,10.000,stable,12,Outer,7,178.736,44.512,180.817,31.345
496.000,10.000,stable,12,Outer,8,185.083,52.836,188.901,37.929
496.000,10.000,stable,12,Outer,9,191.434,63.259,194.559,48.688
496.000,10.000,stable,12,Outer,10,197.779,72.934,199.863,58.922
496.000,10.000,stable,12,Outer,11,204.137,80.341,205.373,66.945
496.000,10.000,stable,12,Outer,12,210.503,84.728,211.270,71.925
496.000,10.000,stable,12,Outer,13,216.871,86.665,217.460,74.363
496.000,10.000,stable,12,Outer,14,223.243,86.806,223.810,74.892
496.000,10.000,stable,12,Outer,15,229.615,86.600,230.183,74.946
496.000,10.000,stable,12,Outer,16,235.985,86.600,236.551,75.082
496.000,10.000,stable,12,Outer,17,242.357,86.806,242.921,75.302
496.000,10.000,stable,12,Outer,18,248.729,86.665,249.289,75.062
496.000,10.000,stable,12,Outer,19,255.097,84.728,255.594,72.937
496.000,10.000,stable,12,Outer,20,261.463,80.341,261.769,68.301
496.000,10.000,stable,12,Outer,21,267.821,72.934,267.779,60.639
496.000,10.000,stable,12,Outer,22,274.166,63.259,273.755,50.772
496.000,10.000,stable,12,Outer,23,280.517,52.836,281.038,40.999
496.000,10.000,stable,12,Outer,24,286.864,44.512,288.657,33.838
496.000,10.000,stable,12,Outer,25,293.176,38.961,295.742,29.334
496.000,10.000,stable,12,Outer,26,299.435,36.622,302.292,28.033
496.000,10.000,stable,12,Outer,27,305.766,36.349,308.588,28.747
496.000,10.000,stable,12,Outer,28,312.110,36.338,315.211,29.613
496.000,10.000,stable,12,Outer,29,318.455,36.338,321.512,30.355
496.000,10.000,stable,12,Outer,30,324.800,36.338,327.812,31.107
496.000,10.000,stable,12,Plate,1,140.800,33.838,141.523,35.637
496.000,10.000,stable,12,Plate,2,147.145,33.838,147.477,33.447
496.000,10.000,stable,12,Plate,3,153.490,33.838,153.433,31.262
496.000,10.000,stable,12,Plate,4,159.817,28.197,158.840,24.716
496.000,10.000,stable,12,Plate,5,166.191,19.711,165.620,16.551
496.000,10.000,stable,12,Plate,6,172.593,12.908,172.442,10.167
496.000,10.000,stable,12,Plate,7,178.869,9.083,178.912,6.677
496.000,10.000,stable,12,Plate,8,185.214,9.083,185.252,6.915
496.000,10.000,stable,12,Plate,9,191.559,9.083,191.595,7.105
496.000,10.000,stable,12,Plate,10,197.903,9.083,197.940,7.228
496.000,10.000,stable,12,Plate,11,204.337,9.898,204.363,8.124
496.000,10.000,stable,12,Plate,12,210.699,11.442,210.705,9.742
496.000,10.000,stable,12,Plate,13,216.976,12.406,216.973,10.766
496.000,10.000,stable,12,Plate,14,223.291,12.077,223.289,10.477
496.000,10.000,stable,12,Plate,15,229.628,11.591,229.628,10.010
496.000,10.000,stable,12,Plate,16,235.972,11.591,235.971,10.006
496.000,10.000,stable,12,Plate,17,242.309,12.077,242.311,10.460
496.000,10.000,stable,12,Plate,18,248.624,12.406,248.628,10.726
496.000,10.000,stable,12,Plate,19,254.901,11.442,254.889,9.667
496.000,10.000,stable,12,Plate,20,261.263,9.898,261.217,7.994
496.000,10.000,stable,12,Plate,21,267.697,9.083,267.628,7.019
496.000,10.000,stable,12,Plate,22,274.041,9.083,273.969,6.779
496.000,10.000,stable,12,Plate,23,280.386,9.083,280.304,6.421
496.000,10.000,stable,12,Plate,24,286.731,9.083,286.633,5.977
496.000,10.000,stable,12,Plate,25,293.007,12.908,293.332,9.005
496.000,10.000,stable,12,Plate,26,299.409,19.711,300.852,14.546
496.000,10.000,stable,12,Plate,27,305.782,28.197,308.687,21.704
496.000,10.000,stable,12,Plate,28,312.110,33.838,315.211,27.114
496.000,10.000,stable,12,Plate,29,318.455,33.838,321.512,27.855
496.000,10.000,stable,12,Plate,30,324.800,33.838,327.812,28.608
496.000,10.000,stable,12,Inner,1,178.869,11.583,178.912,9.176
496.000,10.000,stable,12,Inner,2,185.214,11.583,185.252,9.415
496.000,10.000,stable,12,Inner,3,191.559,11.583,191.595,9.604
496.000,10.000,stable,12,Inner,4,197.916,16.991,197.820,15.116
496.000,10.000,stable,12,Inner,5,204.271,25.836,204.166,23.965
496.000,10.000,stable,12,Inner,6,210.574,36.031,210.563,34.100
496.000,10.000,stable,12,Inner,7,216.899,44.171,216.990,42.158
496.000,10.000,stable,12,Inner,8,223.248,48.916,223.390,46.834
496.000,10.000,stable,12,Inner,9,229.613,50.905,229.769,48.776
496.000,10.000,stable,12,Inner,10,235.987,50.905,236.144,48.755
496.000,10.000,stable,12,Inner,11,242.352,48.916,242.510,46.773
496.000,10.000,stable,12,Inner,12,248.701,44.171,248.885,42.064
496.000,10.000,stable,12,Inner,13,255.026,36.031,255.280,33.980
496.000,10.000,stable,12,Inner,14,261.329,25.836,261.629,23.814
496.000,10.000,stable,12,Inner,15,267.684,16.991,267.888,14.902
496.000,10.000,stable,12,Inner,16,274.041,11.583,273.969,9.279
496.000,10.000,stable,12,Inner,17,280.386,11.583,280.304,8.920
496.000,10.000,stable,12,Inner,18,286.731,11.583,286.633,8.476
496.000,10.000,stable,12,Patch1,1,198.968,12.307,199.004,10.451
496.000,10.000,stable,12,Patch1,2,203.928,12.540,203.939,10.729
496.000,10.000,stable,12,Patch1,3,210.167,13.884,210.176,12.086
496.000,10.000,stable,12,Patch1,4,216.934,14.905,216.945,13.112
496.000,10.000,stable,12,Patch1,5,223.519,14.565,223.531,12.780
496.000,10.000,stable,12,Patch1,6,229.728,14.087,229.741,12.306
496.000,10.000,stable,12,Patch1,7,235.872,14.087,235.888,12.301
496.000,10.000,stable,12,Patch1,8,242.081,14.565,242.099,12.761
496.000,10.000,stable,12,Patch1,9,248.666,14.905,248.686,13.070
496.000,10.000,stable,12,Patch1,10,255.433,13.884,255.448,12.006
496.000,10.000,stable,12,Patch1,11,261.672,12.540,261.673,10.595
496.000,10.000,stable,12,Patch1,12,266.513,12.265,266.445,10.201
496.000,10.000,stable,12,Patch2,1,274.041,6.584,273.969,4.280
496.000,10.000,stable,12,Patch2,2,280.386,6.584,280.304,3.921
496.000,10.000,stable,12,Patch2,3,286.731,6.584,286.633,3.477
496.000,10.000,stable,12,Patch3,1,178.869,6.584,178.912,4.177
496.000,10.000,stable,12,Patch3,2,185.214,6.584,185.252,4.416
496.000,10.000,stable,12,Patch3,3,191.559,6.584,191.595,4.605
496.000,10.000,stable,12,Patch4,1,192.195,59.733,195.320,45.162
496.000,10.000,stable,12,Patch4,2,198.521,69.365,200.961,55.479
496.000,10.000,stable,12,Patch4,3,205.308,77.430,206.759,64.241
496.000,10.000,stable,12,Patch4,4,211.526,82.448,212.399,69.876
496.000,10.000,stable,12,Patch4,5,217.184,84.185,217.880,72.100
496.000,10.000,stable,12,Patch4,6,223.172,84.309,223.844,72.623
496.000,10.000,stable,12,Patch4,7,229.567,84.106,230.239,72.700
496.000,10.000,stable,12,Patch4,8,236.033,84.106,236.703,72.839
496.000,10.000,stable,12,Patch4,9,242.428,84.309,243.096,73.048
496.000,10.000,stable,12,Patch4,10,248.416,84.185,249.079,72.811
496.000,10.000,stable,12,Patch4,11,254.074,82.448,254.667,70.871
496.000,10.000,stable,12,Patch4,12,260.292,77.430,260.613,65.555
496.000,10.000,stable,12,Patch4,13,267.079,69.365,266.935,57.152
496.000,10.000,stable,12,Patch4,14,273.405,59.733,272.994,47.246
496.000,10.000,stable,13,Outer,1,140.800,34.444,140.296,34.509
496.000,10.000,stable,13,Outer,2,146.938,34.444,146.370,33.633
496.000,10.000,stable,13,Outer,3,153.076,34.444,152.447,32.772
496.000,10.000,stable,13,Outer,4,159.214,34.450,158.897,31.780
496.000,10.000,stable,13,Outer,5,165.341,34.680,164.948,30.824
496.000,10.000,stable,13,Outer,6,171.411,36.754,171.308,31.615
496.000,10.000,stable,13,Outer,7,177.529,42.143,178.283,35.816
496.000,10.000,stable,13,Outer,8,183.673,50.141,185.239,43.098
496.000,10.000,stable,13,Outer,9,189.815,59.656,191.144,52.726
496.000,10.000,stable,13,Outer,10,195.951,68.389,196.905,61.668
496.000,10.000,stable,13,Outer,11,202.099,75.036,202.709,68.585
496.000,10.000,stable,13,Outer,12,208.252,78.465,208.696,72.280
496.000,10.000,stable,13,Outer,13,214.404,79.672,214.797,73.714
496.000,10.000,stable,13,Outer,14,220.563,79.623,220.953,73.845
496.000,10.000,stable,13,Outer,15,226.721,79.394,227.113,73.746
496.000,10.000,stable,13,Outer,16,232.879,79.394,233.269,73.829
496.000,10.000,stable,13,Outer,17,239.037,79.623,239.425,74.098
496.000,10.000,stable,13,Outer,18,245.196,79.672,245.583,74.146
496.000,10.000,stable,13,Outer,19,251.348,78.465,251.727,72.904
496.000,10.000,stable,13,Outer,20,257.501,75.036,257.836,69.413
496.000,10.000,stable,13,Outer,21,263.649,68.389,263.867,62.687
496.000,10.000,stable,13,Outer,22,269.785,59.656,269.824,53.866
496.000,10.000,stable,13,Outer,23,275.927,50.141,276.793,44.950
496.000,10.000,stable,13,Outer,24,282.071,42.143,283.607,37.522
496.000,10.000,stable,13,Outer,25,288.189,36.754,289.986,32.454
496.000,10.000,stable,13,Outer,26,294.259,34.680,296.142,30.657
496.000,10.000,stable,13,Outer,27,300.386,34.450,302.272,30.684
496.000,10.000,stable,13,Outer,28,306.524,34.444,308.443,30.765
496.000,10.000,stable,13,Outer,29,312.662,34.444,314.579,30.712
496.000,10.000,stable,13,Outer,30,318.800,34.444,320.715,30.675
496.000,10.000,stable,13,Plate,1,140.800,31.944,140.296,32.009
496.000,10.000,stable,13,Plate,2,146.938,31.944,146.370,31.134
496.000,10.000,stable,13,Plate,3,153.076,31.944,152.447,30.272
496.000,10.000,stable,13,Plate,4,159.218,26.051,158.328,24.107
496.000,10.000,stable,13,Plate,5,165.375,17.911,164.943,16.333
496.000,10.000,stable,13,Plate,6,171.567,11.900,171.458,10.672
496.000,10.000,stable,13,Plate,7,177.628,8.844,177.641,7.868
496.000,10.000,stable,13,Plate,8,183.766,8.844,183.777,8.040
496.000,10.000,stable,13,Plate,9,189.903,8.844,189.914,8.175
496.000,10.000,stable,13,Plate,10,196.041,8.844,196.053,8.264
496.000,10.000,stable,13,Plate,11,202.269,10.356,202.266,9.836
496.000,10.000,stable,13,Plate,12,208.416,11.878,208.399,11.412
496.000,10.000,stable,13,Plate,13,214.501,12.485,214.480,12.063
496.000,10.000,stable,13,Plate,14,220.611,12.146,220.590,11.755
496.000,10.000,stable,13,Plate,15,226.734,11.785,226.715,11.410
496.000,10.000,stable,13,Plate,16,232.866,11.785,232.846,11.410
496.000,10.000,stable,13,Plate,17,238.989,12.146,238.970,11.752
496.000,10.000,stable,13,Plate,18,245.099,12.485,245.081,12.049
496.000,10.000,stable,13,Plate,19,251.184,11.878,251.158,11.375
496.000,10.000,stable,13,Plate,20,257.331,10.356,257.281,9.759
496.000,10.000,stable,13,Plate,21,263.559,8.844,263.479,8.133
496.000,10.000,stable,13,Plate,22,269.697,8.844,269.614,7.968
496.000,10.000,stable,13,Plate,23,275.834,8.844,275.748,7.725
496.000,10.000,stable,13,Plate,24,281.972,8.844,281.878,7.422
496.000,10.000,stable,13,Plate,25,288.033,11.900,288.144,10.030
496.000,10.000,stable,13,Plate,26,294.225,17.911,294.920,15.374
496.000,10.000,stable,13,Plate,27,300.382,26.051,301.914,22.806
496.000,10.000,stable,13,Plate,28,306.524,31.944,308.443,28.266
496.000,10.000,stable,13,Plate,29,312.662,31.944,314.579,28.213
496.000,10.000,stable,13,Plate,30,318.800,31.944,320.715,28.175
496.000,10.000,stable,13,Inner,1,177.628,11.343,177.641,10.367
496.000,10.000,stable,13,Inner,2,183.766,11.343,183.777,10.539
496.000,10.000,stable,13,Inner,3,189.903,11.343,189.914,10.674
496.000,10.000,stable,13,Inner,4,196.055,17.336,195.959,16.741
496.000,10.000,stable,13,Inner,5,202.202,26.230,202.098,25.640
496.000,10.000,stable,13,Inner,6,208.303,35.700,208.260,35.069
496.000,10.000,stable,13,Inner,7,214.427,42.651,214.446,41.964
496.000,10.000,stable,13,Inner,8,220.568,46.190,220.616,45.452
496.000,10.000,stable,13,Inner,9,226.720,47.487,226.775,46.711
496.000,10.000,stable,13,Inner,10,232.880,47.487,232.936,46.690
496.000,10.000,stable,13,Inner,11,239.032,46.190,239.087,45.392
496.000,10.000,stable,13,Inner,12,245.173,42.651,245.240,41.874
496.000,10.000,stable,13,Inner,13,251.297,35.700,251.409,34.963
496.000,10.000,stable,13,Inner,14,257.398,26.230,257.558,25.524
496.000,10.000,stable,13,Inner,15,263.545,17.336,263.659,16.598
496.000,10.000,stable,13,Inner,16,269.697,11.343,269.614,10.467
496.000,10.000,stable,13,Inner,17,275.834,11.343,275.748,10.224
496.000,10.000,stable,13,Inner,18,281.972,11.343,281.878,9.921
496.000,10.000,stable,13,Patch1,1,196.726,12.121,196.738,11.541
496.000,10.000,stable,13,Patch1,2,201.704,12.960,201.694,12.412
496.000,10.000,stable,13,Patch1,3,207.973,14.338,207.961,13.802
496.000,10.000,stable,13,Patch1,4,214.516,14.985,214.503,14.458
496.000,10.000,stable,13,Patch1,5,220.794,14.636,220.783,14.118
496.000,10.000,stable,13,Patch1,6,226.811,14.280,226.801,13.769
496.000,10.000,stable,13,Patch1,7,232.789,14.280,232.780,13.767
496.000,10.000,stable,13,Patch1,8,238.806,14.636,238.798,14.112
496.000,10.000,stable,13,Patch1,9,245.084,14.985,245.078,14.440
496.000,10.000,stable,13,Patch1,10,251.627,14.338,251.618,13.760
496.000,10.000,stable,13,Patch1,11,257.896,12.960,257.876,12.330
496.000,10.000,stable,13,Patch1,12,262.529,12.029,262.449,11.318
496.000,10.000,stable,13,Patch2,1,269.697,6.344,269.614,5.469
496.000,10.000,stable,13,Patch2,2,275.834,6.344,275.748,5.225
496.000,10.000,stable,13,Patch2,3,281.972,6.344,281.878,4.923
496.000,10.000,stable,13,Patch3,1,177.628,6.344,177.641,5.368
496.000,10.000,stable,13,Patch3,2,183.766,6.344,183.777,5.540
496.000,10.000,stable,13,Patch3,3,189.903,6.344,189.914,5.675
496.000,10.000,stable,13,Patch4,1,190.499,56.177,191.828,49.247
496.000,10.000,stable,13,Patch4,2,196.626,64.869,197.742,58.185
496.000,10.000,stable,13,Patch4,3,203.106,72.103,203.844,65.708
496.000,10.000,stable,13,Patch4,4,208.986,76.076,209.512,69.961
496.000,10.000,stable,13,Patch4,5,214.520,77.176,214.990,71.304
496.000,10.000,stable,13,Patch4,6,220.456,77.128,220.923,71.474
496.000,10.000,stable,13,Patch4,7,226.666,76.901,227.136,71.418
496.000,10.000,stable,13,Patch4,8,232.934,76.901,233.402,71.530
496.000,10.000,stable,13,Patch4,9,239.144,77.128,239.610,71.805
496.000,10.000,stable,13,Patch4,10,245.080,77.176,245.546,71.841
496.000,10.000,stable,13,Patch4,11,250.614,76.076,251.066,70.680
496.000,10.000,stable,13,Patch4,12,256.494,72.103,256.861,66.601
496.000,10.000,stable,13,Patch4,13,262.974,64.869,263.146,59.228
496.000,10.000,stable,13,Patch4,14,269.101,56.177,269.140,50.387
496.000,10.000,stable,14,Outer,1,140.800,32.589,140.800,32.589
496.000,10.000,stable,14,Outer,2,146.731,32.589,146.731,32.589
496.000,10.000,stable,14,Outer,3,152.662,32.589,152.662,32.589
496.000,10.000,stable,14,Outer,4,158.593,32.603,158.593,32.603
496.000,10.000,stable,14,Outer,5,164.515,32.806,164.515,32.806
496.000,10.000,stable,14,Outer,6,170.395,34.726,170.395,34.726
496.000,10.000,stable,14,Outer,7,176.322,40.166,176.322,40.166
496.000,10.000,stable,14,Outer,8,182.263,48.074,182.263,48.074
496.000,10.000,stable,14,Outer,9,188.197,56.720,188.197,56.720
496.000,10.000,stable,14,Outer,10,194.122,64.445,194.122,64.445
496.000,10.000,stable,14,Outer,11,200.059,70.252,200.059,70.252
496.000,10.000,stable,14,Outer,12,205.998,72.433,205.998,72.433
496.000,10.000,stable,14,Outer,13,211.933,72.798,211.933,72.798
496.000,10.000,stable,14,Outer,14,217.879,72.590,217.879,72.590
496.000,10.000,stable,14,Outer,15,223.827,72.385,223.827,72.385
496.000,10.000,stable,14,Outer,16,229.773,72.385,229.773,72.385
496.000,10.000,stable,14,Outer,17,235.721,72.590,235.721,72.590
496.000,10.000,stable,14,Outer,18,241.667,72.798,241.667,72.798
496.000,10.000,stable,14,Outer,19,247.602,72.433,247.602,72.433
496.000,10.000,stable,14,Outer,20,253.541,70.252,253.541,70.252
496.000,10.000,stable,14,Outer,21,259.478,64.445,259.478,64.445
496.000,10.000,stable,14,Outer,22,265.403,56.720,265.403,56.720
496.000,10.000,stable,14,Outer,23,271.337,48.074,271.337,48.074
496.000,10.000,stable,14,Outer,24,277.278,40.166,277.278,40.166
496.000,10.000,stable,14,Outer,25,283.205,34.726,283.205,34.726
496.000,10.000,stable,14,Outer,26,289.085,32.806,289.085,32.806
496.000,10.000,stable,14,Outer,27,295.007,32.603,295.007,32.603
496.000,10.000,stable,14,Outer,28,300.938,32.589,300.938,32.589
496.000,10.000,stable,14,Outer,29,306.869,32.589,306.869,32.589
496.000,10.000,stable,14,Outer,30,312.800,32.589,312.800,32.589
496.000,10.000,stable,14,Plate,1,140.800,30.089,140.800,30.089
496.000,10.000,stable,14,Plate,2,146.731,30.089,146.731,30.089
496.000,10.000,stable,14,Plate,3,152.662,30.089,152.662,30.089
496.000,10.000,stable,14,Plate,4,158.630,23.466,158.630,23.466
496.000,10.000,stable,14,Plate,5,164.566,15.476,164.566,15.476
496.000,10.000,stable,14,Plate,6,170.543,10.498,170.543,10.498
496.000,10.000,stable,14,Plate,7,176.386,8.465,176.386,8.465
496.000,10.000,stable,14,Plate,8,182.317,8.465,182.317,8.465
496.000,10.000,stable,14,Plate,9,188.248,8.465,188.248,8.465
496.000,10.000,stable,14,Plate,10,194.179,8.465,194.179,8.465
496.000,10.000,stable,14,Plate,11,200.208,11.287,200.208,11.287
496.000,10.000,stable,14,Plate,12,206.129,12.876,206.129,12.876
496.000,10.000,stable,14,Plate,13,212.026,13.079,212.026,13.079
496.000,10.000,stable,14,Plate,14,217.932,12.765,217.932,12.765
496.000,10.000,stable,14,Plate,15,223.842,12.517,223.842,12.517
496.000,10.000,stable,14,Plate,16,229.758,12.517,229.758,12.517
496.000,10.000,stable,14,Plate,17,235.668,12.765,235.668,12.765
496.000,10.000,stable,14,Plate,18,241.574,13.079,241.574,13.079
496.000,10.000,stable,14,Plate,19,247.471,12.876,247.471,12.876
496.000,10.000,stable,14,Plate,20,253.392,11.287,253.392,11.287
496.000,10.000,stable,14,Plate,21,259.421,8.465,259.421,8.465
496.000,10.000,stable,14,Plate,22,265.352,8.465,265.352,8.465
496.000,10.000,stable,14,Plate,23,271.283,8.465,271.283,8.465
496.000,10.000,stable,14,Plate,24,277.214,8.465,277.214,8.465
496.000,10.000,stable,14,Plate,25,283.057,10.498,283.057,10.498
496.000,10.000,stable,14,Plate,26,289.034,15.476,289.034,15.476
496.000,10.000,stable,14,Plate,27,294.970,23.466,294.970,23.466
496.000,10.000,stable,14,Plate,28,300.938,30.089,300.938,30.089
496.000,10.000,stable,14,Plate,29,306.869,30.089,306.869,30.089
496.000,10.000,stable,14,Plate,30,312.800,30.089,312.800,30.089
496.000,10.000,stable,14,Inner,1,176.386,10.965,176.386,10.965
496.000,10.000,stable,14,Inner,2,182.317,10.965,182.317,10.965
496.000,10.000,stable,14,Inner,3,188.248,10.965,188.248,10.965
496.000,10.000,stable,14,Inner,4,194.181,18.395,194.181,18.395
496.000,10.000,stable,14,Inner,5,200.124,27.685,200.124,27.685
496.000,10.000,stable,14,Inner,6,206.023,36.503,206.023,36.503
496.000,10.000,stable,14,Inner,7,211.949,42.160,211.949,42.160
496.000,10.000,stable,14,Inner,8,217.889,44.371,217.889,44.371
496.000,10.000,stable,14,Inner,9,223.829,44.863,223.829,44.863
496.000,10.000,stable,14,Inner,10,229.771,44.863,229.771,44.863
496.000,10.000,stable,14,Inner,11,235.711,44.371,235.711,44.371
496.000,10.000,stable,14,Inner,12,241.651,42.160,241.651,42.160
496.000,10.000,stable,14,Inner,13,247.577,36.503,247.577,36.503
496.000,10.000,stable,14,Inner,14,253.476,27.685,253.476,27.685
496.000,10.000,stable,14,Inner,15,259.419,18.395,259.419,18.395
496.000,10.000,stable,14,Inner,16,265.352,10.965,265.352,10.965
496.000,10.000,stable,14,Inner,17,271.283,10.965,271.283,10.965
496.000,10.000,stable,14,Inner,18,277.214,10.965,277.214,10.965
496.000,10.000,stable,14,Patch1,1,194.527,11.749,194.527,11.749
496.000,10.000,stable,14,Patch1,2,199.503,13.847,199.503,13.847
496.000,10.000,stable,14,Patch1,3,205.768,15.349,205.768,15.349
496.000,10.000,stable,14,Patch1,4,212.061,15.578,212.061,15.578
496.000,10.000,stable,14,Patch1,5,218.064,15.255,218.064,15.255
496.000,10.000,stable,14,Patch1,6,223.902,15.011,223.902,15.011
496.000,10.000,stable,14,Patch1,7,229.698,15.011,229.698,15.011
496.000,10.000,stable,14,Patch1,8,235.536,15.255,235.536,15.255
496.000,10.000,stable,14,Patch1,9,241.539,15.578,241.539,15.578
496.000,10.000,stable,14,Patch1,10,247.832,15.349,247.832,15.349
496.000,10.000,stable,14,Patch1,11,254.097,13.847,254.097,13.847
496.000,10.000,stable,14,Patch1,12,258.589,11.661,258.589,11.661
496.000,10.000,stable,14,Patch2,1,265.352,5.966,265.352,5.966
496.000,10.000,stable,14,Patch2,2,271.283,5.966,271.283,5.966
496.000,10.000,stable,14,Patch2,3,277.214,5.966,277.214,5.966
496.000,10.000,stable,14,Patch3,1,176.386,5.966,176.386,5.966
496.000,10.000,stable,14,Patch3,2,182.317,5.966,182.317,5.966
496.000,10.000,stable,14,Patch3,3,188.248,5.966,188.248,5.966
496.000,10.000,stable,14,Patch4,1,188.832,53.294,188.832,53.294
496.000,10.000,stable,14,Patch4,2,194.723,60.974,194.723,60.974
496.000,10.000,stable,14,Patch4,3,200.879,67.299,200.879,67.299
496.000,10.000,stable,14,Patch4,4,206.495,69.984,206.495,69.984
496.000,10.000,stable,14,Patch4,5,211.963,70.299,211.963,70.299
496.000,10.000,stable,14,Patch4,6,217.781,70.094,217.781,70.094
496.000,10.000,stable,14,Patch4,7,223.780,69.891,223.780,69.891
496.000,10.000,stable,14,Patch4,8,229.820,69.891,229.820,69.891
496.000,10.000,stable,14,Patch4,9,235.819,70.094,235.819,70.094
496.000,10.000,stable,14,Patch4,10,241.637,70.299,241.637,70.299
496.000,10.000,stable,14,Patch4,11,247.105,69.984,247.105,69.984
496.000,10.000,stable,14,Patch4,12,252.721,67.299,252.721,67.299
496.000,10.000,stable,14,Patch4,13,258.877,60.974,258.877,60.974
496.000,10.000,stable,14,Patch4,14,264.768,53.294,264.768,53.294
555.100,15.000,stable,0,Outer,1,8.827,75.960,8.827,75.960
555.100,15.000,stable,0,Outer,2,31.167,75.960,31.167,75.960
555.100,15.000,stable,0,Outer,3,53.506,75.960,53.506,75.960
555.100,15.000,stable,0,Outer,4,75.846,76.069,75.846,76.069
555.100,15.000,stable,0,Outer,5,98.189,76.789,98.189,76.789
555.100,15.000,stable,0,Outer,6,120.570,82.461,120.570,82.461
555.100,15.000,stable,0,Outer,7,143.062,93.233,143.062,93.233
555.100,15.000,stable,0,Outer,8,165.671,108.691,165.671,108.691
555.100,15.000,stable,0,Outer,9,188.095,128.159,188.095,128.159
555.100,15.000,stable,0,Outer,10,209.549,149.354,209.549,149.354
555.100,15.000,stable,0,Outer,11,230.868,167.123,230.868,167.123
555.100,15.000,stable,0,Outer,12,252.888,181.257,252.888,181.257
555.100,15.000,stable,0,Outer,13,275.747,192.143,275.747,192.143
555.100,15.000,stable,0,Outer,14,298.383,199.342,298.383,199.342
555.100,15.000,stable,0,Outer,15,321.341,202.746,321.341,202.746
555.100,15.000,stable,0,Outer,16,344.159,202.746,344.159,202.746
555.100,15.000,stable,0,Outer,17,367.117,199.342,367.117,199.342
555.100,15.000,stable,0,Outer,18,389.753,192.143,389.753,192.143
555.100,15.000,stable,0,Outer,19,412.612,181.257,412.612,181.257
555.100,15.000,stable,0,Outer,20,434.632,167.123,434.632,167.123
555.100,15.000,stable,0,Outer,21,455.951,149.354,455.951,149.354
555.100,15.000,stable,0,Outer,22,477.405,128.159,477.405,128.159
555.100,15.000,stable,0,Outer,23,499.829,108.691,499.829,108.691
555.100,15.000,stable,0,Outer,24,522.438,93.233,522.438,93.233
555.100,15.000,stable,0,Outer,25,544.930,82.461,544.930,82.461
555.100,15.000,stable,0,Outer,26,567.311,76.789,567.311,76.789
555.100,15.000,stable,0,Outer,27,589.654,76.069,589.654,76.069
555.100,15.000,stable,0,Outer,28,611.994,75.960,611.994,75.960
555.100,15.000,stable,0,Outer,29,634.333,75.960,634.333,75.960
555.100,15.000,stable,0,Outer,30,656.673,75.960,656.673,75.960
555.100,15.000,stable,0,Plate,1,8.827,73.460,8.827,73.460
555.100,15.000,stable,0,Plate,2,31.167,73.460,31.167,73.460
555.100,15.000,stable,0,Plate,3,53.506,73.460,53.506,73.460
555.100,15.000,stable,0,Plate,4,75.958,59.377,75.958,59.377
555.100,15.000,stable,0,Plate,5,98.510,40.686,98.510,40.686
555.100,15.000,stable,0,Plate,6,120.699,22.912,120.699,22.912
555.100,15.000,stable,0,Plate,7,142.864,10.059,142.864,10.059
555.100,15.000,stable,0,Plate,8,165.204,10.059,165.204,10.059
555.100,15.000,stable,0,Plate,9,187.543,10.059,187.543,10.059
555.100,15.000,stable,0,Plate,10,209.883,10.059,209.883,10.059
555.100,15.000,stable,0,Plate,11,233.026,13.112,233.026,13.112
555.100,15.000,stable,0,Plate,12,255.082,15.438,255.082,15.438
555.100,15.000,stable,0,Plate,13,276.273,17.780,276.273,17.780
555.100,15.000,stable,0,Plate,14,298.961,20.431,298.961,20.431
555.100,15.000,stable,0,Plate,15,321.570,20.203,321.570,20.203
555.100,15.000,stable,0,Plate,16,343.930,20.203,343.930,20.203
555.100,15.000,stable,0,Plate,17,366.539,20.431,366.539,20.431
555.100,15.000,stable,0,Plate,18,389.227,17.780,389.227,17.780
555.100,15.000,stable,0,Plate,19,410.418,15.438,410.418,15.438
555.100,15.000,stable,0,Plate,20,432.474,13.112,432.474,13.112
555.100,15.000,stable,0,Plate,21,455.617,10.059,455.617,10.059
555.100,15.000,stable,0,Plate,22,477.957,10.059,477.957,10.059
555.100,15.000,stable,0,Plate,23,500.296,10.059,500.296,10.059
555.100,15.000,stable,0,Plate,24,522.636,10.059,522.636,10.059
555.100,15.000,stable,0,Plate,25,544.801,22.912,544.801,22.912
555.100,15.000,stable,0,Plate,26,566.990,40.686,566.990,40.686
555.100,15.000,stable,0,Plate,27,589.542,59.377,589.542,59.377
555.100,15.000,stable,0,Plate,28,611.994,73.460,611.994,73.460
555.100,15.000,stable,0,Plate,29,634.333,73.460,634.333,73.460
555.100,15.000,stable,0,Plate,30,656.673,73.460,656.673,73.460
555.100,15.000,stable,0,Inner,1,142.864,12.558,142.864,12.558
555.100,15.000,stable,0,Inner,2,165.204,12.558,165.204,12.558
555.100,15.000,stable,0,Inner,3,187.543,12.558,187.543,12.558
555.100,15.000,stable,0,Inner,4,209.883,24.896,209.883,24.896
555.100,15.000,stable,0,Inner,5,231.896,42.103,231.896,42.103
555.100,15.000,stable,0,Inner,6,253.865,62.568,253.865,62.568
555.100,15.000,stable,0,Inner,7,276.210,80.283,276.210,80.283
555.100,15.000,stable,0,Inner,8,298.758,93.138,298.758,93.138
555.100,15.000,stable,0,Inner,9,321.425,100.183,321.425,100.183
555.100,15.000,stable,0,Inner,10,344.075,100.183,344.075,100.183
555.100,15.000,stable,0,Inner,11,366.742,93.138,366.742,93.138
555.100,15.000,stable,0,Inner,12,389.290,80.283,389.290,80.283
555.100,15.000,stable,0,Inner,13,411.635,62.568,411.635,62.568
555.100,15.000,stable,0,Inner,14,433.604,42.103,433.604,42.103
555.100,15.000,stable,0,Inner,15,455.617,24.896,455.617,24.896
555.100,15.000,stable,0,Inner,16,477.957,12.558,477.957,12.558
555.100,15.000,stable,0,Inner,17,500.296,12.558,500.296,12.558
555.100,15.000,stable,0,Inner,18,522.636,12.558,522.636,12.558
555.100,15.000,stable,0,Patch4,1,188.413,125.084,188.413,125.084
555.100,15.000,stable,0,Patch4,2,210.092,146.277,210.092,146.277
555.100,15.000,stable,0,Patch4,3,231.889,164.475,231.889,164.475
555.100,15.000,stable,0,Patch4,4,254.042,179.042,254.042,179.042
555.100,15.000,stable,0,Patch4,5,276.598,189.795,276.598,189.795
555.100,15.000,stable,0,Patch4,6,298.888,196.896,298.888,196.896
555.100,15.000,stable,0,Patch4,7,321.509,200.254,321.509,200.254
555.100,15.000,stable,0,Patch4,8,343.991,200.254,343.991,200.254
555.100,15.000,stable,0,Patch4,9,366.612,196.896,366.612,196.896
555.100,15.000,stable,0,Patch4,10,388.902,189.795,388.902,189.795
555.100,15.000,stable,0,Patch4,11,411.458,179.042,411.458,179.042
555.100,15.000,stable,0,Patch4,12,433.611,164.475,433.611,164.475
555.100,15.000,stable,0,Patch4,13,455.408,146.277,455.408,146.277
555.100,15.000,stable,0,Patch4,14,477.087,125.084,477.087,125.084
555.100,15.000,stable,1,Outer,1,77.549,64.777,77.450,64.657
555.100,15.000,stable,1,Outer,2,93.532,64.777,93.430,64.429
555.100,15.000,stable,1,Outer,3,109.515,64.777,109.410,64.282
555.100,15.000,stable,1,Outer,4,125.498,64.521,125.351,64.236
555.100,15.000,stable,1,Outer,5,141.416,65.072,141.242,65.209
555.100,15.000,stable,1,Outer,6,156.991,69.414,156.645,70.116
555.100,15.000,stable,1,Outer,7,172.784,77.605,172.100,78.933
555.100,15.000,stable,1,Outer,8,188.752,89.060,187.701,90.912
555.100,15.000,stable,1,Outer,9,204.704,103.297,203.524,105.366
555.100,15.000,stable,1,Outer,10,220.401,118.098,219.493,120.199
555.100,15.000,stable,1,Outer,11,236.287,130.947,235.406,133.414
555.100,15.000,stable,1,Outer,12,252.472,141.811,251.853,144.522
555.100,15.000,stable,1,Outer,13,268.764,149.902,268.458,152.833
555.100,15.000,stable,1,Outer,14,284.933,154.466,284.843,157.826
555.100,15.000,stable,1,Outer,15,301.187,156.304,301.338,159.939
555.100,15.000,stable,1,Outer,16,317.418,156.304,317.809,159.758
555.100,15.000,stable,1,Outer,17,333.673,154.466,334.247,157.394
555.100,15.000,stable,1,Outer,18,349.841,149.902,350.493,152.274
555.100,15.000,stable,1,Outer,19,366.134,141.811,366.787,143.795
555.100,15.000,stable,1,Outer,20,382.318,130.947,382.911,132.606
555.100,15.000,stable,1,Outer,21,398.204,118.098,398.800,119.579
555.100,15.000,stable,1,Outer,22,413.901,103.297,414.575,104.726
555.100,15.000,stable,1,Outer,23,429.853,89.060,430.206,90.120
555.100,15.000,stable,1,Outer,24,445.821,77.605,446.059,78.489
555.100,15.000,stable,1,Outer,25,461.614,69.414,461.732,70.058
555.100,15.000,stable,1,Outer,26,477.189,65.072,477.197,65.322
555.100,15.000,stable,1,Outer,27,493.108,64.521,493.098,64.327
555.100,15.000,stable,1,Outer,28,509.091,64.777,509.056,64.396
555.100,15.000,stable,1,Outer,29,525.074,64.777,525.043,64.464
555.100,15.000,stable,1,Outer,30,541.057,64.777,541.028,64.543
555.100,15.000,stable,1,Plate,1,77.549,62.277,77.450,62.158
555.100,15.000,stable,1,Plate,2,93.532,62.277,93.430,61.929
555.100,15.000,stable,1,Plate,3,109.515,62.277,109.410,61.782
555.100,15.000,stable,1,Plate,4,125.331,52.702,125.206,52.169
555.100,15.000,stable,1,Plate,5,141.317,39.783,141.241,39.317
555.100,15.000,stable,1,Plate,6,157.419,27.076,157.395,26.713
555.100,15.000,stable,1,Plate,7,173.447,17.874,173.469,17.683
555.100,15.000,stable,1,Plate,8,189.430,17.874,189.432,18.019
555.100,15.000,stable,1,Plate,9,205.413,17.874,205.396,18.025
555.100,15.000,stable,1,Plate,10,221.396,17.874,221.353,18.512
555.100,15.000,stable,1,Plate,11,237.779,18.127,237.719,19.169
555.100,15.000,stable,1,Plate,12,253.530,19.551,253.456,20.750
555.100,15.000,stable,1,Plate,13,269.024,22.385,268.975,23.490
555.100,15.000,stable,1,Plate,14,285.180,24.741,285.167,25.696
555.100,15.000,stable,1,Plate,15,301.286,25.136,301.289,26.067
555.100,15.000,stable,1,Plate,16,317.320,25.136,317.340,26.021
555.100,15.000,stable,1,Plate,17,333.425,24.741,333.458,25.553
555.100,15.000,stable,1,Plate,18,349.582,22.385,349.624,23.213
555.100,15.000,stable,1,Plate,19,365.076,19.551,365.111,20.342
555.100,15.000,stable,1,Plate,20,380.826,18.127,380.837,18.701
555.100,15.000,stable,1,Plate,21,397.210,17.874,397.201,18.058
555.100,15.000,stable,1,Plate,22,413.193,17.874,413.156,17.475
555.100,15.000,stable,1,Plate,23,429.176,17.874,429.127,17.557
555.100,15.000,stable,1,Plate,24,445.159,17.874,445.101,17.523
555.100,15.000,stable,1,Plate,25,461.187,27.076,461.093,26.767
555.100,15.000,stable,1,Plate,26,477.289,39.783,477.149,39.530
555.100,15.000,stable,1,Plate,27,493.274,52.702,493.190,52.390
555.100,15.000,stable,1,Plate,28,509.091,62.277,509.056,61.896
555.100,15.000,stable,1,Plate,29,525.074,62.277,525.043,61.964
555.100,15.000,stable,1,Plate,30,541.057,62.277,541.028,62.043
555.100,15.000,stable,1,Inner,1,173.447,20.373,173.469,20.183
555.100,15.000,stable,1,Inner,2,189.430,20.373,189.432,20.519
555.100,15.000,stable,1,Inner,3,205.413,20.373,205.396,20.524
555.100,15.000,stable,1,Inner,4,221.282,28.542,221.500,28.247
555.100,15.000,stable,1,Inner,5,236.962,41.133,237.556,40.294
555.100,15.000,stable,1,Inner,6,252.622,56.667,253.163,55.851
555.100,15.000,stable,1,Inner,7,268.691,71.123,268.920,70.638
555.100,15.000,stable,1,Inner,8,284.944,82.136,284.997,81.915
555.100,15.000,stable,1,Inner,9,301.191,88.076,301.253,87.861
555.100,15.000,stable,1,Inner,10,317.415,88.076,317.489,87.698
555.100,15.000,stable,1,Inner,11,333.661,82.136,333.685,81.596
555.100,15.000,stable,1,Inner,12,349.915,71.123,349.841,70.445
555.100,15.000,stable,1,Inner,13,365.984,56.667,365.802,55.892
555.100,15.000,stable,1,Inner,14,381.644,41.133,381.418,40.352
555.100,15.000,stable,1,Inner,15,397.324,28.542,397.204,27.954
555.100,15.000,stable,1,Inner,16,413.193,20.373,413.156,19.974
555.100,15.000,stable,1,Inner,17,429.176,20.373,429.127,20.056
555.100,15.000,stable,1,Inner,18,445.159,20.373,445.101,20.022
555.100,15.000,stable,1,Patch4,1,205.152,100.067,203.972,102.136
555.100,15.000,stable,1,Patch4,2,220.928,114.850,219.848,116.629
555.100,15.000,stable,1,Patch4,3,237.461,128.255,236.848,129.443
555.100,15.000,stable,1,Patch4,4,253.915,139.776,253.665,140.487
555.100,15.000,stable,1,Patch4,5,269.900,147.683,269.836,148.118
555.100,15.000,stable,1,Patch4,6,285.568,152.057,285.588,152.356
555.100,15.000,stable,1,Patch4,7,301.355,153.819,301.420,154.053
555.100,15.000,stable,1,Patch4,8,317.250,153.819,317.348,154.045
555.100,15.000,stable,1,Patch4,9,333.037,152.057,333.168,152.352
555.100,15.000,stable,1,Patch4,10,348.706,147.683,348.903,148.167
555.100,15.000,stable,1,Patch4,11,364.690,139.776,365.014,140.527
555.100,15.000,stable,1,Patch4,12,381.145,128.255,381.636,129.279
555.100,15.000,stable,1,Patch4,13,397.677,114.850,398.308,116.101
555.100,15.000,stable,1,Patch4,14,413.454,100.067,414.127,101.496
555.100,15.000,stable,2,Outer,1,120.272,56.940,120.431,57.331
555.100,15.000,stable,2,Outer,2,131.971,56.940,132.092,56.384
555.100,15.000,stable,2,Outer,3,143.670,56.940,143.761,55.535
555.100,15.000,stable,2,Outer,4,155.370,57.063,155.595,54.903
555.100,15.000,stable,2,Outer,5,166.967,57.657,167.193,54.528
555.100,15.000,stable,2,Outer,6,178.019,62.341,178.599,58.247
555.100,15.000,stable,2,Outer,7,189.378,71.204,190.409,66.487
555.100,15.000,stable,2,Outer,8,200.927,83.479,202.642,78.056
555.100,15.000,stable,2,Outer,9,212.567,98.652,215.999,91.694
555.100,15.000,stable,2,Outer,10,224.332,113.744,228.802,105.867
555.100,15.000,stable,2,Outer,11,236.418,127.081,240.142,119.784
555.100,15.000,stable,2,Outer,12,248.559,138.464,251.201,132.174
555.100,15.000,stable,2,Outer,13,260.436,146.453,262.390,141.075
555.100,15.000,stable,2,Outer,14,272.249,150.109,273.936,145.487
555.100,15.000,stable,2,Outer,15,284.012,151.282,285.606,147.354
555.100,15.000,stable,2,Outer,16,295.810,151.282,297.381,148.026
555.100,15.000,stable,2,Outer,17,307.573,150.109,309.184,147.490
555.100,15.000,stable,2,Outer,18,319.386,146.453,321.152,144.413
555.100,15.000,stable,2,Outer,19,331.263,138.464,333.296,136.861
555.100,15.000,stable,2,Outer,20,343.404,127.081,345.427,125.480
555.100,15.000,stable,2,Outer,21,355.490,113.744,357.389,112.050
555.100,15.000,stable,2,Outer,22,367.255,98.652,368.931,96.800
555.100,15.000,stable,2,Outer,23,378.895,83.479,379.260,80.711
555.100,15.000,stable,2,Outer,24,390.444,71.204,390.870,68.511
555.100,15.000,stable,2,Outer,25,401.804,62.341,402.297,59.759
555.100,15.000,stable,2,Outer,26,412.855,57.657,413.346,55.101
555.100,15.000,stable,2,Outer,27,424.453,57.063,424.931,54.444
555.100,15.000,stable,2,Outer,28,436.152,56.940,436.575,54.132
555.100,15.000,stable,2,Outer,29,447.851,56.940,448.270,53.965
555.100,15.000,stable,2,Outer,30,459.550,56.940,459.967,53.802
555.100,15.000,stable,2,Plate,1,120.272,54.440,120.431,54.831
555.100,15.000,stable,2,Plate,2,131.971,54.440,132.092,53.884
555.100,15.000,stable,2,Plate,3,143.670,54.440,143.761,53.035
555.100,15.000,stable,2,Plate,4,155.098,45.050,154.937,43.337
555.100,15.000,stable,2,Plate,5,166.705,32.181,166.719,30.628
555.100,15.000,stable,2,Plate,6,178.617,19.295,178.806,17.903
555.100,15.000,stable,2,Plate,7,190.467,10.016,190.663,8.631
555.100,15.000,stable,2,Plate,8,202.167,10.016,202.364,8.606
555.100,15.000,stable,2,Plate,9,213.866,10.016,214.064,8.583
555.100,15.000,stable,2,Plate,10,225.565,10.016,225.761,8.505
555.100,15.000,stable,2,Plate,11,237.394,9.053,237.587,7.525
555.100,15.000,stable,2,Plate,12,248.935,10.451,249.114,9.013
555.100,15.000,stable,2,Plate,13,260.537,14.254,260.651,12.992
555.100,15.000,stable,2,Plate,14,272.295,17.016,272.362,15.908
555.100,15.000,stable,2,Plate,15,284.031,17.797,284.086,16.716
555.100,15.000,stable,2,Plate,16,295.791,17.797,295.834,16.618
555.100,15.000,stable,2,Plate,17,307.527,17.016,307.545,15.628
555.100,15.000,stable,2,Plate,18,319.286,14.254,319.221,12.563
555.100,15.000,stable,2,Plate,19,330.887,10.451,330.718,8.468
555.100,15.000,stable,2,Plate,20,342.428,9.053,342.230,6.866
555.100,15.000,stable,2,Plate,21,354.257,10.016,354.065,7.728
555.100,15.000,stable,2,Plate,22,365.956,10.016,365.764,7.722
555.100,15.000,stable,2,Plate,23,377.656,10.016,377.464,7.736
555.100,15.000,stable,2,Plate,24,389.355,10.016,389.165,7.798
555.100,15.000,stable,2,Plate,25,401.205,19.295,401.002,17.103
555.100,15.000,stable,2,Plate,26,413.117,32.181,413.036,29.883
555.100,15.000,stable,2,Plate,27,424.724,45.050,424.975,42.451
555.100,15.000,stable,2,Plate,28,436.152,54.440,436.575,51.633
555.100,15.000,stable,2,Plate,29,447.851,54.440,448.270,51.465
555.100,15.000,stable,2,Plate,30,459.550,54.440,459.967,51.302
555.100,15.000,stable,2,Inner,1,190.467,12.515,190.663,11.130
555.100,15.000,stable,2,Inner,2,202.167,12.515,202.364,11.106
555.100,15.000,stable,2,Inner,3,213.866,12.515,214.064,11.082
555.100,15.000,stable,2,Inner,4,225.377,21.289,225.727,19.710
555.100,15.000,stable,2,Inner,5,236.825,34.625,237.334,32.921
555.100,15.000,stable,2,Inner,6,248.279,51.343,248.817,49.632
555.100,15.000,stable,2,Inner,7,260.096,67.318,260.520,65.697
555.100,15.000,stable,2,Inner,8,272.065,79.682,272.411,78.137
555.100,15.000,stable,2,Inner,9,283.968,86.218,284.331,84.640
555.100,15.000,stable,2,Inner,10,295.854,86.218,296.213,84.484
555.100,15.000,stable,2,Inner,11,307.757,79.682,308.006,77.755
555.100,15.000,stable,2,Inner,12,319.727,67.318,319.795,65.216
555.100,15.000,stable,2,Inner,13,331.543,51.343,331.420,49.096
555.100,15.000,stable,2,Inner,14,342.998,34.625,342.751,32.287
555.100,15.000,stable,2,Inner,15,354.445,21.289,354.206,18.953
555.100,15.000,stable,2,Inner,16,365.956,12.515,365.764,10.222
555.100,15.000,stable,2,Inner,17,377.656,12.515,377.464,10.235
555.100,15.000,stable,2,Inner,18,389.355,12.515,389.165,10.297
555.100,15.000,stable,3,Outer,1,125.925,55.852,127.618,57.954
555.100,15.000,stable,3,Outer,2,136.184,55.852,137.726,56.227
555.100,15.000,stable,3,Outer,3,146.442,55.852,147.838,54.523
555.100,15.000,stable,3,Outer,4,156.701,55.862,158.372,52.670
555.100,15.000,stable,3,Outer,5,166.853,56.453,168.397,51.021
555.100,15.000,stable,3,Outer,6,176.458,61.129,178.893,52.968
555.100,15.000,stable,3,Outer,7,186.507,69.999,191.269,58.097
555.100,15.000,stable,3,Outer,8,196.724,82.245,205.420,65.437
555.100,15.000,stable,3,Outer,9,207.061,97.332,220.821,75.258
555.100,15.000,stable,3,Outer,10,217.422,112.082,231.632,89.564
555.100,15.000,stable,3,Outer,11,227.987,125.023,238.121,104.837
555.100,15.000,stable,3,Outer,12,238.529,134.949,244.938,117.519
555.100,15.000,stable,3,Outer,13,248.907,140.950,253.215,126.130
555.100,15.000,stable,3,Outer,14,259.221,142.689,262.902,130.043
555.100,15.000,stable,3,Outer,15,269.520,143.100,272.982,132.166
555.100,15.000,stable,3,Outer,16,279.830,143.100,283.200,133.514
555.100,15.000,stable,3,Outer,17,290.129,142.689,293.482,134.166
555.100,15.000,stable,3,Outer,18,300.443,140.950,303.899,133.267
555.100,15.000,stable,3,Outer,19,310.821,134.949,314.635,127.972
555.100,15.000,stable,3,Outer,20,321.363,125.023,325.680,118.662
555.100,15.000,stable,3,Outer,21,331.928,112.082,336.182,105.716
555.100,15.000,stable,3,Outer,22,342.289,97.332,346.162,90.743
555.100,15.000,stable,3,Outer,23,352.626,82.245,352.003,73.416
555.100,15.000,stable,3,Outer,24,362.843,69.999,362.983,61.867
555.100,15.000,stable,3,Outer,25,372.892,61.129,373.842,54.023
555.100,15.000,stable,3,Outer,26,382.497,56.453,383.841,50.286
555.100,15.000,stable,3,Outer,27,392.649,55.862,394.003,50.431
555.100,15.000,stable,3,Outer,28,402.908,55.852,404.338,50.795
555.100,15.000,stable,3,Outer,29,413.166,55.852,414.591,51.071
555.100,15.000,stable,3,Outer,30,423.425,55.852,424.844,51.354
555.100,15.000,stable,3,Plate,1,125.925,53.352,127.618,55.454
555.100,15.000,stable,3,Plate,2,136.184,53.352,137.726,53.727
555.100,15.000,stable,3,Plate,3,146.442,53.352,147.838,52.023
555.100,15.000,stable,3,Plate,4,156.649,44.647,156.890,42.113
555.100,15.000,stable,3,Plate,5,166.923,32.519,166.759,29.643
555.100,15.000,stable,3,Plate,6,177.166,20.365,177.196,17.651
555.100,15.000,stable,3,Plate,7,187.477,11.755,187.659,9.225
555.100,15.000,stable,3,Plate,8,197.735,11.755,197.918,9.260
555.100,15.000,stable,3,Plate,9,207.994,11.755,208.176,9.230
555.100,15.000,stable,3,Plate,10,218.253,11.755,218.434,9.230
555.100,15.000,stable,3,Plate,11,228.511,11.853,228.690,9.370
555.100,15.000,stable,3,Plate,12,238.806,13.611,238.973,11.189
555.100,15.000,stable,3,Plate,13,248.976,17.194,249.120,14.829
555.100,15.000,stable,3,Plate,14,259.220,19.630,259.360,17.287
555.100,15.000,stable,3,Plate,15,269.523,20.243,269.665,17.870
555.100,15.000,stable,3,Plate,16,279.827,20.243,279.969,17.778
555.100,15.000,stable,3,Plate,17,290.130,19.630,290.262,17.007
555.100,15.000,stable,3,Plate,18,300.374,17.194,300.453,14.357
555.100,15.000,stable,3,Plate,19,310.544,13.611,310.537,10.546
555.100,15.000,stable,3,Plate,20,320.839,11.853,320.796,8.602
555.100,15.000,stable,3,Plate,21,331.097,11.755,331.051,8.391
555.100,15.000,stable,3,Plate,22,341.356,11.755,341.307,8.314
555.100,15.000,stable,3,Plate,23,351.615,11.755,351.565,8.220
555.100,15.000,stable,3,Plate,24,361.873,11.755,361.822,8.070
555.100,15.000,stable,3,Plate,25,372.184,20.365,372.355,16.409
555.100,15.000,stable,3,Plate,26,382.427,32.519,383.110,28.119
555.100,15.000,stable,3,Plate,27,392.701,44.647,394.062,39.653
555.100,15.000,stable,3,Plate,28,402.908,53.352,404.338,48.295
555.100,15.000,stable,3,Plate,29,413.166,53.352,414.591,48.571
555.100,15.000,stable,3,Plate,30,423.425,53.352,424.844,48.854
555.100,15.000,stable,3,Inner,1,187.477,14.255,187.659,11.724
555.100,15.000,stable,3,Inner,2,197.735,14.255,197.918,11.759
555.100,15.000,stable,3,Inner,3,207.994,14.255,208.176,11.730
555.100,15.000,stable,3,Inner,4,217.998,23.409,218.269,20.801
555.100,15.000,stable,3,Inner,5,228.126,36.874,228.538,34.152
555.100,15.000,stable,3,Inner,6,238.304,53.082,238.842,50.273
555.100,15.000,stable,3,Inner,7,248.641,67.467,249.225,64.620
555.100,15.000,stable,3,Inner,8,259.066,78.176,259.663,75.311
555.100,15.000,stable,3,Inner,9,269.457,83.611,270.066,80.721
555.100,15.000,stable,3,Inner,10,279.893,83.611,280.502,80.677
555.100,15.000,stable,3,Inner,11,290.284,78.176,290.857,75.179
555.100,15.000,stable,3,Inner,12,300.709,67.467,301.186,64.382
555.100,15.000,stable,3,Inner,13,311.046,53.082,311.363,49.889
555.100,15.000,stable,3,Inner,14,321.224,36.874,321.367,33.577
555.100,15.000,stable,3,Inner,15,331.352,23.409,331.402,20.047
555.100,15.000,stable,3,Inner,16,341.356,14.255,341.307,10.813
555.100,15.000,stable,3,Inner,17,351.615,14.255,351.565,10.719
555.100,15.000,stable,3,Inner,18,361.873,14.255,361.822,10.569
555.100,15.000,stable,4,Outer,1,134.356,53.446,138.577,57.719
555.100,15.000,stable,4,Outer,2,143.244,53.446,146.920,54.674
555.100,15.000,stable,4,Outer,3,152.133,53.446,155.261,51.629
555.100,15.000,stable,4,Outer,4,161.022,53.479,164.445,48.251
555.100,15.000,stable,4,Outer,5,169.826,53.978,172.584,44.912
555.100,15.000,stable,4,Outer,6,178.200,58.020,181.839,44.227
555.100,15.000,stable,4,Outer,7,186.962,66.355,193.756,46.216
555.100,15.000,stable,4,Outer,8,195.825,78.598,208.133,50.862
555.100,15.000,stable,4,Outer,9,204.813,94.078,222.365,61.699
555.100,15.000,stable,4,Outer,10,213.770,108.981,229.211,77.608
555.100,15.000,stable,4,Outer,11,222.787,121.605,233.314,92.493
555.100,15.000,stable,4,Outer,12,231.829,130.801,238.678,104.150
555.100,15.000,stable,4,Outer,13,240.870,136.104,245.806,111.773
555.100,15.000,stable,4,Outer,14,249.861,137.318,254.290,114.942
555.100,15.000,stable,4,Outer,15,258.790,137.461,263.047,116.663
555.100,15.000,stable,4,Outer,16,267.699,137.461,271.851,117.995
555.100,15.000,stable,4,Outer,17,276.628,137.318,280.714,119.053
555.100,15.000,stable,4,Outer,18,285.619,136.104,289.784,119.010
555.100,15.000,stable,4,Outer,19,294.659,130.801,299.430,114.936
555.100,15.000,stable,4,Outer,20,303.702,121.605,309.502,106.926
555.100,15.000,stable,4,Outer,21,312.719,108.981,319.185,94.856
555.100,15.000,stable,4,Outer,22,321.676,94.078,328.365,80.142
555.100,15.000,stable,4,Outer,23,330.664,78.598,329.729,62.306
555.100,15.000,stable,4,Outer,24,339.527,66.355,340.008,51.254
555.100,15.000,stable,4,Outer,25,348.289,58.020,350.200,44.768
555.100,15.000,stable,4,Outer,26,356.663,53.978,359.243,42.649
555.100,15.000,stable,4,Outer,27,365.467,53.479,367.945,44.013
555.100,15.000,stable,4,Outer,28,374.356,53.446,377.109,45.416
555.100,15.000,stable,4,Outer,29,383.244,53.446,385.926,46.532
555.100,15.000,stable,4,Outer,30,392.133,53.446,394.745,47.631
555.100,15.000,stable,4,Plate,1,134.356,50.946,138.577,55.219
555.100,15.000,stable,4,Plate,2,143.244,50.946,146.920,52.175
555.100,15.000,stable,4,Plate,3,152.133,50.946,155.261,49.129
555.100,15.000,stable,4,Plate,4,160.935,41.987,161.659,38.308
555.100,15.000,stable,4,Plate,5,169.835,30.037,169.772,25.804
555.100,15.000,stable,4,Plate,6,178.708,18.820,178.769,14.685
555.100,15.000,stable,4,Plate,7,187.689,11.067,187.884,7.088
555.100,15.000,stable,4,Plate,8,196.578,11.067,196.773,7.156
555.100,15.000,stable,4,Plate,9,205.467,11.067,205.663,7.180
555.100,15.000,stable,4,Plate,10,214.356,11.067,214.553,7.204
555.100,15.000,stable,4,Plate,11,223.227,11.407,223.424,7.576
555.100,15.000,stable,4,Plate,12,232.118,13.127,232.313,9.311
555.100,15.000,stable,4,Plate,13,240.955,16.523,241.154,12.696
555.100,15.000,stable,4,Plate,14,249.868,18.972,250.074,15.122
555.100,15.000,stable,4,Plate,15,258.787,19.280,258.993,15.408
555.100,15.000,stable,4,Plate,16,267.702,19.280,267.909,15.381
555.100,15.000,stable,4,Plate,17,276.621,18.972,276.827,15.032
555.100,15.000,stable,4,Plate,18,285.534,16.523,285.722,12.521
555.100,15.000,stable,4,Plate,19,294.371,13.127,294.521,9.028
555.100,15.000,stable,4,Plate,20,303.262,11.407,303.383,7.164
555.100,15.000,stable,4,Plate,21,312.133,11.067,312.245,6.620
555.100,15.000,stable,4,Plate,22,321.022,11.067,321.130,6.346
555.100,15.000,stable,4,Plate,23,329.911,11.067,330.012,5.972
555.100,15.000,stable,4,Plate,24,338.800,11.067,338.888,5.493
555.100,15.000,stable,4,Plate,25,347.780,18.820,348.388,12.599
555.100,15.000,stable,4,Plate,26,356.654,30.037,358.201,22.998
555.100,15.000,stable,4,Plate,27,365.554,41.987,368.238,34.009
555.100,15.000,stable,4,Plate,28,374.356,50.946,377.109,42.917
555.100,15.000,stable,4,Plate,29,383.244,50.946,385.926,44.033
555.100,15.000,stable,4,Plate,30,392.133,50.946,394.745,45.131
555.100,15.000,stable,4,Inner,1,187.689,13.566,187.884,9.588
555.100,15.000,stable,4,Inner,2,196.578,13.566,196.773,9.655
555.100,15.000,stable,4,Inner,3,205.467,13.566,205.663,9.679
555.100,15.000,stable,4,Inner,4,214.157,22.510,214.405,18.580
555.100,15.000,stable,4,Inner,5,222.950,35.635,223.338,31.606
555.100,15.000,stable,4,Inner,6,231.816,51.345,232.382,47.211
555.100,15.000,stable,4,Inner,7,240.753,64.804,241.435,60.590
555.100,15.000,stable,4,Inner,8,249.750,74.422,250.485,70.157
555.100,15.000,stable,4,Inner,9,258.746,79.044,259.495,74.750
555.100,15.000,stable,4,Inner,10,267.743,79.044,268.491,74.741
555.100,15.000,stable,4,Inner,11,276.739,74.422,277.491,70.125
555.100,15.000,stable,4,Inner,12,285.736,64.804,286.498,60.519
555.100,15.000,stable,4,Inner,13,294.673,51.345,295.412,47.046
555.100,15.000,stable,4,Inner,14,303.539,35.635,304.158,31.271
555.100,15.000,stable,4,Inner,15,312.332,22.510,312.764,18.025
555.100,15.000,stable,4,Inner,16,321.022,13.566,321.130,8.846
555.100,15.000,stable,4,Inner,17,329.911,13.566,330.012,8.471
555.100,15.000,stable,4,Inner,18,338.800,13.566,338.888,7.992
555.100,15.000,stable,5,Outer,1,139.103,51.144,148.022,57.858
555.100,15.000,stable,5,Outer,2,147.130,51.144,154.563,53.233
555.100,15.000,stable,5,Outer,3,155.157,51.144,161.094,48.595
555.100,15.000,stable,5,Outer,4,163.185,51.147,168.984,43.266
555.100,15.000,stable,5,Outer,5,171.136,51.571,175.259,38.408
555.100,15.000,stable,5,Outer,6,178.705,55.038,183.062,35.574
555.100,15.000,stable,5,Outer,7,186.635,62.402,193.830,34.680
555.100,15.000,stable,5,Outer,8,194.627,73.805,207.484,37.374
555.100,15.000,stable,5,Outer,9,202.703,88.647,218.998,49.735
555.100,15.000,stable,5,Outer,10,210.782,102.845,223.528,65.384
555.100,15.000,stable,5,Outer,11,218.904,114.638,227.970,78.950
555.100,15.000,stable,5,Outer,12,227.055,123.073,233.511,89.245
555.100,15.000,stable,5,Outer,13,235.219,128.009,240.365,95.835
555.100,15.000,stable,5,Outer,14,243.357,129.052,248.157,98.370
555.100,15.000,stable,5,Outer,15,251.458,129.057,256.141,99.711
555.100,15.000,stable,5,Outer,16,259.536,129.057,264.124,100.918
555.100,15.000,stable,5,Outer,17,267.637,129.052,272.148,102.006
555.100,15.000,stable,5,Outer,18,275.775,128.009,280.353,101.943
555.100,15.000,stable,5,Outer,19,283.938,123.073,289.023,97.968
555.100,15.000,stable,5,Outer,20,292.089,114.638,298.114,90.577
555.100,15.000,stable,5,Outer,21,300.212,102.845,307.432,79.738
555.100,15.000,stable,5,Outer,22,308.291,88.647,316.447,66.152
555.100,15.000,stable,5,Outer,23,316.367,73.805,315.366,49.287
555.100,15.000,stable,5,Outer,24,324.359,62.402,325.351,39.612
555.100,15.000,stable,5,Outer,25,332.288,55.038,335.302,35.388
555.100,15.000,stable,5,Outer,26,339.858,51.571,343.611,35.028
555.100,15.000,stable,5,Outer,27,347.809,51.147,351.137,37.606
555.100,15.000,stable,5,Outer,28,355.836,51.144,359.531,40.313
555.100,15.000,stable,5,Outer,29,363.863,51.144,367.250,42.514
555.100,15.000,stable,5,Outer,30,371.890,51.144,374.976,44.690
555.100,15.000,stable,5,Plate,1,139.103,48.644,148.022,55.358
555.100,15.000,stable,5,Plate,2,147.130,48.644,154.563,50.734
555.100,15.000,stable,5,Plate,3,155.157,48.644,161.094,46.096
555.100,15.000,stable,5,Plate,4,163.038,39.501,164.376,34.485
555.100,15.000,stable,5,Plate,5,171.064,27.822,171.003,21.960
555.100,15.000,stable,5,Plate,6,179.098,17.945,179.178,12.201
555.100,15.000,stable,5,Plate,7,187.266,11.272,187.496,5.716
555.100,15.000,stable,5,Plate,8,195.293,11.272,195.523,5.846
555.100,15.000,stable,5,Plate,9,203.320,11.272,203.550,5.933
555.100,15.000,stable,5,Plate,10,211.348,11.272,211.578,5.987
555.100,15.000,stable,5,Plate,11,219.344,10.768,219.578,5.513
555.100,15.000,stable,5,Plate,12,227.366,12.355,227.602,7.090
555.100,15.000,stable,5,Plate,13,235.346,15.204,235.595,9.905
555.100,15.000,stable,5,Plate,14,243.396,17.361,243.653,12.038
555.100,15.000,stable,5,Plate,15,251.464,17.410,251.722,12.095
555.100,15.000,stable,5,Plate,16,259.529,17.410,259.788,12.127
555.100,15.000,stable,5,Plate,17,267.597,17.361,267.857,12.119
555.100,15.000,stable,5,Plate,18,275.648,15.204,275.916,9.992
555.100,15.000,stable,5,Plate,19,283.628,12.355,283.888,7.117
555.100,15.000,stable,5,Plate,20,291.649,10.768,291.883,5.397
555.100,15.000,stable,5,Plate,21,299.646,11.272,299.894,5.627
555.100,15.000,stable,5,Plate,22,307.673,11.272,307.912,5.204
555.100,15.000,stable,5,Plate,23,315.700,11.272,315.918,4.618
555.100,15.000,stable,5,Plate,24,323.728,11.272,323.912,3.879
555.100,15.000,stable,5,Plate,25,331.895,17.945,332.814,9.534
555.100,15.000,stable,5,Plate,26,339.930,27.822,342.141,18.190
555.100,15.000,stable,5,Plate,27,347.956,39.501,351.826,28.526
555.100,15.000,stable,5,Plate,28,355.836,48.644,359.531,37.813
555.100,15.000,stable,5,Plate,29,363.863,48.644,367.250,40.014
555.100,15.000,stable,5,Plate,30,371.890,48.644,374.976,42.190
555.100,15.000,stable,5,Inner,1,187.266,13.771,187.496,8.215
555.100,15.000,stable,5,Inner,2,195.293,13.771,195.523,8.346
555.100,15.000,stable,5,Inner,3,203.320,13.771,203.550,8.432
555.100,15.000,stable,5,Inner,4,211.201,21.536,211.414,16.209
555.100,15.000,stable,5,Inner,5,219.131,33.405,219.441,28.010
555.100,15.000,stable,5,Inner,6,227.124,48.070,227.638,42.559
555.100,15.000,stable,5,Inner,7,235.188,60.797,235.878,55.171
555.100,15.000,stable,5,Inner,8,243.304,69.915,244.083,64.208
555.100,15.000,stable,5,Inner,9,251.426,74.809,252.226,69.067
555.100,15.000,stable,5,Inner,10,259.567,74.809,260.367,69.077
555.100,15.000,stable,5,Inner,11,267.689,69.915,268.521,64.237
555.100,15.000,stable,5,Inner,12,275.806,60.797,276.730,55.203
555.100,15.000,stable,5,Inner,13,283.870,48.070,284.896,42.543
555.100,15.000,stable,5,Inner,14,291.863,33.405,292.852,27.861
555.100,15.000,stable,5,Inner,15,299.792,21.536,300.534,15.833
555.100,15.000,stable,5,Inner,16,307.673,13.771,307.912,7.704
555.100,15.000,stable,5,Inner,17,315.700,13.771,315.918,7.117
555.100,15.000,stable,5,Inner,18,323.728,13.771,323.912,6.379
555.100,15.000,stable,5,Patch4,1,203.387,84.706,219.682,45.795
555.100,15.000,stable,5,Patch4,2,211.545,98.880,225.306,61.620
555.100,15.000,stable,5,Patch4,3,220.461,111.654,230.438,76.250
555.100,15.000,stable,5,Patch4,4,228.676,121.178,235.801,87.557
555.100,15.000,stable,5,Patch4,5,236.068,125.666,241.854,93.681
555.100,15.000,stable,5,Patch4,6,243.442,126.555,248.872,96.054
555.100,15.000,stable,5,Patch4,7,251.445,126.558,256.744,97.426
555.100,15.000,stable,5,Patch4,8,259.549,126.558,264.743,98.657
555.100,15.000,stable,5,Patch4,9,267.551,126.555,272.657,99.769
555.100,15.000,stable,5,Patch4,10,274.926,125.666,280.078,99.843
555.100,15.000,stable,5,Patch4,11,282.318,121.178,287.916,96.216
555.100,15.000,stable,5,Patch4,12,290.533,111.654,296.847,87.419
555.100,15.000,stable,5,Patch4,13,299.449,98.880,306.543,75.307
555.100,15.000,stable,5,Patch4,14,307.607,84.706,315.763,62.212
555.100,15.000,stable,6,Outer,1,140.814,48.861,156.070,57.228
555.100,15.000,stable,6,Outer,2,148.399,48.861,160.762,51.293
555.100,15.000,stable,6,Outer,3,155.983,48.861,165.437,45.346
555.100,15.000,stable,6,Outer,4,163.567,48.867,171.939,38.259
555.100,15.000,stable,6,Outer,5,171.090,49.304,176.455,32.260
555.100,15.000,stable,6,Outer,6,178.300,52.818,183.161,27.906
555.100,15.000,stable,6,Outer,7,185.796,59.987,193.084,24.959
555.100,15.000,stable,6,Outer,8,193.349,71.140,206.338,27.373
555.100,15.000,stable,6,Outer,9,200.953,85.537,215.314,40.975
555.100,15.000,stable,6,Outer,10,208.574,99.451,219.254,56.318
555.100,15.000,stable,6,Outer,11,216.239,110.673,223.619,69.161
555.100,15.000,stable,6,Outer,12,223.930,118.367,229.165,78.493
555.100,15.000,stable,6,Outer,13,231.633,122.556,235.995,83.955
555.100,15.000,stable,6,Outer,14,239.317,123.325,243.494,85.768
555.100,15.000,stable,6,Outer,15,246.973,123.248,251.097,86.614
555.100,15.000,stable,6,Outer,16,254.599,123.248,258.668,87.477
555.100,15.000,stable,6,Outer,17,262.254,123.325,266.264,88.374
555.100,15.000,stable,6,Outer,18,269.939,122.556,273.982,88.343
555.100,15.000,stable,6,Outer,19,277.641,118.367,282.002,84.811
555.100,15.000,stable,6,Outer,20,285.333,110.673,290.257,77.753
555.100,15.000,stable,6,Outer,21,292.997,99.451,298.811,67.238
555.100,15.000,stable,6,Outer,22,300.618,85.537,307.229,53.842
555.100,15.000,stable,6,Outer,23,308.222,71.140,306.358,37.578
555.100,15.000,stable,6,Outer,24,315.776,59.987,317.003,29.352
555.100,15.000,stable,6,Outer,25,323.271,52.818,327.099,27.010
555.100,15.000,stable,6,Outer,26,330.482,49.304,335.047,28.034
555.100,15.000,stable,6,Outer,27,338.004,48.867,341.586,31.767
555.100,15.000,stable,6,Outer,28,345.589,48.861,349.402,35.880
555.100,15.000,stable,6,Outer,29,353.173,48.861,356.181,39.277
555.100,15.000,stable,6,Outer,30,360.757,48.861,362.973,42.649
555.100,15.000,stable,6,Plate,1,140.814,46.362,156.070,54.728
555.100,15.000,stable,6,Plate,2,148.399,46.362,160.762,48.794
555.100,15.000,stable,6,Plate,3,155.983,46.362,165.437,42.846
555.100,15.000,stable,6,Plate,4,163.422,37.647,165.792,31.418
555.100,15.000,stable,6,Plate,5,171.018,26.427,170.928,18.887
555.100,15.000,stable,6,Plate,6,178.643,17.017,178.711,9.609
555.100,15.000,stable,6,Plate,7,186.320,10.922,186.594,3.784
555.100,15.000,stable,6,Plate,8,193.904,10.922,194.175,4.022
555.100,15.000,stable,6,Plate,9,201.488,10.922,201.758,4.213
555.100,15.000,stable,6,Plate,10,209.072,10.922,209.342,4.360
555.100,15.000,stable,6,Plate,11,216.654,10.553,216.929,4.096
555.100,15.000,stable,6,Plate,12,224.233,12.206,224.499,5.791
555.100,15.000,stable,6,Plate,13,231.752,14.804,232.018,8.394
555.100,15.000,stable,6,Plate,14,239.347,16.471,239.613,10.068
555.100,15.000,stable,6,Plate,15,246.970,16.144,247.238,9.771
555.100,15.000,stable,6,Plate,16,254.602,16.144,254.872,9.813
555.100,15.000,stable,6,Plate,17,262.224,16.471,262.494,10.180
555.100,15.000,stable,6,Plate,18,269.819,14.804,270.097,8.538
555.100,15.000,stable,6,Plate,19,277.338,12.206,277.605,5.903
555.100,15.000,stable,6,Plate,20,284.918,10.553,285.147,4.079
555.100,15.000,stable,6,Plate,21,292.499,10.922,292.740,4.096
555.100,15.000,stable,6,Plate,22,300.083,10.922,300.308,3.564
555.100,15.000,stable,6,Plate,23,307.667,10.922,307.859,2.843
555.100,15.000,stable,6,Plate,24,315.252,10.922,315.391,1.939
555.100,15.000,stable,6,Plate,25,322.928,17.017,323.961,6.701
555.100,15.000,stable,6,Plate,26,330.553,26.427,333.282,14.429
555.100,15.000,stable,6,Plate,27,338.149,37.647,342.893,23.971
555.100,15.000,stable,6,Plate,28,345.589,46.362,349.402,33.380
555.100,15.000,stable,6,Plate,29,353.173,46.362,356.181,36.777
555.100,15.000,stable,6,Plate,30,360.757,46.362,362.973,40.149
555.100,15.000,stable,6,Inner,1,186.320,13.421,186.594,6.283
555.100,15.000,stable,6,Inner,2,193.904,13.421,194.175,6.521
555.100,15.000,stable,6,Inner,3,201.488,13.421,201.758,6.712
555.100,15.000,stable,6,Inner,4,208.961,20.923,209.118,14.297
555.100,15.000,stable,6,Inner,5,216.476,32.251,216.692,25.585
555.100,15.000,stable,6,Inner,6,224.002,46.385,224.440,39.598
555.100,15.000,stable,6,Inner,7,231.603,58.594,232.255,51.669
555.100,15.000,stable,6,Inner,8,239.273,67.257,240.033,60.234
555.100,15.000,stable,6,Inner,9,246.945,71.981,247.730,64.919
555.100,15.000,stable,6,Inner,10,254.626,71.981,255.411,64.938
555.100,15.000,stable,6,Inner,11,262.299,67.257,263.128,60.289
555.100,15.000,stable,6,Inner,12,269.968,58.594,270.928,51.744
555.100,15.000,stable,6,Inner,13,277.570,46.385,278.705,39.648
555.100,15.000,stable,6,Inner,14,285.095,32.251,286.246,25.523
555.100,15.000,stable,6,Inner,15,292.611,20.923,293.471,14.009
555.100,15.000,stable,6,Inner,16,300.083,13.421,300.308,6.063
555.100,15.000,stable,6,Inner,17,307.667,13.421,307.859,5.342
555.100,15.000,stable,6,Inner,18,315.252,13.421,315.391,4.438
555.100,15.000,stable,6,Patch4,1,201.724,81.613,216.085,37.051
555.100,15.000,stable,6,Patch4,2,209.407,95.502,220.972,52.696
555.100,15.000,stable,6,Patch4,3,217.741,107.665,225.828,66.546
555.100,15.000,stable,6,Patch4,4,225.445,116.390,231.302,76.751
555.100,15.000,stable,6,Patch4,5,232.364,120.175,237.309,81.810
555.100,15.000,stable,6,Patch4,6,239.343,120.828,244.088,83.521
555.100,15.000,stable,6,Patch4,7,246.943,120.748,251.629,84.370
555.100,15.000,stable,6,Patch4,8,254.628,120.748,259.256,85.230
555.100,15.000,stable,6,Patch4,9,262.228,120.828,266.793,86.134
555.100,15.000,stable,6,Patch4,10,269.208,120.175,273.796,86.208
555.100,15.000,stable,6,Patch4,11,276.126,116.390,281.003,83.036
555.100,15.000,stable,6,Patch4,12,283.830,107.665,289.206,74.832
555.100,15.000,stable,6,Patch4,13,292.164,95.502,298.097,63.141
555.100,15.000,stable,6,Patch4,14,299.848,81.613,306.459,49.918
555.100,15.000,stable,7,Outer,1,140.935,46.603,162.011,55.624
555.100,15.000,stable,7,Outer,2,148.295,46.603,165.071,48.943
555.100,15.000,stable,7,Outer,3,155.656,46.603,168.101,42.248
555.100,15.000,stable,7,Outer,4,163.017,46.650,173.280,33.949
555.100,15.000,stable,7,Outer,5,170.328,47.138,176.307,27.292
555.100,15.000,stable,7,Outer,6,177.390,50.978,182.180,21.825
555.100,15.000,stable,7,Outer,7,184.675,58.361,191.468,17.242
555.100,15.000,stable,7,Outer,8,192.017,69.673,204.507,20.599
555.100,15.000,stable,7,Outer,9,199.381,84.061,211.023,35.371
555.100,15.000,stable,7,Outer,10,206.763,97.886,214.467,50.646
555.100,15.000,stable,7,Outer,11,214.185,108.569,219.098,62.779
555.100,15.000,stable,7,Outer,12,221.643,115.531,225.199,70.920
555.100,15.000,stable,7,Outer,13,229.105,119.001,232.212,75.185
555.100,15.000,stable,7,Outer,14,236.547,119.495,239.589,76.238
555.100,15.000,stable,7,Outer,15,243.968,119.380,247.000,76.563
555.100,15.000,stable,7,Outer,16,251.363,119.380,254.382,76.973
555.100,15.000,stable,7,Outer,17,258.783,119.495,261.779,77.532
555.100,15.000,stable,7,Outer,18,266.226,119.001,269.235,77.550
555.100,15.000,stable,7,Outer,19,273.688,115.531,276.928,74.646
555.100,15.000,stable,7,Outer,20,281.146,108.569,284.826,68.215
555.100,15.000,stable,7,Outer,21,288.568,97.886,292.806,57.981
555.100,15.000,stable,7,Outer,22,295.950,84.061,300.656,44.449
555.100,15.000,stable,7,Outer,23,303.314,69.673,300.544,28.292
555.100,15.000,stable,7,Outer,24,310.656,58.361,311.876,21.027
555.100,15.000,stable,7,Outer,25,317.941,50.978,322.222,20.481
555.100,15.000,stable,7,Outer,26,325.003,47.138,329.937,22.717
555.100,15.000,stable,7,Outer,27,332.314,46.650,335.568,27.404
555.100,15.000,stable,7,Outer,28,339.675,46.603,342.838,32.690
555.100,15.000,stable,7,Outer,29,347.036,46.603,348.799,37.007
555.100,15.000,stable,7,Outer,30,354.396,46.603,354.775,41.302
555.100,15.000,stable,7,Plate,1,140.935,44.104,162.011,53.125
555.100,15.000,stable,7,Plate,2,148.295,44.104,165.071,46.443
555.100,15.000,stable,7,Plate,3,155.656,44.104,168.101,39.748
555.100,15.000,stable,7,Plate,4,162.940,36.235,166.718,29.164
555.100,15.000,stable,7,Plate,5,170.329,25.410,170.361,16.615
555.100,15.000,stable,7,Plate,6,177.722,15.979,177.816,7.238
555.100,15.000,stable,7,Plate,7,185.099,10.047,185.434,1.620
555.100,15.000,stable,7,Plate,8,192.460,10.047,192.786,1.965
555.100,15.000,stable,7,Plate,9,199.821,10.047,200.141,2.275
555.100,15.000,stable,7,Plate,10,207.181,10.047,207.497,2.533
555.100,15.000,stable,7,Plate,11,214.575,10.232,214.884,2.921
555.100,15.000,stable,7,Plate,12,221.938,12.044,222.213,4.870
555.100,15.000,stable,7,Plate,13,229.213,14.357,229.459,7.273
555.100,15.000,stable,7,Plate,14,236.567,15.703,236.801,8.694
555.100,15.000,stable,7,Plate,15,243.962,15.164,244.202,8.229
555.100,15.000,stable,7,Plate,16,251.369,15.164,251.611,8.279
555.100,15.000,stable,7,Plate,17,258.764,15.703,259.006,8.830
555.100,15.000,stable,7,Plate,18,266.118,14.357,266.355,7.449
555.100,15.000,stable,7,Plate,19,273.392,12.044,273.591,5.017
555.100,15.000,stable,7,Plate,20,280.756,10.232,280.887,2.951
555.100,15.000,stable,7,Plate,21,288.150,10.047,288.257,2.329
555.100,15.000,stable,7,Plate,22,295.510,10.047,295.589,1.687
555.100,15.000,stable,7,Plate,23,302.871,10.047,302.899,0.825
555.100,15.000,stable,7,Plate,24,310.232,10.047,310.184,-0.225
555.100,15.000,stable,7,Plate,25,317.609,15.979,318.494,4.306
555.100,15.000,stable,7,Plate,26,325.002,25.410,327.625,12.062
555.100,15.000,stable,7,Plate,27,332.391,36.235,336.879,21.337
555.100,15.000,stable,7,Plate,28,339.675,44.104,342.838,30.190
555.100,15.000,stable,7,Plate,29,347.036,44.104,348.799,34.507
555.100,15.000,stable,7,Plate,30,354.396,44.104,354.775,38.802
555.100,15.000,stable,7,Inner,1,185.099,12.546,185.434,4.119
555.100,15.000,stable,7,Inner,2,192.460,12.546,192.786,4.464
555.100,15.000,stable,7,Inner,3,199.821,12.546,200.141,4.774
555.100,15.000,stable,7,Inner,4,207.092,20.251,207.141,12.667
555.100,15.000,stable,7,Inner,5,214.424,31.339,214.408,23.797
555.100,15.000,stable,7,Inner,6,221.701,45.264,221.852,37.630
555.100,15.000,stable,7,Inner,7,229.055,57.365,229.510,49.539
555.100,15.000,stable,7,Inner,8,236.502,65.934,237.185,57.904
555.100,15.000,stable,7,Inner,9,243.946,70.696,244.696,62.560
555.100,15.000,stable,7,Inner,10,251.385,70.696,252.137,62.600
555.100,15.000,stable,7,Inner,11,258.829,65.934,259.691,58.013
555.100,15.000,stable,7,Inner,12,266.276,57.365,267.402,49.682
555.100,15.000,stable,7,Inner,13,273.630,45.264,275.019,37.745
555.100,15.000,stable,7,Inner,14,280.907,31.339,282.249,23.797
555.100,15.000,stable,7,Inner,15,288.239,20.251,289.153,12.438
555.100,15.000,stable,7,Inner,16,295.510,12.546,295.589,4.186
555.100,15.000,stable,7,Inner,17,302.871,12.546,302.899,3.325
555.100,15.000,stable,7,Inner,18,310.232,12.546,310.184,2.274
555.100,15.000,stable,8,Outer,1,140.800,44.486,162.040,52.833
555.100,15.000,stable,8,Outer,2,147.972,44.486,164.450,46.081
555.100,15.000,stable,8,Outer,3,155.145,44.486,166.830,39.319
555.100,15.000,stable,8,Outer,4,162.317,44.486,171.395,30.747
555.100,15.000,stable,8,Outer,5,169.451,44.938,173.793,24.013
555.100,15.000,stable,8,Outer,6,176.385,48.534,179.058,18.240
555.100,15.000,stable,8,Outer,7,183.485,55.637,187.888,13.460
555.100,15.000,stable,8,Outer,8,190.649,66.387,199.834,18.012
555.100,15.000,stable,8,Outer,9,197.821,79.967,204.924,32.469
555.100,15.000,stable,8,Outer,10,204.997,92.819,209.535,46.439
555.100,15.000,stable,8,Outer,11,212.207,102.604,215.132,57.219
555.100,15.000,stable,8,Outer,12,219.461,109.072,221.762,64.315
555.100,15.000,stable,8,Outer,13,226.726,112.352,228.940,67.773
555.100,15.000,stable,8,Outer,14,233.970,112.755,236.178,68.258
555.100,15.000,stable,8,Outer,15,241.195,112.624,243.403,68.278
555.100,15.000,stable,8,Outer,16,248.405,112.624,250.605,68.570
555.100,15.000,stable,8,Outer,17,255.630,112.755,257.806,69.143
555.100,15.000,stable,8,Outer,18,262.874,112.352,265.056,69.287
555.100,15.000,stable,8,Outer,19,270.139,109.072,272.533,66.558
555.100,15.000,stable,8,Outer,20,277.393,102.604,280.105,60.500
555.100,15.000,stable,8,Outer,21,284.603,92.819,287.494,50.884
555.100,15.000,stable,8,Outer,22,291.779,79.967,294.416,37.928
555.100,15.000,stable,8,Outer,23,298.951,66.387,297.492,22.921
555.100,15.000,stable,8,Outer,24,306.115,55.637,308.064,15.584
555.100,15.000,stable,8,Outer,25,313.215,48.534,318.075,16.145
555.100,15.000,stable,8,Outer,26,320.149,44.938,325.248,19.234
555.100,15.000,stable,8,Outer,27,327.283,44.486,330.246,24.350
555.100,15.000,stable,8,Outer,28,334.455,44.486,337.045,30.252
555.100,15.000,stable,8,Outer,29,341.628,44.486,342.429,34.992
555.100,15.000,stable,8,Outer,30,348.800,44.486,347.831,39.710
555.100,15.000,stable,8,Plate,1,140.800,41.986,162.040,50.333
555.100,15.000,stable,8,Plate,2,147.972,41.986,164.450,43.581
555.100,15.000,stable,8,Plate,3,155.145,41.986,166.830,36.819
555.100,15.000,stable,8,Plate,4,162.259,34.978,165.459,27.002
555.100,15.000,stable,8,Plate,5,169.461,24.933,169.297,15.341
555.100,15.000,stable,8,Plate,6,176.673,16.062,176.699,6.634
555.100,15.000,stable,8,Plate,7,183.834,10.414,184.156,1.384
555.100,15.000,stable,8,Plate,8,191.007,10.414,191.317,1.802
555.100,15.000,stable,8,Plate,9,198.179,10.414,198.480,2.175
555.100,15.000,stable,8,Plate,10,205.352,10.414,205.647,2.472
555.100,15.000,stable,8,Plate,11,212.585,10.646,212.870,2.938
555.100,15.000,stable,8,Plate,12,219.768,12.277,220.013,4.739
555.100,15.000,stable,8,Plate,13,226.842,14.386,227.050,6.969
555.100,15.000,stable,8,Plate,14,234.002,15.464,234.196,8.145
555.100,15.000,stable,8,Plate,15,241.200,14.968,241.400,7.728
555.100,15.000,stable,8,Plate,16,248.400,14.968,248.601,7.775
555.100,15.000,stable,8,Plate,17,255.598,15.464,255.800,8.273
555.100,15.000,stable,8,Plate,18,262.758,14.386,262.953,7.144
555.100,15.000,stable,8,Plate,19,269.831,12.277,269.986,4.898
555.100,15.000,stable,8,Plate,20,277.015,10.646,277.102,2.989
555.100,15.000,stable,8,Plate,21,284.248,10.414,284.307,2.291
555.100,15.000,stable,8,Plate,22,291.421,10.414,291.450,1.619
555.100,15.000,stable,8,Plate,23,298.593,10.414,298.567,0.718
555.100,15.000,stable,8,Plate,24,305.766,10.414,305.657,-0.371
555.100,15.000,stable,8,Plate,25,312.927,16.062,313.755,3.826
555.100,15.000,stable,8,Plate,26,320.139,24.933,322.665,10.986
555.100,15.000,stable,8,Plate,27,327.341,34.978,331.605,19.513
555.100,15.000,stable,8,Plate,28,334.455,41.986,337.045,27.753
555.100,15.000,stable,8,Plate,29,341.628,41.986,342.429,32.492
555.100,15.000,stable,8,Plate,30,348.800,41.986,347.831,37.211
555.100,15.000,stable,8,Inner,1,183.834,12.913,184.156,3.883
555.100,15.000,stable,8,Inner,2,191.007,12.913,191.317,4.302
555.100,15.000,stable,8,Inner,3,198.179,12.913,198.480,4.674
555.100,15.000,stable,8,Inner,4,205.286,19.747,205.282,11.734
555.100,15.000,stable,8,Inner,5,212.446,30.039,212.367,22.081
555.100,15.000,stable,8,Inner,6,219.527,43.079,219.627,35.019
555.100,15.000,stable,8,Inner,7,226.665,54.638,227.075,46.378
555.100,15.000,stable,8,Inner,8,233.921,62.802,234.546,54.345
555.100,15.000,stable,8,Inner,9,241.177,67.177,241.858,58.626
555.100,15.000,stable,8,Inner,10,248.423,67.177,249.106,58.672
555.100,15.000,stable,8,Inner,11,255.679,62.802,256.466,54.473
555.100,15.000,stable,8,Inner,12,262.935,54.638,263.985,46.552
555.100,15.000,stable,8,Inner,13,270.073,43.079,271.400,35.171
555.100,15.000,stable,8,Inner,14,277.154,30.039,278.440,22.111
555.100,15.000,stable,8,Inner,15,284.314,19.747,285.168,11.528
555.100,15.000,stable,8,Inner,16,291.421,12.913,291.450,4.118
555.100,15.000,stable,8,Inner,17,298.593,12.913,298.567,3.217
555.100,15.000,stable,8,Inner,18,305.766,12.913,305.657,2.128
555.100,15.000,stable,8,Patch4,1,198.650,76.192,205.754,28.694
555.100,15.000,stable,8,Patch4,2,205.814,89.002,210.763,42.990
555.100,15.000,stable,8,Patch4,3,213.606,99.631,216.520,54.739
555.100,15.000,stable,8,Patch4,4,220.866,107.014,223.332,62.488
555.100,15.000,stable,8,Patch4,5,227.323,109.930,229.717,65.539
555.100,15.000,stable,8,Patch4,6,233.951,110.256,236.336,65.954
555.100,15.000,stable,8,Patch4,7,241.166,110.124,243.549,65.966
555.100,15.000,stable,8,Patch4,8,248.434,110.124,250.810,66.242
555.100,15.000,stable,8,Patch4,9,255.649,110.256,258.002,66.820
555.100,15.000,stable,8,Patch4,10,262.277,109.930,264.633,67.034
555.100,15.000,stable,8,Patch4,11,268.734,107.014,271.314,64.701
555.100,15.000,stable,8,Patch4,12,275.994,99.631,279.052,57.867
555.100,15.000,stable,8,Patch4,13,283.786,89.002,286.804,47.260
555.100,15.000,stable,8,Patch4,14,290.950,76.192,293.587,34.152
555.100,15.000,stable,9,Outer,1,140.800,42.310,157.126,49.418
555.100,15.000,stable,9,Outer,2,147.766,42.310,160.109,43.124
555.100,15.000,stable,9,Outer,3,154.731,42.310,163.082,36.825
555.100,15.000,stable,9,Outer,4,161.697,42.332,168.225,28.990
555.100,15.000,stable,9,Outer,5,168.631,42.750,171.312,22.763
555.100,15.000,stable,9,Outer,6,175.408,46.100,177.037,17.823
555.100,15.000,stable,9,Outer,7,182.311,52.853,186.098,14.490
555.100,15.000,stable,9,Outer,8,189.271,63.008,197.257,19.535
555.100,15.000,stable,9,Outer,9,196.244,75.938,202.944,33.032
555.100,15.000,stable,9,Outer,10,203.211,87.950,208.011,45.924
555.100,15.000,stable,9,Outer,11,210.200,97.141,213.455,56.082
555.100,15.000,stable,9,Outer,12,217.226,103.089,219.557,62.963
555.100,15.000,stable,9,Outer,13,224.259,106.416,226.214,66.980
555.100,15.000,stable,9,Outer,14,231.284,106.915,233.181,68.005
555.100,15.000,stable,9,Outer,15,238.297,106.818,240.188,68.324
555.100,15.000,stable,9,Outer,16,245.303,106.818,247.185,68.653
555.100,15.000,stable,9,Outer,17,252.316,106.915,254.191,68.982
555.100,15.000,stable,9,Outer,18,259.341,106.416,261.220,68.567
555.100,15.000,stable,9,Outer,19,266.374,103.089,268.182,65.106
555.100,15.000,stable,9,Outer,20,273.400,97.141,274.819,58.737
555.100,15.000,stable,9,Outer,21,280.389,87.950,281.077,49.050
555.100,15.000,stable,9,Outer,22,287.356,75.938,287.130,36.574
555.100,15.000,stable,9,Outer,23,294.329,63.008,293.412,23.329
555.100,15.000,stable,9,Outer,24,301.289,52.853,303.165,15.873
555.100,15.000,stable,9,Outer,25,308.192,46.100,312.796,15.469
555.100,15.000,stable,9,Outer,26,314.969,42.750,319.956,17.890
555.100,15.000,stable,9,Outer,27,321.903,42.332,325.195,22.456
555.100,15.000,stable,9,Outer,28,328.869,42.310,332.048,27.774
555.100,15.000,stable,9,Outer,29,335.834,42.310,337.410,32.219
555.100,15.000,stable,9,Outer,30,342.800,42.310,342.781,36.654
555.100,15.000,stable,9,Plate,1,140.800,39.810,157.126,46.918
555.100,15.000,stable,9,Plate,2,147.766,39.810,160.109,40.624
555.100,15.000,stable,9,Plate,3,154.731,39.810,163.082,34.325
555.100,15.000,stable,9,Plate,4,161.643,33.056,163.107,24.736
555.100,15.000,stable,9,Plate,5,168.635,23.219,168.350,13.899
555.100,15.000,stable,9,Plate,6,175.651,14.980,175.649,5.914
555.100,15.000,stable,9,Plate,7,182.593,9.786,182.884,1.138
555.100,15.000,stable,9,Plate,8,189.559,9.786,189.837,1.554
555.100,15.000,stable,9,Plate,9,196.524,9.786,196.794,1.915
555.100,15.000,stable,9,Plate,10,203.490,9.786,203.753,2.216
555.100,15.000,stable,9,Plate,11,210.535,10.425,210.771,3.109
555.100,15.000,stable,9,Plate,12,217.503,12.107,217.689,4.990
555.100,15.000,stable,9,Plate,13,224.380,13.884,224.525,6.923
555.100,15.000,stable,9,Plate,14,231.330,14.414,231.465,7.582
555.100,15.000,stable,9,Plate,15,238.311,13.829,238.454,7.093
555.100,15.000,stable,9,Plate,16,245.289,13.829,245.434,7.138
555.100,15.000,stable,9,Plate,17,252.270,14.414,252.418,7.702
555.100,15.000,stable,9,Plate,18,259.220,13.884,259.361,7.082
555.100,15.000,stable,9,Plate,19,266.097,12.107,266.190,5.127
555.100,15.000,stable,9,Plate,20,273.065,10.425,273.079,3.140
555.100,15.000,stable,9,Plate,21,280.110,9.786,280.066,2.034
555.100,15.000,stable,9,Plate,22,287.076,9.786,287.001,1.387
555.100,15.000,stable,9,Plate,23,294.041,9.786,293.914,0.528
555.100,15.000,stable,9,Plate,24,301.007,9.786,300.799,-0.529
555.100,15.000,stable,9,Plate,25,307.949,14.980,308.649,3.150
555.100,15.000,stable,9,Plate,26,314.965,23.219,317.406,9.503
555.100,15.000,stable,9,Plate,27,321.957,33.056,326.407,17.540
555.100,15.000,stable,9,Plate,28,328.869,39.810,332.048,25.274
555.100,15.000,stable,9,Plate,29,335.834,39.810,337.410,29.720
555.100,15.000,stable,9,Plate,30,342.800,39.810,342.781,34.155
555.100,15.000,stable,9,Inner,1,182.593,12.285,182.884,3.637
555.100,15.000,stable,9,Inner,2,189.559,12.285,189.837,4.053
555.100,15.000,stable,9,Inner,3,196.524,12.285,196.794,4.415
555.100,15.000,stable,9,Inner,4,203.446,18.978,203.439,11.309
555.100,15.000,stable,9,Inner,5,210.412,28.936,210.386,21.282
555.100,15.000,stable,9,Inner,6,217.304,41.339,217.485,33.568
555.100,15.000,stable,9,Inner,7,224.237,52.206,224.656,44.280
555.100,15.000,stable,9,Inner,8,231.262,59.618,231.797,51.580
555.100,15.000,stable,9,Inner,9,238.289,63.328,238.845,55.250
555.100,15.000,stable,9,Inner,10,245.311,63.328,245.867,55.279
555.100,15.000,stable,9,Inner,11,252.338,59.618,252.943,51.662
555.100,15.000,stable,9,Inner,12,259.363,52.206,260.114,44.391
555.100,15.000,stable,9,Inner,13,266.296,41.339,267.258,33.662
555.100,15.000,stable,9,Inner,14,273.188,28.936,274.185,21.277
555.100,15.000,stable,9,Inner,15,280.154,18.978,280.828,11.099
555.100,15.000,stable,9,Inner,16,287.076,12.285,287.001,3.886
555.100,15.000,stable,9,Inner,17,294.041,12.285,293.914,3.027
555.100,15.000,stable,9,Inner,18,301.007,12.285,300.799,1.971
555.100,15.000,stable,9,Patch4,1,197.074,72.230,203.775,29.324
555.100,15.000,stable,9,Patch4,2,204.039,84.202,209.325,42.394
555.100,15.000,stable,9,Patch4,3,211.581,94.201,215.132,53.443
555.100,15.000,stable,9,Patch4,4,218.618,101.019,221.157,61.134
555.100,15.000,stable,9,Patch4,5,224.872,103.996,227.019,64.805
555.100,15.000,stable,9,Patch4,6,231.259,104.416,233.339,65.759
555.100,15.000,stable,9,Patch4,7,238.263,104.318,240.329,66.079
555.100,15.000,stable,9,Patch4,8,245.337,104.318,247.390,66.407
555.100,15.000,stable,9,Patch4,9,252.341,104.416,254.379,66.739
555.100,15.000,stable,9,Patch4,10,258.728,103.996,260.760,66.395
555.100,15.000,stable,9,Patch4,11,264.982,101.019,266.927,63.274
555.100,15.000,stable,9,Patch4,12,272.019,94.201,273.554,56.099
555.100,15.000,stable,9,Patch4,13,279.561,84.202,280.123,45.481
555.100,15.000,stable,9,Patch4,14,286.526,72.230,286.299,32.866
555.100,15.000,stable,10,Outer,1,140.800,40.274,151.545,46.056
555.100,15.000,stable,10,Outer,2,147.559,40.274,155.490,40.568
555.100,15.000,stable,10,Outer,3,154.317,40.274,159.430,35.078
555.100,15.000,stable,10,Outer,4,161.076,40.289,165.333,28.434
555.100,15.000,stable,10,Outer,5,167.811,40.651,169.347,23.011
555.100,15.000,stable,10,Outer,6,174.425,43.625,175.474,19.130
555.100,15.000,stable,10,Outer,7,181.128,49.975,184.533,17.359
555.100,15.000,stable,10,Outer,8,187.881,59.411,194.810,22.520
555.100,15.000,stable,10,Outer,9,194.650,71.556,200.559,35.110
555.100,15.000,stable,10,Outer,10,201.409,82.847,205.609,47.205
555.100,15.000,stable,10,Outer,11,208.180,91.484,210.973,56.739
555.100,15.000,stable,10,Outer,12,214.974,97.075,216.922,63.199
555.100,15.000,stable,10,Outer,13,221.781,100.208,223.381,66.984
555.100,15.000,stable,10,Outer,14,228.590,100.759,230.135,68.004
555.100,15.000,stable,10,Outer,15,235.398,100.681,236.937,68.251
555.100,15.000,stable,10,Outer,16,242.202,100.681,243.738,68.455
555.100,15.000,stable,10,Outer,17,249.010,100.759,250.543,68.614
555.100,15.000,stable,10,Outer,18,255.819,100.208,257.345,67.987
555.100,15.000,stable,10,Outer,19,262.626,97.075,264.009,64.578
555.100,15.000,stable,10,Outer,20,269.420,91.484,270.351,58.498
555.100,15.000,stable,10,Outer,21,276.191,82.847,276.353,49.338
555.100,15.000,stable,10,Outer,22,282.950,71.556,282.250,37.611
555.100,15.000,stable,10,Outer,23,289.719,59.411,288.855,25.432
555.100,15.000,stable,10,Outer,24,296.472,49.975,298.204,18.611
555.100,15.000,stable,10,Outer,25,303.175,43.625,307.314,17.185
555.100,15.000,stable,10,Outer,26,309.789,40.651,314.410,18.681
555.100,15.000,stable,10,Outer,27,316.524,40.289,320.102,22.301
555.100,15.000,stable,10,Outer,28,323.283,40.274,327.120,26.463
555.100,15.000,stable,10,Outer,29,330.041,40.274,332.849,30.047
555.100,15.000,stable,10,Outer,30,336.800,40.274,338.579,33.630
555.100,15.000,stable,10,Plate,1,140.800,37.775,151.545,43.556
555.100,15.000,stable,10,Plate,2,147.559,37.775,155.490,38.069
555.100,15.000,stable,10,Plate,3,154.317,37.775,159.430,32.578
555.100,15.000,stable,10,Plate,4,161.037,31.525,161.343,23.686
555.100,15.000,stable,10,Plate,5,167.826,22.083,167.327,13.743
555.100,15.000,stable,10,Plate,6,174.633,14.420,174.526,6.450
555.100,15.000,stable,10,Plate,7,181.352,9.613,181.548,2.101
555.100,15.000,stable,10,Plate,8,188.110,9.613,188.294,2.512
555.100,15.000,stable,10,Plate,9,194.869,9.613,195.045,2.857
555.100,15.000,stable,10,Plate,10,201.628,9.613,201.798,3.131
555.100,15.000,stable,10,Plate,11,208.484,10.258,208.631,3.997
555.100,15.000,stable,10,Plate,12,215.249,11.916,215.353,5.825
555.100,15.000,stable,10,Plate,13,221.923,13.572,221.994,7.611
555.100,15.000,stable,10,Plate,14,228.656,13.603,228.727,7.745
555.100,15.000,stable,10,Plate,15,235.419,12.938,235.498,7.150
555.100,15.000,stable,10,Plate,16,242.181,12.938,242.261,7.173
555.100,15.000,stable,10,Plate,17,248.944,13.603,249.028,7.806
555.100,15.000,stable,10,Plate,18,255.677,13.572,255.761,7.685
555.100,15.000,stable,10,Plate,19,262.351,11.916,262.395,5.871
555.100,15.000,stable,10,Plate,20,269.116,10.258,269.092,3.955
555.100,15.000,stable,10,Plate,21,275.972,9.613,275.901,2.917
555.100,15.000,stable,10,Plate,22,282.731,9.613,282.638,2.375
555.100,15.000,stable,10,Plate,23,289.490,9.613,289.359,1.655
555.100,15.000,stable,10,Plate,24,296.248,9.613,296.059,0.760
555.100,15.000,stable,10,Plate,25,302.967,14.420,303.630,4.068
555.100,15.000,stable,10,Plate,26,309.774,22.083,312.216,9.666
555.100,15.000,stable,10,Plate,27,316.563,31.525,321.199,17.049
555.100,15.000,stable,10,Plate,28,323.283,37.775,327.120,23.963
555.100,15.000,stable,10,Plate,29,330.041,37.775,332.849,27.547
555.100,15.000,stable,10,Plate,30,336.800,37.775,338.579,31.130
555.100,15.000,stable,10,Inner,1,181.352,12.113,181.548,4.600
555.100,15.000,stable,10,Inner,2,188.110,12.113,188.294,5.011
555.100,15.000,stable,10,Inner,3,194.869,12.113,195.045,5.356
555.100,15.000,stable,10,Inner,4,201.603,18.042,201.533,11.477
555.100,15.000,stable,10,Inner,5,208.373,27.429,208.281,20.879
555.100,15.000,stable,10,Inner,6,215.069,39.081,215.159,32.424
555.100,15.000,stable,10,Inner,7,221.797,49.307,222.092,42.511
555.100,15.000,stable,10,Inner,8,228.590,56.148,228.984,49.250
555.100,15.000,stable,10,Inner,9,235.396,59.353,235.810,52.413
555.100,15.000,stable,10,Inner,10,242.204,59.353,242.619,52.426
555.100,15.000,stable,10,Inner,11,249.010,56.148,249.455,49.286
555.100,15.000,stable,10,Inner,12,255.803,49.307,256.352,42.552
555.100,15.000,stable,10,Inner,13,262.531,39.081,263.244,32.438
555.100,15.000,stable,10,Inner,14,269.227,27.429,269.977,20.808
555.100,15.000,stable,10,Inner,15,275.997,18.042,276.492,11.242
555.100,15.000,stable,10,Inner,16,282.731,12.113,282.638,4.875
555.100,15.000,stable,10,Inner,17,289.490,12.113,289.359,4.154
555.100,15.000,stable,10,Inner,18,296.248,12.113,296.059,3.259
555.100,15.000,stable,10,Patch4,1,195.453,67.909,201.362,31.463
555.100,15.000,stable,10,Patch4,2,202.192,79.155,206.865,43.714
555.100,15.000,stable,10,Patch4,3,209.459,88.535,212.532,54.075
555.100,15.000,stable,10,Patch4,4,216.218,94.907,218.344,61.276
555.100,15.000,stable,10,Patch4,5,222.351,97.774,224.111,64.797
555.100,15.000,stable,10,Patch4,6,228.626,98.259,230.321,65.759
555.100,15.000,stable,10,Patch4,7,235.384,98.183,237.068,66.007
555.100,15.000,stable,10,Patch4,8,242.216,98.183,243.890,66.210
555.100,15.000,stable,10,Patch4,9,248.974,98.259,250.640,66.370
555.100,15.000,stable,10,Patch4,10,255.249,97.774,256.898,65.804
555.100,15.000,stable,10,Patch4,11,261.382,94.907,262.872,62.652
555.100,15.000,stable,10,Patch4,12,268.141,88.535,269.103,55.804
555.100,15.000,stable,10,Patch4,13,275.408,79.155,275.393,45.794
555.100,15.000,stable,10,Patch4,14,282.147,67.909,281.447,33.965
555.100,15.000,stable,11,Outer,1,140.800,38.283,146.300,42.465
555.100,15.000,stable,11,Outer,2,147.352,38.283,151.224,38.145
555.100,15.000,stable,11,Outer,3,153.903,38.283,156.147,33.824
555.100,15.000,stable,11,Outer,4,160.455,38.302,162.678,28.755
555.100,15.000,stable,11,Outer,5,166.989,38.611,167.590,24.439
555.100,15.000,stable,11,Outer,6,173.428,41.212,174.006,21.786
555.100,15.000,stable,11,Outer,7,179.935,47.112,182.785,21.617
555.100,15.000,stable,11,Outer,8,186.484,55.979,192.191,27.197
555.100,15.000,stable,11,Outer,9,193.044,67.373,197.893,38.953
555.100,15.000,stable,11,Outer,10,199.599,77.923,203.001,50.201
555.100,15.000,stable,11,Outer,11,206.167,85.991,208.374,59.056
555.100,15.000,stable,11,Outer,12,212.744,91.104,214.246,64.936
555.100,15.000,stable,11,Outer,13,219.328,93.781,220.559,68.186
555.100,15.000,stable,11,Outer,14,225.917,94.220,227.108,69.031
555.100,15.000,stable,11,Outer,15,232.507,94.109,233.697,69.165
555.100,15.000,stable,11,Outer,16,239.093,94.109,240.284,69.253
555.100,15.000,stable,11,Outer,17,245.683,94.220,246.874,69.299
555.100,15.000,stable,11,Outer,18,252.272,93.781,253.446,68.649
555.100,15.000,stable,11,Outer,19,258.856,91.104,259.867,65.617
555.100,15.000,stable,11,Outer,20,265.433,85.991,266.002,60.008
555.100,15.000,stable,11,Outer,21,272.001,77.923,271.859,51.453
555.100,15.000,stable,11,Outer,22,278.556,67.373,277.679,40.537
555.100,15.000,stable,11,Outer,23,285.116,55.979,284.817,29.557
555.100,15.000,stable,11,Outer,24,291.665,47.112,293.788,23.214
555.100,15.000,stable,11,Outer,25,298.172,41.212,302.126,20.496
555.100,15.000,stable,11,Outer,26,304.611,38.611,309.059,20.871
555.100,15.000,stable,11,Outer,27,311.145,38.302,315.127,23.310
555.100,15.000,stable,11,Outer,28,317.697,38.283,322.142,26.054
555.100,15.000,stable,11,Outer,29,324.248,38.283,328.230,28.473
555.100,15.000,stable,11,Outer,30,330.800,38.283,334.316,30.897
555.100,15.000,stable,11,Plate,1,140.800,35.783,146.300,39.965
555.100,15.000,stable,11,Plate,2,147.352,35.783,151.224,35.645
555.100,15.000,stable,11,Plate,3,153.903,35.783,156.147,31.324
555.100,15.000,stable,11,Plate,4,160.426,29.888,159.911,23.447
555.100,15.000,stable,11,Plate,5,167.014,20.835,166.439,14.361
555.100,15.000,stable,11,Plate,6,173.617,13.574,173.467,7.513
555.100,15.000,stable,11,Plate,7,180.110,9.280,180.216,3.636
555.100,15.000,stable,11,Plate,8,186.662,9.280,186.759,3.979
555.100,15.000,stable,11,Plate,9,193.214,9.280,193.305,4.265
555.100,15.000,stable,11,Plate,10,199.766,9.280,199.855,4.460
555.100,15.000,stable,11,Plate,11,206.416,9.966,206.489,5.290
555.100,15.000,stable,11,Plate,12,212.979,11.610,213.016,7.066
555.100,15.000,stable,11,Plate,13,219.450,12.933,219.464,8.494
555.100,15.000,stable,11,Plate,14,225.971,12.612,225.988,8.242
555.100,15.000,stable,11,Plate,15,232.522,11.946,232.540,7.608
555.100,15.000,stable,11,Plate,16,239.078,11.946,239.096,7.607
555.100,15.000,stable,11,Plate,17,245.629,12.612,245.649,8.235
555.100,15.000,stable,11,Plate,18,252.150,12.933,252.173,8.466
555.100,15.000,stable,11,Plate,19,258.621,11.610,258.612,6.996
555.100,15.000,stable,11,Plate,20,265.184,9.966,265.119,5.148
555.100,15.000,stable,11,Plate,21,271.834,9.280,271.738,4.208
555.100,15.000,stable,11,Plate,22,278.386,9.280,278.279,3.842
555.100,15.000,stable,11,Plate,23,284.938,9.280,284.809,3.306
555.100,15.000,stable,11,Plate,24,291.490,9.280,291.329,2.653
555.100,15.000,stable,11,Plate,25,297.983,13.574,298.543,5.585
555.100,15.000,stable,11,Plate,26,304.586,20.835,306.940,10.666
555.100,15.000,stable,11,Plate,27,311.174,29.888,315.821,17.481
555.100,15.000,stable,11,Plate,28,317.697,35.783,322.142,23.554
555.100,15.000,stable,11,Plate,29,324.248,35.783,328.230,25.973
555.100,15.000,stable,11,Plate,30,330.800,35.783,334.316,28.397
555.100,15.000,stable,11,Inner,1,180.110,11.779,180.216,6.135
555.100,15.000,stable,11,Inner,2,186.662,11.779,186.759,6.479
555.100,15.000,stable,11,Inner,3,193.214,11.779,193.305,6.764
555.100,15.000,stable,11,Inner,4,199.761,17.358,199.653,12.500
555.100,15.000,stable,11,Inner,5,206.329,26.384,206.205,21.535
555.100,15.000,stable,11,Inner,6,212.835,37.312,212.854,32.374
555.100,15.000,stable,11,Inner,7,219.366,46.591,219.543,41.536
555.100,15.000,stable,11,Inner,8,225.930,52.519,226.185,47.375
555.100,15.000,stable,11,Inner,9,232.507,55.144,232.780,49.953
555.100,15.000,stable,11,Inner,10,239.093,55.144,239.367,49.947
555.100,15.000,stable,11,Inner,11,245.670,52.519,245.956,47.355
555.100,15.000,stable,11,Inner,12,252.234,46.591,252.580,41.496
555.100,15.000,stable,11,Inner,13,258.765,37.312,259.221,32.299
555.100,15.000,stable,11,Inner,14,265.271,26.384,265.764,21.396
555.100,15.000,stable,11,Inner,15,271.839,17.358,272.158,12.248
555.100,15.000,stable,11,Inner,16,278.386,11.779,278.279,6.342
555.100,15.000,stable,11,Inner,17,284.938,11.779,284.809,5.805
555.100,15.000,stable,11,Inner,18,291.490,11.779,291.329,5.153
555.100,15.000,stable,11,Patch1,1,201.299,12.361,201.388,7.541
555.100,15.000,stable,11,Patch1,2,206.425,12.646,206.466,7.920
555.100,15.000,stable,11,Patch1,3,212.330,14.023,212.364,9.335
555.100,15.000,stable,11,Patch1,4,219.142,15.412,219.172,10.755
555.100,15.000,stable,11,Patch1,5,226.183,15.103,226.217,10.485
555.100,15.000,stable,11,Patch1,6,232.680,14.439,232.718,9.851
555.100,15.000,stable,11,Patch1,7,238.920,14.439,238.961,9.851
555.100,15.000,stable,11,Patch1,8,245.417,15.103,245.463,10.481
555.100,15.000,stable,11,Patch1,9,252.458,15.412,252.508,10.730
555.100,15.000,stable,11,Patch1,10,259.270,14.023,259.305,9.262
555.100,15.000,stable,11,Patch1,11,265.175,12.646,265.186,7.779
555.100,15.000,stable,11,Patch1,12,270.176,12.296,270.080,7.225
555.100,15.000,stable,11,Patch2,1,278.386,6.780,278.279,1.343
555.100,15.000,stable,11,Patch2,2,284.938,6.780,284.809,0.806
555.100,15.000,stable,11,Patch2,3,291.490,6.780,291.329,0.154
555.100,15.000,stable,11,Patch3,1,180.110,6.780,180.216,1.136
555.100,15.000,stable,11,Patch3,2,186.662,6.780,186.759,1.480
555.100,15.000,stable,11,Patch3,3,193.214,6.780,193.305,1.765
555.100,15.000,stable,11,Patch4,1,193.864,63.795,198.713,35.375
555.100,15.000,stable,11,Patch4,2,200.403,74.302,204.238,46.761
555.100,15.000,stable,11,Patch4,3,207.517,83.117,209.983,56.445
555.100,15.000,stable,11,Patch4,4,214.103,89.009,215.758,63.079
555.100,15.000,stable,11,Patch4,5,219.917,91.354,221.290,66.003
555.100,15.000,stable,11,Patch4,6,225.913,91.721,227.238,66.785
555.100,15.000,stable,11,Patch4,7,232.466,91.609,233.785,66.918
555.100,15.000,stable,11,Patch4,8,239.134,91.609,240.446,67.006
555.100,15.000,stable,11,Patch4,9,245.687,91.721,246.995,67.053
555.100,15.000,stable,11,Patch4,10,251.683,91.354,252.967,66.467
555.100,15.000,stable,11,Patch4,11,257.497,89.009,258.605,63.755
555.100,15.000,stable,11,Patch4,12,264.083,83.117,264.652,57.360
555.100,15.000,stable,11,Patch4,13,271.197,74.302,270.880,47.964
555.100,15.000,stable,11,Patch4,14,277.736,63.795,276.859,36.959
555.100,15.000,stable,12,Outer,1,140.800,36.338,142.202,38.468
555.100,15.000,stable,12,Outer,2,147.145,36.338,147.884,35.646
555.100,15.000,stable,12,Outer,3,153.490,36.338,153.567,32.828
555.100,15.000,stable,12,Outer,4,159.834,36.349,160.349,29.611
555.100,15.000,stable,12,Outer,5,166.165,36.622,165.985,26.725
555.100,15.000,stable,12,Outer,6,172.424,38.961,172.564,25.585
555.100,15.000,stable,12,Outer,7,178.736,44.512,180.787,27.293
555.100,15.000,stable,12,Outer,8,185.083,52.836,189.229,33.375
555.100,15.000,stable,12,Outer,9,191.434,63.259,194.754,44.177
555.100,15.000,stable,12,Outer,10,197.779,72.934,200.079,54.364
555.100,15.000,stable,12,Outer,11,204.137,80.341,205.631,62.331
555.100,15.000,stable,12,Outer,12,210.503,84.728,211.567,67.251
555.100,15.000,stable,12,Outer,13,216.871,86.665,217.781,69.621
555.100,15.000,stable,12,Outer,14,223.243,86.806,224.138,70.079
555.100,15.000,stable,12,Outer,15,229.615,86.600,230.512,70.056
555.100,15.000,stable,12,Outer,16,235.985,86.600,236.881,70.106
555.100,15.000,stable,12,Outer,17,242.357,86.806,243.254,70.234
555.100,15.000,stable,12,Outer,18,248.729,86.665,249.618,69.901
555.100,15.000,stable,12,Outer,19,255.097,84.728,255.891,67.692
555.100,15.000,stable,12,Outer,20,261.463,80.341,261.996,62.983
555.100,15.000,stable,12,Outer,21,267.821,72.934,267.906,55.274
555.100,15.000,stable,12,Outer,22,274.166,63.259,273.794,45.395
555.100,15.000,stable,12,Outer,23,280.517,52.836,281.345,35.850
555.100,15.000,stable,12,Outer,24,286.864,44.512,289.532,29.357
555.100,15.000,stable,12,Outer,25,293.176,38.961,296.897,25.339
555.100,15.000,stable,12,Outer,26,299.435,36.622,303.519,24.484
555.100,15.000,stable,12,Outer,27,305.766,36.349,309.752,25.612
555.100,15.000,stable,12,Outer,28,312.110,36.338,316.461,26.881
555.100,15.000,stable,12,Outer,29,318.455,36.338,322.706,27.997
555.100,15.000,stable,12,Outer,30,324.800,36.338,328.950,29.126
555.100,15.000,stable,12,Plate,1,140.800,33.838,142.202,35.968
555.100,15.000,stable,12,Plate,2,147.145,33.838,147.884,33.147
555.100,15.000,stable,12,Plate,3,153.490,33.838,153.567,30.329
555.100,15.000,stable,12,Plate,4,159.817,28.197,158.668,23.530
555.100,15.000,stable,12,Plate,5,166.191,19.711,165.533,15.436
555.100,15.000,stable,12,Plate,6,172.593,12.908,172.406,9.109
555.100,15.000,stable,12,Plate,7,178.869,9.083,178.898,5.661
555.100,15.000,stable,12,Plate,8,185.214,9.083,185.237,5.928
555.100,15.000,stable,12,Plate,9,191.559,9.083,191.579,6.140
555.100,15.000,stable,12,Plate,10,197.903,9.083,197.924,6.278
555.100,15.000,stable,12,Plate,11,204.337,9.898,204.345,7.183
555.100,15.000,stable,12,Plate,12,210.699,11.442,210.686,8.807
555.100,15.000,stable,12,Plate,13,216.976,12.406,216.953,9.834
555.100,15.000,stable,12,Plate,14,223.291,12.077,223.269,9.544
555.100,15.000,stable,12,Plate,15,229.628,11.591,229.608,9.073
555.100,15.000,stable,12,Plate,16,235.972,11.591,235.951,9.062
555.100,15.000,stable,12,Plate,17,242.309,12.077,242.291,9.508
555.100,15.000,stable,12,Plate,18,248.624,12.406,248.609,9.766
555.100,15.000,stable,12,Plate,19,254.901,11.442,254.868,8.696
555.100,15.000,stable,12,Plate,20,261.263,9.898,261.194,7.014
555.100,15.000,stable,12,Plate,21,267.697,9.083,267.603,6.034
555.100,15.000,stable,12,Plate,22,274.041,9.083,273.944,5.789
555.100,15.000,stable,12,Plate,23,280.386,9.083,280.278,5.426
555.100,15.000,stable,12,Plate,24,286.731,9.083,286.608,4.977
555.100,15.000,stable,12,Plate,25,293.007,12.908,293.415,7.757
555.100,15.000,stable,12,Plate,26,299.409,19.711,301.328,12.723
555.100,15.000,stable,12,Plate,27,305.782,28.197,309.799,19.118
555.100,15.000,stable,12,Plate,28,312.110,33.838,316.461,24.382
555.100,15.000,stable,12,Plate,29,318.455,33.838,322.706,25.497
555.100,15.000,stable,12,Plate,30,324.800,33.838,328.950,26.626
555.100,15.000,stable,12,Inner,1,178.869,11.583,178.898,8.160
555.100,15.000,stable,12,Inner,2,185.214,11.583,185.237,8.427
555.100,15.000,stable,12,Inner,3,191.559,11.583,191.579,8.639
555.100,15.000,stable,12,Inner,4,197.916,16.991,197.788,14.162
555.100,15.000,stable,12,Inner,5,204.271,25.836,204.134,23.009
555.100,15.000,stable,12,Inner,6,210.574,36.031,210.543,33.135
555.100,15.000,stable,12,Inner,7,216.899,44.171,216.981,41.183
555.100,15.000,stable,12,Inner,8,223.248,48.916,223.384,45.853
555.100,15.000,stable,12,Inner,9,229.613,50.905,229.763,47.793
555.100,15.000,stable,12,Inner,10,235.987,50.905,236.137,47.771
555.100,15.000,stable,12,Inner,11,242.352,48.916,242.503,45.788
555.100,15.000,stable,12,Inner,12,248.701,44.171,248.877,41.077
555.100,15.000,stable,12,Inner,13,255.026,36.031,255.268,32.992
555.100,15.000,stable,12,Inner,14,261.329,25.836,261.611,22.825
555.100,15.000,stable,12,Inner,15,267.684,16.991,267.866,13.912
555.100,15.000,stable,12,Inner,16,274.041,11.583,273.944,8.288
555.100,15.000,stable,12,Inner,17,280.386,11.583,280.278,7.925
555.100,15.000,stable,12,Inner,18,286.731,11.583,286.608,7.476
555.100,15.000,stable,12,Patch1,1,198.968,12.307,198.988,9.501
555.100,15.000,stable,12,Patch1,2,203.928,12.540,203.919,9.785
555.100,15.000,stable,12,Patch1,3,210.167,13.884,210.156,11.144
555.100,15.000,stable,12,Patch1,4,216.934,14.905,216.924,12.169
555.100,15.000,stable,12,Patch1,5,223.519,14.565,223.510,11.833
555.100,15.000,stable,12,Patch1,6,229.728,14.087,229.721,11.356
555.100,15.000,stable,12,Patch1,7,235.872,14.087,235.867,11.345
555.100,15.000,stable,12,Patch1,8,242.081,14.565,242.079,11.798
555.100,15.000,stable,12,Patch1,9,248.666,14.905,248.666,12.100
555.100,15.000,stable,12,Patch1,10,255.433,13.884,255.427,11.029
555.100,15.000,stable,12,Patch1,11,261.672,12.540,261.651,9.613
555.100,15.000,stable,12,Patch1,12,266.513,12.265,266.420,9.215
555.100,15.000,stable,12,Patch2,1,274.041,6.584,273.944,3.289
555.100,15.000,stable,12,Patch2,2,280.386,6.584,280.278,2.926
555.100,15.000,stable,12,Patch2,3,286.731,6.584,286.608,2.477
555.100,15.000,stable,12,Patch3,1,178.869,6.584,178.898,3.161
555.100,15.000,stable,12,Patch3,2,185.214,6.584,185.237,3.428
555.100,15.000,stable,12,Patch3,3,191.559,6.584,191.579,3.641
555.100,15.000,stable,12,Patch4,1,192.195,59.733,195.514,40.651
555.100,15.000,stable,12,Patch4,2,198.521,69.365,201.166,50.935
555.100,15.000,stable,12,Patch4,3,205.308,77.430,207.006,59.637
555.100,15.000,stable,12,Patch4,4,211.526,82.448,212.693,65.205
555.100,15.000,stable,12,Patch4,5,217.184,84.185,218.196,67.368
555.100,15.000,stable,12,Patch4,6,223.172,84.309,224.166,67.820
555.100,15.000,stable,12,Patch4,7,229.567,84.106,230.561,67.813
555.100,15.000,stable,12,Patch4,8,236.033,84.106,237.025,67.863
555.100,15.000,stable,12,Patch4,9,242.428,84.309,243.420,67.981
555.100,15.000,stable,12,Patch4,10,248.416,84.185,249.399,67.657
555.100,15.000,stable,12,Patch4,11,254.074,82.448,254.957,65.642
555.100,15.000,stable,12,Patch4,12,260.292,77.430,260.825,60.262
555.100,15.000,stable,12,Patch4,13,267.079,69.365,267.034,51.812
555.100,15.000,stable,12,Patch4,14,273.405,59.733,273.034,41.868
555.100,15.000,stable,13,Outer,1,140.800,34.444,140.326,34.805
555.100,15.000,stable,13,Outer,2,146.938,34.444,146.339,33.574
555.100,15.000,stable,13,Outer,3,153.076,34.444,152.354,32.356
555.100,15.000,stable,13,Outer,4,159.214,34.450,158.884,30.960
555.100,15.000,stable,13,Outer,5,165.341,34.680,164.847,29.565
555.100,15.000,stable,13,Outer,6,171.411,36.754,171.247,29.878
555.100,15.000,stable,13,Outer,7,177.529,42.143,178.475,33.621
555.100,15.000,stable,13,Outer,8,183.673,50.141,185.640,40.670
555.100,15.000,stable,13,Outer,9,189.815,59.656,191.438,50.337
555.100,15.000,stable,13,Outer,10,195.951,68.389,197.127,59.291
555.100,15.000,stable,13,Outer,11,202.099,75.036,202.907,66.204
555.100,15.000,stable,13,Outer,12,208.252,78.465,208.895,69.887
555.100,15.000,stable,13,Outer,13,214.404,79.672,214.999,71.306
555.100,15.000,stable,13,Outer,14,220.563,79.623,221.155,71.419
555.100,15.000,stable,13,Outer,15,226.721,79.394,227.316,71.297
555.100,15.000,stable,13,Outer,16,232.879,79.394,233.472,71.349
555.100,15.000,stable,13,Outer,17,239.037,79.623,239.630,71.580
555.100,15.000,stable,13,Outer,18,245.196,79.672,245.789,71.586
555.100,15.000,stable,13,Outer,19,251.348,78.465,251.923,70.305
555.100,15.000,stable,13,Outer,20,257.501,75.036,258.003,66.777
555.100,15.000,stable,13,Outer,21,263.649,68.389,263.969,60.024
555.100,15.000,stable,13,Outer,22,269.785,59.656,269.850,51.192
555.100,15.000,stable,13,Outer,23,275.927,50.141,276.966,42.408
555.100,15.000,stable,13,Outer,24,282.071,42.143,284.129,35.321
555.100,15.000,stable,13,Outer,25,288.189,36.754,290.658,30.456
555.100,15.000,stable,13,Outer,26,294.259,34.680,296.878,28.899
555.100,15.000,stable,13,Outer,27,300.386,34.450,303.000,29.195
555.100,15.000,stable,13,Outer,28,306.524,34.444,309.235,29.456
555.100,15.000,stable,13,Outer,29,312.662,34.444,315.369,29.539
555.100,15.000,stable,13,Outer,30,318.800,34.444,321.502,29.640
555.100,15.000,stable,13,Plate,1,140.800,31.944,140.326,32.305
555.100,15.000,stable,13,Plate,2,146.938,31.944,146.339,31.074
555.100,15.000,stable,13,Plate,3,153.076,31.944,152.354,29.856
555.100,15.000,stable,13,Plate,4,159.218,26.051,158.129,23.580
555.100,15.000,stable,13,Plate,5,165.375,17.911,164.883,15.925
555.100,15.000,stable,13,Plate,6,171.567,11.900,171.440,10.312
555.100,15.000,stable,13,Plate,7,177.628,8.844,177.628,7.519
555.100,15.000,stable,13,Plate,8,183.766,8.844,183.764,7.686
555.100,15.000,stable,13,Plate,9,189.903,8.844,189.901,7.816
555.100,15.000,stable,13,Plate,10,196.041,8.844,196.041,7.903
555.100,15.000,stable,13,Plate,11,202.269,10.356,202.255,9.470
555.100,15.000,stable,13,Plate,12,208.416,11.878,208.390,11.042
555.100,15.000,stable,13,Plate,13,214.501,12.485,214.471,11.689
555.100,15.000,stable,13,Plate,14,220.611,12.146,220.581,11.378
555.100,15.000,stable,13,Plate,15,226.734,11.785,226.706,11.030
555.100,15.000,stable,13,Plate,16,232.866,11.785,232.837,11.026
555.100,15.000,stable,13,Plate,17,238.989,12.146,238.961,11.363
555.100,15.000,stable,13,Plate,18,245.099,12.485,245.073,11.656
555.100,15.000,stable,13,Plate,19,251.184,11.878,251.150,10.979
555.100,15.000,stable,13,Plate,20,257.331,10.356,257.273,9.363
555.100,15.000,stable,13,Plate,21,263.559,8.844,263.472,7.740
555.100,15.000,stable,13,Plate,22,269.697,8.844,269.608,7.580
555.100,15.000,stable,13,Plate,23,275.834,8.844,275.741,7.345
555.100,15.000,stable,13,Plate,24,281.972,8.844,281.872,7.052
555.100,15.000,stable,13,Plate,25,288.033,11.900,288.177,9.569
555.100,15.000,stable,13,Plate,26,294.225,17.911,295.141,14.665
555.100,15.000,stable,13,Plate,27,300.382,26.051,302.543,21.692
555.100,15.000,stable,13,Plate,28,306.524,31.944,309.235,26.956
555.100,15.000,stable,13,Plate,29,312.662,31.944,315.369,27.039
555.100,15.000,stable,13,Plate,30,318.800,31.944,321.502,27.141
555.100,15.000,stable,13,Inner,1,177.628,11.343,177.628,10.018
555.100,15.000,stable,13,Inner,2,183.766,11.343,183.764,10.185
555.100,15.000,stable,13,Inner,3,189.903,11.343,189.901,10.315
555.100,15.000,stable,13,Inner,4,196.055,17.336,195.946,16.381
555.100,15.000,stable,13,Inner,5,202.202,26.230,202.084,25.278
555.100,15.000,stable,13,Inner,6,208.303,35.700,208.252,34.701
555.100,15.000,stable,13,Inner,7,214.427,42.651,214.448,41.585
555.100,15.000,stable,13,Inner,8,220.568,46.190,220.623,45.063
555.100,15.000,stable,13,Inner,9,226.720,47.487,226.784,46.317
555.100,15.000,stable,13,Inner,10,232.880,47.487,232.944,46.296
555.100,15.000,stable,13,Inner,11,239.032,46.190,239.097,45.003
555.100,15.000,stable,13,Inner,12,245.173,42.651,245.253,41.491
555.100,15.000,stable,13,Inner,13,251.297,35.700,251.424,34.583
555.100,15.000,stable,13,Inner,14,257.398,26.230,257.563,25.140
555.100,15.000,stable,13,Inner,15,263.545,17.336,263.652,16.209
555.100,15.000,stable,13,Inner,16,269.697,11.343,269.608,10.079
555.100,15.000,stable,13,Inner,17,275.834,11.343,275.741,9.844
555.100,15.000,stable,13,Inner,18,281.972,11.343,281.872,9.551
555.100,15.000,stable,13,Patch1,1,196.726,12.121,196.726,11.180
555.100,15.000,stable,13,Patch1,2,201.704,12.960,201.684,12.046
555.100,15.000,stable,13,Patch1,3,207.973,14.338,207.952,13.433
555.100,15.000,stable,13,Patch1,4,214.516,14.985,214.495,14.086
555.100,15.000,stable,13,Patch1,5,220.794,14.636,220.774,13.743
555.100,15.000,stable,13,Patch1,6,226.811,14.280,226.792,13.390
555.100,15.000,stable,13,Patch1,7,232.789,14.280,232.771,13.385
555.100,15.000,stable,13,Patch1,8,238.806,14.636,238.790,13.725
555.100,15.000,stable,13,Patch1,9,245.084,14.985,245.070,14.049
555.100,15.000,stable,13,Patch1,10,251.627,14.338,251.609,13.365
555.100,15.000,stable,13,Patch1,11,257.896,12.960,257.867,11.935
555.100,15.000,stable,13,Patch1,12,262.529,12.029,262.441,10.926
555.100,15.000,stable,13,Patch2,1,269.697,6.344,269.608,5.080
555.100,15.000,stable,13,Patch2,2,275.834,6.344,275.741,4.845
555.100,15.000,stable,13,Patch2,3,281.972,6.344,281.872,4.552
555.100,15.000,stable,13,Patch3,1,177.628,6.344,177.628,5.019
555.100,15.000,stable,13,Patch3,2,183.766,6.344,183.764,5.186
555.100,15.000,stable,13,Patch3,3,189.903,6.344,189.901,5.317
555.100,15.000,stable,13,Patch4,1,190.499,56.177,192.122,46.858
555.100,15.000,stable,13,Patch4,2,196.626,64.869,197.989,55.833
555.100,15.000,stable,13,Patch4,3,203.106,72.103,204.047,63.362
555.100,15.000,stable,13,Patch4,4,208.986,76.076,209.707,67.612
555.100,15.000,stable,13,Patch4,5,214.520,77.176,215.187,68.948
555.100,15.000,stable,13,Patch4,6,220.456,77.128,221.120,69.102
555.100,15.000,stable,13,Patch4,7,226.666,76.901,227.333,69.021
555.100,15.000,stable,13,Patch4,8,232.934,76.901,233.600,69.097
555.100,15.000,stable,13,Patch4,9,239.144,77.128,239.809,69.327
555.100,15.000,stable,13,Patch4,10,245.080,77.176,245.745,69.315
555.100,15.000,stable,13,Patch4,11,250.614,76.076,251.254,68.110
555.100,15.000,stable,13,Patch4,12,256.494,72.103,257.008,63.991
555.100,15.000,stable,13,Patch4,13,262.974,64.869,263.217,56.588
555.100,15.000,stable,13,Patch4,14,269.101,56.177,269.166,47.713
555.100,15.000,stable,14,Outer,1,140.800,32.589,140.800,32.589
555.100,15.000,stable,14,Outer,2,146.731,32.589,146.731,32.589
555.100,15.000,stable,14,Outer,3,152.662,32.589,152.662,32.589
555.100,15.000,stable,14,Outer,4,158.593,32.603,158.593,32.603
555.100,15.000,stable,14,Outer,5,164.515,32.806,164.515,32.806
555.100,15.000,stable,14,Outer,6,170.395,34.726,170.395,34.726
555.100,15.000,stable,14,Outer,7,176.322,40.166,176.322,40.166
555.100,15.000,stable,14,Outer,8,182.263,48.074,182.263,48.074
555.100,15.000,stable,14,Outer,9,188.197,56.720,188.197,56.720
555.100,15.000,stable,14,Outer,10,194.122,64.445,194.122,64.445
555.100,15.000,stable,14,Outer,11,200.059,70.252,200.059,70.252
555.100,15.000,stable,14,Outer,12,205.998,72.433,205.998,72.433
555.100,15.000,stable,14,Outer,13,211.933,72.798,211.933,72.798
555.100,15.000,stable,14,Outer,14,217.879,72.590,217.879,72.590
555.100,15.000,stable,14,Outer,15,223.827,72.385,223.827,72.385
555.100,15.000,stable,14,Outer,16,229.773,72.385,229.773,72.385
555.100,15.000,stable,14,Outer,17,235.721,72.590,235.721,72.590
555.100,15.000,stable,14,Outer,18,241.667,72.798,241.667,72.798
555.100,15.000,stable,14,Outer,19,247.602,72.433,247.602,72.433
555.100,15.000,stable,14,Outer,20,253.541,70.252,253.541,70.252
555.100,15.000,stable,14,Outer,21,259.478,64.445,259.478,64.445
555.100,15.000,stable,14,Outer,22,265.403,56.720,265.403,56.720
555.100,15.000,stable,14,Outer,23,271.337,48.074,271.337,48.074
555.100,15.000,stable,14,Outer,24,277.278,40.166,277.278,40.166
555.100,15.000,stable,14,Outer,25,283.205,34.726,283.205,34.726
555.100,15.000,stable,14,Outer,26,289.085,32.806,289.085,32.806
555.100,15.000,stable,14,Outer,27,295.007,32.603,295.007,32.603
555.100,15.000,stable,14,Outer,28,300.938,32.589,300.938,32.589
555.100,15.000,stable,14,Outer,29,306.869,32.589,306.869,32.589
555.100,15.000,stable,14,Outer,30,312.800,32.589,312.800,32.589
555.100,15.000,stable,14,Plate,1,140.800,30.089,140.800,30.089
555.100,15.000,stable,14,Plate,2,146.731,30.089,146.731,30.089
555.100,15.000,stable,14,Plate,3,152.662,30.089,152.662,30.089
555.100,15.000,stable,14,Plate,4,158.630,23.466,158.630,23.466
555.100,15.000,stable,14,Plate,5,164.566,15.476,164.566,15.476
555.100,15.000,stable,14,Plate,6,170.543,10.498,170.543,10.498
555.100,15.000,stable,14,Plate,7,176.386,8.465,176.386,8.465
555.100,15.000,stable,14,Plate,8,182.317,8.465,182.317,8.465
555.100,15.000,stable,14,Plate,9,188.248,8.465,188.248,8.465
555.100,15.000,stable,14,Plate,10,194.179,8.465,194.179,8.465
555.100,15.000,stable,14,Plate,11,200.208,11.287,200.208,11.287
555.100,15.000,stable,14,Plate,12,206.129,12.876,206.129,12.876
555.100,15.000,stable,14,Plate,13,212.026,13.079,212.026,13.079
555.100,15.000,stable,14,Plate,14,217.932,12.765,217.932,12.765
555.100,15.000,stable,14,Plate,15,223.842,12.517,223.842,12.517
555.100,15.000,stable,14,Plate,16,229.758,12.517,229.758,12.517
555.100,15.000,stable,14,Plate,17,235.668,12.765,235.668,12.765
555.100,15.000,stable,14,Plate,18,241.574,13.079,241.574,13.079
555.100,15.000,stable,14,Plate,19,247.471,12.876,247.471,12.876
555.100,15.000,stable,14,Plate,20,253.392,11.287,253.392,11.287
555.100,15.000,stable,14,Plate,21,259.421,8.465,259.421,8.465
555.100,15.000,stable,14,Plate,22,265.352,8.465,265.352,8.465
555.100,15.000,stable,14,Plate,23,271.283,8.465,271.283,8.465
555.100,15.000,stable,14,Plate,24,277.214,8.465,277.214,8.465
555.100,15.000,stable,14,Plate,25,283.057,10.498,283.057,10.498
555.100,15.000,stable,14,Plate,26,289.034,15.476,289.034,15.476
555.100,15.000,stable,14,Plate,27,294.970,23.466,294.970,23.466
555.100,15.000,stable,14,Plate,28,300.938,30.089,300.938,30.089
555.100,15.000,stable,14,Plate,29,306.869,30.089,306.869,30.089
555.100,15.000,stable,14,Plate,30,312.800,30.089,312.800,30.089
555.100,15.000,stable,14,Inner,1,176.386,10.965,176.386,10.965
555.100,15.000,stable,14,Inner,2,182.317,10.965,182.317,10.965
555.100,15.000,stable,14,Inner,3,188.248,10.965,188.248,10.965
555.100,15.000,stable,14,Inner,4,194.181,18.395,194.181,18.395
555.100,15.000,stable,14,Inner,5,200.124,27.685,200.124,27.685
555.100,15.000,stable,14,Inner,6,206.023,36.503,206.023,36.503
555.100,15.000,stable,14,Inner,7,211.949,42.160,211.949,42.160
555.100,15.000,stable,14,Inner,8,217.889,44.371,217.889,44.371
555.100,15.000,stable,14,Inner,9,223.829,44.863,223.829,44.863
555.100,15.000,stable,14,Inner,10,229.771,44.863,229.771,44.863
555.100,15.000,stable,14,Inner,11,235.711,44.371,235.711,44.371
555.100,15.000,stable,14,Inner,12,241.651,42.160,241.651,42.160
555.100,15.000,stable,14,Inner,13,247.577,36.503,247.577,36.503
555.100,15.000,stable,14,Inner,14,253.476,27.685,253.476,27.685
555.100,15.000,stable,14,Inner,15,259.419,18.395,259.419,18.395
555.100,15.000,stable,14,Inner,16,265.352,10.965,265.352,10.965
555.100,15.000,stable,14,Inner,17,271.283,10.965,271.283,10.965
555.100,15.000,stable,14,Inner,18,277.214,10.965,277.214,10.965
555.100,15.000,stable,14,Patch1,1,194.527,11.749,194.527,11.749
555.100,15.000,stable,14,Patch1,2,199.503,13.847,199.503,13.847
555.100,15.000,stable,14,Patch1,3,205.768,15.349,205.768,15.349
555.100,15.000,stable,14,Patch1,4,212.061,15.578,212.061,15.578
555.100,15.000,stable,14,Patch1,5,218.064,15.255,218.064,15.255
555.100,15.000,stable,14,Patch1,6,223.902,15.011,223.902,15.011
555.100,15.000,stable,14,Patch1,7,229.698,15.011,229.698,15.011
555.100,15.000,stable,14,Patch1,8,235.536,15.255,235.536,15.255
555.100,15.000,stable,14,Patch1,9,241.539,15.578,241.539,15.578
555.100,15.000,stable,14,Patch1,10,247.832,15.349,247.832,15.349
555.100,15.000,stable,14,Patch1,11,254.097,13.847,254.097,13.847
555.100,15.000,stable,14,Patch1,12,258.589,11.661,258.589,11.661
555.100,15.000,stable,14,Patch2,1,265.352,5.966,265.352,5.966
555.100,15.000,stable,14,Patch2,2,271.283,5.966,271.283,5.966
555.100,15.000,stable,14,Patch2,3,277.214,5.966,277.214,5.966
555.100,15.000,stable,14,Patch3,1,176.386,5.966,176.386,5.966
555.100,15.000,stable,14,Patch3,2,182.317,5.966,182.317,5.966
555.100,15.000,stable,14,Patch3,3,188.248,5.966,188.248,5.966
555.100,15.000,stable,14,Patch4,1,188.832,53.294,188.832,53.294
555.100,15.000,stable,14,Patch4,2,194.723,60.974,194.723,60.974
555.100,15.000,stable,14,Patch4,3,200.879,67.299,200.879,67.299
555.100,15.000,stable,14,Patch4,4,206.495,69.984,206.495,69.984
555.100,15.000,stable,14,Patch4,5,211.963,70.299,211.963,70.299
555.100,15.000,stable,14,Patch4,6,217.781,70.094,217.781,70.094
555.100,15.000,stable,14,Patch4,7,223.780,69.891,223.780,69.891
555.100,15.000,stable,14,Patch4,8,229.820,69.891,229.820,69.891
555.100,15.000,stable,14,Patch4,9,235.819,70.094,235.819,70.094
555.100,15.000,stable,14,Patch4,10,241.637,70.299,241.637,70.299
555.100,15.000,stable,14,Patch4,11,247.105,69.984,247.105,69.984
555.100,15.000,stable,14,Patch4,12,252.721,67.299,252.721,67.299
555.100,15.000,stable,14,Patch4,13,258.877,60.974,258.877,60.974
555.100,15.000,stable,14,Patch4,14,264.768,53.294,264.768,53.294
610.200,20.000,snap_through,0,Outer,1,8.827,75.960,8.827,75.960
610.200,20.000,snap_through,0,Outer,2,31.167,75.960,31.167,75.960
610.200,20.000,snap_through,0,Outer,3,53.506,75.960,53.506,75.960
610.200,20.000,snap_through,0,Outer,4,75.846,76.069,75.846,76.069
610.200,20.000,snap_through,0,Outer,5,98.189,76.789,98.189,76.789
610.200,20.000,snap_through,0,Outer,6,120.570,82.461,120.570,82.461
610.200,20.000,snap_through,0,Outer,7,143.062,93.233,143.062,93.233
610.200,20.000,snap_through,0,Outer,8,165.671,108.691,165.671,108.691
610.200,20.000,snap_through,0,Outer,9,188.095,128.159,188.095,128.159
610.200,20.000,snap_through,0,Outer,10,209.549,149.354,209.549,149.354
610.200,20.000,snap_through,0,Outer,11,230.868,167.123,230.868,167.123
610.200,20.000,snap_through,0,Outer,12,252.888,181.257,252.888,181.257
610.200,20.000,snap_through,0,Outer,13,275.747,192.143,275.747,192.143
610.200,20.000,snap_through,0,Outer,14,298.383,199.342,298.383,199.342
610.200,20.000,snap_through,0,Outer,15,321.341,202.746,321.341,202.746
610.200,20.000,snap_through,0,Outer,16,344.159,202.746,344.159,202.746
610.200,20.000,snap_through,0,Outer,17,367.117,199.342,367.117,199.342
610.200,20.000,snap_through,0,Outer,18,389.753,192.143,389.753,192.143
610.200,20.000,snap_through,0,Outer,19,412.612,181.257,412.612,181.257
610.200,20.000,snap_through,0,Outer,20,434.632,167.123,434.632,167.123
610.200,20.000,snap_through,0,Outer,21,455.951,149.354,455.951,149.354
610.200,20.000,snap_through,0,Outer,22,477.405,128.159,477.405,128.159
610.200,20.000,snap_through,0,Outer,23,499.829,108.691,499.829,108.691
610.200,20.000,snap_through,0,Outer,24,522.438,93.233,522.438,93.233
610.200,20.000,snap_through,0,Outer,25,544.930,82.461,544.930,82.461
610.200,20.000,snap_through,0,Outer,26,567.311,76.789,567.311,76.789
610.200,20.000,snap_through,0,Outer,27,589.654,76.069,589.654,76.069
610.200,20.000,snap_through,0,Outer,28,611.994,75.960,611.994,75.960
610.200,20.000,snap_through,0,Outer,29,634.333,75.960,634.333,75.960
610.200,20.000,snap_through,0,Outer,30,656.673,75.960,656.673,75.960
610.200,20.000,snap_through,0,Plate,1,8.827,73.460,8.827,73.460
610.200,20.000,snap_through,0,Plate,2,31.167,73.460,31.167,73.460
610.200,20.000,snap_through,0,Plate,3,53.506,73.460,53.506,73.460
610.200,20.000,snap_through,0,Plate,4,75.958,59.377,75.958,59.377
610.200,20.000,snap_through,0,Plate,5,98.510,40.686,98.510,40.686
610.200,20.000,snap_through,0,Plate,6,120.699,22.912,120.699,22.912
610.200,20.000,snap_through,0,Plate,7,142.864,10.059,142.864,10.059
610.200,20.000,snap_through,0,Plate,8,165.204,10.059,165.204,10.059
610.200,20.000,snap_through,0,Plate,9,187.543,10.059,187.543,10.059
610.200,20.000,snap_through,0,Plate,10,209.883,10.059,209.883,10.059
610.200,20.000,snap_through,0,Plate,11,233.026,13.112,233.026,13.112
610.200,20.000,snap_through,0,Plate,12,255.082,15.438,255.082,15.438
610.200,20.000,snap_through,0,Plate,13,276.273,17.780,276.273,17.780
610.200,20.000,snap_through,0,Plate,14,298.961,20.431,298.961,20.431
610.200,20.000,snap_through,0,Plate,15,321.570,20.203,321.570,20.203
610.200,20.000,snap_through,0,Plate,16,343.930,20.203,343.930,20.203
610.200,20.000,snap_through,0,Plate,17,366.539,20.431,366.539,20.431
610.200,20.000,snap_through,0,Plate,18,389.227,17.780,389.227,17.780
610.200,20.000,snap_through,0,Plate,19,410.418,15.438,410.418,15.438
610.200,20.000,snap_through,0,Plate,20,432.474,13.112,432.474,13.112
610.200,20.000,snap_through,0,Plate,21,455.617,10.059,455.617,10.059
610.200,20.000,snap_through,0,Plate,22,477.957,10.059,477.957,10.059
610.200,20.000,snap_through,0,Plate,23,500.296,10.059,500.296,10.059
610.200,20.000,snap_through,0,Plate,24,522.636,10.059,522.636,10.059
610.200,20.000,snap_through,0,Plate,25,544.801,22.912,544.801,22.912
610.200,20.000,snap_through,0,Plate,26,566.990,40.686,566.990,40.686
610.200,20.000,snap_through,0,Plate,27,589.542,59.377,589.542,59.377
610.200,20.000,snap_through,0,Plate,28,611.994,73.460,611.994,73.460
610.200,20.000,snap_through,0,Plate,29,634.333,73.460,634.333,73.460
610.200,20.000,snap_through,0,Plate,30,656.673,73.460,656.673,73.460
610.200,20.000,snap_through,0,Inner,1,142.864,12.558,142.864,12.558
610.200,20.000,snap_through,0,Inner,2,165.204,12.558,165.204,12.558
610.200,20.000,snap_through,0,Inner,3,187.543,12.558,187.543,12.558
610.200,20.000,snap_through,0,Inner,4,209.883,24.896,209.883,24.896
610.200,20.000,snap_through,0,Inner,5,231.896,42.103,231.896,42.103
610.200,20.000,snap_through,0,Inner,6,253.865,62.568,253.865,62.568
610.200,20.000,snap_through,0,Inner,7,276.210,80.283,276.210,80.283
610.200,20.000,snap_through,0,Inner,8,298.758,93.138,298.758,93.138
610.200,20.000,snap_through,0,Inner,9,321.425,100.183,321.425,100.183
610.200,20.000,snap_through,0,Inner,10,344.075,100.183,344.075,100.183
610.200,20.000,snap_through,0,Inner,11,366.742,93.138,366.742,93.138
610.200,20.000,snap_through,0,Inner,12,389.290,80.283,389.290,80.283
610.200,20.000,snap_through,0,Inner,13,411.635,62.568,411.635,62.568
610.200,20.000,snap_through,0,Inner,14,433.604,42.103,433.604,42.103
610.200,20.000,snap_through,0,Inner,15,455.617,24.896,455.617,24.896
610.200,20.000,snap_through,0,Inner,16,477.957,12.558,477.957,12.558
610.200,20.000,snap_through,0,Inner,17,500.296,12.558,500.296,12.558
610.200,20.000,snap_through,0,Inner,18,522.636,12.558,522.636,12.558
610.200,20.000,snap_through,0,Patch4,1,188.413,125.084,188.413,125.084
610.200,20.000,snap_through,0,Patch4,2,210.092,146.277,210.092,146.277
610.200,20.000,snap_through,0,Patch4,3,231.889,164.475,231.889,164.475
610.200,20.000,snap_through,0,Patch4,4,254.042,179.042,254.042,179.042
610.200,20.000,snap_through,0,Patch4,5,276.598,189.795,276.598,189.795
610.200,20.000,snap_through,0,Patch4,6,298.888,196.896,298.888,196.896
610.200,20.000,snap_through,0,Patch4,7,321.509,200.254,321.509,200.254
610.200,20.000,snap_through,0,Patch4,8,343.991,200.254,343.991,200.254
610.200,20.000,snap_through,0,Patch4,9,366.612,196.896,366.612,196.896
610.200,20.000,snap_through,0,Patch4,10,388.902,189.795,388.902,189.795
610.200,20.000,snap_through,0,Patch4,11,411.458,179.042,411.458,179.042
610.200,20.000,snap_through,0,Patch4,12,433.611,164.475,433.611,164.475
610.200,20.000,snap_through,0,Patch4,13,455.408,146.277,455.408,146.277
610.200,20.000,snap_through,0,Patch4,14,477.087,125.084,477.087,125.084
610.200,20.000,snap_through,1,Outer,1,77.549,64.777,77.333,64.402
610.200,20.000,snap_through,1,Outer,2,93.532,64.777,93.313,64.203
610.200,20.000,snap_through,1,Outer,3,109.515,64.777,109.292,64.099
610.200,20.000,snap_through,1,Outer,4,125.498,64.521,125.199,64.231
610.200,20.000,snap_through,1,Outer,5,141.416,65.072,141.078,65.309
610.200,20.000,snap_through,1,Outer,6,156.991,69.414,156.445,70.319
610.200,20.000,snap_through,1,Outer,7,172.784,77.605,171.830,79.253
610.200,20.000,snap_through,1,Outer,8,188.752,89.060,187.423,91.241
610.200,20.000,snap_through,1,Outer,9,204.704,103.297,203.331,105.609
610.200,20.000,snap_through,1,Outer,10,220.401,118.098,219.453,120.289
610.200,20.000,snap_through,1,Outer,11,236.287,130.947,235.502,133.376
610.200,20.000,snap_through,1,Outer,12,252.472,141.811,251.992,144.441
610.200,20.000,snap_through,1,Outer,13,268.764,149.902,268.592,152.769
610.200,20.000,snap_through,1,Outer,14,284.933,154.466,284.962,157.814
610.200,20.000,snap_through,1,Outer,15,301.187,156.304,301.447,160.003
610.200,20.000,snap_through,1,Outer,16,317.418,156.304,317.922,159.821
610.200,20.000,snap_through,1,Outer,17,333.673,154.466,334.351,157.389
610.200,20.000,snap_through,1,Outer,18,349.841,149.902,350.565,152.176
610.200,20.000,snap_through,1,Outer,19,366.134,141.811,366.813,143.615
610.200,20.000,snap_through,1,Outer,20,382.318,130.947,382.900,132.376
610.200,20.000,snap_through,1,Outer,21,398.204,118.098,398.790,119.340
610.200,20.000,snap_through,1,Outer,22,413.901,103.297,414.600,104.536
610.200,20.000,snap_through,1,Outer,23,429.853,89.060,430.234,89.937
610.200,20.000,snap_through,1,Outer,24,445.821,77.605,446.113,78.346
610.200,20.000,snap_through,1,Outer,25,461.614,69.414,461.823,69.986
610.200,20.000,snap_through,1,Outer,26,477.189,65.072,477.307,65.324
610.200,20.000,snap_through,1,Outer,27,493.108,64.521,493.207,64.392
610.200,20.000,snap_through,1,Outer,28,509.091,64.777,509.156,64.430
610.200,20.000,snap_through,1,Outer,29,525.074,64.777,525.140,64.425
610.200,20.000,snap_through,1,Outer,30,541.057,64.777,541.124,64.440
610.200,20.000,snap_through,1,Plate,1,77.549,62.277,77.333,61.902
610.200,20.000,snap_through,1,Plate,2,93.532,62.277,93.313,61.703
610.200,20.000,snap_through,1,Plate,3,109.515,62.277,109.292,61.600
610.200,20.000,snap_through,1,Plate,4,125.331,52.702,125.116,52.036
610.200,20.000,snap_through,1,Plate,5,141.317,39.783,141.195,39.246
610.200,20.000,snap_through,1,Plate,6,157.419,27.076,157.386,26.700
610.200,20.000,snap_through,1,Plate,7,173.447,17.874,173.480,17.735
610.200,20.000,snap_through,1,Plate,8,189.430,17.874,189.438,18.117
610.200,20.000,snap_through,1,Plate,9,205.413,17.874,205.398,18.048
610.200,20.000,snap_through,1,Plate,10,221.396,17.874,221.352,18.597
610.200,20.000,snap_through,1,Plate,11,237.779,18.127,237.717,19.241
610.200,20.000,snap_through,1,Plate,12,253.530,19.551,253.458,20.771
610.200,20.000,snap_through,1,Plate,13,269.024,22.385,268.990,23.432
610.200,20.000,snap_through,1,Plate,14,285.180,24.741,285.190,25.558
610.200,20.000,snap_through,1,Plate,15,301.286,25.136,301.310,25.881
610.200,20.000,snap_through,1,Plate,16,317.320,25.136,317.358,25.818
610.200,20.000,snap_through,1,Plate,17,333.425,24.741,333.472,25.375
610.200,20.000,snap_through,1,Plate,18,349.582,22.385,349.644,23.103
610.200,20.000,snap_through,1,Plate,19,365.076,19.551,365.146,20.325
610.200,20.000,snap_through,1,Plate,20,380.826,18.127,380.881,18.767
610.200,20.000,snap_through,1,Plate,21,397.210,17.874,397.249,18.158
610.200,20.000,snap_through,1,Plate,22,413.193,17.874,413.204,17.531
610.200,20.000,snap_through,1,Plate,23,429.176,17.874,429.173,17.690
610.200,20.000,snap_through,1,Plate,24,445.159,17.874,445.148,17.665
610.200,20.000,snap_through,1,Plate,25,461.187,27.076,461.149,26.884
610.200,20.000,snap_through,1,Plate,26,477.289,39.783,477.230,39.608
610.200,20.000,snap_through,1,Plate,27,493.274,52.702,493.284,52.443
610.200,20.000,snap_through,1,Plate,28,509.091,62.277,509.156,61.931
610.200,20.000,snap_through,1,Plate,29,525.074,62.277,525.140,61.926
610.200,20.000,snap_through,1,Plate,30,541.057,62.277,541.124,61.941
610.200,20.000,snap_through,1,Inner,1,173.447,20.373,173.480,20.234
610.200,20.000,snap_through,1,Inner,2,189.430,20.373,189.438,20.616
610.200,20.000,snap_through,1,Inner,3,205.413,20.373,205.398,20.547
610.200,20.000,snap_through,1,Inner,4,221.282,28.542,221.620,28.048
610.200,20.000,snap_through,1,Inner,5,236.962,41.133,237.786,39.929
610.200,20.000,snap_through,1,Inner,6,252.622,56.667,253.336,55.538
610.200,20.000,snap_through,1,Inner,7,268.691,71.123,269.006,70.422
610.200,20.000,snap_through,1,Inner,8,284.944,82.136,285.043,81.775
610.200,20.000,snap_through,1,Inner,9,301.191,88.076,301.287,87.788
610.200,20.000,snap_through,1,Inner,10,317.415,88.076,317.533,87.693
610.200,20.000,snap_through,1,Inner,11,333.661,82.136,333.756,81.641
610.200,20.000,snap_through,1,Inner,12,349.915,71.123,349.919,70.491
610.200,20.000,snap_through,1,Inner,13,365.984,56.667,365.860,55.914
610.200,20.000,snap_through,1,Inner,14,381.644,41.133,381.438,40.341
610.200,20.000,snap_through,1,Inner,15,397.324,28.542,397.228,27.959
610.200,20.000,snap_through,1,Inner,16,413.193,20.373,413.204,20.031
610.200,20.000,snap_through,1,Inner,17,429.176,20.373,429.173,20.189
610.200,20.000,snap_through,1,Inner,18,445.159,20.373,445.148,20.165
610.200,20.000,snap_through,1,Patch4,1,205.152,100.067,203.778,102.379
610.200,20.000,snap_through,1,Patch4,2,220.928,114.850,219.689,116.818
610.200,20.000,snap_through,1,Patch4,3,237.461,128.255,236.780,129.514
610.200,20.000,snap_through,1,Patch4,4,253.915,139.776,253.655,140.478
610.200,20.000,snap_through,1,Patch4,5,269.900,147.683,269.844,148.077
610.200,20.000,snap_through,1,Patch4,6,285.568,152.057,285.602,152.299
610.200,20.000,snap_through,1,Patch4,7,301.355,153.819,301.438,153.966
610.200,20.000,snap_through,1,Patch4,8,317.250,153.819,317.364,153.915
610.200,20.000,snap_through,1,Patch4,9,333.037,152.057,333.177,152.175
610.200,20.000,snap_through,1,Patch4,10,348.706,147.683,348.899,147.948
610.200,20.000,snap_through,1,Patch4,11,364.690,139.776,364.995,140.278
610.200,20.000,snap_through,1,Patch4,12,381.145,128.255,381.608,129.018
610.200,20.000,snap_through,1,Patch4,13,397.677,114.850,398.293,115.852
610.200,20.000,snap_through,1,Patch4,14,413.454,100.067,414.153,101.305
610.200,20.000,snap_through,2,Outer,1,120.272,56.940,119.949,56.215
610.200,20.000,snap_through,2,Outer,2,131.971,56.940,131.616,55.339
610.200,20.000,snap_through,2,Outer,3,143.670,56.940,143.290,54.574
610.200,20.000,snap_through,2,Outer,4,155.370,57.063,155.074,54.223
610.200,20.000,snap_through,2,Outer,5,166.967,57.657,166.673,53.919
610.200,20.000,snap_through,2,Outer,6,178.019,62.341,178.009,57.845
610.200,20.000,snap_through,2,Outer,7,189.378,71.204,189.570,66.431
610.200,20.000,snap_through,2,Outer,8,200.927,83.479,201.777,78.024
610.200,20.000,snap_through,2,Outer,9,212.567,98.652,215.887,90.870
610.200,20.000,snap_through,2,Outer,10,224.332,113.744,229.408,104.344
610.200,20.000,snap_through,2,Outer,11,236.418,127.081,241.055,117.991
610.200,20.000,snap_through,2,Outer,12,248.559,138.464,252.201,130.291
610.200,20.000,snap_through,2,Outer,13,260.436,146.453,263.322,139.266
610.200,20.000,snap_through,2,Outer,14,272.249,150.109,274.780,143.897
610.200,20.000,snap_through,2,Outer,15,284.012,151.282,286.387,146.118
610.200,20.000,snap_through,2,Outer,16,295.810,151.282,298.125,147.252
610.200,20.000,snap_through,2,Outer,17,307.573,150.109,309.938,147.194
610.200,20.000,snap_through,2,Outer,18,319.386,146.453,321.993,144.500
610.200,20.000,snap_through,2,Outer,19,331.263,138.464,334.249,137.151
610.200,20.000,snap_through,2,Outer,20,343.404,127.081,346.300,125.699
610.200,20.000,snap_through,2,Outer,21,355.490,113.744,357.947,112.006
610.200,20.000,snap_through,2,Outer,22,367.255,98.652,369.421,96.708
610.200,20.000,snap_through,2,Outer,23,378.895,83.479,379.405,80.406
610.200,20.000,snap_through,2,Outer,24,390.444,71.204,390.974,68.165
610.200,20.000,snap_through,2,Outer,25,401.804,62.341,402.451,59.479
610.200,20.000,snap_through,2,Outer,26,412.855,57.657,413.521,54.871
610.200,20.000,snap_through,2,Outer,27,424.453,57.063,425.105,54.216
610.200,20.000,snap_through,2,Outer,28,436.152,56.940,436.746,53.890
610.200,20.000,snap_through,2,Outer,29,447.851,56.940,448.442,53.769
610.200,20.000,snap_through,2,Outer,30,459.550,56.940,460.140,53.673
610.200,20.000,snap_through,2,Plate,1,120.272,54.440,119.949,53.716
610.200,20.000,snap_through,2,Plate,2,131.971,54.440,131.616,52.840
610.200,20.000,snap_through,2,Plate,3,143.670,54.440,143.290,52.074
610.200,20.000,snap_through,2,Plate,4,155.098,45.050,154.590,42.520
610.200,20.000,snap_through,2,Plate,5,166.705,32.181,166.598,30.021
610.200,20.000,snap_through,2,Plate,6,178.617,19.295,178.815,17.419
610.200,20.000,snap_through,2,Plate,7,190.467,10.016,190.676,8.149
610.200,20.000,snap_through,2,Plate,8,202.167,10.016,202.376,8.075
610.200,20.000,snap_through,2,Plate,9,213.866,10.016,214.076,7.999
610.200,20.000,snap_through,2,Plate,10,225.565,10.016,225.771,7.849
610.200,20.000,snap_through,2,Plate,11,237.394,9.053,237.591,6.797
610.200,20.000,snap_through,2,Plate,12,248.935,10.451,249.124,8.230
610.200,20.000,snap_through,2,Plate,13,260.537,14.254,260.676,12.163
610.200,20.000,snap_through,2,Plate,14,272.295,17.016,272.396,15.040
610.200,20.000,snap_through,2,Plate,15,284.031,17.797,284.121,15.824
610.200,20.000,snap_through,2,Plate,16,295.791,17.797,295.869,15.729
610.200,20.000,snap_through,2,Plate,17,307.527,17.016,307.583,14.776
610.200,20.000,snap_through,2,Plate,18,319.286,14.254,319.278,11.784
610.200,20.000,snap_through,2,Plate,19,330.887,10.451,330.808,7.783
610.200,20.000,snap_through,2,Plate,20,342.428,9.053,342.333,6.270
610.200,20.000,snap_through,2,Plate,21,354.257,10.016,354.163,7.212
610.200,20.000,snap_through,2,Plate,22,365.956,10.016,365.862,7.293
610.200,20.000,snap_through,2,Plate,23,377.656,10.016,377.561,7.431
610.200,20.000,snap_through,2,Plate,24,389.355,10.016,389.260,7.611
610.200,20.000,snap_through,2,Plate,25,401.205,19.295,401.069,16.955
610.200,20.000,snap_through,2,Plate,26,413.117,32.181,413.151,29.691
610.200,20.000,snap_through,2,Plate,27,424.724,45.050,425.148,42.203
610.200,20.000,snap_through,2,Plate,28,436.152,54.440,436.746,51.391
610.200,20.000,snap_through,2,Plate,29,447.851,54.440,448.442,51.269
610.200,20.000,snap_through,2,Plate,30,459.550,54.440,460.140,51.173
610.200,20.000,snap_through,2,Inner,1,190.467,12.515,190.676,10.649
610.200,20.000,snap_through,2,Inner,2,202.167,12.515,202.376,10.574
610.200,20.000,snap_through,2,Inner,3,213.866,12.515,214.076,10.498
610.200,20.000,snap_through,2,Inner,4,225.377,21.289,225.778,19.087
610.200,20.000,snap_through,2,Inner,5,236.825,34.625,237.396,32.290
610.200,20.000,snap_through,2,Inner,6,248.279,51.343,248.885,48.999
610.200,20.000,snap_through,2,Inner,7,260.096,67.318,260.616,65.045
610.200,20.000,snap_through,2,Inner,8,272.065,79.682,272.531,77.463
610.200,20.000,snap_through,2,Inner,9,283.968,86.218,284.435,83.996
610.200,20.000,snap_through,2,Inner,10,295.854,86.218,296.318,83.940
610.200,20.000,snap_through,2,Inner,11,307.757,79.682,308.184,77.342
610.200,20.000,snap_through,2,Inner,12,319.727,67.318,320.047,64.876
610.200,20.000,snap_through,2,Inner,13,331.543,51.343,331.634,48.730
610.200,20.000,snap_through,2,Inner,14,342.998,34.625,342.862,31.857
610.200,20.000,snap_through,2,Inner,15,354.445,21.289,354.278,18.493
610.200,20.000,snap_through,2,Inner,16,365.956,12.515,365.862,9.792
610.200,20.000,snap_through,2,Inner,17,377.656,12.515,377.561,9.931
610.200,20.000,snap_through,2,Inner,18,389.355,12.515,389.260,10.110
610.200,20.000,snap_through,3,Outer,1,125.925,55.852,126.822,55.800
610.200,20.000,snap_through,3,Outer,2,136.184,55.852,136.962,54.273
610.200,20.000,snap_through,3,Outer,3,146.442,55.852,147.109,52.791
610.200,20.000,snap_through,3,Outer,4,156.701,55.862,157.617,51.246
610.200,20.000,snap_through,3,Outer,5,166.853,56.453,167.688,49.930
610.200,20.000,snap_through,3,Outer,6,176.458,61.129,178.107,52.235
610.200,20.000,snap_through,3,Outer,7,186.507,69.999,190.437,57.453
610.200,20.000,snap_through,3,Outer,8,196.724,82.245,204.947,64.048
610.200,20.000,snap_through,3,Outer,9,207.061,97.332,221.435,71.900
610.200,20.000,snap_through,3,Outer,10,217.422,112.082,233.322,85.300
610.200,20.000,snap_through,3,Outer,11,227.987,125.023,240.233,100.323
610.200,20.000,snap_through,3,Outer,12,238.529,134.949,247.298,112.818
610.200,20.000,snap_through,3,Outer,13,248.907,140.950,255.614,121.364
610.200,20.000,snap_through,3,Outer,14,259.221,142.689,265.237,125.424
610.200,20.000,snap_through,3,Outer,15,269.520,143.100,275.232,127.911
610.200,20.000,snap_through,3,Outer,16,279.830,143.100,285.357,129.836
610.200,20.000,snap_through,3,Outer,17,290.129,142.689,295.560,131.263
610.200,20.000,snap_through,3,Outer,18,300.443,140.950,306.015,131.310
610.200,20.000,snap_through,3,Outer,19,310.821,134.949,317.216,127.103
610.200,20.000,snap_through,3,Outer,20,321.363,125.023,329.074,118.880
610.200,20.000,snap_through,3,Outer,21,331.928,112.082,339.682,106.026
610.200,20.000,snap_through,3,Outer,22,342.289,97.332,350.393,91.595
610.200,20.000,snap_through,3,Outer,23,352.626,82.245,352.535,73.430
610.200,20.000,snap_through,3,Outer,24,362.843,69.999,363.266,61.654
610.200,20.000,snap_through,3,Outer,25,372.892,61.129,373.968,53.599
610.200,20.000,snap_through,3,Outer,26,382.497,56.453,383.904,49.691
610.200,20.000,snap_through,3,Outer,27,392.649,55.862,394.069,49.706
610.200,20.000,snap_through,3,Outer,28,402.908,55.852,404.394,50.008
610.200,20.000,snap_through,3,Outer,29,413.166,55.852,414.649,50.221
610.200,20.000,snap_through,3,Outer,30,423.425,55.852,424.905,50.439
610.200,20.000,snap_through,3,Plate,1,125.925,53.352,126.822,53.300
610.200,20.000,snap_through,3,Plate,2,136.184,53.352,136.962,51.773
610.200,20.000,snap_through,3,Plate,3,146.442,53.352,147.109,50.292
610.200,20.000,snap_through,3,Plate,4,156.649,44.647,156.384,40.590
610.200,20.000,snap_through,3,Plate,5,166.923,32.519,166.514,28.332
610.200,20.000,snap_through,3,Plate,6,177.166,20.365,177.137,16.507
610.200,20.000,snap_through,3,Plate,7,187.477,11.755,187.657,8.152
610.200,20.000,snap_through,3,Plate,8,197.735,11.755,197.916,8.173
610.200,20.000,snap_through,3,Plate,9,207.994,11.755,208.174,8.082
610.200,20.000,snap_through,3,Plate,10,218.253,11.755,218.430,8.004
610.200,20.000,snap_through,3,Plate,11,228.511,11.853,228.686,8.079
610.200,20.000,snap_through,3,Plate,12,238.806,13.611,238.976,9.849
610.200,20.000,snap_through,3,Plate,13,248.976,17.194,249.133,13.458
610.200,20.000,snap_through,3,Plate,14,259.220,19.630,259.376,15.898
610.200,20.000,snap_through,3,Plate,15,269.523,20.243,269.681,16.478
610.200,20.000,snap_through,3,Plate,16,279.827,20.243,279.985,16.403
610.200,20.000,snap_through,3,Plate,17,290.130,19.630,290.280,15.670
610.200,20.000,snap_through,3,Plate,18,300.374,17.194,300.486,13.076
610.200,20.000,snap_through,3,Plate,19,310.544,13.611,310.594,9.330
610.200,20.000,snap_through,3,Plate,20,320.839,11.853,320.866,7.452
610.200,20.000,snap_through,3,Plate,21,331.097,11.755,331.122,7.305
610.200,20.000,snap_through,3,Plate,22,341.356,11.755,341.379,7.306
610.200,20.000,snap_through,3,Plate,23,351.615,11.755,351.636,7.320
610.200,20.000,snap_through,3,Plate,24,361.873,11.755,361.895,7.277
610.200,20.000,snap_through,3,Plate,25,372.184,20.365,372.368,15.688
610.200,20.000,snap_through,3,Plate,26,382.427,32.519,383.099,27.414
610.200,20.000,snap_through,3,Plate,27,392.701,44.647,394.084,38.912
610.200,20.000,snap_through,3,Plate,28,402.908,53.352,404.394,47.509
610.200,20.000,snap_through,3,Plate,29,413.166,53.352,414.649,47.722
610.200,20.000,snap_through,3,Plate,30,423.425,53.352,424.905,47.939
610.200,20.000,snap_through,3,Inner,1,187.477,14.255,187.657,10.651
610.200,20.000,snap_through,3,Inner,2,197.735,14.255,197.916,10.672
610.200,20.000,snap_through,3,Inner,3,207.994,14.255,208.174,10.581
610.200,20.000,snap_through,3,Inner,4,217.998,23.409,218.413,19.521
610.200,20.000,snap_through,3,Inner,5,228.126,36.874,228.850,32.737
610.200,20.000,snap_through,3,Inner,6,238.304,53.082,239.238,48.799
610.200,20.000,snap_through,3,Inner,7,248.641,67.467,249.557,63.185
610.200,20.000,snap_through,3,Inner,8,259.066,78.176,259.873,73.992
610.200,20.000,snap_through,3,Inner,9,269.457,83.611,270.201,79.540
610.200,20.000,snap_through,3,Inner,10,279.893,83.611,280.636,79.619
610.200,20.000,snap_through,3,Inner,11,290.284,78.176,291.030,74.199
610.200,20.000,snap_through,3,Inner,12,300.709,67.467,301.369,63.417
610.200,20.000,snap_through,3,Inner,13,311.046,53.082,311.480,48.883
610.200,20.000,snap_through,3,Inner,14,321.224,36.874,321.391,32.520
610.200,20.000,snap_through,3,Inner,15,331.352,23.409,331.419,18.990
610.200,20.000,snap_through,3,Inner,16,341.356,14.255,341.379,9.806
610.200,20.000,snap_through,3,Inner,17,351.615,14.255,351.636,9.819
610.200,20.000,snap_through,3,Inner,18,361.873,14.255,361.895,9.776
610.200,20.000,snap_through,4,Outer,1,134.356,53.446,137.877,55.244
610.200,20.000,snap_through,4,Outer,2,143.244,53.446,146.266,52.337
610.200,20.000,snap_through,4,Outer,3,152.133,53.446,154.658,49.440
610.200,20.000,snap_through,4,Outer,4,161.022,53.479,163.857,46.271
610.200,20.000,snap_through,4,Outer,5,169.826,53.978,172.061,43.110
610.200,20.000,snap_through,4,Outer,6,178.200,58.020,181.305,42.376
610.200,20.000,snap_through,4,Outer,7,186.962,66.355,193.306,43.681
610.200,20.000,snap_through,4,Outer,8,195.825,78.598,208.097,46.705
610.200,20.000,snap_through,4,Outer,9,204.813,94.078,223.617,55.604
610.200,20.000,snap_through,4,Outer,10,213.770,108.981,231.286,71.103
610.200,20.000,snap_through,4,Outer,11,222.787,121.605,235.713,85.852
610.200,20.000,snap_through,4,Outer,12,231.829,130.801,241.458,97.288
610.200,20.000,snap_through,4,Outer,13,240.870,136.104,248.842,104.639
610.200,20.000,snap_through,4,Outer,14,249.861,137.318,257.409,107.577
610.200,20.000,snap_through,4,Outer,15,258.790,137.461,266.187,109.187
610.200,20.000,snap_through,4,Outer,16,267.699,137.461,274.980,110.587
610.200,20.000,snap_through,4,Outer,17,276.628,137.318,283.800,111.949
610.200,20.000,snap_through,4,Outer,18,285.619,136.104,292.851,112.515
610.200,20.000,snap_through,4,Outer,19,294.659,130.801,302.872,109.468
610.200,20.000,snap_through,4,Outer,20,303.702,121.605,313.953,102.925
610.200,20.000,snap_through,4,Outer,21,312.719,108.981,324.381,91.478
610.200,20.000,snap_through,4,Outer,22,321.676,94.078,335.434,78.116
610.200,20.000,snap_through,4,Outer,23,330.664,78.598,329.413,61.266
610.200,20.000,snap_through,4,Outer,24,339.527,66.355,340.023,50.525
610.200,20.000,snap_through,4,Outer,25,348.289,58.020,350.188,43.993
610.200,20.000,snap_through,4,Outer,26,356.663,53.978,359.179,41.652
610.200,20.000,snap_through,4,Outer,27,365.467,53.479,367.920,42.768
610.200,20.000,snap_through,4,Outer,28,374.356,53.446,377.064,44.004
610.200,20.000,snap_through,4,Outer,29,383.244,53.446,385.895,45.002
610.200,20.000,snap_through,4,Outer,30,392.133,53.446,394.729,45.979
610.200,20.000,snap_through,4,Plate,1,134.356,50.946,137.877,52.745
610.200,20.000,snap_through,4,Plate,2,143.244,50.946,146.266,49.838
610.200,20.000,snap_through,4,Plate,3,152.133,50.946,154.658,46.940
610.200,20.000,snap_through,4,Plate,4,160.935,41.987,161.235,36.227
610.200,20.000,snap_through,4,Plate,5,169.835,30.037,169.556,23.859
610.200,20.000,snap_through,4,Plate,6,178.708,18.820,178.699,12.860
610.200,20.000,snap_through,4,Plate,7,187.689,11.067,187.843,5.300
610.200,20.000,snap_through,4,Plate,8,196.578,11.067,196.733,5.334
610.200,20.000,snap_through,4,Plate,9,205.467,11.067,205.622,5.298
610.200,20.000,snap_through,4,Plate,10,214.356,11.067,214.512,5.257
610.200,20.000,snap_through,4,Plate,11,223.227,11.407,223.385,5.576
610.200,20.000,snap_through,4,Plate,12,232.118,13.127,232.282,7.267
610.200,20.000,snap_through,4,Plate,13,240.955,16.523,241.135,10.622
610.200,20.000,snap_through,4,Plate,14,249.868,18.972,250.058,13.032
610.200,20.000,snap_through,4,Plate,15,258.787,19.280,258.978,13.321
610.200,20.000,snap_through,4,Plate,16,267.702,19.280,267.894,13.314
610.200,20.000,snap_through,4,Plate,17,276.621,18.972,276.812,13.002
610.200,20.000,snap_through,4,Plate,18,285.534,16.523,285.723,10.543
610.200,20.000,snap_through,4,Plate,19,294.371,13.127,294.546,7.113
610.200,20.000,snap_through,4,Plate,20,303.262,11.407,303.421,5.313
610.200,20.000,snap_through,4,Plate,21,312.133,11.067,312.287,4.834
610.200,20.000,snap_through,4,Plate,22,321.022,11.067,321.175,4.628
610.200,20.000,snap_through,4,Plate,23,329.911,11.067,330.060,4.347
610.200,20.000,snap_through,4,Plate,24,338.800,11.067,338.942,3.980
610.200,20.000,snap_through,4,Plate,25,347.780,18.820,348.355,11.195
610.200,20.000,snap_through,4,Plate,26,356.654,30.037,358.086,21.665
610.200,20.000,snap_through,4,Plate,27,365.554,41.987,368.122,32.670
610.200,20.000,snap_through,4,Plate,28,374.356,50.946,377.064,41.504
610.200,20.000,snap_through,4,Plate,29,383.244,50.946,385.895,42.502
610.200,20.000,snap_through,4,Plate,30,392.133,50.946,394.729,43.480
610.200,20.000,snap_through,4,Inner,1,187.689,13.566,187.843,7.799
610.200,20.000,snap_through,4,Inner,2,196.578,13.566,196.733,7.833
610.200,20.000,snap_through,4,Inner,3,205.467,13.566,205.622,7.797
610.200,20.000,snap_through,4,Inner,4,214.157,22.510,214.491,16.597
610.200,20.000,snap_through,4,Inner,5,222.950,35.635,223.582,29.510
610.200,20.000,snap_through,4,Inner,6,231.816,51.345,232.731,45.049
610.200,20.000,snap_through,4,Inner,7,240.753,64.804,241.747,58.451
610.200,20.000,snap_through,4,Inner,8,249.750,74.422,250.689,68.115
610.200,20.000,snap_through,4,Inner,9,258.746,79.044,259.629,72.844
610.200,20.000,snap_through,4,Inner,10,267.743,79.044,268.624,72.967
610.200,20.000,snap_through,4,Inner,11,276.739,74.422,277.673,68.451
610.200,20.000,snap_through,4,Inner,12,285.736,64.804,286.725,58.889
610.200,20.000,snap_through,4,Inner,13,294.673,51.345,295.604,45.397
610.200,20.000,snap_through,4,Inner,14,303.539,35.635,304.241,29.566
610.200,20.000,snap_through,4,Inner,15,312.332,22.510,312.789,16.288
610.200,20.000,snap_through,4,Inner,16,321.022,13.566,321.175,7.128
610.200,20.000,snap_through,4,Inner,17,329.911,13.566,330.060,6.846
610.200,20.000,snap_through,4,Inner,18,338.800,13.566,338.942,6.479
610.200,20.000,snap_through,5,Outer,1,139.103,51.144,148.099,55.269
610.200,20.000,snap_through,5,Outer,2,147.130,51.144,154.563,50.553
610.200,20.000,snap_through,5,Outer,3,155.157,51.144,161.017,45.823
610.200,20.000,snap_through,5,Outer,4,163.185,51.147,168.861,40.397
610.200,20.000,snap_through,5,Outer,5,171.136,51.571,175.032,35.427
610.200,20.000,snap_through,5,Outer,6,178.705,55.038,182.653,32.163
610.200,20.000,snap_through,5,Outer,7,186.635,62.402,193.269,30.218
610.200,20.000,snap_through,5,Outer,8,194.627,73.805,207.150,31.122
610.200,20.000,snap_through,5,Outer,9,202.703,88.647,219.967,42.137
610.200,20.000,snap_through,5,Outer,10,210.782,102.845,224.975,57.608
610.200,20.000,snap_through,5,Outer,11,218.904,114.638,230.128,70.886
610.200,20.000,snap_through,5,Outer,12,227.055,123.073,236.441,80.698
610.200,20.000,snap_through,5,Outer,13,235.219,128.009,243.769,86.747
610.200,20.000,snap_through,5,Outer,14,243.357,129.052,251.714,88.761
610.200,20.000,snap_through,5,Outer,15,251.458,129.057,259.759,89.689
610.200,20.000,snap_through,5,Outer,16,259.536,129.057,267.777,90.652
610.200,20.000,snap_through,5,Outer,17,267.637,129.052,275.805,91.715
610.200,20.000,snap_through,5,Outer,18,275.775,128.009,284.008,91.905
610.200,20.000,snap_through,5,Outer,19,283.938,123.073,292.945,88.573
610.200,20.000,snap_through,5,Outer,20,292.089,114.638,302.762,82.174
610.200,20.000,snap_through,5,Outer,21,300.212,102.845,313.219,72.418
610.200,20.000,snap_through,5,Outer,22,308.291,88.647,324.031,60.203
610.200,20.000,snap_through,5,Outer,23,316.367,73.805,314.300,46.402
610.200,20.000,snap_through,5,Outer,24,324.359,62.402,325.130,37.673
610.200,20.000,snap_through,5,Outer,25,332.288,55.038,335.188,33.699
610.200,20.000,snap_through,5,Outer,26,339.858,51.571,343.495,33.223
610.200,20.000,snap_through,5,Outer,27,347.809,51.147,351.095,35.578
610.200,20.000,snap_through,5,Outer,28,355.836,51.144,359.493,38.069
610.200,20.000,snap_through,5,Outer,29,363.863,51.144,367.253,40.119
610.200,20.000,snap_through,5,Outer,30,371.890,51.144,375.020,42.146
610.200,20.000,snap_through,5,Plate,1,139.103,48.644,148.099,52.769
610.200,20.000,snap_through,5,Plate,2,147.130,48.644,154.563,48.053
610.200,20.000,snap_through,5,Plate,3,155.157,48.644,161.017,43.323
610.200,20.000,snap_through,5,Plate,4,163.038,39.501,164.075,31.652
610.200,20.000,snap_through,5,Plate,5,171.064,27.822,170.738,19.147
610.200,20.000,snap_through,5,Plate,6,179.098,17.945,179.055,9.510
610.200,20.000,snap_through,5,Plate,7,187.266,11.272,187.412,3.076
610.200,20.000,snap_through,5,Plate,8,195.293,11.272,195.439,3.193
610.200,20.000,snap_through,5,Plate,9,203.320,11.272,203.467,3.244
610.200,20.000,snap_through,5,Plate,10,211.348,11.272,211.495,3.255
610.200,20.000,snap_through,5,Plate,11,219.344,10.768,219.493,2.738
610.200,20.000,snap_through,5,Plate,12,227.366,12.355,227.525,4.270
610.200,20.000,snap_through,5,Plate,13,235.346,15.204,235.532,7.043
610.200,20.000,snap_through,5,Plate,14,243.396,17.361,243.598,9.149
610.200,20.000,snap_through,5,Plate,15,251.464,17.410,251.667,9.198
610.200,20.000,snap_through,5,Plate,16,259.529,17.410,259.733,9.242
610.200,20.000,snap_through,5,Plate,17,267.597,17.361,267.802,9.263
610.200,20.000,snap_through,5,Plate,18,275.648,15.204,275.874,7.182
610.200,20.000,snap_through,5,Plate,19,283.628,12.355,283.867,4.366
610.200,20.000,snap_through,5,Plate,20,291.649,10.768,291.875,2.709
610.200,20.000,snap_through,5,Plate,21,299.646,11.272,299.884,3.004
610.200,20.000,snap_through,5,Plate,22,307.673,11.272,307.906,2.649
610.200,20.000,snap_through,5,Plate,23,315.700,11.272,315.918,2.150
610.200,20.000,snap_through,5,Plate,24,323.728,11.272,323.921,1.525
610.200,20.000,snap_through,5,Plate,25,331.895,17.945,332.736,7.310
610.200,20.000,snap_through,5,Plate,26,339.930,27.822,341.963,16.067
610.200,20.000,snap_through,5,Plate,27,347.956,39.501,351.640,26.405
610.200,20.000,snap_through,5,Plate,28,355.836,48.644,359.493,35.569
610.200,20.000,snap_through,5,Plate,29,363.863,48.644,367.253,37.619
610.200,20.000,snap_through,5,Plate,30,371.890,48.644,375.020,39.647
610.200,20.000,snap_through,5,Inner,1,187.266,13.771,187.412,5.575
610.200,20.000,snap_through,5,Inner,2,195.293,13.771,195.439,5.692
610.200,20.000,snap_through,5,Inner,3,203.320,13.771,203.467,5.744
610.200,20.000,snap_through,5,Inner,4,211.201,21.536,211.406,13.458
610.200,20.000,snap_through,5,Inner,5,219.131,33.405,219.539,25.184
610.200,20.000,snap_through,5,Inner,6,227.124,48.070,227.831,39.676
610.200,20.000,snap_through,5,Inner,7,235.188,60.797,236.064,52.290
610.200,20.000,snap_through,5,Inner,8,243.304,69.915,244.199,61.388
610.200,20.000,snap_through,5,Inner,9,251.426,74.809,252.284,66.342
610.200,20.000,snap_through,5,Inner,10,259.567,74.809,260.424,66.458
610.200,20.000,snap_through,5,Inner,11,267.689,69.915,268.631,61.709
610.200,20.000,snap_through,5,Inner,12,275.806,60.797,276.892,52.726
610.200,20.000,snap_through,5,Inner,13,283.870,48.070,285.041,40.058
610.200,20.000,snap_through,5,Inner,14,291.863,33.405,292.896,25.327
610.200,20.000,snap_through,5,Inner,15,299.792,21.536,300.513,13.262
610.200,20.000,snap_through,5,Inner,16,307.673,13.771,307.906,5.148
610.200,20.000,snap_through,5,Inner,17,315.700,13.771,315.918,4.649
610.200,20.000,snap_through,5,Inner,18,323.728,13.771,323.921,4.024
610.200,20.000,snap_through,5,Patch4,1,203.387,84.706,220.651,38.197
610.200,20.000,snap_through,5,Patch4,2,211.545,98.880,226.881,53.666
610.200,20.000,snap_through,5,Patch4,3,220.461,111.654,232.894,67.937
610.200,20.000,snap_through,5,Patch4,4,228.676,121.178,239.022,78.836
610.200,20.000,snap_through,5,Patch4,5,236.068,125.666,245.514,84.489
610.200,20.000,snap_through,5,Patch4,6,243.442,126.555,252.676,86.398
610.200,20.000,snap_through,5,Patch4,7,251.445,126.558,260.610,87.381
610.200,20.000,snap_through,5,Patch4,8,259.549,126.558,268.643,88.389
610.200,20.000,snap_through,5,Patch4,9,267.551,126.555,276.562,89.479
610.200,20.000,snap_through,5,Patch4,10,274.926,125.666,283.979,89.736
610.200,20.000,snap_through,5,Patch4,11,282.318,121.178,292.000,86.527
610.200,20.000,snap_through,5,Patch4,12,290.533,111.654,301.686,78.562
610.200,20.000,snap_through,5,Patch4,13,299.449,98.880,312.823,67.739
610.200,20.000,snap_through,5,Patch4,14,307.607,84.706,323.347,56.263
610.200,20.000,snap_through,6,Outer,1,140.814,48.861,157.460,54.132
610.200,20.000,snap_through,6,Outer,2,148.399,48.861,161.822,47.963
610.200,20.000,snap_through,6,Outer,3,155.983,48.861,166.165,41.781
610.200,20.000,snap_through,6,Outer,4,163.567,48.867,172.403,34.364
610.200,20.000,snap_through,6,Outer,5,171.090,49.304,176.525,28.102
610.200,20.000,snap_through,6,Outer,6,178.300,52.818,182.824,23.200
610.200,20.000,snap_through,6,Outer,7,185.796,59.987,192.341,19.168
610.200,20.000,snap_through,6,Outer,8,193.349,71.140,205.791,19.782
610.200,20.000,snap_through,6,Outer,9,200.953,85.537,216.111,32.404
610.200,20.000,snap_through,6,Outer,10,208.574,99.451,220.741,47.515
610.200,20.000,snap_through,6,Outer,11,216.239,110.673,225.980,59.994
610.200,20.000,snap_through,6,Outer,12,223.930,118.367,232.423,68.707
610.200,20.000,snap_through,6,Outer,13,231.633,122.556,239.715,73.533
610.200,20.000,snap_through,6,Outer,14,239.317,123.325,247.334,74.746
610.200,20.000,snap_through,6,Outer,15,246.973,123.248,254.974,75.109
610.200,20.000,snap_through,6,Outer,16,254.599,123.248,262.571,75.679
610.200,20.000,snap_through,6,Outer,17,262.254,123.325,270.172,76.514
610.200,20.000,snap_through,6,Outer,18,269.939,122.556,277.885,76.681
610.200,20.000,snap_through,6,Outer,19,277.641,118.367,286.095,73.626
610.200,20.000,snap_through,6,Outer,20,285.333,110.673,294.919,67.296
610.200,20.000,snap_through,6,Outer,21,292.997,99.451,304.514,57.722
610.200,20.000,snap_through,6,Outer,22,300.618,85.537,314.462,45.418
610.200,20.000,snap_through,6,Outer,23,308.222,71.140,305.480,31.895
610.200,20.000,snap_through,6,Outer,24,315.776,59.987,317.101,25.114
610.200,20.000,snap_through,6,Outer,25,323.271,52.818,327.316,23.355
610.200,20.000,snap_through,6,Outer,26,330.482,49.304,335.238,24.564
610.200,20.000,snap_through,6,Outer,27,338.004,48.867,341.738,28.361
610.200,20.000,snap_through,6,Outer,28,345.589,48.861,349.550,32.482
610.200,20.000,snap_through,6,Outer,29,353.173,48.861,356.348,35.838
610.200,20.000,snap_through,6,Outer,30,360.757,48.861,363.159,39.171
610.200,20.000,snap_through,6,Plate,1,140.814,46.362,157.460,51.632
610.200,20.000,snap_through,6,Plate,2,148.399,46.362,161.822,45.464
610.200,20.000,snap_through,6,Plate,3,155.983,46.362,166.165,39.281
610.200,20.000,snap_through,6,Plate,4,163.422,37.647,165.788,27.854
610.200,20.000,snap_through,6,Plate,5,171.018,26.427,170.675,15.223
610.200,20.000,snap_through,6,Plate,6,178.643,17.017,178.558,6.032
610.200,20.000,snap_through,6,Plate,7,186.320,10.922,186.470,0.245
610.200,20.000,snap_through,6,Plate,8,193.904,10.922,194.051,0.476
610.200,20.000,snap_through,6,Plate,9,201.488,10.922,201.634,0.641
610.200,20.000,snap_through,6,Plate,10,209.072,10.922,209.219,0.753
610.200,20.000,snap_through,6,Plate,11,216.654,10.553,216.805,0.450
610.200,20.000,snap_through,6,Plate,12,224.233,12.206,224.386,2.102
610.200,20.000,snap_through,6,Plate,13,231.752,14.804,231.920,4.661
610.200,20.000,snap_through,6,Plate,14,239.347,16.471,239.522,6.303
610.200,20.000,snap_through,6,Plate,15,246.970,16.144,247.147,5.993
610.200,20.000,snap_through,6,Plate,16,254.602,16.144,254.780,6.038
610.200,20.000,snap_through,6,Plate,17,262.224,16.471,262.402,6.424
610.200,20.000,snap_through,6,Plate,18,269.819,14.804,270.012,4.818
610.200,20.000,snap_through,6,Plate,19,277.338,12.206,277.537,2.231
610.200,20.000,snap_through,6,Plate,20,284.918,10.553,285.093,0.465
610.200,20.000,snap_through,6,Plate,21,292.499,10.922,292.686,0.547
610.200,20.000,snap_through,6,Plate,22,300.083,10.922,300.259,0.089
610.200,20.000,snap_through,6,Plate,23,307.667,10.922,307.818,-0.545
610.200,20.000,snap_through,6,Plate,24,315.252,10.922,315.361,-1.343
610.200,20.000,snap_through,6,Plate,25,322.928,17.017,323.892,3.485
610.200,20.000,snap_through,6,Plate,26,330.553,26.427,333.196,11.228
610.200,20.000,snap_through,6,Plate,27,338.149,37.647,342.895,20.675
610.200,20.000,snap_through,6,Plate,28,345.589,46.362,349.550,29.983
610.200,20.000,snap_through,6,Plate,29,353.173,46.362,356.348,33.339
610.200,20.000,snap_through,6,Plate,30,360.757,46.362,363.159,36.671
610.200,20.000,snap_through,6,Inner,1,186.320,13.421,186.470,2.744
610.200,20.000,snap_through,6,Inner,2,193.904,13.421,194.051,2.976
610.200,20.000,snap_through,6,Inner,3,201.488,13.421,201.634,3.140
610.200,20.000,snap_through,6,Inner,4,208.961,20.923,209.067,10.670
610.200,20.000,snap_through,6,Inner,5,216.476,32.251,216.740,21.889
610.200,20.000,snap_through,6,Inner,6,224.002,46.385,224.569,35.856
610.200,20.000,snap_through,6,Inner,7,231.603,58.594,232.350,47.949
610.200,20.000,snap_through,6,Inner,8,239.273,67.257,240.040,56.592
610.200,20.000,snap_through,6,Inner,9,246.945,71.981,247.681,61.364
610.200,20.000,snap_through,6,Inner,10,254.626,71.981,255.361,61.443
610.200,20.000,snap_through,6,Inner,11,262.299,67.257,263.088,56.810
610.200,20.000,snap_through,6,Inner,12,269.968,58.594,270.866,48.248
610.200,20.000,snap_through,6,Inner,13,277.570,46.385,278.600,36.125
610.200,20.000,snap_through,6,Inner,14,285.095,32.251,286.113,21.988
610.200,20.000,snap_through,6,Inner,15,292.611,20.923,293.357,10.489
610.200,20.000,snap_through,6,Inner,16,300.083,13.421,300.259,2.588
610.200,20.000,snap_through,6,Inner,17,307.667,13.421,307.818,1.955
610.200,20.000,snap_through,6,Inner,18,315.252,13.421,315.361,1.156
610.200,20.000,snap_through,6,Patch4,1,201.724,81.613,216.881,28.480
610.200,20.000,snap_through,6,Patch4,2,209.407,95.502,222.453,43.772
610.200,20.000,snap_through,6,Patch4,3,217.741,107.665,228.375,57.198
610.200,20.000,snap_through,6,Patch4,4,225.445,116.390,234.693,66.904
610.200,20.000,snap_through,6,Patch4,5,232.364,120.175,241.159,71.367
610.200,20.000,snap_through,6,Patch4,6,239.343,120.828,248.064,72.499
610.200,20.000,snap_through,6,Patch4,7,246.943,120.748,255.650,72.865
610.200,20.000,snap_through,6,Patch4,8,254.628,120.748,263.308,73.434
610.200,20.000,snap_through,6,Patch4,9,262.228,120.828,270.856,74.272
610.200,20.000,snap_through,6,Patch4,10,269.208,120.175,277.858,74.480
610.200,20.000,snap_through,6,Patch4,11,276.126,116.390,285.214,71.660
610.200,20.000,snap_through,6,Patch4,12,283.830,107.665,294.085,64.168
610.200,20.000,snap_through,6,Patch4,13,292.164,95.502,304.256,53.551
610.200,20.000,snap_through,6,Patch4,14,299.848,81.613,313.691,41.494
610.200,20.000,snap_through,7,Outer,1,140.935,46.603,164.704,51.908
610.200,20.000,snap_through,7,Outer,2,148.295,46.603,167.169,44.989
610.200,20.000,snap_through,7,Outer,3,155.656,46.603,169.603,38.059
610.200,20.000,snap_through,7,Outer,4,163.017,46.650,174.245,29.332
610.200,20.000,snap_through,7,Outer,5,170.328,47.138,176.635,22.427
610.200,20.000,snap_through,7,Outer,6,177.390,50.978,181.911,16.392
610.200,20.000,snap_through,7,Outer,7,184.675,58.361,190.588,10.753
610.200,20.000,snap_through,7,Outer,8,192.017,69.673,203.964,12.232
610.200,20.000,snap_through,7,Outer,9,199.381,84.061,212.253,26.082
610.200,20.000,snap_through,7,Outer,10,206.763,97.886,217.053,40.982
610.200,20.000,snap_through,7,Outer,11,214.185,108.569,222.514,52.762
610.200,20.000,snap_through,7,Outer,12,221.643,115.531,228.957,60.637
610.200,20.000,snap_through,7,Outer,13,229.105,119.001,236.092,64.699
610.200,20.000,snap_through,7,Outer,14,236.547,119.495,243.493,65.548
610.200,20.000,snap_through,7,Outer,15,243.968,119.380,250.908,65.669
610.200,20.000,snap_through,7,Outer,16,251.363,119.380,258.296,65.891
610.200,20.000,snap_through,7,Outer,17,258.783,119.495,265.702,66.286
610.200,20.000,snap_through,7,Outer,18,266.226,119.001,273.155,66.169
610.200,20.000,snap_through,7,Outer,19,273.688,115.531,280.821,63.190
610.200,20.000,snap_through,7,Outer,20,281.146,108.569,288.806,56.858
610.200,20.000,snap_through,7,Outer,21,288.568,97.886,297.238,46.973
610.200,20.000,snap_through,7,Outer,22,295.950,84.061,305.989,33.988
610.200,20.000,snap_through,7,Outer,23,303.314,69.673,300.475,18.817
610.200,20.000,snap_through,7,Outer,24,310.656,58.361,312.928,13.709
610.200,20.000,snap_through,7,Outer,25,317.941,50.978,323.263,14.437
610.200,20.000,snap_through,7,Outer,26,325.003,47.138,330.738,17.371
610.200,20.000,snap_through,7,Outer,27,332.314,46.650,335.994,22.471
610.200,20.000,snap_through,7,Outer,28,339.675,46.603,343.104,28.136
610.200,20.000,snap_through,7,Outer,29,347.036,46.603,348.962,32.589
610.200,20.000,snap_through,7,Outer,30,354.396,46.603,354.837,37.019
610.200,20.000,snap_through,7,Plate,1,140.935,44.104,164.704,49.408
610.200,20.000,snap_through,7,Plate,2,148.295,44.104,167.169,42.489
610.200,20.000,snap_through,7,Plate,3,155.656,44.104,169.603,35.559
610.200,20.000,snap_through,7,Plate,4,162.940,36.235,167.265,25.143
610.200,20.000,snap_through,7,Plate,5,170.329,25.410,170.311,12.444
610.200,20.000,snap_through,7,Plate,6,177.722,15.979,177.727,3.036
610.200,20.000,snap_through,7,Plate,7,185.099,10.047,185.293,-2.651
610.200,20.000,snap_through,7,Plate,8,192.460,10.047,192.650,-2.396
610.200,20.000,snap_through,7,Plate,9,199.821,10.047,200.007,-2.166
610.200,20.000,snap_through,7,Plate,10,207.181,10.047,207.366,-1.954
610.200,20.000,snap_through,7,Plate,11,214.575,10.232,214.755,-1.594
610.200,20.000,snap_through,7,Plate,12,221.938,12.044,222.092,0.325
610.200,20.000,snap_through,7,Plate,13,229.213,14.357,229.348,2.702
610.200,20.000,snap_through,7,Plate,14,236.567,15.703,236.693,4.110
610.200,20.000,snap_through,7,Plate,15,243.962,15.164,244.095,3.650
610.200,20.000,snap_through,7,Plate,16,251.369,15.164,251.504,3.718
610.200,20.000,snap_through,7,Plate,17,258.764,15.703,258.898,4.298
610.200,20.000,snap_through,7,Plate,18,266.118,14.357,266.256,2.962
610.200,20.000,snap_through,7,Plate,19,273.392,12.044,273.511,0.583
610.200,20.000,snap_through,7,Plate,20,280.756,10.232,280.821,-1.439
610.200,20.000,snap_through,7,Plate,21,288.150,10.047,288.194,-2.031
610.200,20.000,snap_through,7,Plate,22,295.510,10.047,295.529,-2.651
610.200,20.000,snap_through,7,Plate,23,302.871,10.047,302.844,-3.467
610.200,20.000,snap_through,7,Plate,24,310.232,10.047,310.139,-4.454
610.200,20.000,snap_through,7,Plate,25,317.609,15.979,318.451,0.071
610.200,20.000,snap_through,7,Plate,26,325.002,25.410,327.660,7.730
610.200,20.000,snap_through,7,Plate,27,332.391,36.235,337.084,16.829
610.200,20.000,snap_through,7,Plate,28,339.675,44.104,343.104,25.637
610.200,20.000,snap_through,7,Plate,29,347.036,44.104,348.962,30.089
610.200,20.000,snap_through,7,Plate,30,354.396,44.104,354.837,34.519
610.200,20.000,snap_through,7,Inner,1,185.099,12.546,185.293,-0.152
610.200,20.000,snap_through,7,Inner,2,192.460,12.546,192.650,0.104
610.200,20.000,snap_through,7,Inner,3,199.821,12.546,200.007,0.334
610.200,20.000,snap_through,7,Inner,4,207.092,20.251,207.037,8.202
610.200,20.000,snap_through,7,Inner,5,214.424,31.339,214.174,19.410
610.200,20.000,snap_through,7,Inner,6,221.701,45.264,221.367,33.367
610.200,20.000,snap_through,7,Inner,7,229.055,57.365,229.038,45.258
610.200,20.000,snap_through,7,Inner,8,236.502,65.934,236.918,53.421
610.200,20.000,snap_through,7,Inner,9,243.946,70.696,244.554,57.866
610.200,20.000,snap_through,7,Inner,10,251.385,70.696,251.994,57.905
610.200,20.000,snap_through,7,Inner,11,258.829,65.934,259.685,53.552
610.200,20.000,snap_through,7,Inner,12,266.276,57.365,267.670,45.487
610.200,20.000,snap_through,7,Inner,13,273.630,45.264,275.409,33.636
610.200,20.000,snap_through,7,Inner,14,280.907,31.339,282.420,19.585
610.200,20.000,snap_through,7,Inner,15,288.239,20.251,289.137,8.122
610.200,20.000,snap_through,7,Inner,16,295.510,12.546,295.529,-0.152
610.200,20.000,snap_through,7,Inner,17,302.871,12.546,302.844,-0.967
610.200,20.000,snap_through,7,Inner,18,310.232,12.546,310.139,-1.954
610.200,20.000,snap_through,8,Outer,1,140.800,44.486,165.003,48.903
610.200,20.000,snap_through,8,Outer,2,147.972,44.486,166.761,41.953
610.200,20.000,snap_through,8,Outer,3,155.145,44.486,168.492,34.997
610.200,20.000,snap_through,8,Outer,4,162.317,44.486,172.462,26.022
610.200,20.000,snap_through,8,Outer,5,169.451,44.938,174.191,19.088
610.200,20.000,snap_through,8,Outer,6,176.385,48.534,178.837,12.810
610.200,20.000,snap_through,8,Outer,7,183.485,55.637,187.060,7.048
610.200,20.000,snap_through,8,Outer,8,190.649,66.387,199.540,9.819
610.200,20.000,snap_through,8,Outer,9,197.821,79.967,206.413,23.518
610.200,20.000,snap_through,8,Outer,10,204.997,92.819,212.259,37.005
610.200,20.000,snap_through,8,Outer,11,212.207,102.604,218.545,47.388
610.200,20.000,snap_through,8,Outer,12,219.461,109.072,225.360,54.306
610.200,20.000,snap_through,8,Outer,13,226.726,112.352,232.541,57.755
610.200,20.000,snap_through,8,Outer,14,233.970,112.755,239.774,58.273
610.200,20.000,snap_through,8,Outer,15,241.195,112.624,246.998,58.292
610.200,20.000,snap_through,8,Outer,16,248.405,112.624,254.204,58.506
610.200,20.000,snap_through,8,Outer,17,255.630,112.755,261.416,58.949
610.200,20.000,snap_through,8,Outer,18,262.874,112.352,268.668,58.945
610.200,20.000,snap_through,8,Outer,19,270.139,109.072,276.093,56.078
610.200,20.000,snap_through,8,Outer,20,277.393,102.604,283.552,49.887
610.200,20.000,snap_through,8,Outer,21,284.603,92.819,290.732,40.121
610.200,20.000,snap_through,8,Outer,22,291.779,79.967,297.374,27.026
610.200,20.000,snap_through,8,Outer,23,298.951,66.387,298.636,11.776
610.200,20.000,snap_through,8,Outer,24,306.115,55.637,310.237,6.189
610.200,20.000,snap_through,8,Outer,25,313.215,48.534,320.020,8.399
610.200,20.000,snap_through,8,Outer,26,320.149,44.938,326.687,12.470
610.200,20.000,snap_through,8,Outer,27,327.283,44.486,331.010,18.168
610.200,20.000,snap_through,8,Outer,28,334.455,44.486,337.439,24.733
610.200,20.000,snap_through,8,Outer,29,341.628,44.486,342.498,29.817
610.200,20.000,snap_through,8,Outer,30,348.800,44.486,347.577,34.881
610.200,20.000,snap_through,8,Plate,1,140.800,41.986,165.003,46.403
610.200,20.000,snap_through,8,Plate,2,147.972,41.986,166.761,39.454
610.200,20.000,snap_through,8,Plate,3,155.145,41.986,168.492,32.498
610.200,20.000,snap_through,8,Plate,4,162.259,34.978,166.211,22.850
610.200,20.000,snap_through,8,Plate,5,169.461,24.933,169.410,11.011
610.200,20.000,snap_through,8,Plate,6,176.673,16.062,176.690,2.199
610.200,20.000,snap_through,8,Plate,7,183.834,10.414,184.051,-3.185
610.200,20.000,snap_through,8,Plate,8,191.007,10.414,191.218,-2.888
610.200,20.000,snap_through,8,Plate,9,198.179,10.414,198.385,-2.605
610.200,20.000,snap_through,8,Plate,10,205.352,10.414,205.553,-2.353
610.200,20.000,snap_through,8,Plate,11,212.585,10.646,212.777,-1.909
610.200,20.000,snap_through,8,Plate,12,219.768,12.277,219.923,-0.116
610.200,20.000,snap_through,8,Plate,13,226.842,14.386,226.960,2.116
610.200,20.000,snap_through,8,Plate,14,234.002,15.464,234.105,3.303
610.200,20.000,snap_through,8,Plate,15,241.200,14.968,241.310,2.908
610.200,20.000,snap_through,8,Plate,16,248.400,14.968,248.512,2.981
610.200,20.000,snap_through,8,Plate,17,255.598,15.464,255.709,3.511
610.200,20.000,snap_through,8,Plate,18,262.758,14.386,262.870,2.422
610.200,20.000,snap_through,8,Plate,19,269.831,12.277,269.917,0.216
610.200,20.000,snap_through,8,Plate,20,277.015,10.646,277.041,-1.667
610.200,20.000,snap_through,8,Plate,21,284.248,10.414,284.246,-2.369
610.200,20.000,snap_through,8,Plate,22,291.421,10.414,291.386,-3.084
610.200,20.000,snap_through,8,Plate,23,298.593,10.414,298.496,-4.035
610.200,20.000,snap_through,8,Plate,24,305.766,10.414,305.580,-5.165
610.200,20.000,snap_through,8,Plate,25,312.927,16.062,313.776,-1.159
610.200,20.000,snap_through,8,Plate,26,320.139,24.933,322.927,5.692
610.200,20.000,snap_through,8,Plate,27,327.341,34.978,332.154,13.909
610.200,20.000,snap_through,8,Plate,28,334.455,41.986,337.439,22.233
610.200,20.000,snap_through,8,Plate,29,341.628,41.986,342.498,27.318
610.200,20.000,snap_through,8,Plate,30,348.800,41.986,347.577,32.381
610.200,20.000,snap_through,8,Inner,1,183.834,12.913,184.051,-0.686
610.200,20.000,snap_through,8,Inner,2,191.007,12.913,191.218,-0.389
610.200,20.000,snap_through,8,Inner,3,198.179,12.913,198.385,-0.106
610.200,20.000,snap_through,8,Inner,4,205.286,19.747,205.170,6.963
610.200,20.000,snap_through,8,Inner,5,212.446,30.039,212.045,17.445
610.200,20.000,snap_through,8,Inner,6,219.527,43.079,218.991,30.546
610.200,20.000,snap_through,8,Inner,7,226.665,54.638,226.471,41.873
610.200,20.000,snap_through,8,Inner,8,233.921,62.802,234.222,49.559
610.200,20.000,snap_through,8,Inner,9,241.177,67.177,241.718,53.508
610.200,20.000,snap_through,8,Inner,10,248.423,67.177,248.968,53.515
610.200,20.000,snap_through,8,Inner,11,255.679,62.802,256.495,49.624
610.200,20.000,snap_through,8,Inner,12,262.935,54.638,264.374,42.069
610.200,20.000,snap_through,8,Inner,13,270.073,43.079,272.014,30.850
610.200,20.000,snap_through,8,Inner,14,277.154,30.039,278.837,17.686
610.200,20.000,snap_through,8,Inner,15,284.314,19.747,285.281,6.933
610.200,20.000,snap_through,8,Inner,16,291.421,12.913,291.386,-0.585
610.200,20.000,snap_through,8,Inner,17,298.593,12.913,298.496,-1.536
610.200,20.000,snap_through,8,Inner,18,305.766,12.913,305.580,-2.666
610.200,20.000,snap_through,8,Patch4,1,198.650,76.192,207.243,19.743
610.200,20.000,snap_through,8,Patch4,2,205.814,89.002,213.153,33.497
610.200,20.000,snap_through,8,Patch4,3,213.606,99.631,219.607,44.890
610.200,20.000,snap_through,8,Patch4,4,220.866,107.014,226.612,52.472
610.200,20.000,snap_through,8,Patch4,5,227.323,109.930,232.993,55.540
610.200,20.000,snap_through,8,Patch4,6,233.951,110.256,239.609,56.023
610.200,20.000,snap_through,8,Patch4,7,241.166,110.124,246.825,56.049
610.200,20.000,snap_through,8,Patch4,8,248.434,110.124,254.091,56.232
610.200,20.000,snap_through,8,Patch4,9,255.649,110.256,261.299,56.605
610.200,20.000,snap_through,8,Patch4,10,262.277,109.930,267.935,56.581
610.200,20.000,snap_through,8,Patch4,11,268.734,107.014,274.536,54.030
610.200,20.000,snap_through,8,Patch4,12,275.994,99.631,282.134,47.043
610.200,20.000,snap_through,8,Patch4,13,283.786,89.002,289.822,36.398
610.200,20.000,snap_through,8,Patch4,14,290.950,76.192,296.545,23.251
610.200,20.000,snap_through,9,Outer,1,140.800,42.310,159.535,45.873
610.200,20.000,snap_through,9,Outer,2,147.766,42.310,161.951,39.340
610.200,20.000,snap_through,9,Outer,3,154.731,42.310,164.355,32.803
610.200,20.000,snap_through,9,Outer,4,161.697,42.332,169.004,24.531
610.200,20.000,snap_through,9,Outer,5,168.631,42.750,171.515,18.050
610.200,20.000,snap_through,9,Outer,6,175.408,46.100,176.745,12.588
610.200,20.000,snap_through,9,Outer,7,182.311,52.853,185.413,8.334
610.200,20.000,snap_through,9,Outer,8,189.271,63.008,197.063,12.107
610.200,20.000,snap_through,9,Outer,9,196.244,75.938,203.869,25.059
610.200,20.000,snap_through,9,Outer,10,203.211,87.950,209.832,37.543
610.200,20.000,snap_through,9,Outer,11,210.200,97.141,215.950,47.295
610.200,20.000,snap_through,9,Outer,12,217.226,103.089,222.445,53.797
610.200,20.000,snap_through,9,Outer,13,224.259,106.416,229.264,57.531
610.200,20.000,snap_through,9,Outer,14,231.284,106.915,236.257,58.349
610.200,20.000,snap_through,9,Outer,15,238.297,106.818,243.266,58.530
610.200,20.000,snap_through,9,Outer,16,245.303,106.818,250.265,58.793
610.200,20.000,snap_through,9,Outer,17,252.316,106.915,257.270,59.111
610.200,20.000,snap_through,9,Outer,18,259.341,106.416,264.298,58.717
610.200,20.000,snap_through,9,Outer,19,266.374,103.089,271.265,55.279
610.200,20.000,snap_through,9,Outer,20,273.400,97.141,277.879,48.901
610.200,20.000,snap_through,9,Outer,21,280.389,87.950,283.945,39.109
610.200,20.000,snap_through,9,Outer,22,287.356,75.938,289.531,26.434
610.200,20.000,snap_through,9,Outer,23,294.329,63.008,295.210,12.932
610.200,20.000,snap_through,9,Outer,24,301.289,52.853,305.423,6.134
610.200,20.000,snap_through,9,Outer,25,308.192,46.100,315.013,7.115
610.200,20.000,snap_through,9,Outer,26,314.969,42.750,321.786,10.474
610.200,20.000,snap_through,9,Outer,27,321.903,42.332,326.416,15.654
610.200,20.000,snap_through,9,Outer,28,328.869,42.310,332.912,21.726
610.200,20.000,snap_through,9,Outer,29,335.834,42.310,337.818,26.670
610.200,20.000,snap_through,9,Outer,30,342.800,42.310,342.739,31.598
610.200,20.000,snap_through,9,Plate,1,140.800,39.810,159.535,43.373
610.200,20.000,snap_through,9,Plate,2,147.766,39.810,161.951,36.840
610.200,20.000,snap_through,9,Plate,3,154.731,39.810,164.355,30.303
610.200,20.000,snap_through,9,Plate,4,161.643,33.056,163.520,20.749
610.200,20.000,snap_through,9,Plate,5,168.635,23.219,168.333,9.726
610.200,20.000,snap_through,9,Plate,6,175.651,14.980,175.597,1.710
610.200,20.000,snap_through,9,Plate,7,182.593,9.786,182.805,-3.105
610.200,20.000,snap_through,9,Plate,8,189.559,9.786,189.760,-2.728
610.200,20.000,snap_through,9,Plate,9,196.524,9.786,196.718,-2.398
610.200,20.000,snap_through,9,Plate,10,203.490,9.786,203.678,-2.112
610.200,20.000,snap_through,9,Plate,11,210.535,10.425,210.697,-1.218
610.200,20.000,snap_through,9,Plate,12,217.503,12.107,217.613,0.672
610.200,20.000,snap_through,9,Plate,13,224.380,13.884,224.445,2.619
610.200,20.000,snap_through,9,Plate,14,231.330,14.414,231.384,3.300
610.200,20.000,snap_through,9,Plate,15,238.311,13.829,238.375,2.838
610.200,20.000,snap_through,9,Plate,16,245.289,13.829,245.355,2.907
610.200,20.000,snap_through,9,Plate,17,252.270,14.414,252.337,3.492
610.200,20.000,snap_through,9,Plate,18,259.220,13.884,259.282,2.886
610.200,20.000,snap_through,9,Plate,19,266.097,12.107,266.113,0.939
610.200,20.000,snap_through,9,Plate,20,273.065,10.425,273.000,-1.052
610.200,20.000,snap_through,9,Plate,21,280.110,9.786,279.984,-2.179
610.200,20.000,snap_through,9,Plate,22,287.076,9.786,286.915,-2.869
610.200,20.000,snap_through,9,Plate,23,294.041,9.786,293.818,-3.805
610.200,20.000,snap_through,9,Plate,24,301.007,9.786,300.686,-4.964
610.200,20.000,snap_through,9,Plate,25,307.949,14.980,308.716,-1.701
610.200,20.000,snap_through,9,Plate,26,314.965,23.219,317.902,4.015
610.200,20.000,snap_through,9,Plate,27,321.957,33.056,327.425,11.421
610.200,20.000,snap_through,9,Plate,28,328.869,39.810,332.912,19.227
610.200,20.000,snap_through,9,Plate,29,335.834,39.810,337.818,24.170
610.200,20.000,snap_through,9,Plate,30,342.800,39.810,342.739,29.098
610.200,20.000,snap_through,9,Inner,1,182.593,12.285,182.805,-0.606
610.200,20.000,snap_through,9,Inner,2,189.559,12.285,189.760,-0.229
610.200,20.000,snap_through,9,Inner,3,196.524,12.285,196.718,0.101
610.200,20.000,snap_through,9,Inner,4,203.446,18.978,203.398,6.970
610.200,20.000,snap_through,9,Inner,5,210.412,28.936,210.375,16.920
610.200,20.000,snap_through,9,Inner,6,217.304,41.339,217.481,29.202
610.200,20.000,snap_through,9,Inner,7,224.237,52.206,224.614,39.939
610.200,20.000,snap_through,9,Inner,8,231.262,59.618,231.709,47.284
610.200,20.000,snap_through,9,Inner,9,238.289,63.328,238.739,50.989
610.200,20.000,snap_through,9,Inner,10,245.311,63.328,245.760,51.028
610.200,20.000,snap_through,9,Inner,11,252.338,59.618,252.828,47.398
610.200,20.000,snap_through,9,Inner,12,259.363,52.206,259.983,40.112
610.200,20.000,snap_through,9,Inner,13,266.296,41.339,267.140,29.390
610.200,20.000,snap_through,9,Inner,14,273.188,28.936,274.121,17.035
610.200,20.000,snap_through,9,Inner,15,280.154,18.978,280.782,6.869
610.200,20.000,snap_through,9,Inner,16,287.076,12.285,286.915,-0.370
610.200,20.000,snap_through,9,Inner,17,294.041,12.285,293.818,-1.305
610.200,20.000,snap_through,9,Inner,18,301.007,12.285,300.686,-2.465
610.200,20.000,snap_through,9,Patch4,1,197.074,72.230,204.700,21.351
610.200,20.000,snap_through,9,Patch4,2,204.039,84.202,210.888,33.950
610.200,20.000,snap_through,9,Patch4,3,211.581,94.201,217.389,44.598
610.200,20.000,snap_through,9,Patch4,4,218.618,101.019,223.815,51.955
610.200,20.000,snap_through,9,Patch4,5,224.872,103.996,229.838,55.357
610.200,20.000,snap_through,9,Patch4,6,231.259,104.416,236.187,56.104
610.200,20.000,snap_through,9,Patch4,7,238.263,104.318,243.183,56.285
610.200,20.000,snap_through,9,Patch4,8,245.337,104.318,250.246,56.547
610.200,20.000,snap_through,9,Patch4,9,252.341,104.416,257.237,56.868
610.200,20.000,snap_through,9,Patch4,10,258.728,103.996,263.619,56.543
610.200,20.000,snap_through,9,Patch4,11,264.982,101.019,269.792,53.440
610.200,20.000,snap_through,9,Patch4,12,272.019,94.201,276.390,46.247
610.200,20.000,snap_through,9,Patch4,13,279.561,84.202,282.801,35.543
610.200,20.000,snap_through,9,Patch4,14,286.526,72.230,288.700,22.726
610.200,20.000,snap_through,10,Outer,1,140.800,40.274,153.100,43.133
610.200,20.000,snap_through,10,Outer,2,147.559,40.274,156.613,37.360
610.200,20.000,snap_through,10,Outer,3,154.317,40.274,160.122,31.584
610.200,20.000,snap_through,10,Outer,4,161.076,40.289,165.694,24.506
610.200,20.000,snap_through,10,Outer,5,167.811,40.651,169.295,18.801
610.200,20.000,snap_through,10,Outer,6,174.425,43.625,175.114,14.472
610.200,20.000,snap_through,10,Outer,7,181.128,49.975,184.008,11.997
610.200,20.000,snap_through,10,Outer,8,187.881,59.411,194.639,16.373
610.200,20.000,snap_through,10,Outer,9,194.650,71.556,201.075,28.598
610.200,20.000,snap_through,10,Outer,10,201.409,82.847,206.781,40.368
610.200,20.000,snap_through,10,Outer,11,208.180,91.484,212.698,49.549
610.200,20.000,snap_through,10,Outer,12,214.974,97.075,219.009,55.645
610.200,20.000,snap_through,10,Outer,13,221.781,100.208,225.649,59.100
610.200,20.000,snap_through,10,Outer,14,228.590,100.759,232.440,59.823
610.200,20.000,snap_through,10,Outer,15,235.398,100.681,239.245,59.802
610.200,20.000,snap_through,10,Outer,16,242.202,100.681,246.047,59.779
610.200,20.000,snap_through,10,Outer,17,249.010,100.759,252.853,59.751
610.200,20.000,snap_through,10,Outer,18,255.819,100.208,259.636,58.971
610.200,20.000,snap_through,10,Outer,19,262.626,97.075,266.223,55.430
610.200,20.000,snap_through,10,Outer,20,269.420,91.484,272.420,49.219
610.200,20.000,snap_through,10,Outer,21,276.191,82.847,278.151,39.906
610.200,20.000,snap_through,10,Outer,22,282.950,71.556,283.677,28.018
610.200,20.000,snap_through,10,Outer,23,289.719,59.411,290.096,15.755
610.200,20.000,snap_through,10,Outer,24,296.472,49.975,299.965,9.706
610.200,20.000,snap_through,10,Outer,25,303.175,43.625,309.184,9.456
610.200,20.000,snap_through,10,Outer,26,309.789,40.651,316.061,11.764
610.200,20.000,snap_through,10,Outer,27,316.524,40.289,321.334,15.968
610.200,20.000,snap_through,10,Outer,28,323.283,40.274,328.149,20.833
610.200,20.000,snap_through,10,Outer,29,330.041,40.274,333.496,24.962
610.200,20.000,snap_through,10,Outer,30,336.800,40.274,338.847,29.087
610.200,20.000,snap_through,10,Plate,1,140.800,37.775,153.100,40.633
610.200,20.000,snap_through,10,Plate,2,147.559,37.775,156.613,34.861
610.200,20.000,snap_through,10,Plate,3,154.317,37.775,160.122,29.085
610.200,20.000,snap_through,10,Plate,4,161.037,31.525,161.379,20.079
610.200,20.000,snap_through,10,Plate,5,167.826,22.083,167.180,10.040
610.200,20.000,snap_through,10,Plate,6,174.633,14.420,174.429,2.800
610.200,20.000,snap_through,10,Plate,7,181.352,9.613,181.470,-1.518
610.200,20.000,snap_through,10,Plate,8,188.110,9.613,188.216,-1.091
610.200,20.000,snap_through,10,Plate,9,194.869,9.613,194.966,-0.736
610.200,20.000,snap_through,10,Plate,10,201.628,9.613,201.719,-0.450
610.200,20.000,snap_through,10,Plate,11,208.484,10.258,208.550,0.431
610.200,20.000,snap_through,10,Plate,12,215.249,11.916,215.267,2.275
610.200,20.000,snap_through,10,Plate,13,221.923,13.572,221.905,4.076
610.200,20.000,snap_through,10,Plate,14,228.656,13.603,228.637,4.230
610.200,20.000,snap_through,10,Plate,15,235.419,12.938,235.410,3.655
610.200,20.000,snap_through,10,Plate,16,242.181,12.938,242.173,3.696
610.200,20.000,snap_through,10,Plate,17,248.944,13.603,248.938,4.341
610.200,20.000,snap_through,10,Plate,18,255.677,13.572,255.672,4.224
610.200,20.000,snap_through,10,Plate,19,262.351,11.916,262.305,2.407
610.200,20.000,snap_through,10,Plate,20,269.116,10.258,268.997,0.477
610.200,20.000,snap_through,10,Plate,21,275.972,9.613,275.802,-0.586
610.200,20.000,snap_through,10,Plate,22,282.731,9.613,282.535,-1.169
610.200,20.000,snap_through,10,Plate,23,289.490,9.613,289.249,-1.952
610.200,20.000,snap_through,10,Plate,24,296.248,9.613,295.937,-2.926
610.200,20.000,snap_through,10,Plate,25,302.967,14.420,303.675,-0.026
610.200,20.000,snap_through,10,Plate,26,309.774,22.083,312.716,4.801
610.200,20.000,snap_through,10,Plate,27,316.563,31.525,322.293,11.394
610.200,20.000,snap_through,10,Plate,28,323.283,37.775,328.149,18.333
610.200,20.000,snap_through,10,Plate,29,330.041,37.775,333.496,22.462
610.200,20.000,snap_through,10,Plate,30,336.800,37.775,338.847,26.587
610.200,20.000,snap_through,10,Inner,1,181.352,12.113,181.470,0.982
610.200,20.000,snap_through,10,Inner,2,188.110,12.113,188.216,1.408
610.200,20.000,snap_through,10,Inner,3,194.869,12.113,194.966,1.763
610.200,20.000,snap_through,10,Inner,4,201.603,18.042,201.449,7.885
610.200,20.000,snap_through,10,Inner,5,208.373,27.429,208.200,17.281
610.200,20.000,snap_through,10,Inner,6,215.069,39.081,215.079,28.822
610.200,20.000,snap_through,10,Inner,7,221.797,49.307,222.004,38.911
610.200,20.000,snap_through,10,Inner,8,228.590,56.148,228.887,45.659
610.200,20.000,snap_through,10,Inner,9,235.396,59.353,235.707,48.832
610.200,20.000,snap_through,10,Inner,10,242.204,59.353,242.516,48.857
610.200,20.000,snap_through,10,Inner,11,249.010,56.148,249.357,45.730
610.200,20.000,snap_through,10,Inner,12,255.803,49.307,256.268,39.012
610.200,20.000,snap_through,10,Inner,13,262.531,39.081,263.182,28.916
610.200,20.000,snap_through,10,Inner,14,269.227,27.429,269.931,17.299
610.200,20.000,snap_through,10,Inner,15,275.997,18.042,276.435,7.728
610.200,20.000,snap_through,10,Inner,16,282.731,12.113,282.535,1.330
610.200,20.000,snap_through,10,Inner,17,289.490,12.113,289.249,0.547
610.200,20.000,snap_through,10,Inner,18,296.248,12.113,295.937,-0.427
610.200,20.000,snap_through,10,Patch4,1,195.453,67.909,201.877,24.951
610.200,20.000,snap_through,10,Patch4,2,202.192,79.155,207.832,36.839
610.200,20.000,snap_through,10,Patch4,3,209.459,88.535,214.067,46.852
610.200,20.000,snap_through,10,Patch4,4,216.218,94.907,220.268,53.712
610.200,20.000,snap_through,10,Patch4,5,222.351,97.774,226.218,56.915
610.200,20.000,snap_through,10,Patch4,6,228.626,98.259,232.467,57.579
610.200,20.000,snap_through,10,Patch4,7,235.384,98.183,239.219,57.558
610.200,20.000,snap_through,10,Patch4,8,242.216,98.183,246.044,57.535
610.200,20.000,snap_through,10,Patch4,9,248.974,98.259,252.796,57.505
610.200,20.000,snap_through,10,Patch4,10,255.249,97.774,259.038,56.785
610.200,20.000,snap_through,10,Patch4,11,261.382,94.907,264.934,53.501
610.200,20.000,snap_through,10,Patch4,12,268.141,88.535,271.002,46.522
610.200,20.000,snap_through,10,Patch4,13,275.408,79.155,277.053,36.378
610.200,20.000,snap_through,10,Patch4,14,282.147,67.909,282.874,24.371
610.200,20.000,snap_through,11,Outer,1,140.800,38.283,147.065,40.309
610.200,20.000,snap_through,11,Outer,2,147.352,38.283,151.716,35.698
610.200,20.000,snap_through,11,Outer,3,153.903,38.283,156.366,31.087
610.200,20.000,snap_through,11,Outer,4,160.455,38.302,162.732,25.636
610.200,20.000,snap_through,11,Outer,5,166.989,38.611,167.393,21.052
610.200,20.000,snap_through,11,Outer,6,173.428,41.212,173.656,18.057
610.200,20.000,snap_through,11,Outer,7,179.935,47.112,182.414,17.421
610.200,20.000,snap_through,11,Outer,8,186.484,55.979,192.038,22.600
610.200,20.000,snap_through,11,Outer,9,193.044,67.373,198.054,34.169
610.200,20.000,snap_through,11,Outer,10,199.599,77.923,203.623,45.162
610.200,20.000,snap_through,11,Outer,11,206.167,85.991,209.424,53.720
610.200,20.000,snap_through,11,Outer,12,212.744,91.104,215.596,59.272
610.200,20.000,snap_through,11,Outer,13,219.328,93.781,222.068,62.190
610.200,20.000,snap_through,11,Outer,14,225.917,94.220,228.653,62.698
610.200,20.000,snap_through,11,Outer,15,232.507,94.109,235.238,62.487
610.200,20.000,snap_through,11,Outer,16,239.093,94.109,241.819,62.237
610.200,20.000,snap_through,11,Outer,17,245.683,94.220,248.404,61.966
610.200,20.000,snap_through,11,Outer,18,252.272,93.781,254.939,61.029
610.200,20.000,snap_through,11,Outer,19,258.856,91.104,261.224,57.744
610.200,20.000,snap_through,11,Outer,20,265.433,85.991,267.107,51.896
610.200,20.000,snap_through,11,Outer,21,272.001,77.923,272.600,43.133
610.200,20.000,snap_through,11,Outer,22,278.556,67.373,278.014,32.046
610.200,20.000,snap_through,11,Outer,23,285.116,55.979,285.348,21.209
610.200,20.000,snap_through,11,Outer,24,291.665,47.112,295.047,16.024
610.200,20.000,snap_through,11,Outer,25,298.172,41.212,303.600,14.100
610.200,20.000,snap_through,11,Outer,26,304.611,38.611,310.476,15.065
610.200,20.000,snap_through,11,Outer,27,311.145,38.302,316.325,17.984
610.200,20.000,snap_through,11,Outer,28,317.697,38.283,323.299,21.277
610.200,20.000,snap_through,11,Outer,29,324.248,38.283,329.180,24.161
610.200,20.000,snap_through,11,Outer,30,330.800,38.283,335.057,27.051
610.200,20.000,snap_through,11,Plate,1,140.800,35.783,147.065,37.810
610.200,20.000,snap_through,11,Plate,2,147.352,35.783,151.716,33.199
610.200,20.000,snap_through,11,Plate,3,153.903,35.783,156.366,28.587
610.200,20.000,snap_through,11,Plate,4,160.426,29.888,159.773,20.556
610.200,20.000,snap_through,11,Plate,5,167.014,20.835,166.260,11.447
610.200,20.000,snap_through,11,Plate,6,173.617,13.574,173.360,4.679
610.200,20.000,snap_through,11,Plate,7,180.110,9.280,180.140,0.856
610.200,20.000,snap_through,11,Plate,8,186.662,9.280,186.682,1.232
610.200,20.000,snap_through,11,Plate,9,193.214,9.280,193.227,1.540
610.200,20.000,snap_through,11,Plate,10,199.766,9.280,199.776,1.749
610.200,20.000,snap_through,11,Plate,11,206.416,9.966,206.409,2.586
610.200,20.000,snap_through,11,Plate,12,212.979,11.610,212.934,4.368
610.200,20.000,snap_through,11,Plate,13,219.450,12.933,219.382,5.800
610.200,20.000,snap_through,11,Plate,14,225.971,12.612,225.905,5.554
610.200,20.000,snap_through,11,Plate,15,232.522,11.946,232.459,4.928
610.200,20.000,snap_through,11,Plate,16,239.078,11.946,239.014,4.935
610.200,20.000,snap_through,11,Plate,17,245.629,12.612,245.567,5.569
610.200,20.000,snap_through,11,Plate,18,252.150,12.933,252.091,5.805
610.200,20.000,snap_through,11,Plate,19,258.621,11.610,258.530,4.338
610.200,20.000,snap_through,11,Plate,20,265.184,9.966,265.036,2.489
610.200,20.000,snap_through,11,Plate,21,271.834,9.280,271.655,1.549
610.200,20.000,snap_through,11,Plate,22,278.386,9.280,278.196,1.176
610.200,20.000,snap_through,11,Plate,23,284.938,9.280,284.725,0.626
610.200,20.000,snap_through,11,Plate,24,291.490,9.280,291.242,-0.043
610.200,20.000,snap_through,11,Plate,25,297.983,13.574,298.588,2.542
610.200,20.000,snap_through,11,Plate,26,304.586,20.835,307.399,6.864
610.200,20.000,snap_through,11,Plate,27,311.174,29.888,316.929,12.738
610.200,20.000,snap_through,11,Plate,28,317.697,35.783,323.299,18.777
610.200,20.000,snap_through,11,Plate,29,324.248,35.783,329.180,21.661
610.200,20.000,snap_through,11,Plate,30,330.800,35.783,335.057,24.552
610.200,20.000,snap_through,11,Inner,1,180.110,11.779,180.140,3.356
610.200,20.000,snap_through,11,Inner,2,186.662,11.779,186.682,3.731
610.200,20.000,snap_through,11,Inner,3,193.214,11.779,193.227,4.039
610.200,20.000,snap_through,11,Inner,4,199.761,17.358,199.560,9.782
610.200,20.000,snap_through,11,Inner,5,206.329,26.384,206.115,18.812
610.200,20.000,snap_through,11,Inner,6,212.835,37.312,212.771,29.641
610.200,20.000,snap_through,11,Inner,7,219.366,46.591,219.461,38.799
610.200,20.000,snap_through,11,Inner,8,225.930,52.519,226.097,44.642
610.200,20.000,snap_through,11,Inner,9,232.507,55.144,232.687,47.231
610.200,20.000,snap_through,11,Inner,10,239.093,55.144,239.273,47.239
610.200,20.000,snap_through,11,Inner,11,245.670,52.519,245.868,44.662
610.200,20.000,snap_through,11,Inner,12,252.234,46.591,252.500,38.815
610.200,20.000,snap_through,11,Inner,13,258.765,37.312,259.150,29.629
610.200,20.000,snap_through,11,Inner,14,265.271,26.384,265.695,18.733
610.200,20.000,snap_through,11,Inner,15,271.839,17.358,272.085,9.586
610.200,20.000,snap_through,11,Inner,16,278.386,11.779,278.196,3.675
610.200,20.000,snap_through,11,Inner,17,284.938,11.779,284.725,3.125
610.200,20.000,snap_through,11,Inner,18,291.490,11.779,291.242,2.456
610.200,20.000,snap_through,11,Patch1,1,201.299,12.361,201.309,4.830
610.200,20.000,snap_through,11,Patch1,2,206.425,12.646,206.384,5.213
610.200,20.000,snap_through,11,Patch1,3,212.330,14.023,212.281,6.630
610.200,20.000,snap_through,11,Patch1,4,219.142,15.412,219.088,8.055
610.200,20.000,snap_through,11,Patch1,5,226.183,15.103,226.134,7.796
610.200,20.000,snap_through,11,Patch1,6,232.680,14.439,232.637,7.171
610.200,20.000,snap_through,11,Patch1,7,238.920,14.439,238.879,7.179
610.200,20.000,snap_through,11,Patch1,8,245.417,15.103,245.381,7.814
610.200,20.000,snap_through,11,Patch1,9,252.458,15.412,252.426,8.067
610.200,20.000,snap_through,11,Patch1,10,259.270,14.023,259.224,6.601
610.200,20.000,snap_through,11,Patch1,11,265.175,12.646,265.104,5.119
610.200,20.000,snap_through,11,Patch1,12,270.176,12.296,269.997,4.565
610.200,20.000,snap_through,11,Patch2,1,278.386,6.780,278.196,-1.324
610.200,20.000,snap_through,11,Patch2,2,284.938,6.780,284.725,-1.874
610.200,20.000,snap_through,11,Patch2,3,291.490,6.780,291.242,-2.543
610.200,20.000,snap_through,11,Patch3,1,180.110,6.780,180.140,-1.643
610.200,20.000,snap_through,11,Patch3,2,186.662,6.780,186.682,-1.268
610.200,20.000,snap_through,11,Patch3,3,193.214,6.780,193.227,-0.960
610.200,20.000,snap_through,11,Patch4,1,193.864,63.795,198.874,30.591
610.200,20.000,snap_through,11,Patch4,2,200.403,74.302,204.701,41.706
610.200,20.000,snap_through,11,Patch4,3,207.517,83.117,210.880,51.096
610.200,20.000,snap_through,11,Patch4,4,214.103,89.009,216.994,57.407
610.200,20.000,snap_through,11,Patch4,5,219.917,91.354,222.684,60.009
610.200,20.000,snap_through,11,Patch4,6,225.913,91.721,228.667,60.454
610.200,20.000,snap_through,11,Patch4,7,232.466,91.609,235.211,60.240
610.200,20.000,snap_through,11,Patch4,8,239.134,91.609,241.867,59.991
610.200,20.000,snap_through,11,Patch4,9,245.687,91.721,248.410,59.718
610.200,20.000,snap_through,11,Patch4,10,251.683,91.354,254.345,58.847
610.200,20.000,snap_through,11,Patch4,11,257.497,89.009,259.848,55.886
610.200,20.000,snap_through,11,Patch4,12,264.083,83.117,265.618,49.270
610.200,20.000,snap_through,11,Patch4,13,271.197,74.302,271.478,39.677
610.200,20.000,snap_through,11,Patch4,14,277.736,63.795,277.194,28.468
610.200,20.000,snap_through,12,Outer,1,140.800,36.338,142.421,37.149
610.200,20.000,snap_through,12,Outer,2,147.145,36.338,147.976,34.088
610.200,20.000,snap_through,12,Outer,3,153.490,36.338,153.534,31.031
610.200,20.000,snap_through,12,Outer,4,159.834,36.349,160.279,27.534
610.200,20.000,snap_through,12,Outer,5,166.165,36.622,165.797,24.431
610.200,20.000,snap_through,12,Outer,6,172.424,38.961,172.329,23.051
610.200,20.000,snap_through,12,Outer,7,178.736,44.512,180.606,24.476
610.200,20.000,snap_through,12,Outer,8,185.083,52.836,189.174,30.361
610.200,20.000,snap_through,12,Outer,9,191.434,63.259,194.781,41.096
610.200,20.000,snap_through,12,Outer,10,197.779,72.934,200.405,51.091
610.200,20.000,snap_through,12,Outer,11,204.137,80.341,206.237,58.834
610.200,20.000,snap_through,12,Outer,12,210.503,84.728,212.354,63.519
610.200,20.000,snap_through,12,Outer,13,216.871,86.665,218.656,65.648
610.200,20.000,snap_through,12,Outer,14,223.243,86.806,225.026,65.862
610.200,20.000,snap_through,12,Outer,15,229.615,86.600,231.394,65.586
610.200,20.000,snap_through,12,Outer,16,235.985,86.600,237.760,65.371
610.200,20.000,snap_through,12,Outer,17,242.357,86.806,244.133,65.228
610.200,20.000,snap_through,12,Outer,18,248.729,86.665,250.478,64.626
610.200,20.000,snap_through,12,Outer,19,255.097,84.728,256.643,62.150
610.200,20.000,snap_through,12,Outer,20,261.463,80.341,262.506,57.173
610.200,20.000,snap_through,12,Outer,21,267.821,72.934,268.034,49.230
610.200,20.000,snap_through,12,Outer,22,274.166,63.259,273.511,39.173
610.200,20.000,snap_through,12,Outer,23,280.517,52.836,281.588,30.068
610.200,20.000,snap_through,12,Outer,24,286.864,44.512,290.401,24.454
610.200,20.000,snap_through,12,Outer,25,293.176,38.961,298.000,20.911
610.200,20.000,snap_through,12,Outer,26,299.435,36.622,304.658,20.437
610.200,20.000,snap_through,12,Outer,27,305.766,36.349,310.820,21.901
610.200,20.000,snap_through,12,Outer,28,312.110,36.338,317.580,23.501
610.200,20.000,snap_through,12,Outer,29,318.455,36.338,323.765,24.913
610.200,20.000,snap_through,12,Outer,30,324.800,36.338,329.946,26.341
610.200,20.000,snap_through,12,Plate,1,140.800,33.838,142.421,34.649
610.200,20.000,snap_through,12,Plate,2,147.145,33.838,147.976,31.588
610.200,20.000,snap_through,12,Plate,3,153.490,33.838,153.534,28.532
610.200,20.000,snap_through,12,Plate,4,159.817,28.197,158.510,21.636
610.200,20.000,snap_through,12,Plate,5,166.191,19.711,165.433,13.595
610.200,20.000,snap_through,12,Plate,6,172.593,12.908,172.333,7.302
610.200,20.000,snap_through,12,Plate,7,178.869,9.083,178.835,3.874
610.200,20.000,snap_through,12,Plate,8,185.214,9.083,185.174,4.150
610.200,20.000,snap_through,12,Plate,9,191.559,9.083,191.516,4.368
610.200,20.000,snap_through,12,Plate,10,197.903,9.083,197.861,4.505
610.200,20.000,snap_through,12,Plate,11,204.337,9.898,204.283,5.404
610.200,20.000,snap_through,12,Plate,12,210.699,11.442,210.627,7.018
610.200,20.000,snap_through,12,Plate,13,216.976,12.406,216.895,8.035
610.200,20.000,snap_through,12,Plate,14,223.291,12.077,223.211,7.739
610.200,20.000,snap_through,12,Plate,15,229.628,11.591,229.550,7.265
610.200,20.000,snap_through,12,Plate,16,235.972,11.591,235.893,7.253
610.200,20.000,snap_through,12,Plate,17,242.309,12.077,242.233,7.701
610.200,20.000,snap_through,12,Plate,18,248.624,12.406,248.551,7.966
610.200,20.000,snap_through,12,Plate,19,254.901,11.442,254.813,6.913
610.200,20.000,snap_through,12,Plate,20,261.263,9.898,261.144,5.253
610.200,20.000,snap_through,12,Plate,21,267.697,9.083,267.558,4.298
610.200,20.000,snap_through,12,Plate,22,274.041,9.083,273.900,4.084
610.200,20.000,snap_through,12,Plate,23,280.386,9.083,280.237,3.763
610.200,20.000,snap_through,12,Plate,24,286.731,9.083,286.570,3.362
610.200,20.000,snap_through,12,Plate,25,293.007,12.908,293.455,5.962
610.200,20.000,snap_through,12,Plate,26,299.409,19.711,301.678,10.398
610.200,20.000,snap_through,12,Plate,27,305.782,28.197,310.718,15.963
610.200,20.000,snap_through,12,Plate,28,312.110,33.838,317.580,21.001
610.200,20.000,snap_through,12,Plate,29,318.455,33.838,323.765,22.413
610.200,20.000,snap_through,12,Plate,30,324.800,33.838,329.946,23.842
610.200,20.000,snap_through,12,Inner,1,178.869,11.583,178.835,6.373
610.200,20.000,snap_through,12,Inner,2,185.214,11.583,185.174,6.649
610.200,20.000,snap_through,12,Inner,3,191.559,11.583,191.516,6.867
610.200,20.000,snap_through,12,Inner,4,197.916,16.991,197.724,12.387
610.200,20.000,snap_through,12,Inner,5,204.271,25.836,204.077,21.226
610.200,20.000,snap_through,12,Inner,6,210.574,36.031,210.493,31.341
610.200,20.000,snap_through,12,Inner,7,216.899,44.171,216.928,39.388
610.200,20.000,snap_through,12,Inner,8,223.248,48.916,223.323,44.066
610.200,20.000,snap_through,12,Inner,9,229.613,50.905,229.697,46.020
610.200,20.000,snap_through,12,Inner,10,235.987,50.905,236.072,46.014
610.200,20.000,snap_through,12,Inner,11,242.352,48.916,242.441,44.044
610.200,20.000,snap_through,12,Inner,12,248.701,44.171,248.818,39.340
610.200,20.000,snap_through,12,Inner,13,255.026,36.031,255.203,31.255
610.200,20.000,snap_through,12,Inner,14,261.329,25.836,261.534,21.086
610.200,20.000,snap_through,12,Inner,15,267.684,16.991,267.792,12.181
610.200,20.000,snap_through,12,Inner,16,274.041,11.583,273.900,6.584
610.200,20.000,snap_through,12,Inner,17,280.386,11.583,280.237,6.262
610.200,20.000,snap_through,12,Inner,18,286.731,11.583,286.570,5.861
610.200,20.000,snap_through,12,Patch1,1,198.968,12.307,198.925,7.729
610.200,20.000,snap_through,12,Patch1,2,203.928,12.540,203.858,8.008
610.200,20.000,snap_through,12,Patch1,3,210.167,13.884,210.095,9.363
610.200,20.000,snap_through,12,Patch1,4,216.934,14.905,216.864,10.385
610.200,20.000,snap_through,12,Patch1,5,223.519,14.565,223.450,10.048
610.200,20.000,snap_through,12,Patch1,6,229.728,14.087,229.660,9.569
610.200,20.000,snap_through,12,Patch1,7,235.872,14.087,235.806,9.558
610.200,20.000,snap_through,12,Patch1,8,242.081,14.565,242.018,10.012
610.200,20.000,snap_through,12,Patch1,9,248.666,14.905,248.605,10.319
610.200,20.000,snap_through,12,Patch1,10,255.433,13.884,255.367,9.257
610.200,20.000,snap_through,12,Patch1,11,261.672,12.540,261.594,7.855
610.200,20.000,snap_through,12,Patch1,12,266.513,12.265,266.375,7.479
610.200,20.000,snap_through,12,Patch2,1,274.041,6.584,273.900,1.585
610.200,20.000,snap_through,12,Patch2,2,280.386,6.584,280.237,1.263
610.200,20.000,snap_through,12,Patch2,3,286.731,6.584,286.570,0.863
610.200,20.000,snap_through,12,Patch3,1,178.869,6.584,178.835,1.374
610.200,20.000,snap_through,12,Patch3,2,185.214,6.584,185.174,1.650
610.200,20.000,snap_through,12,Patch3,3,191.559,6.584,191.516,1.869
610.200,20.000,snap_through,12,Patch4,1,192.195,59.733,195.542,37.570
610.200,20.000,snap_through,12,Patch4,2,198.521,69.365,201.373,47.660
610.200,20.000,snap_through,12,Patch4,3,205.308,77.430,207.495,56.141
610.200,20.000,snap_through,12,Patch4,4,211.526,82.448,213.389,61.475
610.200,20.000,snap_through,12,Patch4,5,217.184,84.185,218.975,63.411
610.200,20.000,snap_through,12,Patch4,6,223.172,84.309,224.958,63.616
610.200,20.000,snap_through,12,Patch4,7,229.567,84.106,231.346,63.344
610.200,20.000,snap_through,12,Patch4,8,236.033,84.106,237.805,63.125
610.200,20.000,snap_through,12,Patch4,9,242.428,84.309,244.198,62.966
610.200,20.000,snap_through,12,Patch4,10,248.416,84.185,250.154,62.373
610.200,20.000,snap_through,12,Patch4,11,254.074,82.448,255.608,60.110
610.200,20.000,snap_through,12,Patch4,12,260.292,77.430,261.216,54.500
610.200,20.000,snap_through,12,Patch4,13,267.079,69.365,267.023,45.825
610.200,20.000,snap_through,12,Patch4,14,273.405,59.733,272.751,35.647
610.200,20.000,snap_through,13,Outer,1,140.800,34.444,140.305,34.264
610.200,20.000,snap_through,13,Outer,2,146.938,34.444,146.288,32.895
610.200,20.000,snap_through,13,Outer,3,153.076,34.444,152.273,31.537
610.200,20.000,snap_through,13,Outer,4,159.214,34.450,158.827,29.988
610.200,20.000,snap_through,13,Outer,5,165.341,34.680,164.754,28.450
610.200,20.000,snap_through,13,Outer,6,171.411,36.754,171.159,28.619
610.200,20.000,snap_through,13,Outer,7,177.529,42.143,178.452,32.228
610.200,20.000,snap_through,13,Outer,8,183.673,50.141,185.675,39.203
610.200,20.000,snap_through,13,Outer,9,189.815,59.656,191.480,48.844
610.200,20.000,snap_through,13,Outer,10,195.951,68.389,197.297,57.689
610.200,20.000,snap_through,13,Outer,11,202.099,75.036,203.212,64.468
610.200,20.000,snap_through,13,Outer,12,208.252,78.465,209.272,68.025
610.200,20.000,snap_through,13,Outer,13,214.404,79.672,215.402,69.333
610.200,20.000,snap_through,13,Outer,14,220.563,79.623,221.559,69.346
610.200,20.000,snap_through,13,Outer,15,226.721,79.394,227.717,69.125
610.200,20.000,snap_through,13,Outer,16,232.879,79.394,233.874,69.067
610.200,20.000,snap_through,13,Outer,17,239.037,79.623,240.035,69.171
610.200,20.000,snap_through,13,Outer,18,245.196,79.672,246.192,69.034
610.200,20.000,snap_through,13,Outer,19,251.348,78.465,252.287,67.593
610.200,20.000,snap_through,13,Outer,20,257.501,75.036,258.247,63.895
610.200,20.000,snap_through,13,Outer,21,263.649,68.389,263.964,56.980
610.200,20.000,snap_through,13,Outer,22,269.785,59.656,269.556,48.026
610.200,20.000,snap_through,13,Outer,23,275.927,50.141,277.200,39.693
610.200,20.000,snap_through,13,Outer,24,282.071,42.143,284.763,33.033
610.200,20.000,snap_through,13,Outer,25,288.189,36.754,291.371,28.289
610.200,20.000,snap_through,13,Outer,26,294.259,34.680,297.626,26.886
610.200,20.000,snap_through,13,Outer,27,300.386,34.450,303.731,27.395
610.200,20.000,snap_through,13,Outer,28,306.524,34.444,310.006,27.784
610.200,20.000,snap_through,13,Outer,29,312.662,34.444,316.136,27.975
610.200,20.000,snap_through,13,Outer,30,318.800,34.444,322.264,28.189
610.200,20.000,snap_through,13,Plate,1,140.800,31.944,140.305,31.765
610.200,20.000,snap_through,13,Plate,2,146.938,31.944,146.288,30.395
610.200,20.000,snap_through,13,Plate,3,153.076,31.944,152.273,29.038
610.200,20.000,snap_through,13,Plate,4,159.218,26.051,158.015,22.721
610.200,20.000,snap_through,13,Plate,5,165.375,17.911,164.859,15.147
610.200,20.000,snap_through,13,Plate,6,171.567,11.900,171.417,9.537
610.200,20.000,snap_through,13,Plate,7,177.628,8.844,177.600,6.731
610.200,20.000,snap_through,13,Plate,8,183.766,8.844,183.737,6.882
610.200,20.000,snap_through,13,Plate,9,189.903,8.844,189.874,7.000
610.200,20.000,snap_through,13,Plate,10,196.041,8.844,196.013,7.080
610.200,20.000,snap_through,13,Plate,11,202.269,10.356,202.228,8.644
610.200,20.000,snap_through,13,Plate,12,208.416,11.878,208.364,10.214
610.200,20.000,snap_through,13,Plate,13,214.501,12.485,214.445,10.860
610.200,20.000,snap_through,13,Plate,14,220.611,12.146,220.555,10.550
610.200,20.000,snap_through,13,Plate,15,226.734,11.785,226.680,10.202
610.200,20.000,snap_through,13,Plate,16,232.866,11.785,232.811,10.196
610.200,20.000,snap_through,13,Plate,17,238.989,12.146,238.936,10.532
610.200,20.000,snap_through,13,Plate,18,245.099,12.485,245.047,10.825
610.200,20.000,snap_through,13,Plate,19,251.184,11.878,251.125,10.152
610.200,20.000,snap_through,13,Plate,20,257.331,10.356,257.250,8.545
610.200,20.000,snap_through,13,Plate,21,263.559,8.844,263.452,6.936
610.200,20.000,snap_through,13,Plate,22,269.697,8.844,269.589,6.798
610.200,20.000,snap_through,13,Plate,23,275.834,8.844,275.724,6.599
610.200,20.000,snap_through,13,Plate,24,281.972,8.844,281.857,6.350
610.200,20.000,snap_through,13,Plate,25,288.033,11.900,288.184,8.812
610.200,20.000,snap_through,13,Plate,26,294.225,17.911,295.310,13.682
610.200,20.000,snap_through,13,Plate,27,300.382,26.051,303.117,20.258
610.200,20.000,snap_through,13,Plate,28,306.524,31.944,310.006,25.285
610.200,20.000,snap_through,13,Plate,29,312.662,31.944,316.136,25.475
610.200,20.000,snap_through,13,Plate,30,318.800,31.944,322.264,25.689
610.200,20.000,snap_through,13,Inner,1,177.628,11.343,177.600,9.230
610.200,20.000,snap_through,13,Inner,2,183.766,11.343,183.737,9.382
610.200,20.000,snap_through,13,Inner,3,189.903,11.343,189.874,9.499
610.200,20.000,snap_through,13,Inner,4,196.055,17.336,195.920,15.560
610.200,20.000,snap_through,13,Inner,5,202.202,26.230,202.052,24.456
610.200,20.000,snap_through,13,Inner,6,208.303,35.700,208.215,33.877
610.200,20.000,snap_through,13,Inner,7,214.427,42.651,214.415,40.755
610.200,20.000,snap_through,13,Inner,8,220.568,46.190,220.591,44.229
610.200,20.000,snap_through,13,Inner,9,226.720,47.487,226.751,45.484
610.200,20.000,snap_through,13,Inner,10,232.880,47.487,232.912,45.471
610.200,20.000,snap_through,13,Inner,11,239.032,46.190,239.067,44.189
610.200,20.000,snap_through,13,Inner,12,245.173,42.651,245.228,40.688
610.200,20.000,snap_through,13,Inner,13,251.297,35.700,251.399,33.783
610.200,20.000,snap_through,13,Inner,14,257.398,26.230,257.526,24.338
610.200,20.000,snap_through,13,Inner,15,263.545,17.336,263.611,15.407
610.200,20.000,snap_through,13,Inner,16,269.697,11.343,269.589,9.297
610.200,20.000,snap_through,13,Inner,17,275.834,11.343,275.724,9.099
610.200,20.000,snap_through,13,Inner,18,281.972,11.343,281.857,8.849
610.200,20.000,snap_through,13,Patch1,1,196.726,12.121,196.698,10.357
610.200,20.000,snap_through,13,Patch1,2,201.704,12.960,201.658,11.221
610.200,20.000,snap_through,13,Patch1,3,207.973,14.338,207.926,12.608
610.200,20.000,snap_through,13,Patch1,4,214.516,14.985,214.468,13.262
610.200,20.000,snap_through,13,Patch1,5,220.794,14.636,220.747,12.921
610.200,20.000,snap_through,13,Patch1,6,226.811,14.280,226.765,12.569
610.200,20.000,snap_through,13,Patch1,7,232.789,14.280,232.744,12.563
610.200,20.000,snap_through,13,Patch1,8,238.806,14.636,238.762,12.904
610.200,20.000,snap_through,13,Patch1,9,245.084,14.985,245.042,13.227
610.200,20.000,snap_through,13,Patch1,10,251.627,14.338,251.581,12.544
610.200,20.000,snap_through,13,Patch1,11,257.896,12.960,257.840,11.119
610.200,20.000,snap_through,13,Patch1,12,262.529,12.029,262.422,10.121
610.200,20.000,snap_through,13,Patch2,1,269.697,6.344,269.589,4.298
610.200,20.000,snap_through,13,Patch2,2,275.834,6.344,275.724,4.100
610.200,20.000,snap_through,13,Patch2,3,281.972,6.344,281.857,3.850
610.200,20.000,snap_through,13,Patch3,1,177.628,6.344,177.600,4.231
610.200,20.000,snap_through,13,Patch3,2,183.766,6.344,183.737,4.383
610.200,20.000,snap_through,13,Patch3,3,189.903,6.344,189.874,4.500
610.200,20.000,snap_through,13,Patch4,1,190.499,56.177,192.164,45.365
610.200,20.000,snap_through,13,Patch4,2,196.626,64.869,198.087,54.258
610.200,20.000,snap_through,13,Patch4,3,203.106,72.103,204.246,61.681
610.200,20.000,snap_through,13,Patch4,4,208.986,76.076,209.977,65.824
610.200,20.000,snap_through,13,Patch4,5,214.520,77.176,215.481,67.054
610.200,20.000,snap_through,13,Patch4,6,220.456,77.128,221.416,67.092
610.200,20.000,snap_through,13,Patch4,7,226.666,76.901,227.627,66.882
610.200,20.000,snap_through,13,Patch4,8,232.934,76.901,233.893,66.823
610.200,20.000,snap_through,13,Patch4,9,239.144,77.128,240.107,66.911
610.200,20.000,snap_through,13,Patch4,10,245.080,77.176,246.040,66.752
610.200,20.000,snap_through,13,Patch4,11,250.614,76.076,251.512,65.404
610.200,20.000,snap_through,13,Patch4,12,256.494,72.103,257.133,61.139
610.200,20.000,snap_through,13,Patch4,13,262.974,64.869,263.091,53.587
610.200,20.000,snap_through,13,Patch4,14,269.101,56.177,268.872,44.547
610.200,20.000,snap_through,14,Outer,1,140.800,32.589,140.800,32.589
610.200,20.000,snap_through,14,Outer,2,146.731,32.589,146.731,32.589
610.200,20.000,snap_through,14,Outer,3,152.662,32.589,152.662,32.589
610.200,20.000,snap_through,14,Outer,4,158.593,32.603,158.593,32.603
610.200,20.000,snap_through,14,Outer,5,164.515,32.806,164.515,32.806
610.200,20.000,snap_through,14,Outer,6,170.395,34.726,170.395,34.726
610.200,20.000,snap_through,14,Outer,7,176.322,40.166,176.322,40.166
610.200,20.000,snap_through,14,Outer,8,182.263,48.074,182.263,48.074
610.200,20.000,snap_through,14,Outer,9,188.197,56.720,188.197,56.720
610.200,20.000,snap_through,14,Outer,10,194.122,64.445,194.122,64.445
610.200,20.000,snap_through,14,Outer,11,200.059,70.252,200.059,70.252
610.200,20.000,snap_through,14,Outer,12,205.998,72.433,205.998,72.433
610.200,20.000,snap_through,14,Outer,13,211.933,72.798,211.933,72.798
610.200,20.000,snap_through,14,Outer,14,217.879,72.590,217.879,72.590
610.200,20.000,snap_through,14,Outer,15,223.827,72.385,223.827,72.385
610.200,20.000,snap_through,14,Outer,16,229.773,72.385,229.773,72.385
610.200,20.000,snap_through,14,Outer,17,235.721,72.590,235.721,72.590
610.200,20.000,snap_through,14,Outer,18,241.667,72.798,241.667,72.798
610.200,20.000,snap_through,14,Outer,19,247.602,72.433,247.602,72.433
610.200,20.000,snap_through,14,Outer,20,253.541,70.252,253.541,70.252
610.200,20.000,snap_through,14,Outer,21,259.478,64.445,259.478,64.445
610.200,20.000,snap_through,14,Outer,22,265.403,56.720,265.403,56.720
610.200,20.000,snap_through,14,Outer,23,271.337,48.074,271.337,48.074
610.200,20.000,snap_through,14,Outer,24,277.278,40.166,277.278,40.166
610.200,20.000,snap_through,14,Outer,25,283.205,34.726,283.205,34.726
610.200,20.000,snap_through,14,Outer,26,289.085,32.806,289.085,32.806
610.200,20.000,snap_through,14,Outer,27,295.007,32.603,295.007,32.603
610.200,20.000,snap_through,14,Outer,28,300.938,32.589,300.938,32.589
610.200,20.000,snap_through,14,Outer,29,306.869,32.589,306.869,32.589
610.200,20.000,snap_through,14,Outer,30,312.800,32.589,312.800,32.589
610.200,20.000,snap_through,14,Plate,1,140.800,30.089,140.800,30.089
610.200,20.000,snap_through,14,Plate,2,146.731,30.089,146.731,30.089
610.200,20.000,snap_through,14,Plate,3,152.662,30.089,152.662,30.089
610.200,20.000,snap_through,14,Plate,4,158.630,23.466,158.630,23.466
610.200,20.000,snap_through,14,Plate,5,164.566,15.476,164.566,15.476
610.200,20.000,snap_through,14,Plate,6,170.543,10.498,170.543,10.498
610.200,20.000,snap_through,14,Plate,7,176.386,8.465,176.386,8.465
610.200,20.000,snap_through,14,Plate,8,182.317,8.465,182.317,8.465
610.200,20.000,snap_through,14,Plate,9,188.248,8.465,188.248,8.465
610.200,20.000,snap_through,14,Plate,10,194.179,8.465,194.179,8.465
610.200,20.000,snap_through,14,Plate,11,200.208,11.287,200.208,11.287
610.200,20.000,snap_through,14,Plate,12,206.129,12.876,206.129,12.876
610.200,20.000,snap_through,14,Plate,13,212.026,13.079,212.026,13.079
610.200,20.000,snap_through,14,Plate,14,217.932,12.765,217.932,12.765
610.200,20.000,snap_through,14,Plate,15,223.842,12.517,223.842,12.517
610.200,20.000,snap_through,14,Plate,16,229.758,12.517,229.758,12.517
610.200,20.000,snap_through,14,Plate,17,235.668,12.765,235.668,12.765
610.200,20.000,snap_through,14,Plate,18,241.574,13.079,241.574,13.079
610.200,20.000,snap_through,14,Plate,19,247.471,12.876,247.471,12.876
610.200,20.000,snap_through,14,Plate,20,253.392,11.287,253.392,11.287
610.200,20.000,snap_through,14,Plate,21,259.421,8.465,259.421,8.465
610.200,20.000,snap_through,14,Plate,22,265.352,8.465,265.352,8.465
610.200,20.000,snap_through,14,Plate,23,271.283,8.465,271.283,8.465
610.200,20.000,snap_through,14,Plate,24,277.214,8.465,277.214,8.465
610.200,20.000,snap_through,14,Plate,25,283.057,10.498,283.057,10.498
610.200,20.000,snap_through,14,Plate,26,289.034,15.476,289.034,15.476
610.200,20.000,snap_through,14,Plate,27,294.970,23.466,294.970,23.466
610.200,20.000,snap_through,14,Plate,28,300.938,30.089,300.938,30.089
610.200,20.000,snap_through,14,Plate,29,306.869,30.089,306.869,30.089
610.200,20.000,snap_through,14,Plate,30,312.800,30.089,312.800,30.089
610.200,20.000,snap_through,14,Inner,1,176.386,10.965,176.386,10.965
610.200,20.000,snap_through,14,Inner,2,182.317,10.965,182.317,10.965
610.200,20.000,snap_through,14,Inner,3,188.248,10.965,188.248,10.965
610.200,20.000,snap_through,14,Inner,4,194.181,18.395,194.181,18.395
610.200,20.000,snap_through,14,Inner,5,200.124,27.685,200.124,27.685
610.200,20.000,snap_through,14,Inner,6,206.023,36.503,206.023,36.503
610.200,20.000,snap_through,14,Inner,7,211.949,42.160,211.949,42.160
610.200,20.000,snap_through,14,Inner,8,217.889,44.371,217.889,44.371
610.200,20.000,snap_through,14,Inner,9,223.829,44.863,223.829,44.863
610.200,20.000,snap_through,14,Inner,10,229.771,44.863,229.771,44.863
610.200,20.000,snap_through,14,Inner,11,235.711,44.371,235.711,44.371
610.200,20.000,snap_through,14,Inner,12,241.651,42.160,241.651,42.160
610.200,20.000,snap_through,14,Inner,13,247.577,36.503,247.577,36.503
610.200,20.000,snap_through,14,Inner,14,253.476,27.685,253.476,27.685
610.200,20.000,snap_through,14,Inner,15,259.419,18.395,259.419,18.395
610.200,20.000,snap_through,14,Inner,16,265.352,10.965,265.352,10.965
610.200,20.000,snap_through,14,Inner,17,271.283,10.965,271.283,10.965
610.200,20.000,snap_through,14,Inner,18,277.214,10.965,277.214,10.965
610.200,20.000,snap_through,14,Patch1,1,194.527,11.749,194.527,11.749
610.200,20.000,snap_through,14,Patch1,2,199.503,13.847,199.503,13.847
610.200,20.000,snap_through,14,Patch1,3,205.768,15.349,205.768,15.349
610.200,20.000,snap_through,14,Patch1,4,212.061,15.578,212.061,15.578
610.200,20.000,snap_through,14,Patch1,5,218.064,15.255,218.064,15.255
610.200,20.000,snap_through,14,Patch1,6,223.902,15.011,223.902,15.011
610.200,20.000,snap_through,14,Patch1,7,229.698,15.011,229.698,15.011
610.200,20.000,snap_through,14,Patch1,8,235.536,15.255,235.536,15.255
610.200,20.000,snap_through,14,Patch1,9,241.539,15.578,241.539,15.578
610.200,20.000,snap_through,14,Patch1,10,247.832,15.349,247.832,15.349
610.200,20.000,snap_through,14,Patch1,11,254.097,13.847,254.097,13.847
610.200,20.000,snap_through,14,Patch1,12,258.589,11.661,258.589,11.661
610.200,20.000,snap_through,14,Patch2,1,265.352,5.966,265.352,5.966
610.200,20.000,snap_through,14,Patch2,2,271.283,5.966,271.283,5.966
610.200,20.000,snap_through,14,Patch2,3,277.214,5.966,277.214,5.966
610.200,20.000,snap_through,14,Patch3,1,176.386,5.966,176.386,5.966
610.200,20.000,snap_through,14,Patch3,2,182.317,5.966,182.317,5.966
610.200,20.000,snap_through,14,Patch3,3,188.248,5.966,188.248,5.966
610.200,20.000,snap_through,14,Patch4,1,188.832,53.294,188.832,53.294
610.200,20.000,snap_through,14,Patch4,2,194.723,60.974,194.723,60.974
610.200,20.000,snap_through,14,Patch4,3,200.879,67.299,200.879,67.299
610.200,20.000,snap_through,14,Patch4,4,206.495,69.984,206.495,69.984
610.200,20.000,snap_through,14,Patch4,5,211.963,70.299,211.963,70.299
610.200,20.000,snap_through,14,Patch4,6,217.781,70.094,217.781,70.094
610.200,20.000,snap_through,14,Patch4,7,223.780,69.891,223.780,69.891
610.200,20.000,snap_through,14,Patch4,8,229.820,69.891,229.820,69.891
610.200,20.000,snap_through,14,Patch4,9,235.819,70.094,235.819,70.094
610.200,20.000,snap_through,14,Patch4,10,241.637,70.299,241.637,70.299
610.200,20.000,snap_through,14,Patch4,11,247.105,69.984,247.105,69.984
610.200,20.000,snap_through,14,Patch4,12,252.721,67.299,252.721,67.299
610.200,20.000,snap_through,14,Patch4,13,258.877,60.974,258.877,60.974
610.200,20.000,snap_through,14,Patch4,14,264.768,53.294,264.768,53.294
680.700,25.000,snap_through,0,Outer,1,8.827,75.960,8.827,75.960
680.700,25.000,snap_through,0,Outer,2,31.167,75.960,31.167,75.960
680.700,25.000,snap_through,0,Outer,3,53.506,75.960,53.506,75.960
680.700,25.000,snap_through,0,Outer,4,75.846,76.069,75.846,76.069
680.700,25.000,snap_through,0,Outer,5,98.189,76.789,98.189,76.789
680.700,25.000,snap_through,0,Outer,6,120.570,82.461,120.570,82.461
680.700,25.000,snap_through,0,Outer,7,143.062,93.233,143.062,93.233
680.700,25.000,snap_through,0,Outer,8,165.671,108.691,165.671,108.691
680.700,25.000,snap_through,0,Outer,9,188.095,128.159,188.095,128.159
680.700,25.000,snap_through,0,Outer,10,209.549,149.354,209.549,149.354
680.700,25.000,snap_through,0,Outer,11,230.868,167.123,230.868,167.123
680.700,25.000,snap_through,0,Outer,12,252.888,181.257,252.888,181.257
680.700,25.000,snap_through,0,Outer,13,275.747,192.143,275.747,192.143
680.700,25.000,snap_through,0,Outer,14,298.383,199.342,298.383,199.342
680.700,25.000,snap_through,0,Outer,15,321.341,202.746,321.341,202.746
680.700,25.000,snap_through,0,Outer,16,344.159,202.746,344.159,202.746
680.700,25.000,snap_through,0,Outer,17,367.117,199.342,367.117,199.342
680.700,25.000,snap_through,0,Outer,18,389.753,192.143,389.753,192.143
680.700,25.000,snap_through,0,Outer,19,412.612,181.257,412.612,181.257
680.700,25.000,snap_through,0,Outer,20,434.632,167.123,434.632,167.123
680.700,25.000,snap_through,0,Outer,21,455.951,149.354,455.951,149.354
680.700,25.000,snap_through,0,Outer,22,477.405,128.159,477.405,128.159
680.700,25.000,snap_through,0,Outer,23,499.829,108.691,499.829,108.691
680.700,25.000,snap_through,0,Outer,24,522.438,93.233,522.438,93.233
680.700,25.000,snap_through,0,Outer,25,544.930,82.461,544.930,82.461
680.700,25.000,snap_through,0,Outer,26,567.311,76.789,567.311,76.789
680.700,25.000,snap_through,0,Outer,27,589.654,76.069,589.654,76.069
680.700,25.000,snap_through,0,Outer,28,611.994,75.960,611.994,75.960
680.700,25.000,snap_through,0,Outer,29,634.333,75.960,634.333,75.960
680.700,25.000,snap_through,0,Outer,30,656.673,75.960,656.673,75.960
680.700,25.000,snap_through,0,Plate,1,8.827,73.460,8.827,73.460
680.700,25.000,snap_through,0,Plate,2,31.167,73.460,31.167,73.460
680.700,25.000,snap_through,0,Plate,3,53.506,73.460,53.506,73.460
680.700,25.000,snap_through,0,Plate,4,75.958,59.377,75.958,59.377
680.700,25.000,snap_through,0,Plate,5,98.510,40.686,98.510,40.686
680.700,25.000,snap_through,0,Plate,6,120.699,22.912,120.699,22.912
680.700,25.000,snap_through,0,Plate,7,142.864,10.059,142.864,10.059
680.700,25.000,snap_through,0,Plate,8,165.204,10.059,165.204,10.059
680.700,25.000,snap_through,0,Plate,9,187.543,10.059,187.543,10.059
680.700,25.000,snap_through,0,Plate,10,209.883,10.059,209.883,10.059
680.700,25.000,snap_through,0,Plate,11,233.026,13.112,233.026,13.112
680.700,25.000,snap_through,0,Plate,12,255.082,15.438,255.082,15.438
680.700,25.000,snap_through,0,Plate,13,276.273,17.780,276.273,17.780
680.700,25.000,snap_through,0,Plate,14,298.961,20.431,298.961,20.431
680.700,25.000,snap_through,0,Plate,15,321.570,20.203,321.570,20.203
680.700,25.000,snap_through,0,Plate,16,343.930,20.203,343.930,20.203
680.700,25.000,snap_through,0,Plate,17,366.539,20.431,366.539,20.431
680.700,25.000,snap_through,0,Plate,18,389.227,17.780,389.227,17.780
680.700,25.000,snap_through,0,Plate,19,410.418,15.438,410.418,15.438
680.700,25.000,snap_through,0,Plate,20,432.474,13.112,432.474,13.112
680.700,25.000,snap_through,0,Plate,21,455.617,10.059,455.617,10.059
680.700,25.000,snap_through,0,Plate,22,477.957,10.059,477.957,10.059
680.700,25.000,snap_through,0,Plate,23,500.296,10.059,500.296,10.059
680.700,25.000,snap_through,0,Plate,24,522.636,10.059,522.636,10.059
680.700,25.000,snap_through,0,Plate,25,544.801,22.912,544.801,22.912
680.700,25.000,snap_through,0,Plate,26,566.990,40.686,566.990,40.686
680.700,25.000,snap_through,0,Plate,27,589.542,59.377,589.542,59.377
680.700,25.000,snap_through,0,Plate,28,611.994,73.460,611.994,73.460
680.700,25.000,snap_through,0,Plate,29,634.333,73.460,634.333,73.460
680.700,25.000,snap_through,0,Plate,30,656.673,73.460,656.673,73.460
680.700,25.000,snap_through,0,Inner,1,142.864,12.558,142.864,12.558
680.700,25.000,snap_through,0,Inner,2,165.204,12.558,165.204,12.558
680.700,25.000,snap_through,0,Inner,3,187.543,12.558,187.543,12.558
680.700,25.000,snap_through,0,Inner,4,209.883,24.896,209.883,24.896
680.700,25.000,snap_through,0,Inner,5,231.896,42.103,231.896,42.103
680.700,25.000,snap_through,0,Inner,6,253.865,62.568,253.865,62.568
680.700,25.000,snap_through,0,Inner,7,276.210,80.283,276.210,80.283
680.700,25.000,snap_through,0,Inner,8,298.758,93.138,298.758,93.138
680.700,25.000,snap_through,0,Inner,9,321.425,100.183,321.425,100.183
680.700,25.000,snap_through,0,Inner,10,344.075,100.183,344.075,100.183
680.700,25.000,snap_through,0,Inner,11,366.742,93.138,366.742,93.138
680.700,25.000,snap_through,0,Inner,12,389.290,80.283,389.290,80.283
680.700,25.000,snap_through,0,Inner,13,411.635,62.568,411.635,62.568
680.700,25.000,snap_through,0,Inner,14,433.604,42.103,433.604,42.103
680.700,25.000,snap_through,0,Inner,15,455.617,24.896,455.617,24.896
680.700,25.000,snap_through,0,Inner,16,477.957,12.558,477.957,12.558
680.700,25.000,snap_through,0,Inner,17,500.296,12.558,500.296,12.558
680.700,25.000,snap_through,0,Inner,18,522.636,12.558,522.636,12.558
680.700,25.000,snap_through,0,Patch4,1,188.413,125.084,188.413,125.084
680.700,25.000,snap_through,0,Patch4,2,210.092,146.277,210.092,146.277
680.700,25.000,snap_through,0,Patch4,3,231.889,164.475,231.889,164.475
680.700,25.000,snap_through,0,Patch4,4,254.042,179.042,254.042,179.042
680.700,25.000,snap_through,0,Patch4,5,276.598,189.795,276.598,189.795
680.700,25.000,snap_through,0,Patch4,6,298.888,196.896,298.888,196.896
680.700,25.000,snap_through,0,Patch4,7,321.509,200.254,321.509,200.254
680.700,25.000,snap_through,0,Patch4,8,343.991,200.254,343.991,200.254
680.700,25.000,snap_through,0,Patch4,9,366.612,196.896,366.612,196.896
680.700,25.000,snap_through,0,Patch4,10,388.902,189.795,388.902,189.795
680.700,25.000,snap_through,0,Patch4,11,411.458,179.042,411.458,179.042
680.700,25.000,snap_through,0,Patch4,12,433.611,164.475,433.611,164.475
680.700,25.000,snap_through,0,Patch4,13,455.408,146.277,455.408,146.277
680.700,25.000,snap_through,0,Patch4,14,477.087,125.084,477.087,125.084
680.700,25.000,snap_through,1,Outer,1,77.549,64.777,77.168,63.983
680.700,25.000,snap_through,1,Outer,2,93.532,64.777,93.148,63.836
680.700,25.000,snap_through,1,Outer,3,109.515,64.777,109.125,63.790
680.700,25.000,snap_through,1,Outer,4,125.498,64.521,124.981,64.193
680.700,25.000,snap_through,1,Outer,5,141.416,65.072,140.846,65.393
680.700,25.000,snap_through,1,Outer,6,156.991,69.414,156.139,70.609
680.700,25.000,snap_through,1,Outer,7,172.784,77.605,171.399,79.749
680.700,25.000,snap_through,1,Outer,8,188.752,89.060,186.949,91.793
680.700,25.000,snap_through,1,Outer,9,204.704,103.297,203.038,105.962
680.700,25.000,snap_through,1,Outer,10,220.401,118.098,219.416,120.380
680.700,25.000,snap_through,1,Outer,11,236.287,130.947,235.673,133.281
680.700,25.000,snap_through,1,Outer,12,252.472,141.811,252.244,144.273
680.700,25.000,snap_through,1,Outer,13,268.764,149.902,268.858,152.607
680.700,25.000,snap_through,1,Outer,14,284.933,154.466,285.215,157.709
680.700,25.000,snap_through,1,Outer,15,301.187,156.304,301.686,160.025
680.700,25.000,snap_through,1,Outer,16,317.418,156.304,318.172,159.945
680.700,25.000,snap_through,1,Outer,17,333.673,154.466,334.615,157.545
680.700,25.000,snap_through,1,Outer,18,349.841,149.902,350.843,152.339
680.700,25.000,snap_through,1,Outer,19,366.134,141.811,367.092,143.783
680.700,25.000,snap_through,1,Outer,20,382.318,130.947,383.181,132.554
680.700,25.000,snap_through,1,Outer,21,398.204,118.098,399.049,119.498
680.700,25.000,snap_through,1,Outer,22,413.901,103.297,414.929,104.772
680.700,25.000,snap_through,1,Outer,23,429.853,89.060,430.534,90.144
680.700,25.000,snap_through,1,Outer,24,445.821,77.605,446.355,78.478
680.700,25.000,snap_through,1,Outer,25,461.614,69.414,462.007,70.016
680.700,25.000,snap_through,1,Outer,26,477.189,65.072,477.457,65.259
680.700,25.000,snap_through,1,Outer,27,493.108,64.521,493.348,64.260
680.700,25.000,snap_through,1,Outer,28,509.091,64.777,509.278,64.219
680.700,25.000,snap_through,1,Outer,29,525.074,64.777,525.261,64.171
680.700,25.000,snap_through,1,Outer,30,541.057,64.777,541.243,64.163
680.700,25.000,snap_through,1,Plate,1,77.549,62.277,77.168,61.483
680.700,25.000,snap_through,1,Plate,2,93.532,62.277,93.148,61.337
680.700,25.000,snap_through,1,Plate,3,109.515,62.277,109.125,61.290
680.700,25.000,snap_through,1,Plate,4,125.331,52.702,124.977,51.776
680.700,25.000,snap_through,1,Plate,5,141.317,39.783,141.108,39.063
680.700,25.000,snap_through,1,Plate,6,157.419,27.076,157.350,26.602
680.700,25.000,snap_through,1,Plate,7,173.447,17.874,173.481,17.740
680.700,25.000,snap_through,1,Plate,8,189.430,17.874,189.433,18.226
680.700,25.000,snap_through,1,Plate,9,205.413,17.874,205.387,18.114
680.700,25.000,snap_through,1,Plate,10,221.396,17.874,221.336,18.799
680.700,25.000,snap_through,1,Plate,11,237.779,18.127,237.702,19.469
680.700,25.000,snap_through,1,Plate,12,253.530,19.551,253.446,20.979
680.700,25.000,snap_through,1,Plate,13,269.024,22.385,268.990,23.568
680.700,25.000,snap_through,1,Plate,14,285.180,24.741,285.200,25.626
680.700,25.000,snap_through,1,Plate,15,301.286,25.136,301.321,25.928
680.700,25.000,snap_through,1,Plate,16,317.320,25.136,317.368,25.868
680.700,25.000,snap_through,1,Plate,17,333.425,24.741,333.482,25.452
680.700,25.000,snap_through,1,Plate,18,349.582,22.385,349.664,23.258
680.700,25.000,snap_through,1,Plate,19,365.076,19.551,365.179,20.566
680.700,25.000,snap_through,1,Plate,20,380.826,18.127,380.919,19.050
680.700,25.000,snap_through,1,Plate,21,397.210,17.874,397.289,18.408
680.700,25.000,snap_through,1,Plate,22,413.193,17.874,413.235,17.557
680.700,25.000,snap_through,1,Plate,23,429.176,17.874,429.202,17.735
680.700,25.000,snap_through,1,Plate,24,445.159,17.874,445.174,17.632
680.700,25.000,snap_through,1,Plate,25,461.187,27.076,461.196,26.798
680.700,25.000,snap_through,1,Plate,26,477.289,39.783,477.301,39.483
680.700,25.000,snap_through,1,Plate,27,493.274,52.702,493.382,52.278
680.700,25.000,snap_through,1,Plate,28,509.091,62.277,509.278,61.720
680.700,25.000,snap_through,1,Plate,29,525.074,62.277,525.261,61.671
680.700,25.000,snap_through,1,Plate,30,541.057,62.277,541.243,61.663
680.700,25.000,snap_through,1,Inner,1,173.447,20.373,173.481,20.240
680.700,25.000,snap_through,1,Inner,2,189.430,20.373,189.433,20.725
680.700,25.000,snap_through,1,Inner,3,205.413,20.373,205.387,20.613
680.700,25.000,snap_through,1,Inner,4,221.282,28.542,221.700,27.918
680.700,25.000,snap_through,1,Inner,5,236.962,41.133,237.945,39.670
680.700,25.000,snap_through,1,Inner,6,252.622,56.667,253.440,55.342
680.700,25.000,snap_through,1,Inner,7,268.691,71.123,269.074,70.297
680.700,25.000,snap_through,1,Inner,8,284.944,82.136,285.115,81.672
680.700,25.000,snap_through,1,Inner,9,301.191,88.076,301.362,87.693
680.700,25.000,snap_through,1,Inner,10,317.415,88.076,317.612,87.682
680.700,25.000,snap_through,1,Inner,11,333.661,82.136,333.873,81.712
680.700,25.000,snap_through,1,Inner,12,349.915,71.123,350.050,70.567
680.700,25.000,snap_through,1,Inner,13,365.984,56.667,365.956,55.949
680.700,25.000,snap_through,1,Inner,14,381.644,41.133,381.454,40.306
680.700,25.000,snap_through,1,Inner,15,397.324,28.542,397.249,27.945
680.700,25.000,snap_through,1,Inner,16,413.193,20.373,413.235,20.057
680.700,25.000,snap_through,1,Inner,17,429.176,20.373,429.202,20.235
680.700,25.000,snap_through,1,Inner,18,445.159,20.373,445.174,20.131
680.700,25.000,snap_through,1,Patch4,1,205.152,100.067,203.485,102.732
680.700,25.000,snap_through,1,Patch4,2,220.928,114.850,219.493,117.022
680.700,25.000,snap_through,1,Patch4,3,237.461,128.255,236.733,129.520
680.700,25.000,snap_through,1,Patch4,4,253.915,139.776,253.703,140.350
680.700,25.000,snap_through,1,Patch4,5,269.900,147.683,269.925,147.904
680.700,25.000,snap_through,1,Patch4,6,285.568,152.057,285.684,152.139
680.700,25.000,snap_through,1,Patch4,7,301.355,153.819,301.524,153.816
680.700,25.000,snap_through,1,Patch4,8,317.250,153.819,317.455,153.772
680.700,25.000,snap_through,1,Patch4,9,333.037,152.057,333.276,152.046
680.700,25.000,snap_through,1,Patch4,10,348.706,147.683,349.012,147.863
680.700,25.000,snap_through,1,Patch4,11,364.690,139.776,365.145,140.266
680.700,25.000,snap_through,1,Patch4,12,381.145,128.255,381.828,129.106
680.700,25.000,snap_through,1,Patch4,13,397.677,114.850,398.589,116.038
680.700,25.000,snap_through,1,Patch4,14,413.454,100.067,414.481,101.541
680.700,25.000,snap_through,2,Outer,1,120.272,56.940,119.159,53.895
680.700,25.000,snap_through,2,Outer,2,131.971,56.940,130.851,53.476
680.700,25.000,snap_through,2,Outer,3,143.670,56.940,142.547,53.180
680.700,25.000,snap_through,2,Outer,4,155.370,57.063,154.182,53.536
680.700,25.000,snap_through,2,Outer,5,166.967,57.657,165.779,53.996
680.700,25.000,snap_through,2,Outer,6,178.019,62.341,176.754,58.841
680.700,25.000,snap_through,2,Outer,7,189.378,71.204,187.575,68.334
680.700,25.000,snap_through,2,Outer,8,200.927,83.479,199.330,80.307
680.700,25.000,snap_through,2,Outer,9,212.567,98.652,215.026,91.102
680.700,25.000,snap_through,2,Outer,10,224.332,113.744,230.149,102.703
680.700,25.000,snap_through,2,Outer,11,236.418,127.081,242.032,116.090
680.700,25.000,snap_through,2,Outer,12,248.559,138.464,253.098,128.417
680.700,25.000,snap_through,2,Outer,13,260.436,146.453,264.156,137.441
680.700,25.000,snap_through,2,Outer,14,272.249,150.109,275.603,142.080
680.700,25.000,snap_through,2,Outer,15,284.012,151.282,287.199,144.335
680.700,25.000,snap_through,2,Outer,16,295.810,151.282,298.919,145.617
680.700,25.000,snap_through,2,Outer,17,307.573,150.109,310.730,145.848
680.700,25.000,snap_through,2,Outer,18,319.386,146.453,322.869,143.581
680.700,25.000,snap_through,2,Outer,19,331.263,138.464,335.397,136.721
680.700,25.000,snap_through,2,Outer,20,343.404,127.081,347.575,125.405
680.700,25.000,snap_through,2,Outer,21,355.490,113.744,358.932,111.473
680.700,25.000,snap_through,2,Outer,22,367.255,98.652,370.594,96.328
680.700,25.000,snap_through,2,Outer,23,378.895,83.479,379.920,79.643
680.700,25.000,snap_through,2,Outer,24,390.444,71.204,391.432,67.353
680.700,25.000,snap_through,2,Outer,25,401.804,62.341,402.869,58.622
680.700,25.000,snap_through,2,Outer,26,412.855,57.657,413.919,53.982
680.700,25.000,snap_through,2,Outer,27,424.453,57.063,425.495,53.262
680.700,25.000,snap_through,2,Outer,28,436.152,56.940,437.106,52.832
680.700,25.000,snap_through,2,Outer,29,447.851,56.940,448.801,52.666
680.700,25.000,snap_through,2,Outer,30,459.550,56.940,460.498,52.551
680.700,25.000,snap_through,2,Plate,1,120.272,54.440,119.159,51.396
680.700,25.000,snap_through,2,Plate,2,131.971,54.440,130.851,50.976
680.700,25.000,snap_through,2,Plate,3,143.670,54.440,142.547,50.680
680.700,25.000,snap_through,2,Plate,4,155.098,45.050,154.166,41.518
680.700,25.000,snap_through,2,Plate,5,166.705,32.181,166.486,29.325
680.700,25.000,snap_through,2,Plate,6,178.617,19.295,178.876,16.890
680.700,25.000,snap_through,2,Plate,7,190.467,10.016,190.725,7.603
680.700,25.000,snap_through,2,Plate,8,202.167,10.016,202.424,7.444
680.700,25.000,snap_through,2,Plate,9,213.866,10.016,214.124,7.297
680.700,25.000,snap_through,2,Plate,10,225.565,10.016,225.818,7.094
680.700,25.000,snap_through,2,Plate,11,237.394,9.053,237.635,6.009
680.700,25.000,snap_through,2,Plate,12,248.935,10.451,249.169,7.435
680.700,25.000,snap_through,2,Plate,13,260.537,14.254,260.717,11.372
680.700,25.000,snap_through,2,Plate,14,272.295,17.016,272.436,14.254
680.700,25.000,snap_through,2,Plate,15,284.031,17.797,284.160,15.033
680.700,25.000,snap_through,2,Plate,16,295.791,17.797,295.907,14.925
680.700,25.000,snap_through,2,Plate,17,307.527,17.016,307.619,13.956
680.700,25.000,snap_through,2,Plate,18,319.286,14.254,319.309,10.951
680.700,25.000,snap_through,2,Plate,19,330.887,10.451,330.836,6.941
680.700,25.000,snap_through,2,Plate,20,342.428,9.053,342.359,5.419
680.700,25.000,snap_through,2,Plate,21,354.257,10.016,354.189,6.356
680.700,25.000,snap_through,2,Plate,22,365.956,10.016,365.888,6.455
680.700,25.000,snap_through,2,Plate,23,377.656,10.016,377.586,6.652
680.700,25.000,snap_through,2,Plate,24,389.355,10.016,389.285,6.898
680.700,25.000,snap_through,2,Plate,25,401.205,19.295,401.096,16.240
680.700,25.000,snap_through,2,Plate,26,413.117,32.181,413.291,28.868
680.700,25.000,snap_through,2,Plate,27,424.724,45.050,425.430,41.243
680.700,25.000,snap_through,2,Plate,28,436.152,54.440,437.106,50.332
680.700,25.000,snap_through,2,Plate,29,447.851,54.440,448.801,50.166
680.700,25.000,snap_through,2,Plate,30,459.550,54.440,460.498,50.052
680.700,25.000,snap_through,2,Inner,1,190.467,12.515,190.725,10.103
680.700,25.000,snap_through,2,Inner,2,202.167,12.515,202.424,9.943
680.700,25.000,snap_through,2,Inner,3,213.866,12.515,214.124,9.797
680.700,25.000,snap_through,2,Inner,4,225.377,21.289,225.844,18.364
680.700,25.000,snap_through,2,Inner,5,236.825,34.625,237.432,31.592
680.700,25.000,snap_through,2,Inner,6,248.279,51.343,248.895,48.315
680.700,25.000,snap_through,2,Inner,7,260.096,67.318,260.704,64.299
680.700,25.000,snap_through,2,Inner,8,272.065,79.682,272.739,76.597
680.700,25.000,snap_through,2,Inner,9,283.968,86.218,284.674,83.073
680.700,25.000,snap_through,2,Inner,10,295.854,86.218,296.558,83.102
680.700,25.000,snap_through,2,Inner,11,307.757,79.682,308.516,76.673
680.700,25.000,snap_through,2,Inner,12,319.727,67.318,320.469,64.298
680.700,25.000,snap_through,2,Inner,13,331.543,51.343,331.948,48.080
680.700,25.000,snap_through,2,Inner,14,342.998,34.625,342.961,31.070
680.700,25.000,snap_through,2,Inner,15,354.445,21.289,354.315,17.660
680.700,25.000,snap_through,2,Inner,16,365.956,12.515,365.888,8.955
680.700,25.000,snap_through,2,Inner,17,377.656,12.515,377.586,9.151
680.700,25.000,snap_through,2,Inner,18,389.355,12.515,389.285,9.397
680.700,25.000,snap_through,3,Outer,1,125.925,55.852,124.997,51.015
680.700,25.000,snap_through,3,Outer,2,136.184,55.852,135.234,50.375
680.700,25.000,snap_through,3,Outer,3,146.442,55.852,145.477,49.841
680.700,25.000,snap_through,3,Outer,4,156.701,55.862,155.786,49.597
680.700,25.000,snap_through,3,Outer,5,166.853,56.453,165.941,49.882
680.700,25.000,snap_through,3,Outer,6,176.458,61.129,175.808,53.954
680.700,25.000,snap_through,3,Outer,7,186.507,69.999,187.564,60.342
680.700,25.000,snap_through,3,Outer,8,196.724,82.245,202.739,65.171
680.700,25.000,snap_through,3,Outer,9,207.061,97.332,220.464,69.347
680.700,25.000,snap_through,3,Outer,10,217.422,112.082,234.053,81.020
680.700,25.000,snap_through,3,Outer,11,227.987,125.023,241.500,95.699
680.700,25.000,snap_through,3,Outer,12,238.529,134.949,248.856,107.957
680.700,25.000,snap_through,3,Outer,13,248.907,140.950,257.266,116.370
680.700,25.000,snap_through,3,Outer,14,259.221,142.689,266.884,120.428
680.700,25.000,snap_through,3,Outer,15,269.520,143.100,276.851,123.020
680.700,25.000,snap_through,3,Outer,16,279.830,143.100,286.933,125.147
680.700,25.000,snap_through,3,Outer,17,290.129,142.689,297.087,126.886
680.700,25.000,snap_through,3,Outer,18,300.443,140.950,307.530,127.389
680.700,25.000,snap_through,3,Outer,19,310.821,134.949,318.953,123.842
680.700,25.000,snap_through,3,Outer,20,321.363,125.023,331.266,116.338
680.700,25.000,snap_through,3,Outer,21,331.928,112.082,341.306,103.028
680.700,25.000,snap_through,3,Outer,22,342.289,97.332,352.500,88.979
680.700,25.000,snap_through,3,Outer,23,352.626,82.245,352.441,70.687
680.700,25.000,snap_through,3,Outer,24,362.843,69.999,363.591,59.311
680.700,25.000,snap_through,3,Outer,25,372.892,61.129,374.478,51.510
680.700,25.000,snap_through,3,Outer,26,382.497,56.453,384.449,47.694
680.700,25.000,snap_through,3,Outer,27,392.649,55.862,394.615,47.673
680.700,25.000,snap_through,3,Outer,28,402.908,55.852,404.916,47.871
680.700,25.000,snap_through,3,Outer,29,413.166,55.852,415.174,47.972
680.700,25.000,snap_through,3,Outer,30,423.425,55.852,425.430,48.084
680.700,25.000,snap_through,3,Plate,1,125.925,53.352,124.997,48.516
680.700,25.000,snap_through,3,Plate,2,136.184,53.352,135.234,47.876
680.700,25.000,snap_through,3,Plate,3,146.442,53.352,145.477,47.341
680.700,25.000,snap_through,3,Plate,4,156.649,44.647,155.519,38.436
680.700,25.000,snap_through,3,Plate,5,166.923,32.519,166.267,26.720
680.700,25.000,snap_through,3,Plate,6,177.166,20.365,177.170,15.157
680.700,25.000,snap_through,3,Plate,7,187.477,11.755,187.726,6.853
680.700,25.000,snap_through,3,Plate,8,197.735,11.755,197.985,6.819
680.700,25.000,snap_through,3,Plate,9,207.994,11.755,208.242,6.638
680.700,25.000,snap_through,3,Plate,10,218.253,11.755,218.496,6.468
680.700,25.000,snap_through,3,Plate,11,228.511,11.853,228.751,6.480
680.700,25.000,snap_through,3,Plate,12,238.806,13.611,239.044,8.221
680.700,25.000,snap_through,3,Plate,13,248.976,17.194,249.200,11.831
680.700,25.000,snap_through,3,Plate,14,259.220,19.630,259.440,14.279
680.700,25.000,snap_through,3,Plate,15,269.523,20.243,269.744,14.865
680.700,25.000,snap_through,3,Plate,16,279.827,20.243,280.048,14.790
680.700,25.000,snap_through,3,Plate,17,290.130,19.630,290.343,14.054
680.700,25.000,snap_through,3,Plate,18,300.374,17.194,300.546,11.454
680.700,25.000,snap_through,3,Plate,19,310.544,13.611,310.650,7.697
680.700,25.000,snap_through,3,Plate,20,320.839,11.853,320.919,5.806
680.700,25.000,snap_through,3,Plate,21,331.097,11.755,331.175,5.648
680.700,25.000,snap_through,3,Plate,22,341.356,11.755,341.432,5.651
680.700,25.000,snap_through,3,Plate,23,351.615,11.755,351.689,5.684
680.700,25.000,snap_through,3,Plate,24,361.873,11.755,361.948,5.648
680.700,25.000,snap_through,3,Plate,25,372.184,20.365,372.465,14.000
680.700,25.000,snap_through,3,Plate,26,382.427,32.519,383.341,25.584
680.700,25.000,snap_through,3,Plate,27,392.701,44.647,394.494,36.913
680.700,25.000,snap_through,3,Plate,28,402.908,53.352,404.916,45.372
680.700,25.000,snap_through,3,Plate,29,413.166,53.352,415.174,45.472
680.700,25.000,snap_through,3,Plate,30,423.425,53.352,425.430,45.585
680.700,25.000,snap_through,3,Inner,1,187.477,14.255,187.726,9.353
680.700,25.000,snap_through,3,Inner,2,197.735,14.255,197.985,9.319
680.700,25.000,snap_through,3,Inner,3,207.994,14.255,208.242,9.137
680.700,25.000,snap_through,3,Inner,4,217.998,23.409,218.634,17.933
680.700,25.000,snap_through,3,Inner,5,228.126,36.874,229.235,31.011
680.700,25.000,snap_through,3,Inner,6,238.304,53.082,239.711,47.006
680.700,25.000,snap_through,3,Inner,7,248.641,67.467,250.005,61.403
680.700,25.000,snap_through,3,Inner,8,259.066,78.176,260.250,72.269
680.700,25.000,snap_through,3,Inner,9,269.457,83.611,270.533,77.897
680.700,25.000,snap_through,3,Inner,10,279.893,83.611,280.966,78.057
680.700,25.000,snap_through,3,Inner,11,290.284,78.176,291.391,72.700
680.700,25.000,snap_through,3,Inner,12,300.709,67.467,301.750,61.943
680.700,25.000,snap_through,3,Inner,13,311.046,53.082,311.782,47.363
680.700,25.000,snap_through,3,Inner,14,321.224,36.874,321.510,30.900
680.700,25.000,snap_through,3,Inner,15,331.352,23.409,331.486,17.339
680.700,25.000,snap_through,3,Inner,16,341.356,14.255,341.432,8.150
680.700,25.000,snap_through,3,Inner,17,351.615,14.255,351.689,8.183
680.700,25.000,snap_through,3,Inner,18,361.873,14.255,361.948,8.148
680.700,25.000,snap_through,4,Outer,1,134.356,53.446,135.262,49.694
680.700,25.000,snap_through,4,Outer,2,143.244,53.446,143.891,47.600
680.700,25.000,snap_through,4,Outer,3,152.133,53.446,152.528,45.544
680.700,25.000,snap_through,4,Outer,4,161.022,53.479,161.747,43.435
680.700,25.000,snap_through,4,Outer,5,169.826,53.978,170.296,41.385
680.700,25.000,snap_through,4,Outer,6,178.200,58.020,179.559,41.815
680.700,25.000,snap_through,4,Outer,7,186.962,66.355,191.552,42.832
680.700,25.000,snap_through,4,Outer,8,195.825,78.598,206.584,43.482
680.700,25.000,snap_through,4,Outer,9,204.813,94.078,223.396,49.568
680.700,25.000,snap_through,4,Outer,10,213.770,108.981,232.329,64.344
680.700,25.000,snap_through,4,Outer,11,222.787,121.605,237.252,78.881
680.700,25.000,snap_through,4,Outer,12,231.829,130.801,243.334,90.095
680.700,25.000,snap_through,4,Outer,13,240.870,136.104,250.865,97.266
680.700,25.000,snap_through,4,Outer,14,249.861,137.318,259.461,100.110
680.700,25.000,snap_through,4,Outer,15,258.790,137.461,268.239,101.708
680.700,25.000,snap_through,4,Outer,16,267.699,137.461,277.022,103.164
680.700,25.000,snap_through,4,Outer,17,276.628,137.318,285.823,104.636
680.700,25.000,snap_through,4,Outer,18,285.619,136.104,294.861,105.373
680.700,25.000,snap_through,4,Outer,19,294.659,130.801,304.964,102.615
680.700,25.000,snap_through,4,Outer,20,303.702,121.605,316.283,96.495
680.700,25.000,snap_through,4,Outer,21,312.719,108.981,326.584,84.924
680.700,25.000,snap_through,4,Outer,22,321.676,94.078,338.215,72.047
680.700,25.000,snap_through,4,Outer,23,330.664,78.598,329.123,56.629
680.700,25.000,snap_through,4,Outer,24,339.527,66.355,340.332,46.511
680.700,25.000,snap_through,4,Outer,25,348.289,58.020,350.760,40.409
680.700,25.000,snap_through,4,Outer,26,356.663,53.978,359.811,38.313
680.700,25.000,snap_through,4,Outer,27,365.467,53.479,368.536,39.537
680.700,25.000,snap_through,4,Outer,28,374.356,53.446,377.679,40.765
680.700,25.000,snap_through,4,Outer,29,383.244,53.446,386.515,41.714
680.700,25.000,snap_through,4,Outer,30,392.133,53.446,395.354,42.642
680.700,25.000,snap_through,4,Plate,1,134.356,50.946,135.262,47.194
680.700,25.000,snap_through,4,Plate,2,143.244,50.946,143.891,45.100
680.700,25.000,snap_through,4,Plate,3,152.133,50.946,152.528,43.044
680.700,25.000,snap_through,4,Plate,4,160.935,41.987,160.026,32.954
680.700,25.000,snap_through,4,Plate,5,169.835,30.037,169.127,21.149
680.700,25.000,snap_through,4,Plate,6,178.708,18.820,178.677,10.504
680.700,25.000,snap_through,4,Plate,7,187.689,11.067,187.895,3.035
680.700,25.000,snap_through,4,Plate,8,196.578,11.067,196.784,3.030
680.700,25.000,snap_through,4,Plate,9,205.467,11.067,205.673,2.923
680.700,25.000,snap_through,4,Plate,10,214.356,11.067,214.563,2.815
680.700,25.000,snap_through,4,Plate,11,223.227,11.407,223.437,3.087
680.700,25.000,snap_through,4,Plate,12,232.118,13.127,232.341,4.745
680.700,25.000,snap_through,4,Plate,13,240.955,16.523,241.201,8.076
680.700,25.000,snap_through,4,Plate,14,249.868,18.972,250.127,10.477
680.700,25.000,snap_through,4,Plate,15,258.787,19.280,259.046,10.770
680.700,25.000,snap_through,4,Plate,16,267.702,19.280,267.962,10.778
680.700,25.000,snap_through,4,Plate,17,276.621,18.972,276.882,10.487
680.700,25.000,snap_through,4,Plate,18,285.534,16.523,285.798,8.053
680.700,25.000,snap_through,4,Plate,19,294.371,13.127,294.628,4.640
680.700,25.000,snap_through,4,Plate,20,303.262,11.407,303.503,2.839
680.700,25.000,snap_through,4,Plate,21,312.133,11.067,312.368,2.339
680.700,25.000,snap_through,4,Plate,22,321.022,11.067,321.255,2.092
680.700,25.000,snap_through,4,Plate,23,329.911,11.067,330.138,1.755
680.700,25.000,snap_through,4,Plate,24,338.800,11.067,339.017,1.319
680.700,25.000,snap_through,4,Plate,25,347.780,18.820,348.520,8.408
680.700,25.000,snap_through,4,Plate,26,356.654,30.037,358.429,18.699
680.700,25.000,snap_through,4,Plate,27,365.554,41.987,368.645,29.528
680.700,25.000,snap_through,4,Plate,28,374.356,50.946,377.679,38.265
680.700,25.000,snap_through,4,Plate,29,383.244,50.946,386.515,39.214
680.700,25.000,snap_through,4,Plate,30,392.133,50.946,395.354,40.142
680.700,25.000,snap_through,4,Inner,1,187.689,13.566,187.895,5.535
680.700,25.000,snap_through,4,Inner,2,196.578,13.566,196.784,5.529
680.700,25.000,snap_through,4,Inner,3,205.467,13.566,205.673,5.422
680.700,25.000,snap_through,4,Inner,4,214.157,22.510,214.675,14.109
680.700,25.000,snap_through,4,Inner,5,222.950,35.635,223.938,26.892
680.700,25.000,snap_through,4,Inner,6,231.816,51.345,233.219,42.343
680.700,25.000,snap_through,4,Inner,7,240.753,64.804,242.240,55.733
680.700,25.000,snap_through,4,Inner,8,249.750,74.422,251.115,65.455
680.700,25.000,snap_through,4,Inner,9,258.746,79.044,260.002,70.279
680.700,25.000,snap_through,4,Inner,10,267.743,79.044,268.996,70.503
680.700,25.000,snap_through,4,Inner,11,276.739,74.422,278.085,66.071
680.700,25.000,snap_through,4,Inner,12,285.736,64.804,287.179,56.554
680.700,25.000,snap_through,4,Inner,13,294.673,51.345,296.036,43.053
680.700,25.000,snap_through,4,Inner,14,303.539,35.635,304.524,27.150
680.700,25.000,snap_through,4,Inner,15,312.332,22.510,312.959,13.807
680.700,25.000,snap_through,4,Inner,16,321.022,13.566,321.255,4.591
680.700,25.000,snap_through,4,Inner,17,329.911,13.566,330.138,4.254
680.700,25.000,snap_through,4,Inner,18,338.800,13.566,339.017,3.818
680.700,25.000,snap_through,5,Outer,1,139.103,51.144,145.736,49.775
680.700,25.000,snap_through,5,Outer,2,147.130,51.144,152.435,45.419
680.700,25.000,snap_through,5,Outer,3,155.157,51.144,159.124,41.048
680.700,25.000,snap_through,5,Outer,4,163.185,51.147,167.111,36.066
680.700,25.000,snap_through,5,Outer,5,171.136,51.571,173.540,31.459
680.700,25.000,snap_through,5,Outer,6,178.705,55.038,181.177,28.271
680.700,25.000,snap_through,5,Outer,7,186.635,62.402,191.623,25.649
680.700,25.000,snap_through,5,Outer,8,194.627,73.805,205.507,25.139
680.700,25.000,snap_through,5,Outer,9,202.703,88.647,219.417,34.752
680.700,25.000,snap_through,5,Outer,10,210.782,102.845,225.478,49.827
680.700,25.000,snap_through,5,Outer,11,218.904,114.638,231.337,62.793
680.700,25.000,snap_through,5,Outer,12,227.055,123.073,238.138,72.260
680.700,25.000,snap_through,5,Outer,13,235.219,128.009,245.698,78.007
680.700,25.000,snap_through,5,Outer,14,243.357,129.052,253.691,79.821
680.700,25.000,snap_through,5,Outer,15,251.458,129.057,261.745,80.664
680.700,25.000,snap_through,5,Outer,16,259.536,129.057,269.760,81.644
680.700,25.000,snap_through,5,Outer,17,267.637,129.052,277.772,82.806
680.700,25.000,snap_through,5,Outer,18,275.775,128.009,285.967,83.167
680.700,25.000,snap_through,5,Outer,19,283.938,123.073,294.992,80.073
680.700,25.000,snap_through,5,Outer,20,292.089,114.638,304.988,73.952
680.700,25.000,snap_through,5,Outer,21,300.212,102.845,315.671,64.445
680.700,25.000,snap_through,5,Outer,22,308.291,88.647,326.659,52.390
680.700,25.000,snap_through,5,Outer,23,316.367,73.805,314.558,40.629
680.700,25.000,snap_through,5,Outer,24,324.359,62.402,325.638,32.226
680.700,25.000,snap_through,5,Outer,25,332.288,55.038,335.837,28.632
680.700,25.000,snap_through,5,Outer,26,339.858,51.571,344.154,28.469
680.700,25.000,snap_through,5,Outer,27,347.809,51.147,351.677,31.055
680.700,25.000,snap_through,5,Outer,28,355.836,51.144,360.075,33.682
680.700,25.000,snap_through,5,Outer,29,363.863,51.144,367.823,35.775
680.700,25.000,snap_through,5,Outer,30,371.890,51.144,375.580,37.840
680.700,25.000,snap_through,5,Plate,1,139.103,48.644,145.736,47.275
680.700,25.000,snap_through,5,Plate,2,147.130,48.644,152.435,42.919
680.700,25.000,snap_through,5,Plate,3,155.157,48.644,159.124,38.548
680.700,25.000,snap_through,5,Plate,4,163.038,39.501,162.708,27.030
680.700,25.000,snap_through,5,Plate,5,171.064,27.822,170.101,14.946
680.700,25.000,snap_through,5,Plate,6,179.098,17.945,178.909,5.761
680.700,25.000,snap_through,5,Plate,7,187.266,11.272,187.435,-0.446
680.700,25.000,snap_through,5,Plate,8,195.293,11.272,195.461,-0.259
680.700,25.000,snap_through,5,Plate,9,203.320,11.272,203.489,-0.189
680.700,25.000,snap_through,5,Plate,10,211.348,11.272,211.518,-0.185
680.700,25.000,snap_through,5,Plate,11,219.344,10.768,219.515,-0.723
680.700,25.000,snap_through,5,Plate,12,227.366,12.355,227.555,0.772
680.700,25.000,snap_through,5,Plate,13,235.346,15.204,235.577,3.500
680.700,25.000,snap_through,5,Plate,14,243.396,17.361,243.651,5.572
680.700,25.000,snap_through,5,Plate,15,251.464,17.410,251.721,5.614
680.700,25.000,snap_through,5,Plate,16,259.529,17.410,259.788,5.673
680.700,25.000,snap_through,5,Plate,17,267.597,17.361,267.857,5.728
680.700,25.000,snap_through,5,Plate,18,275.648,15.204,275.942,3.696
680.700,25.000,snap_through,5,Plate,19,283.628,12.355,283.950,0.923
680.700,25.000,snap_through,5,Plate,20,291.649,10.768,291.962,-0.718
680.700,25.000,snap_through,5,Plate,21,299.646,11.272,299.973,-0.451
680.700,25.000,snap_through,5,Plate,22,307.673,11.272,307.991,-0.879
680.700,25.000,snap_through,5,Plate,23,315.700,11.272,315.996,-1.488
680.700,25.000,snap_through,5,Plate,24,323.728,11.272,323.989,-2.242
680.700,25.000,snap_through,5,Plate,25,331.895,17.945,332.921,3.353
680.700,25.000,snap_through,5,Plate,26,339.930,27.822,342.342,11.890
680.700,25.000,snap_through,5,Plate,27,347.956,39.501,352.195,22.046
680.700,25.000,snap_through,5,Plate,28,355.836,48.644,360.075,31.182
680.700,25.000,snap_through,5,Plate,29,363.863,48.644,367.823,33.276
680.700,25.000,snap_through,5,Plate,30,371.890,48.644,375.580,35.341
680.700,25.000,snap_through,5,Inner,1,187.266,13.771,187.435,2.053
680.700,25.000,snap_through,5,Inner,2,195.293,13.771,195.461,2.240
680.700,25.000,snap_through,5,Inner,3,203.320,13.771,203.489,2.311
680.700,25.000,snap_through,5,Inner,4,211.201,21.536,211.485,9.974
680.700,25.000,snap_through,5,Inner,5,219.131,33.405,219.769,21.586
680.700,25.000,snap_through,5,Inner,6,227.124,48.070,228.262,35.953
680.700,25.000,snap_through,5,Inner,7,235.188,60.797,236.572,48.510
680.700,25.000,snap_through,5,Inner,8,243.304,69.915,244.658,57.646
680.700,25.000,snap_through,5,Inner,9,251.426,74.809,252.674,62.710
680.700,25.000,snap_through,5,Inner,10,259.567,74.809,260.811,62.966
680.700,25.000,snap_through,5,Inner,11,267.689,69.915,269.091,58.348
680.700,25.000,snap_through,5,Inner,12,275.806,60.797,277.434,49.445
680.700,25.000,snap_through,5,Inner,13,283.870,48.070,285.578,36.782
680.700,25.000,snap_through,5,Inner,14,291.863,33.405,293.293,21.985
680.700,25.000,snap_through,5,Inner,15,299.792,21.536,300.748,9.829
680.700,25.000,snap_through,5,Inner,16,307.673,13.771,307.991,1.620
680.700,25.000,snap_through,5,Inner,17,315.700,13.771,315.996,1.012
680.700,25.000,snap_through,5,Inner,18,323.728,13.771,323.989,0.257
680.700,25.000,snap_through,5,Patch4,1,203.387,84.706,220.101,30.812
680.700,25.000,snap_through,5,Patch4,2,211.545,98.880,227.247,45.670
680.700,25.000,snap_through,5,Patch4,3,220.461,111.654,234.188,59.499
680.700,25.000,snap_through,5,Patch4,4,228.676,121.178,240.819,70.089
680.700,25.000,snap_through,5,Patch4,5,236.068,125.666,247.470,75.545
680.700,25.000,snap_through,5,Patch4,6,243.442,126.555,254.660,77.343
680.700,25.000,snap_through,5,Patch4,7,251.445,126.558,262.596,78.299
680.700,25.000,snap_through,5,Patch4,8,259.549,126.558,270.618,79.361
680.700,25.000,snap_through,5,Patch4,9,267.551,126.555,278.516,80.569
680.700,25.000,snap_through,5,Patch4,10,274.926,125.666,285.924,80.978
680.700,25.000,snap_through,5,Patch4,11,282.318,121.178,294.023,77.968
680.700,25.000,snap_through,5,Patch4,12,290.533,111.654,303.916,70.259
680.700,25.000,snap_through,5,Patch4,13,299.449,98.880,315.306,59.705
680.700,25.000,snap_through,5,Patch4,14,307.607,84.706,325.975,48.450
680.700,25.000,snap_through,6,Outer,1,140.814,48.861,156.260,48.460
680.700,25.000,snap_through,6,Outer,2,148.399,48.861,160.695,42.358
680.700,25.000,snap_through,6,Outer,3,155.983,48.861,165.107,36.239
680.700,25.000,snap_through,6,Outer,4,163.567,48.867,171.387,28.897
680.700,25.000,snap_through,6,Outer,5,171.090,49.304,175.499,22.645
680.700,25.000,snap_through,6,Outer,6,178.300,52.818,181.609,17.530
680.700,25.000,snap_through,6,Outer,7,185.796,59.987,190.841,12.927
680.700,25.000,snap_through,6,Outer,8,193.349,71.140,204.292,12.629
680.700,25.000,snap_through,6,Outer,9,200.953,85.537,215.438,24.526
680.700,25.000,snap_through,6,Outer,10,208.574,99.451,220.944,39.332
680.700,25.000,snap_through,6,Outer,11,216.239,110.673,226.863,51.496
680.700,25.000,snap_through,6,Outer,12,223.930,118.367,233.773,59.838
680.700,25.000,snap_through,6,Outer,13,231.633,122.556,241.299,64.286
680.700,25.000,snap_through,6,Outer,14,239.317,123.325,248.960,65.183
680.700,25.000,snap_through,6,Outer,15,246.973,123.248,256.607,65.335
680.700,25.000,snap_through,6,Outer,16,254.599,123.248,264.208,65.817
680.700,25.000,snap_through,6,Outer,17,262.254,123.325,271.799,66.705
680.700,25.000,snap_through,6,Outer,18,269.939,122.556,279.504,67.044
680.700,25.000,snap_through,6,Outer,19,277.641,118.367,287.806,64.247
680.700,25.000,snap_through,6,Outer,20,285.333,110.673,296.838,58.216
680.700,25.000,snap_through,6,Outer,21,292.997,99.451,306.705,48.923
680.700,25.000,snap_through,6,Outer,22,300.618,85.537,316.901,36.827
680.700,25.000,snap_through,6,Outer,23,308.222,71.140,305.889,24.931
680.700,25.000,snap_through,6,Outer,24,315.776,59.987,317.736,18.555
680.700,25.000,snap_through,6,Outer,25,323.271,52.818,328.011,17.189
680.700,25.000,snap_through,6,Outer,26,330.482,49.304,335.883,18.690
680.700,25.000,snap_through,6,Outer,27,338.004,48.867,342.258,22.689
680.700,25.000,snap_through,6,Outer,28,345.589,48.861,350.037,26.962
680.700,25.000,snap_through,6,Outer,29,353.173,48.861,356.817,30.351
680.700,25.000,snap_through,6,Outer,30,360.757,48.861,363.611,33.712
680.700,25.000,snap_through,6,Plate,1,140.814,46.362,156.260,45.960
680.700,25.000,snap_through,6,Plate,2,148.399,46.362,160.695,39.858
680.700,25.000,snap_through,6,Plate,3,155.983,46.362,165.107,33.739
680.700,25.000,snap_through,6,Plate,4,163.422,37.647,164.838,22.311
680.700,25.000,snap_through,6,Plate,5,171.018,26.427,170.143,9.859
680.700,25.000,snap_through,6,Plate,6,178.643,17.017,178.404,1.011
680.700,25.000,snap_through,6,Plate,7,186.320,10.922,186.475,-4.551
680.700,25.000,snap_through,6,Plate,8,193.904,10.922,194.054,-4.231
680.700,25.000,snap_through,6,Plate,9,201.488,10.922,201.637,-4.035
680.700,25.000,snap_through,6,Plate,10,209.072,10.922,209.223,-3.924
680.700,25.000,snap_through,6,Plate,11,216.654,10.553,216.809,-4.235
680.700,25.000,snap_through,6,Plate,12,224.233,12.206,224.395,-2.606
680.700,25.000,snap_through,6,Plate,13,231.752,14.804,231.938,-0.073
680.700,25.000,snap_through,6,Plate,14,239.347,16.471,239.542,1.563
680.700,25.000,snap_through,6,Plate,15,246.970,16.144,247.169,1.275
680.700,25.000,snap_through,6,Plate,16,254.602,16.144,254.803,1.363
680.700,25.000,snap_through,6,Plate,17,262.224,16.471,262.422,1.807
680.700,25.000,snap_through,6,Plate,18,269.819,14.804,270.048,0.271
680.700,25.000,snap_through,6,Plate,19,277.338,12.206,277.594,-2.254
680.700,25.000,snap_through,6,Plate,20,284.918,10.553,285.157,-3.991
680.700,25.000,snap_through,6,Plate,21,292.499,10.922,292.751,-3.940
680.700,25.000,snap_through,6,Plate,22,300.083,10.922,300.318,-4.497
680.700,25.000,snap_through,6,Plate,23,307.667,10.922,307.863,-5.276
680.700,25.000,snap_through,6,Plate,24,315.252,10.922,315.388,-6.236
680.700,25.000,snap_through,6,Plate,25,322.928,17.017,324.033,-1.620
680.700,25.000,snap_through,6,Plate,26,330.553,26.427,333.517,5.892
680.700,25.000,snap_through,6,Plate,27,338.149,37.647,343.364,15.171
680.700,25.000,snap_through,6,Plate,28,345.589,46.362,350.037,24.462
680.700,25.000,snap_through,6,Plate,29,353.173,46.362,356.817,27.851
680.700,25.000,snap_through,6,Plate,30,360.757,46.362,363.611,31.213
680.700,25.000,snap_through,6,Inner,1,186.320,13.421,186.475,-2.051
680.700,25.000,snap_through,6,Inner,2,193.904,13.421,194.054,-1.732
680.700,25.000,snap_through,6,Inner,3,201.488,13.421,201.637,-1.536
680.700,25.000,snap_through,6,Inner,4,208.961,20.923,209.164,5.918
680.700,25.000,snap_through,6,Inner,5,216.476,32.251,217.104,16.945
680.700,25.000,snap_through,6,Inner,6,224.002,46.385,225.299,30.694
680.700,25.000,snap_through,6,Inner,7,231.603,58.594,233.200,42.705
680.700,25.000,snap_through,6,Inner,8,239.273,67.257,240.758,51.462
680.700,25.000,snap_through,6,Inner,9,246.945,71.981,248.233,56.489
680.700,25.000,snap_through,6,Inner,10,254.626,71.981,255.904,56.876
680.700,25.000,snap_through,6,Inner,11,262.299,67.257,263.782,52.511
680.700,25.000,snap_through,6,Inner,12,269.968,58.594,271.706,44.091
680.700,25.000,snap_through,6,Inner,13,277.570,46.385,279.391,31.947
680.700,25.000,snap_through,6,Inner,14,285.095,32.251,286.636,17.680
680.700,25.000,snap_through,6,Inner,15,292.611,20.923,293.626,6.032
680.700,25.000,snap_through,6,Inner,16,300.083,13.421,300.318,-1.998
680.700,25.000,snap_through,6,Inner,17,307.667,13.421,307.863,-2.777
680.700,25.000,snap_through,6,Inner,18,315.252,13.421,315.388,-3.737
680.700,25.000,snap_through,6,Patch4,1,201.724,81.613,216.208,20.602
680.700,25.000,snap_through,6,Patch4,2,209.407,95.502,222.485,35.468
680.700,25.000,snap_through,6,Patch4,3,217.741,107.665,229.218,48.502
680.700,25.000,snap_through,6,Patch4,4,225.445,116.390,236.042,57.853
680.700,25.000,snap_through,6,Patch4,5,232.364,120.175,242.695,62.028
680.700,25.000,snap_through,6,Patch4,6,239.343,120.828,249.635,62.917
680.700,25.000,snap_through,6,Patch4,7,246.943,120.748,257.227,63.092
680.700,25.000,snap_through,6,Patch4,8,254.628,120.748,264.890,63.573
680.700,25.000,snap_through,6,Patch4,9,262.228,120.828,272.429,64.461
680.700,25.000,snap_through,6,Patch4,10,269.208,120.175,279.425,64.795
680.700,25.000,snap_through,6,Patch4,11,276.126,116.390,286.856,62.174
680.700,25.000,snap_through,6,Patch4,12,283.830,107.665,295.977,54.984
680.700,25.000,snap_through,6,Patch4,13,292.164,95.502,306.499,44.710
680.700,25.000,snap_through,6,Patch4,14,299.848,81.613,316.130,32.903
680.700,25.000,snap_through,7,Outer,1,140.935,46.603,164.620,45.905
680.700,25.000,snap_through,7,Outer,2,148.295,46.603,166.928,38.936
680.700,25.000,snap_through,7,Outer,3,155.656,46.603,169.209,31.959
680.700,25.000,snap_through,7,Outer,4,163.017,46.650,173.649,23.094
680.700,25.000,snap_through,7,Outer,5,170.328,47.138,175.741,16.098
680.700,25.000,snap_through,7,Outer,6,177.390,50.978,180.741,9.841
680.700,25.000,snap_through,7,Outer,7,184.675,58.361,189.177,3.858
680.700,25.000,snap_through,7,Outer,8,192.017,69.673,202.592,4.852
680.700,25.000,snap_through,7,Outer,9,199.381,84.061,211.391,18.387
680.700,25.000,snap_through,7,Outer,10,206.763,97.886,216.849,33.062
680.700,25.000,snap_through,7,Outer,11,214.185,108.569,222.961,44.518
680.700,25.000,snap_through,7,Outer,12,221.643,115.531,229.873,51.985
680.700,25.000,snap_through,7,Outer,13,229.105,119.001,237.234,55.622
680.700,25.000,snap_through,7,Outer,14,236.547,119.495,244.668,56.082
680.700,25.000,snap_through,7,Outer,15,243.968,119.380,252.078,55.895
680.700,25.000,snap_through,7,Outer,16,251.363,119.380,259.465,55.924
680.700,25.000,snap_through,7,Outer,17,258.783,119.495,266.870,56.247
680.700,25.000,snap_through,7,Outer,18,266.226,119.001,274.320,56.153
680.700,25.000,snap_through,7,Outer,19,273.688,115.531,282.023,53.270
680.700,25.000,snap_through,7,Outer,20,281.146,108.569,290.149,47.114
680.700,25.000,snap_through,7,Outer,21,288.568,97.886,298.882,37.484
680.700,25.000,snap_through,7,Outer,22,295.950,84.061,308.143,24.848
680.700,25.000,snap_through,7,Outer,23,303.314,69.673,300.917,10.415
680.700,25.000,snap_through,7,Outer,24,310.656,58.361,313.719,6.255
680.700,25.000,snap_through,7,Outer,25,317.941,50.978,324.016,7.387
680.700,25.000,snap_through,7,Outer,26,325.003,47.138,331.410,10.515
680.700,25.000,snap_through,7,Outer,27,332.314,46.650,336.564,15.713
680.700,25.000,snap_through,7,Outer,28,339.675,46.603,343.651,21.426
680.700,25.000,snap_through,7,Outer,29,347.036,46.603,349.546,25.826
680.700,25.000,snap_through,7,Outer,30,354.396,46.603,355.456,30.205
680.700,25.000,snap_through,7,Plate,1,140.935,44.104,164.620,43.405
680.700,25.000,snap_through,7,Plate,2,148.295,44.104,166.928,36.437
680.700,25.000,snap_through,7,Plate,3,155.656,44.104,169.209,29.459
680.700,25.000,snap_through,7,Plate,4,162.940,36.235,166.826,19.059
680.700,25.000,snap_through,7,Plate,5,170.329,25.410,170.162,6.432
680.700,25.000,snap_through,7,Plate,6,177.722,15.979,177.743,-2.840
680.700,25.000,snap_through,7,Plate,7,185.099,10.047,185.314,-8.519
680.700,25.000,snap_through,7,Plate,8,192.460,10.047,192.674,-8.358
680.700,25.000,snap_through,7,Plate,9,199.821,10.047,200.034,-8.276
680.700,25.000,snap_through,7,Plate,10,207.181,10.047,207.395,-8.179
680.700,25.000,snap_through,7,Plate,11,214.575,10.232,214.785,-7.848
680.700,25.000,snap_through,7,Plate,12,221.938,12.044,222.114,-5.899
680.700,25.000,snap_through,7,Plate,13,229.213,14.357,229.347,-3.456
680.700,25.000,snap_through,7,Plate,14,236.567,15.703,236.673,-1.948
680.700,25.000,snap_through,7,Plate,15,243.962,15.164,244.083,-2.284
680.700,25.000,snap_through,7,Plate,16,251.369,15.164,251.491,-2.085
680.700,25.000,snap_through,7,Plate,17,258.764,15.703,258.874,-1.373
680.700,25.000,snap_through,7,Plate,18,266.118,14.357,266.256,-2.574
680.700,25.000,snap_through,7,Plate,19,273.392,12.044,273.550,-4.833
680.700,25.000,snap_through,7,Plate,20,280.756,10.232,280.882,-6.774
680.700,25.000,snap_through,7,Plate,21,288.150,10.047,288.256,-7.379
680.700,25.000,snap_through,7,Plate,22,295.510,10.047,295.575,-8.167
680.700,25.000,snap_through,7,Plate,23,302.871,10.047,302.860,-9.222
680.700,25.000,snap_through,7,Plate,24,310.232,10.047,310.120,-10.434
680.700,25.000,snap_through,7,Plate,25,317.609,15.979,318.560,-6.156
680.700,25.000,snap_through,7,Plate,26,325.002,25.410,327.954,1.268
680.700,25.000,snap_through,7,Plate,27,332.391,36.235,337.539,10.187
680.700,25.000,snap_through,7,Plate,28,339.675,44.104,343.651,18.926
680.700,25.000,snap_through,7,Plate,29,347.036,44.104,349.546,23.327
680.700,25.000,snap_through,7,Plate,30,354.396,44.104,355.456,27.706
680.700,25.000,snap_through,7,Inner,1,185.099,12.546,185.314,-6.020
680.700,25.000,snap_through,7,Inner,2,192.460,12.546,192.674,-5.859
680.700,25.000,snap_through,7,Inner,3,199.821,12.546,200.034,-5.777
680.700,25.000,snap_through,7,Inner,4,207.092,20.251,207.493,1.782
680.700,25.000,snap_through,7,Inner,5,214.424,31.339,215.213,12.590
680.700,25.000,snap_through,7,Inner,6,221.701,45.264,222.793,26.335
680.700,25.000,snap_through,7,Inner,7,229.055,57.365,230.331,38.299
680.700,25.000,snap_through,7,Inner,8,236.502,65.934,238.003,46.640
680.700,25.000,snap_through,7,Inner,9,243.946,70.696,245.521,51.270
680.700,25.000,snap_through,7,Inner,10,251.385,70.696,252.949,51.774
680.700,25.000,snap_through,7,Inner,11,258.829,65.934,261.056,48.264
680.700,25.000,snap_through,7,Inner,12,266.276,57.365,269.716,40.942
680.700,25.000,snap_through,7,Inner,13,273.630,45.264,277.537,29.166
680.700,25.000,snap_through,7,Inner,14,280.907,31.339,283.686,14.727
680.700,25.000,snap_through,7,Inner,15,288.239,20.251,289.679,2.877
680.700,25.000,snap_through,7,Inner,16,295.510,12.546,295.575,-5.668
680.700,25.000,snap_through,7,Inner,17,302.871,12.546,302.860,-6.722
680.700,25.000,snap_through,7,Inner,18,310.232,12.546,310.120,-7.935
680.700,25.000,snap_through,8,Outer,1,140.800,44.486,164.979,42.613
680.700,25.000,snap_through,8,Outer,2,147.972,44.486,166.611,35.633
680.700,25.000,snap_through,8,Outer,3,155.145,44.486,168.227,28.650
680.700,25.000,snap_through,8,Outer,4,162.317,44.486,172.043,19.586
680.700,25.000,snap_through,8,Outer,5,169.451,44.938,173.564,12.604
680.700,25.000,snap_through,8,Outer,6,176.385,48.534,178.036,6.203
680.700,25.000,snap_through,8,Outer,7,183.485,55.637,186.130,0.265
680.700,25.000,snap_through,8,Outer,8,190.649,66.387,198.663,2.768
680.700,25.000,snap_through,8,Outer,9,197.821,79.967,205.964,16.240
680.700,25.000,snap_through,8,Outer,10,204.997,92.819,212.351,29.470
680.700,25.000,snap_through,8,Outer,11,212.207,102.604,219.094,39.556
680.700,25.000,snap_through,8,Outer,12,219.461,109.072,226.128,46.246
680.700,25.000,snap_through,8,Outer,13,226.726,112.352,233.341,49.631
680.700,25.000,snap_through,8,Outer,14,233.970,112.755,240.575,50.182
680.700,25.000,snap_through,8,Outer,15,241.195,112.624,247.801,50.169
680.700,25.000,snap_through,8,Outer,16,248.405,112.624,255.011,50.161
680.700,25.000,snap_through,8,Outer,17,255.630,112.755,262.238,50.226
680.700,25.000,snap_through,8,Outer,18,262.874,112.352,269.482,49.835
680.700,25.000,snap_through,8,Outer,19,270.139,109.072,276.791,46.684
680.700,25.000,snap_through,8,Outer,20,277.393,102.604,284.133,40.363
680.700,25.000,snap_through,8,Outer,21,284.603,92.819,291.296,30.599
680.700,25.000,snap_through,8,Outer,22,291.779,79.967,298.037,17.570
680.700,25.000,snap_through,8,Outer,23,298.951,66.387,299.163,2.329
680.700,25.000,snap_through,8,Outer,24,306.115,55.637,311.206,-2.221
680.700,25.000,snap_through,8,Outer,25,313.215,48.534,320.831,0.605
680.700,25.000,snap_through,8,Outer,26,320.149,44.938,327.399,4.828
680.700,25.000,snap_through,8,Outer,27,327.283,44.486,331.727,10.519
680.700,25.000,snap_through,8,Outer,28,334.455,44.486,338.222,16.968
680.700,25.000,snap_through,8,Outer,29,341.628,44.486,343.374,21.959
680.700,25.000,snap_through,8,Outer,30,348.800,44.486,348.544,26.930
680.700,25.000,snap_through,8,Plate,1,140.800,41.986,164.979,40.113
680.700,25.000,snap_through,8,Plate,2,147.972,41.986,166.611,33.134
680.700,25.000,snap_through,8,Plate,3,155.145,41.986,168.227,26.150
680.700,25.000,snap_through,8,Plate,4,162.259,34.978,166.136,16.452
680.700,25.000,snap_through,8,Plate,5,169.461,24.933,169.676,4.706
680.700,25.000,snap_through,8,Plate,6,176.673,16.062,176.962,-4.104
680.700,25.000,snap_through,8,Plate,7,183.834,10.414,184.210,-9.642
680.700,25.000,snap_through,8,Plate,8,191.007,10.414,191.382,-9.550
680.700,25.000,snap_through,8,Plate,9,198.179,10.414,198.554,-9.458
680.700,25.000,snap_through,8,Plate,10,205.352,10.414,205.726,-9.303
680.700,25.000,snap_through,8,Plate,11,212.585,10.646,212.950,-8.857
680.700,25.000,snap_through,8,Plate,12,219.768,12.277,220.083,-7.008
680.700,25.000,snap_through,8,Plate,13,226.842,14.386,227.093,-4.691
680.700,25.000,snap_through,8,Plate,14,234.002,15.464,234.220,-3.392
680.700,25.000,snap_through,8,Plate,15,241.200,14.968,241.432,-3.656
680.700,25.000,snap_through,8,Plate,16,248.400,14.968,248.633,-3.447
680.700,25.000,snap_through,8,Plate,17,255.598,15.464,255.819,-2.780
680.700,25.000,snap_through,8,Plate,18,262.758,14.386,263.003,-3.722
680.700,25.000,snap_through,8,Plate,19,269.831,12.277,270.094,-5.786
680.700,25.000,snap_through,8,Plate,20,277.015,10.646,277.249,-7.558
680.700,25.000,snap_through,8,Plate,21,284.248,10.414,284.461,-8.260
680.700,25.000,snap_through,8,Plate,22,291.421,10.414,291.586,-9.198
680.700,25.000,snap_through,8,Plate,23,298.593,10.414,298.637,-10.517
680.700,25.000,snap_through,8,Plate,24,305.766,10.414,305.663,-11.968
680.700,25.000,snap_through,8,Plate,25,312.927,16.062,314.040,-8.351
680.700,25.000,snap_through,8,Plate,26,320.139,24.933,323.463,-1.875
680.700,25.000,snap_through,8,Plate,27,327.341,34.978,332.814,6.216
680.700,25.000,snap_through,8,Plate,28,334.455,41.986,338.222,14.469
680.700,25.000,snap_through,8,Plate,29,341.628,41.986,343.374,19.459
680.700,25.000,snap_through,8,Plate,30,348.800,41.986,348.544,24.431
680.700,25.000,snap_through,8,Inner,1,183.834,12.913,184.210,-7.143
680.700,25.000,snap_through,8,Inner,2,191.007,12.913,191.382,-7.051
680.700,25.000,snap_through,8,Inner,3,198.179,12.913,198.554,-6.958
680.700,25.000,snap_through,8,Inner,4,205.286,19.747,205.562,-0.056
680.700,25.000,snap_through,8,Inner,5,212.446,30.039,212.619,10.299
680.700,25.000,snap_through,8,Inner,6,219.527,43.079,219.556,23.398
680.700,25.000,snap_through,8,Inner,7,226.665,54.638,227.030,34.717
680.700,25.000,snap_through,8,Inner,8,233.921,62.802,235.071,42.077
680.700,25.000,snap_through,8,Inner,9,241.177,67.177,242.825,45.458
680.700,25.000,snap_through,8,Inner,10,248.423,67.177,250.049,45.459
680.700,25.000,snap_through,8,Inner,11,255.679,62.802,258.150,43.081
680.700,25.000,snap_through,8,Inner,12,262.935,54.638,267.262,37.112
680.700,25.000,snap_through,8,Inner,13,270.073,43.079,275.608,26.445
680.700,25.000,snap_through,8,Inner,14,277.154,30.039,281.069,12.662
680.700,25.000,snap_through,8,Inner,15,284.314,19.747,286.311,1.276
680.700,25.000,snap_through,8,Inner,16,291.421,12.913,291.586,-6.698
680.700,25.000,snap_through,8,Inner,17,298.593,12.913,298.637,-8.017
680.700,25.000,snap_through,8,Inner,18,305.766,12.913,305.663,-9.469
680.700,25.000,snap_through,8,Patch4,1,198.650,76.192,206.794,12.465
680.700,25.000,snap_through,8,Patch4,2,205.814,89.002,213.105,25.939
680.700,25.000,snap_through,8,Patch4,3,213.606,99.631,220.074,37.028
680.700,25.000,snap_through,8,Patch4,4,220.866,107.014,227.301,44.404
680.700,25.000,snap_through,8,Patch4,5,227.323,109.930,233.707,47.428
680.700,25.000,snap_through,8,Patch4,6,233.951,110.256,240.326,47.938
680.700,25.000,snap_through,8,Patch4,7,241.166,110.124,247.547,47.943
680.700,25.000,snap_through,8,Patch4,8,248.434,110.124,254.821,47.923
680.700,25.000,snap_through,8,Patch4,9,255.649,110.256,262.043,47.865
680.700,25.000,snap_through,8,Patch4,10,262.277,109.930,268.667,47.407
680.700,25.000,snap_through,8,Patch4,11,268.734,107.014,275.141,44.542
680.700,25.000,snap_through,8,Patch4,12,275.994,99.631,282.594,37.406
680.700,25.000,snap_through,8,Patch4,13,283.786,89.002,290.348,26.817
680.700,25.000,snap_through,8,Patch4,14,290.950,76.192,297.208,13.795
680.700,25.000,snap_through,9,Outer,1,140.800,42.310,159.309,39.786
680.700,25.000,snap_through,9,Outer,2,147.766,42.310,161.687,33.239
680.700,25.000,snap_through,9,Outer,3,154.731,42.310,164.054,26.688
680.700,25.000,snap_through,9,Outer,4,161.697,42.332,168.650,18.373
680.700,25.000,snap_through,9,Outer,5,168.631,42.750,171.079,11.861
680.700,25.000,snap_through,9,Outer,6,175.408,46.100,176.226,6.320
680.700,25.000,snap_through,9,Outer,7,182.311,52.853,184.819,1.916
680.700,25.000,snap_through,9,Outer,8,189.271,63.008,196.543,5.442
680.700,25.000,snap_through,9,Outer,9,196.244,75.938,203.683,18.199
680.700,25.000,snap_through,9,Outer,10,203.211,87.950,209.988,30.499
680.700,25.000,snap_through,9,Outer,11,210.200,97.141,216.382,40.060
680.700,25.000,snap_through,9,Outer,12,217.226,103.089,223.051,46.376
680.700,25.000,snap_through,9,Outer,13,224.259,106.416,229.955,49.944
680.700,25.000,snap_through,9,Outer,14,231.284,106.915,236.963,50.596
680.700,25.000,snap_through,9,Outer,15,238.297,106.818,243.972,50.608
680.700,25.000,snap_through,9,Outer,16,245.303,106.818,250.972,50.706
680.700,25.000,snap_through,9,Outer,17,252.316,106.915,257.979,50.872
680.700,25.000,snap_through,9,Outer,18,259.341,106.416,264.996,50.343
680.700,25.000,snap_through,9,Outer,19,266.374,103.089,271.900,46.791
680.700,25.000,snap_through,9,Outer,20,273.400,97.141,278.429,40.340
680.700,25.000,snap_through,9,Outer,21,280.389,87.950,284.402,30.507
680.700,25.000,snap_through,9,Outer,22,287.356,75.938,289.955,17.837
680.700,25.000,snap_through,9,Outer,23,294.329,63.008,295.834,4.442
680.700,25.000,snap_through,9,Outer,24,301.289,52.853,306.354,-1.858
680.700,25.000,snap_through,9,Outer,25,308.192,46.100,315.896,-0.468
680.700,25.000,snap_through,9,Outer,26,314.969,42.750,322.582,3.064
680.700,25.000,snap_through,9,Outer,27,321.903,42.332,327.144,8.304
680.700,25.000,snap_through,9,Outer,28,328.869,42.310,333.612,14.428
680.700,25.000,snap_through,9,Outer,29,335.834,42.310,338.487,19.399
680.700,25.000,snap_through,9,Outer,30,342.800,42.310,343.382,24.351
680.700,25.000,snap_through,9,Plate,1,140.800,39.810,159.309,37.286
680.700,25.000,snap_through,9,Plate,2,147.766,39.810,161.687,30.739
680.700,25.000,snap_through,9,Plate,3,154.731,39.810,164.054,24.188
680.700,25.000,snap_through,9,Plate,4,161.643,33.056,163.311,14.633
680.700,25.000,snap_through,9,Plate,5,168.635,23.219,168.414,3.744
680.700,25.000,snap_through,9,Plate,6,175.651,14.980,175.809,-4.150
680.700,25.000,snap_through,9,Plate,7,182.593,9.786,183.030,-8.945
680.700,25.000,snap_through,9,Plate,8,189.559,9.786,189.988,-8.610
680.700,25.000,snap_through,9,Plate,9,196.524,9.786,196.949,-8.334
680.700,25.000,snap_through,9,Plate,10,203.490,9.786,203.912,-8.077
680.700,25.000,snap_through,9,Plate,11,210.535,10.425,210.931,-7.186
680.700,25.000,snap_through,9,Plate,12,217.503,12.107,217.846,-5.285
680.700,25.000,snap_through,9,Plate,13,224.380,13.884,224.671,-3.313
680.700,25.000,snap_through,9,Plate,14,231.330,14.414,231.606,-2.593
680.700,25.000,snap_through,9,Plate,15,238.311,13.829,238.602,-3.004
680.700,25.000,snap_through,9,Plate,16,245.289,13.829,245.581,-2.885
680.700,25.000,snap_through,9,Plate,17,252.270,14.414,252.560,-2.253
680.700,25.000,snap_through,9,Plate,18,259.220,13.884,259.509,-2.816
680.700,25.000,snap_through,9,Plate,19,266.097,12.107,266.350,-4.731
680.700,25.000,snap_through,9,Plate,20,273.065,10.425,273.240,-6.714
680.700,25.000,snap_through,9,Plate,21,280.110,9.786,280.218,-7.884
680.700,25.000,snap_through,9,Plate,22,287.076,9.786,287.134,-8.713
680.700,25.000,snap_through,9,Plate,23,294.041,9.786,294.005,-9.857
680.700,25.000,snap_through,9,Plate,24,301.007,9.786,300.833,-11.238
680.700,25.000,snap_through,9,Plate,25,307.949,14.980,308.996,-8.325
680.700,25.000,snap_through,9,Plate,26,314.965,23.219,318.421,-3.015
680.700,25.000,snap_through,9,Plate,27,321.957,33.056,328.144,4.119
680.700,25.000,snap_through,9,Plate,28,328.869,39.810,333.612,11.928
680.700,25.000,snap_through,9,Plate,29,335.834,39.810,338.487,16.900
680.700,25.000,snap_through,9,Plate,30,342.800,39.810,343.382,21.852
680.700,25.000,snap_through,9,Inner,1,182.593,12.285,183.030,-6.446
680.700,25.000,snap_through,9,Inner,2,189.559,12.285,189.988,-6.111
680.700,25.000,snap_through,9,Inner,3,196.524,12.285,196.949,-5.835
680.700,25.000,snap_through,9,Inner,4,203.446,18.978,203.719,0.962
680.700,25.000,snap_through,9,Inner,5,210.412,28.936,210.825,10.815
680.700,25.000,snap_through,9,Inner,6,217.304,41.339,218.080,23.004
680.700,25.000,snap_through,9,Inner,7,224.237,52.206,225.276,33.696
680.700,25.000,snap_through,9,Inner,8,231.262,59.618,232.330,41.078
680.700,25.000,snap_through,9,Inner,9,238.289,63.328,239.294,44.907
680.700,25.000,snap_through,9,Inner,10,245.311,63.328,246.311,45.133
680.700,25.000,snap_through,9,Inner,11,252.338,59.618,253.480,41.714
680.700,25.000,snap_through,9,Inner,12,259.363,52.206,260.800,34.602
680.700,25.000,snap_through,9,Inner,13,266.296,41.339,268.035,23.942
680.700,25.000,snap_through,9,Inner,14,273.188,28.936,274.872,11.514
680.700,25.000,snap_through,9,Inner,15,280.154,18.978,281.285,1.195
680.700,25.000,snap_through,9,Inner,16,287.076,12.285,287.134,-6.213
680.700,25.000,snap_through,9,Inner,17,294.041,12.285,294.005,-7.358
680.700,25.000,snap_through,9,Inner,18,301.007,12.285,300.833,-8.739
680.700,25.000,snap_through,9,Patch4,1,197.074,72.230,204.513,14.492
680.700,25.000,snap_through,9,Patch4,2,204.039,84.202,210.945,26.886
680.700,25.000,snap_through,9,Patch4,3,211.581,94.201,217.745,37.341
680.700,25.000,snap_through,9,Patch4,4,218.618,101.019,224.360,44.526
680.700,25.000,snap_through,9,Patch4,5,224.872,103.996,230.469,47.769
680.700,25.000,snap_through,9,Patch4,6,231.259,104.416,236.836,48.352
680.700,25.000,snap_through,9,Patch4,7,238.263,104.318,243.834,48.362
680.700,25.000,snap_through,9,Patch4,8,245.337,104.318,250.902,48.460
680.700,25.000,snap_through,9,Patch4,9,252.341,104.416,257.898,48.628
680.700,25.000,snap_through,9,Patch4,10,258.728,103.996,264.272,48.167
680.700,25.000,snap_through,9,Patch4,11,264.982,101.019,270.381,44.947
680.700,25.000,snap_through,9,Patch4,12,272.019,94.201,276.866,37.659
680.700,25.000,snap_through,9,Patch4,13,279.561,84.202,283.215,26.929
680.700,25.000,snap_through,9,Patch4,14,286.526,72.230,289.124,14.130
680.700,25.000,snap_through,10,Outer,1,140.800,40.274,152.843,37.806
680.700,25.000,snap_through,10,Outer,2,147.559,40.274,156.327,32.018
680.700,25.000,snap_through,10,Outer,3,154.317,40.274,159.804,26.225
680.700,25.000,snap_through,10,Outer,4,161.076,40.289,165.349,19.114
680.700,25.000,snap_through,10,Outer,5,167.811,40.651,168.908,13.385
680.700,25.000,snap_through,10,Outer,6,174.425,43.625,174.685,9.002
680.700,25.000,snap_through,10,Outer,7,181.128,49.975,183.548,6.416
680.700,25.000,snap_through,10,Outer,8,187.881,59.411,194.233,10.648
680.700,25.000,snap_through,10,Outer,9,194.650,71.556,200.860,22.745
680.700,25.000,snap_through,10,Outer,10,201.409,82.847,206.816,34.365
680.700,25.000,snap_through,10,Outer,11,208.180,91.484,212.979,43.361
680.700,25.000,snap_through,10,Outer,12,214.974,97.075,219.477,49.247
680.700,25.000,snap_through,10,Outer,13,221.781,100.208,226.221,52.487
680.700,25.000,snap_through,10,Outer,14,228.590,100.759,233.031,52.999
680.700,25.000,snap_through,10,Outer,15,235.398,100.681,239.831,52.781
680.700,25.000,snap_through,10,Outer,16,242.202,100.681,246.629,52.591
680.700,25.000,snap_through,10,Outer,17,249.010,100.759,253.432,52.434
680.700,25.000,snap_through,10,Outer,18,255.819,100.208,260.203,51.565
680.700,25.000,snap_through,10,Outer,19,262.626,97.075,266.753,47.970
680.700,25.000,snap_through,10,Outer,20,269.420,91.484,272.908,41.735
680.700,25.000,snap_through,10,Outer,21,276.191,82.847,278.587,32.410
680.700,25.000,snap_through,10,Outer,22,282.950,71.556,284.072,20.527
680.700,25.000,snap_through,10,Outer,23,289.719,59.411,290.612,8.350
680.700,25.000,snap_through,10,Outer,24,296.472,49.975,300.706,2.698
680.700,25.000,snap_through,10,Outer,25,303.175,43.625,309.927,2.877
680.700,25.000,snap_through,10,Outer,26,309.789,40.651,316.702,5.473
680.700,25.000,snap_through,10,Outer,27,316.524,40.289,321.807,9.875
680.700,25.000,snap_through,10,Outer,28,323.283,40.274,328.525,15.005
680.700,25.000,snap_through,10,Outer,29,330.041,40.274,333.709,19.332
680.700,25.000,snap_through,10,Outer,30,336.800,40.274,338.902,23.650
680.700,25.000,snap_through,10,Plate,1,140.800,37.775,152.843,35.307
680.700,25.000,snap_through,10,Plate,2,147.559,37.775,156.327,29.518
680.700,25.000,snap_through,10,Plate,3,154.317,37.775,159.804,23.725
680.700,25.000,snap_through,10,Plate,4,161.037,31.525,161.078,14.727
680.700,25.000,snap_through,10,Plate,5,167.826,22.083,167.105,4.830
680.700,25.000,snap_through,10,Plate,6,174.633,14.420,174.524,-2.230
680.700,25.000,snap_through,10,Plate,7,181.352,9.613,181.639,-6.423
680.700,25.000,snap_through,10,Plate,8,188.110,9.613,188.379,-5.918
680.700,25.000,snap_through,10,Plate,9,194.869,9.613,195.126,-5.506
680.700,25.000,snap_through,10,Plate,10,201.628,9.613,201.878,-5.183
680.700,25.000,snap_through,10,Plate,11,208.484,10.258,208.706,-4.280
680.700,25.000,snap_through,10,Plate,12,215.249,11.916,215.422,-2.428
680.700,25.000,snap_through,10,Plate,13,221.923,13.572,222.058,-0.622
680.700,25.000,snap_through,10,Plate,14,228.656,13.603,228.791,-0.462
680.700,25.000,snap_through,10,Plate,15,235.419,12.938,235.564,-1.030
680.700,25.000,snap_through,10,Plate,16,242.181,12.938,242.327,-0.987
680.700,25.000,snap_through,10,Plate,17,248.944,13.603,249.094,-0.347
680.700,25.000,snap_through,10,Plate,18,255.677,13.572,255.827,-0.477
680.700,25.000,snap_through,10,Plate,19,262.351,11.916,262.453,-2.316
680.700,25.000,snap_through,10,Plate,20,269.116,10.258,269.135,-4.280
680.700,25.000,snap_through,10,Plate,21,275.972,9.613,275.930,-5.395
680.700,25.000,snap_through,10,Plate,22,282.731,9.613,282.656,-6.051
680.700,25.000,snap_through,10,Plate,23,289.490,9.613,289.356,-6.942
680.700,25.000,snap_through,10,Plate,24,296.248,9.613,296.024,-8.044
680.700,25.000,snap_through,10,Plate,25,302.967,14.420,303.836,-5.360
680.700,25.000,snap_through,10,Plate,26,309.774,22.083,313.027,-0.827
680.700,25.000,snap_through,10,Plate,27,316.563,31.525,322.773,5.507
680.700,25.000,snap_through,10,Plate,28,323.283,37.775,328.525,12.506
680.700,25.000,snap_through,10,Plate,29,330.041,37.775,333.709,16.833
680.700,25.000,snap_through,10,Plate,30,336.800,37.775,338.902,21.151
680.700,25.000,snap_through,10,Inner,1,181.352,12.113,181.639,-3.924
680.700,25.000,snap_through,10,Inner,2,188.110,12.113,188.379,-3.419
680.700,25.000,snap_through,10,Inner,3,194.869,12.113,195.126,-3.007
680.700,25.000,snap_through,10,Inner,4,201.603,18.042,201.571,3.136
680.700,25.000,snap_through,10,Inner,5,208.373,27.429,208.322,12.528
680.700,25.000,snap_through,10,Inner,6,215.069,39.081,215.232,24.042
680.700,25.000,snap_through,10,Inner,7,221.797,49.307,222.191,34.102
680.700,25.000,snap_through,10,Inner,8,228.590,56.148,229.091,40.828
680.700,25.000,snap_through,10,Inner,9,235.396,59.353,235.917,43.988
680.700,25.000,snap_through,10,Inner,10,242.204,59.353,242.725,44.005
680.700,25.000,snap_through,10,Inner,11,249.010,56.148,249.564,40.875
680.700,25.000,snap_through,10,Inner,12,255.803,49.307,256.475,34.164
680.700,25.000,snap_through,10,Inner,13,262.531,39.081,263.402,24.084
680.700,25.000,snap_through,10,Inner,14,269.227,27.429,270.160,12.480
680.700,25.000,snap_through,10,Inner,15,275.997,18.042,276.637,2.897
680.700,25.000,snap_through,10,Inner,16,282.731,12.113,282.656,-3.551
680.700,25.000,snap_through,10,Inner,17,289.490,12.113,289.356,-4.442
680.700,25.000,snap_through,10,Inner,18,296.248,12.113,296.024,-5.545
680.700,25.000,snap_through,10,Patch4,1,195.453,67.909,201.663,19.098
680.700,25.000,snap_through,10,Patch4,2,202.192,79.155,207.786,30.831
680.700,25.000,snap_through,10,Patch4,3,209.459,88.535,214.279,40.658
680.700,25.000,snap_through,10,Patch4,4,216.218,94.907,220.692,47.311
680.700,25.000,snap_through,10,Patch4,5,222.351,97.774,226.749,50.302
680.700,25.000,snap_through,10,Patch4,6,228.626,98.259,233.017,50.756
680.700,25.000,snap_through,10,Patch4,7,235.384,98.183,239.764,50.536
680.700,25.000,snap_through,10,Patch4,8,242.216,98.183,246.587,50.347
680.700,25.000,snap_through,10,Patch4,9,248.974,98.259,253.337,50.188
680.700,25.000,snap_through,10,Patch4,10,255.249,97.774,259.567,49.379
680.700,25.000,snap_through,10,Patch4,11,261.382,94.907,265.427,46.038
680.700,25.000,snap_through,10,Patch4,12,268.141,88.535,271.441,39.027
680.700,25.000,snap_through,10,Patch4,13,275.408,79.155,277.459,28.881
680.700,25.000,snap_through,10,Patch4,14,282.147,67.909,283.270,16.880
680.700,25.000,snap_through,11,Outer,1,140.800,38.283,146.791,36.103
680.700,25.000,snap_through,11,Outer,2,147.352,38.283,151.416,31.469
680.700,25.000,snap_through,11,Outer,3,153.903,38.283,156.040,26.836
680.700,25.000,snap_through,11,Outer,4,160.455,38.302,162.393,21.361
680.700,25.000,snap_through,11,Outer,5,166.989,38.611,167.038,16.768
680.700,25.000,snap_through,11,Outer,6,173.428,41.212,173.291,13.755
680.700,25.000,snap_through,11,Outer,7,179.935,47.112,182.046,13.077
680.700,25.000,snap_through,11,Outer,8,186.484,55.979,191.711,18.171
680.700,25.000,snap_through,11,Outer,9,193.044,67.373,197.877,29.629
680.700,25.000,snap_through,11,Outer,10,199.599,77.923,203.652,40.481
680.700,25.000,snap_through,11,Outer,11,206.167,85.991,209.657,48.871
680.700,25.000,snap_through,11,Outer,12,212.744,91.104,215.978,54.238
680.700,25.000,snap_through,11,Outer,13,219.328,93.781,222.529,56.970
680.700,25.000,snap_through,11,Outer,14,225.917,94.220,229.124,57.295
680.700,25.000,snap_through,11,Outer,15,232.507,94.109,235.701,56.908
680.700,25.000,snap_through,11,Outer,16,239.093,94.109,242.273,56.500
680.700,25.000,snap_through,11,Outer,17,245.683,94.220,248.850,56.097
680.700,25.000,snap_through,11,Outer,18,252.272,93.781,255.369,55.061
680.700,25.000,snap_through,11,Outer,19,258.856,91.104,261.611,51.711
680.700,25.000,snap_through,11,Outer,20,265.433,85.991,267.433,45.826
680.700,25.000,snap_through,11,Outer,21,272.001,77.923,272.842,37.047
680.700,25.000,snap_through,11,Outer,22,278.556,67.373,278.170,25.960
680.700,25.000,snap_through,11,Outer,23,285.116,55.979,285.496,15.145
680.700,25.000,snap_through,11,Outer,24,291.665,47.112,295.478,10.512
680.700,25.000,snap_through,11,Outer,25,298.172,41.212,304.114,9.013
680.700,25.000,snap_through,11,Outer,26,304.611,38.611,310.941,10.279
680.700,25.000,snap_through,11,Outer,27,311.145,38.302,316.662,13.435
680.700,25.000,snap_through,11,Outer,28,317.697,38.283,323.597,17.017
680.700,25.000,snap_through,11,Outer,29,324.248,38.283,329.352,20.138
680.700,25.000,snap_through,11,Outer,30,330.800,38.283,335.105,23.264
680.700,25.000,snap_through,11,Plate,1,140.800,35.783,146.791,33.603
680.700,25.000,snap_through,11,Plate,2,147.352,35.783,151.416,28.970
680.700,25.000,snap_through,11,Plate,3,153.903,35.783,156.040,24.336
680.700,25.000,snap_through,11,Plate,4,160.426,29.888,159.457,16.314
680.700,25.000,snap_through,11,Plate,5,167.014,20.835,166.124,7.344
680.700,25.000,snap_through,11,Plate,6,173.617,13.574,173.406,0.778
680.700,25.000,snap_through,11,Plate,7,180.110,9.280,180.264,-2.899
680.700,25.000,snap_through,11,Plate,8,186.662,9.280,186.799,-2.428
680.700,25.000,snap_through,11,Plate,9,193.214,9.280,193.340,-2.041
680.700,25.000,snap_through,11,Plate,10,199.766,9.280,199.888,-1.783
680.700,25.000,snap_through,11,Plate,11,206.416,9.966,206.517,-0.919
680.700,25.000,snap_through,11,Plate,12,212.979,11.610,213.038,0.878
680.700,25.000,snap_through,11,Plate,13,219.450,12.933,219.483,2.314
680.700,25.000,snap_through,11,Plate,14,225.971,12.612,226.006,2.062
680.700,25.000,snap_through,11,Plate,15,232.522,11.946,232.558,1.426
680.700,25.000,snap_through,11,Plate,16,239.078,11.946,239.113,1.419
680.700,25.000,snap_through,11,Plate,17,245.629,12.612,245.667,2.035
680.700,25.000,snap_through,11,Plate,18,252.150,12.933,252.191,2.251
680.700,25.000,snap_through,11,Plate,19,258.621,11.610,258.623,0.756
680.700,25.000,snap_through,11,Plate,20,265.184,9.966,265.119,-1.123
680.700,25.000,snap_through,11,Plate,21,271.834,9.280,271.733,-2.093
680.700,25.000,snap_through,11,Plate,22,278.386,9.280,278.271,-2.495
680.700,25.000,snap_through,11,Plate,23,284.938,9.280,284.796,-3.081
680.700,25.000,snap_through,11,Plate,24,291.490,9.280,291.310,-3.789
680.700,25.000,snap_through,11,Plate,25,297.983,13.574,298.691,-1.314
680.700,25.000,snap_through,11,Plate,26,304.586,20.835,307.598,2.804
680.700,25.000,snap_through,11,Plate,27,311.174,29.888,317.287,8.410
680.700,25.000,snap_through,11,Plate,28,317.697,35.783,323.597,14.517
680.700,25.000,snap_through,11,Plate,29,324.248,35.783,329.352,17.638
680.700,25.000,snap_through,11,Plate,30,330.800,35.783,335.105,20.764
680.700,25.000,snap_through,11,Inner,1,180.110,11.779,180.264,-0.399
680.700,25.000,snap_through,11,Inner,2,186.662,11.779,186.799,0.072
680.700,25.000,snap_through,11,Inner,3,193.214,11.779,193.340,0.458
680.700,25.000,snap_through,11,Inner,4,199.761,17.358,199.608,6.244
680.700,25.000,snap_through,11,Inner,5,206.329,26.384,206.130,15.290
680.700,25.000,snap_through,11,Inner,6,212.835,37.312,212.788,26.109
680.700,25.000,snap_through,11,Inner,7,219.366,46.591,219.507,35.237
680.700,25.000,snap_through,11,Inner,8,225.930,52.519,226.172,41.041
680.700,25.000,snap_through,11,Inner,9,232.507,55.144,232.777,43.590
680.700,25.000,snap_through,11,Inner,10,239.093,55.144,239.364,43.563
680.700,25.000,snap_through,11,Inner,11,245.670,52.519,245.948,40.961
680.700,25.000,snap_through,11,Inner,12,252.234,46.591,252.568,35.108
680.700,25.000,snap_through,11,Inner,13,258.765,37.312,259.222,25.933
680.700,25.000,snap_through,11,Inner,14,265.271,26.384,265.785,15.058
680.700,25.000,snap_through,11,Inner,15,271.839,17.358,272.181,5.923
680.700,25.000,snap_through,11,Inner,16,278.386,11.779,278.271,0.005
680.700,25.000,snap_through,11,Inner,17,284.938,11.779,284.796,-0.582
680.700,25.000,snap_through,11,Inner,18,291.490,11.779,291.310,-1.290
680.700,25.000,snap_through,11,Patch1,1,201.299,12.361,201.421,1.298
680.700,25.000,snap_through,11,Patch1,2,206.425,12.646,206.485,1.701
680.700,25.000,snap_through,11,Patch1,3,212.330,14.023,212.380,3.127
680.700,25.000,snap_through,11,Patch1,4,219.142,15.412,219.186,4.558
680.700,25.000,snap_through,11,Patch1,5,226.183,15.103,226.232,4.302
680.700,25.000,snap_through,11,Patch1,6,232.680,14.439,232.735,3.672
680.700,25.000,snap_through,11,Patch1,7,238.920,14.439,238.978,3.664
680.700,25.000,snap_through,11,Patch1,8,245.417,15.103,245.482,4.276
680.700,25.000,snap_through,11,Patch1,9,252.458,15.412,252.529,4.497
680.700,25.000,snap_through,11,Patch1,10,259.270,14.023,259.321,3.004
680.700,25.000,snap_through,11,Patch1,11,265.175,12.646,265.196,1.499
680.700,25.000,snap_through,11,Patch1,12,270.176,12.296,270.075,0.923
680.700,25.000,snap_through,11,Patch2,1,278.386,6.780,278.271,-4.994
680.700,25.000,snap_through,11,Patch2,2,284.938,6.780,284.796,-5.580
680.700,25.000,snap_through,11,Patch2,3,291.490,6.780,291.310,-6.289
680.700,25.000,snap_through,11,Patch3,1,180.110,6.780,180.264,-5.398
680.700,25.000,snap_through,11,Patch3,2,186.662,6.780,186.799,-4.927
680.700,25.000,snap_through,11,Patch3,3,193.214,6.780,193.340,-4.541
680.700,25.000,snap_through,11,Patch4,1,193.864,63.795,198.697,26.051
680.700,25.000,snap_through,11,Patch4,2,200.403,74.302,204.661,37.023
680.700,25.000,snap_through,11,Patch4,3,207.517,83.117,211.051,46.245
680.700,25.000,snap_through,11,Patch4,4,214.103,89.009,217.336,52.370
680.700,25.000,snap_through,11,Patch4,5,219.917,91.354,223.104,54.788
680.700,25.000,snap_through,11,Patch4,6,225.913,91.721,229.098,55.052
680.700,25.000,snap_through,11,Patch4,7,232.466,91.609,235.633,54.661
680.700,25.000,snap_through,11,Patch4,8,239.134,91.609,242.281,54.253
680.700,25.000,snap_through,11,Patch4,9,245.687,91.721,248.817,53.848
680.700,25.000,snap_through,11,Patch4,10,251.683,91.354,254.736,52.879
680.700,25.000,snap_through,11,Patch4,11,257.497,89.009,260.197,49.854
680.700,25.000,snap_through,11,Patch4,12,264.083,83.117,265.896,43.204
680.700,25.000,snap_through,11,Patch4,13,271.197,74.302,271.682,33.604
680.700,25.000,snap_through,11,Patch4,14,277.736,63.795,277.350,22.382
680.700,25.000,snap_through,12,Outer,1,140.800,36.338,142.192,34.400
680.700,25.000,snap_through,12,Outer,2,147.145,36.338,147.724,31.301
680.700,25.000,snap_through,12,Outer,3,153.490,36.338,153.259,28.207
680.700,25.000,snap_through,12,Outer,4,159.834,36.349,159.999,24.675
680.700,25.000,snap_through,12,Outer,5,166.165,36.622,165.504,21.557
680.700,25.000,snap_through,12,Outer,6,172.424,38.961,172.033,20.162
680.700,25.000,snap_through,12,Outer,7,178.736,44.512,180.314,21.555
680.700,25.000,snap_through,12,Outer,8,185.083,52.836,188.920,27.373
680.700,25.000,snap_through,12,Outer,9,191.434,63.259,194.655,38.012
680.700,25.000,snap_through,12,Outer,10,197.779,72.934,200.453,47.872
680.700,25.000,snap_through,12,Outer,11,204.137,80.341,206.431,55.479
680.700,25.000,snap_through,12,Outer,12,210.503,84.728,212.634,60.037
680.700,25.000,snap_through,12,Outer,13,216.871,86.665,218.972,62.054
680.700,25.000,snap_through,12,Outer,14,223.243,86.806,225.344,62.168
680.700,25.000,snap_through,12,Outer,15,229.615,86.600,231.707,61.796
680.700,25.000,snap_through,12,Outer,16,235.985,86.600,238.069,61.487
680.700,25.000,snap_through,12,Outer,17,242.357,86.806,244.440,61.254
680.700,25.000,snap_through,12,Outer,18,248.729,86.665,250.775,60.568
680.700,25.000,snap_through,12,Outer,19,255.097,84.728,256.904,58.018
680.700,25.000,snap_through,12,Outer,20,261.463,80.341,262.686,52.973
680.700,25.000,snap_through,12,Outer,21,267.821,72.934,268.084,44.983
680.700,25.000,snap_through,12,Outer,22,274.166,63.259,273.407,34.895
680.700,25.000,snap_through,12,Outer,23,280.517,52.836,281.481,25.807
680.700,25.000,snap_through,12,Outer,24,286.864,44.512,290.590,20.684
680.700,25.000,snap_through,12,Outer,25,293.176,38.961,298.323,17.456
680.700,25.000,snap_through,12,Outer,26,299.435,36.622,304.996,17.236
680.700,25.000,snap_through,12,Outer,27,305.766,36.349,311.098,18.921
680.700,25.000,snap_through,12,Outer,28,312.110,36.338,317.885,20.760
680.700,25.000,snap_through,12,Outer,29,318.455,36.338,324.019,22.381
680.700,25.000,snap_through,12,Outer,30,324.800,36.338,330.148,24.019
680.700,25.000,snap_through,12,Plate,1,140.800,33.838,142.192,31.900
680.700,25.000,snap_through,12,Plate,2,147.145,33.838,147.724,28.801
680.700,25.000,snap_through,12,Plate,3,153.490,33.838,153.259,25.708
680.700,25.000,snap_through,12,Plate,4,159.817,28.197,158.242,18.815
680.700,25.000,snap_through,12,Plate,5,166.191,19.711,165.393,10.979
680.700,25.000,snap_through,12,Plate,6,172.593,12.908,172.383,4.790
680.700,25.000,snap_through,12,Plate,7,178.869,9.083,178.913,1.421
680.700,25.000,snap_through,12,Plate,8,185.214,9.083,185.250,1.747
680.700,25.000,snap_through,12,Plate,9,191.559,9.083,191.590,2.010
680.700,25.000,snap_through,12,Plate,10,197.903,9.083,197.933,2.177
680.700,25.000,snap_through,12,Plate,11,204.337,9.898,204.352,3.095
680.700,25.000,snap_through,12,Plate,12,210.699,11.442,210.691,4.723
680.700,25.000,snap_through,12,Plate,13,216.976,12.406,216.959,5.746
680.700,25.000,snap_through,12,Plate,14,223.291,12.077,223.275,5.449
680.700,25.000,snap_through,12,Plate,15,229.628,11.591,229.612,4.966
680.700,25.000,snap_through,12,Plate,16,235.972,11.591,235.955,4.939
680.700,25.000,snap_through,12,Plate,17,242.309,12.077,242.296,5.370
680.700,25.000,snap_through,12,Plate,18,248.624,12.406,248.614,5.618
680.700,25.000,snap_through,12,Plate,19,254.901,11.442,254.874,4.548
680.700,25.000,snap_through,12,Plate,20,261.263,9.898,261.201,2.875
680.700,25.000,snap_through,12,Plate,21,267.697,9.083,267.614,1.914
680.700,25.000,snap_through,12,Plate,22,274.041,9.083,273.956,1.705
680.700,25.000,snap_through,12,Plate,23,280.386,9.083,280.294,1.398
680.700,25.000,snap_through,12,Plate,24,286.731,9.083,286.627,1.017
680.700,25.000,snap_through,12,Plate,25,293.007,12.908,293.527,3.592
680.700,25.000,snap_through,12,Plate,26,299.409,19.711,301.813,7.910
680.700,25.000,snap_through,12,Plate,27,305.782,28.197,310.999,13.232
680.700,25.000,snap_through,12,Plate,28,312.110,33.838,317.885,18.260
680.700,25.000,snap_through,12,Plate,29,318.455,33.838,324.019,19.882
680.700,25.000,snap_through,12,Plate,30,324.800,33.838,330.148,21.520
680.700,25.000,snap_through,12,Inner,1,178.869,11.583,178.913,3.920
680.700,25.000,snap_through,12,Inner,2,185.214,11.583,185.250,4.246
680.700,25.000,snap_through,12,Inner,3,191.559,11.583,191.590,4.509
680.700,25.000,snap_through,12,Inner,4,197.916,16.991,197.759,10.052
680.700,25.000,snap_through,12,Inner,5,204.271,25.836,204.093,18.896
680.700,25.000,snap_through,12,Inner,6,210.574,36.031,210.513,29.000
680.700,25.000,snap_through,12,Inner,7,216.899,44.171,216.962,37.027
680.700,25.000,snap_through,12,Inner,8,223.248,48.916,223.369,41.685
680.700,25.000,snap_through,12,Inner,9,229.613,50.905,229.748,43.622
680.700,25.000,snap_through,12,Inner,10,235.987,50.905,236.123,43.601
680.700,25.000,snap_through,12,Inner,11,242.352,48.916,242.489,41.621
680.700,25.000,snap_through,12,Inner,12,248.701,44.171,248.859,36.914
680.700,25.000,snap_through,12,Inner,13,255.026,36.031,255.239,28.833
680.700,25.000,snap_through,12,Inner,14,261.329,25.836,261.571,18.675
680.700,25.000,snap_through,12,Inner,15,267.684,16.991,267.836,9.783
680.700,25.000,snap_through,12,Inner,16,274.041,11.583,273.956,4.204
680.700,25.000,snap_through,12,Inner,17,280.386,11.583,280.294,3.897
680.700,25.000,snap_through,12,Inner,18,286.731,11.583,286.627,3.517
680.700,25.000,snap_through,12,Patch1,1,198.968,12.307,198.998,5.400
680.700,25.000,snap_through,12,Patch1,2,203.928,12.540,203.920,5.692
680.700,25.000,snap_through,12,Patch1,3,210.167,13.884,210.156,7.055
680.700,25.000,snap_through,12,Patch1,4,216.934,14.905,216.924,8.077
680.700,25.000,snap_through,12,Patch1,5,223.519,14.565,223.510,7.735
680.700,25.000,snap_through,12,Patch1,6,229.728,14.087,229.719,7.248
680.700,25.000,snap_through,12,Patch1,7,235.872,14.087,235.865,7.224
680.700,25.000,snap_through,12,Patch1,8,242.081,14.565,242.078,7.662
680.700,25.000,snap_through,12,Patch1,9,248.666,14.905,248.667,7.953
680.700,25.000,snap_through,12,Patch1,10,255.433,13.884,255.427,6.879
680.700,25.000,snap_through,12,Patch1,11,261.672,12.540,261.652,5.471
680.700,25.000,snap_through,12,Patch1,12,266.513,12.265,266.430,5.096
680.700,25.000,snap_through,12,Patch2,1,274.041,6.584,273.956,-0.795
680.700,25.000,snap_through,12,Patch2,2,280.386,6.584,280.294,-1.101
680.700,25.000,snap_through,12,Patch2,3,286.731,6.584,286.627,-1.482
680.700,25.000,snap_through,12,Patch3,1,178.869,6.584,178.913,-1.078
680.700,25.000,snap_through,12,Patch3,2,185.214,6.584,185.250,-0.753
680.700,25.000,snap_through,12,Patch3,3,191.559,6.584,191.590,-0.490
680.700,25.000,snap_through,12,Patch4,1,192.195,59.733,195.416,34.485
680.700,25.000,snap_through,12,Patch4,2,198.521,69.365,201.355,44.445
680.700,25.000,snap_through,12,Patch4,3,205.308,77.430,207.628,52.786
680.700,25.000,snap_through,12,Patch4,4,211.526,82.448,213.622,57.992
680.700,25.000,snap_through,12,Patch4,5,217.184,84.185,219.244,59.820
680.700,25.000,snap_through,12,Patch4,6,223.172,84.309,225.228,59.923
680.700,25.000,snap_through,12,Patch4,7,229.567,84.106,231.611,59.552
680.700,25.000,snap_through,12,Patch4,8,236.033,84.106,238.066,59.239
680.700,25.000,snap_through,12,Patch4,9,242.428,84.309,244.455,58.988
680.700,25.000,snap_through,12,Patch4,10,248.416,84.185,250.401,58.311
680.700,25.000,snap_through,12,Patch4,11,254.074,82.448,255.820,55.981
680.700,25.000,snap_through,12,Patch4,12,260.292,77.430,261.344,50.321
680.700,25.000,snap_through,12,Patch4,13,267.079,69.365,267.018,41.607
680.700,25.000,snap_through,12,Patch4,14,273.405,59.733,272.647,31.369
680.700,25.000,snap_through,13,Outer,1,140.800,34.444,140.162,33.054
680.700,25.000,snap_through,13,Outer,2,146.938,34.444,146.135,31.644
680.700,25.000,snap_through,13,Outer,3,153.076,34.444,152.111,30.247
680.700,25.000,snap_through,13,Outer,4,159.214,34.450,158.671,28.656
680.700,25.000,snap_through,13,Outer,5,165.341,34.680,164.588,27.085
680.700,25.000,snap_through,13,Outer,6,171.411,36.754,170.995,27.219
680.700,25.000,snap_through,13,Outer,7,177.529,42.143,178.303,30.787
680.700,25.000,snap_through,13,Outer,8,183.673,50.141,185.555,37.717
680.700,25.000,snap_through,13,Outer,9,189.815,59.656,191.423,47.293
680.700,25.000,snap_through,13,Outer,10,195.951,68.389,197.324,56.050
680.700,25.000,snap_through,13,Outer,11,202.099,75.036,203.309,62.742
680.700,25.000,snap_through,13,Outer,12,208.252,78.465,209.403,66.232
680.700,25.000,snap_through,13,Outer,13,214.404,79.672,215.543,67.489
680.700,25.000,snap_through,13,Outer,14,220.563,79.623,221.701,67.465
680.700,25.000,snap_through,13,Outer,15,226.721,79.394,227.858,67.204
680.700,25.000,snap_through,13,Outer,16,232.879,79.394,234.015,67.101
680.700,25.000,snap_through,13,Outer,17,239.037,79.623,240.177,67.153
680.700,25.000,snap_through,13,Outer,18,245.196,79.672,246.332,66.958
680.700,25.000,snap_through,13,Outer,19,251.348,78.465,252.410,65.456
680.700,25.000,snap_through,13,Outer,20,257.501,75.036,258.318,61.700
680.700,25.000,snap_through,13,Outer,21,263.649,68.389,263.926,54.738
680.700,25.000,snap_through,13,Outer,22,269.785,59.656,269.381,45.754
680.700,25.000,snap_through,13,Outer,23,275.927,50.141,277.081,37.485
680.700,25.000,snap_through,13,Outer,24,282.071,42.143,284.880,31.105
680.700,25.000,snap_through,13,Outer,25,288.189,36.754,291.566,26.485
680.700,25.000,snap_through,13,Outer,26,294.259,34.680,297.851,25.230
680.700,25.000,snap_through,13,Outer,27,300.386,34.450,303.939,25.900
680.700,25.000,snap_through,13,Outer,28,306.524,34.444,310.254,26.421
680.700,25.000,snap_through,13,Outer,29,312.662,34.444,316.378,26.738
680.700,25.000,snap_through,13,Outer,30,318.800,34.444,322.501,27.078
680.700,25.000,snap_through,13,Plate,1,140.800,31.944,140.162,30.554
680.700,25.000,snap_through,13,Plate,2,146.938,31.944,146.135,29.144
680.700,25.000,snap_through,13,Plate,3,153.076,31.944,152.111,27.748
680.700,25.000,snap_through,13,Plate,4,159.218,26.051,157.923,21.491
680.700,25.000,snap_through,13,Plate,5,165.375,17.911,164.914,14.053
680.700,25.000,snap_through,13,Plate,6,171.567,11.900,171.464,8.436
680.700,25.000,snap_through,13,Plate,7,177.628,8.844,177.640,5.618
680.700,25.000,snap_through,13,Plate,8,183.766,8.844,183.776,5.766
680.700,25.000,snap_through,13,Plate,9,189.903,8.844,189.914,5.884
680.700,25.000,snap_through,13,Plate,10,196.041,8.844,196.053,5.974
680.700,25.000,snap_through,13,Plate,11,202.269,10.356,202.262,7.556
680.700,25.000,snap_through,13,Plate,12,208.416,11.878,208.392,9.145
680.700,25.000,snap_through,13,Plate,13,214.501,12.485,214.471,9.808
680.700,25.000,snap_through,13,Plate,14,220.611,12.146,220.581,9.506
680.700,25.000,snap_through,13,Plate,15,226.734,11.785,226.706,9.158
680.700,25.000,snap_through,13,Plate,16,232.866,11.785,232.837,9.146
680.700,25.000,snap_through,13,Plate,17,238.989,12.146,238.962,9.469
680.700,25.000,snap_through,13,Plate,18,245.099,12.485,245.074,9.743
680.700,25.000,snap_through,13,Plate,19,251.184,11.878,251.150,9.051
680.700,25.000,snap_through,13,Plate,20,257.331,10.356,257.270,7.428
680.700,25.000,snap_through,13,Plate,21,263.559,8.844,263.469,5.809
680.700,25.000,snap_through,13,Plate,22,269.697,8.844,269.606,5.674
680.700,25.000,snap_through,13,Plate,23,275.834,8.844,275.741,5.491
680.700,25.000,snap_through,13,Plate,24,281.972,8.844,281.875,5.261
680.700,25.000,snap_through,13,Plate,25,288.033,11.900,288.200,7.730
680.700,25.000,snap_through,13,Plate,26,294.225,17.911,295.354,12.558
680.700,25.000,snap_through,13,Plate,27,300.382,26.051,303.307,18.958
680.700,25.000,snap_through,13,Plate,28,306.524,31.944,310.254,23.922
680.700,25.000,snap_through,13,Plate,29,312.662,31.944,316.378,24.238
680.700,25.000,snap_through,13,Plate,30,318.800,31.944,322.501,24.578
680.700,25.000,snap_through,13,Inner,1,177.628,11.343,177.640,8.118
680.700,25.000,snap_through,13,Inner,2,183.766,11.343,183.776,8.265
680.700,25.000,snap_through,13,Inner,3,189.903,11.343,189.914,8.384
680.700,25.000,snap_through,13,Inner,4,196.055,17.336,195.952,14.443
680.700,25.000,snap_through,13,Inner,5,202.202,26.230,202.076,23.337
680.700,25.000,snap_through,13,Inner,6,208.303,35.700,208.236,32.752
680.700,25.000,snap_through,13,Inner,7,214.427,42.651,214.440,39.620
680.700,25.000,snap_through,13,Inner,8,220.568,46.190,220.620,43.085
680.700,25.000,snap_through,13,Inner,9,226.720,47.487,226.781,44.334
680.700,25.000,snap_through,13,Inner,10,232.880,47.487,232.942,44.319
680.700,25.000,snap_through,13,Inner,11,239.032,46.190,239.097,43.040
680.700,25.000,snap_through,13,Inner,12,245.173,42.651,245.259,39.543
680.700,25.000,snap_through,13,Inner,13,251.297,35.700,251.427,32.642
680.700,25.000,snap_through,13,Inner,14,257.398,26.230,257.543,23.199
680.700,25.000,snap_through,13,Inner,15,263.545,17.336,263.622,14.272
680.700,25.000,snap_through,13,Inner,16,269.697,11.343,269.606,8.174
680.700,25.000,snap_through,13,Inner,17,275.834,11.343,275.741,7.990
680.700,25.000,snap_through,13,Inner,18,281.972,11.343,281.875,7.761
680.700,25.000,snap_through,13,Patch1,1,196.726,12.121,196.738,9.251
680.700,25.000,snap_through,13,Patch1,2,201.704,12.960,201.687,10.125
680.700,25.000,snap_through,13,Patch1,3,207.973,14.338,207.951,11.525
680.700,25.000,snap_through,13,Patch1,4,214.516,14.985,214.493,12.188
680.700,25.000,snap_through,13,Patch1,5,220.794,14.636,220.772,11.851
680.700,25.000,snap_through,13,Patch1,6,226.811,14.280,226.789,11.496
680.700,25.000,snap_through,13,Patch1,7,232.789,14.280,232.768,11.485
680.700,25.000,snap_through,13,Patch1,8,238.806,14.636,238.787,11.815
680.700,25.000,snap_through,13,Patch1,9,245.084,14.985,245.068,12.126
680.700,25.000,snap_through,13,Patch1,10,251.627,14.338,251.605,11.430
680.700,25.000,snap_through,13,Patch1,11,257.896,12.960,257.861,9.995
680.700,25.000,snap_through,13,Patch1,12,262.529,12.029,262.438,8.995
680.700,25.000,snap_through,13,Patch2,1,269.697,6.344,269.606,3.175
680.700,25.000,snap_through,13,Patch2,2,275.834,6.344,275.741,2.991
680.700,25.000,snap_through,13,Patch2,3,281.972,6.344,281.875,2.762
680.700,25.000,snap_through,13,Patch3,1,177.628,6.344,177.640,3.119
680.700,25.000,snap_through,13,Patch3,2,183.766,6.344,183.776,3.266
680.700,25.000,snap_through,13,Patch3,3,189.903,6.344,189.914,3.385
680.700,25.000,snap_through,13,Patch4,1,190.499,56.177,192.107,43.814
680.700,25.000,snap_through,13,Patch4,2,196.626,64.869,198.072,52.636
680.700,25.000,snap_through,13,Patch4,3,203.106,72.103,204.290,59.981
680.700,25.000,snap_through,13,Patch4,4,208.986,76.076,210.059,64.057
680.700,25.000,snap_through,13,Patch4,5,214.520,77.176,215.575,65.233
680.700,25.000,snap_through,13,Patch4,6,220.456,77.128,221.511,65.220
680.700,25.000,snap_through,13,Patch4,7,226.666,76.901,227.719,64.962
680.700,25.000,snap_through,13,Patch4,8,232.934,76.901,233.985,64.853
680.700,25.000,snap_through,13,Patch4,9,239.144,77.128,240.199,64.889
680.700,25.000,snap_through,13,Patch4,10,245.080,77.176,246.130,64.676
680.700,25.000,snap_through,13,Patch4,11,250.614,76.076,251.587,63.278
680.700,25.000,snap_through,13,Patch4,12,256.494,72.103,257.151,58.968
680.700,25.000,snap_through,13,Patch4,13,262.974,64.869,262.998,51.378
680.700,25.000,snap_through,13,Patch4,14,269.101,56.177,268.697,42.275
680.700,25.000,snap_through,14,Outer,1,140.800,32.589,140.800,32.589
680.700,25.000,snap_through,14,Outer,2,146.731,32.589,146.731,32.589
680.700,25.000,snap_through,14,Outer,3,152.662,32.589,152.662,32.589
680.700,25.000,snap_through,14,Outer,4,158.593,32.603,158.593,32.603
680.700,25.000,snap_through,14,Outer,5,164.515,32.806,164.515,32.806
680.700,25.000,snap_through,14,Outer,6,170.395,34.726,170.395,34.726
680.700,25.000,snap_through,14,Outer,7,176.322,40.166,176.322,40.166
680.700,25.000,snap_through,14,Outer,8,182.263,48.074,182.263,48.074
680.700,25.000,snap_through,14,Outer,9,188.197,56.720,188.197,56.720
680.700,25.000,snap_through,14,Outer,10,194.122,64.445,194.122,64.445
680.700,25.000,snap_through,14,Outer,11,200.059,70.252,200.059,70.252
680.700,25.000,snap_through,14,Outer,12,205.998,72.433,205.998,72.433
680.700,25.000,snap_through,14,Outer,13,211.933,72.798,211.933,72.798
680.700,25.000,snap_through,14,Outer,14,217.879,72.590,217.879,72.590
680.700,25.000,snap_through,14,Outer,15,223.827,72.385,223.827,72.385
680.700,25.000,snap_through,14,Outer,16,229.773,72.385,229.773,72.385
680.700,25.000,snap_through,14,Outer,17,235.721,72.590,235.721,72.590
680.700,25.000,snap_through,14,Outer,18,241.667,72.798,241.667,72.798
680.700,25.000,snap_through,14,Outer,19,247.602,72.433,247.602,72.433
680.700,25.000,snap_through,14,Outer,20,253.541,70.252,253.541,70.252
680.700,25.000,snap_through,14,Outer,21,259.478,64.445,259.478,64.445
680.700,25.000,snap_through,14,Outer,22,265.403,56.720,265.403,56.720
680.700,25.000,snap_through,14,Outer,23,271.337,48.074,271.337,48.074
680.700,25.000,snap_through,14,Outer,24,277.278,40.166,277.278,40.166
680.700,25.000,snap_through,14,Outer,25,283.205,34.726,283.205,34.726
680.700,25.000,snap_through,14,Outer,26,289.085,32.806,289.085,32.806
680.700,25.000,snap_through,14,Outer,27,295.007,32.603,295.007,32.603
680.700,25.000,snap_through,14,Outer,28,300.938,32.589,300.938,32.589
680.700,25.000,snap_through,14,Outer,29,306.869,32.589,306.869,32.589
680.700,25.000,snap_through,14,Outer,30,312.800,32.589,312.800,32.589
680.700,25.000,snap_through,14,Plate,1,140.800,30.089,140.800,30.089
680.700,25.000,snap_through,14,Plate,2,146.731,30.089,146.731,30.089
680.700,25.000,snap_through,14,Plate,3,152.662,30.089,152.662,30.089
680.700,25.000,snap_through,14,Plate,4,158.630,23.466,158.630,23.466
680.700,25.000,snap_through,14,Plate,5,164.566,15.476,164.566,15.476
680.700,25.000,snap_through,14,Plate,6,170.543,10.498,170.543,10.498
680.700,25.000,snap_through,14,Plate,7,176.386,8.465,176.386,8.465
680.700,25.000,snap_through,14,Plate,8,182.317,8.465,182.317,8.465
680.700,25.000,snap_through,14,Plate,9,188.248,8.465,188.248,8.465
680.700,25.000,snap_through,14,Plate,10,194.179,8.465,194.179,8.465
680.700,25.000,snap_through,14,Plate,11,200.208,11.287,200.208,11.287
680.700,25.000,snap_through,14,Plate,12,206.129,12.876,206.129,12.876
680.700,25.000,snap_through,14,Plate,13,212.026,13.079,212.026,13.079
680.700,25.000,snap_through,14,Plate,14,217.932,12.765,217.932,12.765
680.700,25.000,snap_through,14,Plate,15,223.842,12.517,223.842,12.517
680.700,25.000,snap_through,14,Plate,16,229.758,12.517,229.758,12.517
680.700,25.000,snap_through,14,Plate,17,235.668,12.765,235.668,12.765
680.700,25.000,snap_through,14,Plate,18,241.574,13.079,241.574,13.079
680.700,25.000,snap_through,14,Plate,19,247.471,12.876,247.471,12.876
680.700,25.000,snap_through,14,Plate,20,253.392,11.287,253.392,11.287
680.700,25.000,snap_through,14,Plate,21,259.421,8.465,259.421,8.465
680.700,25.000,snap_through,14,Plate,22,265.352,8.465,265.352,8.465
680.700,25.000,snap_through,14,Plate,23,271.283,8.465,271.283,8.465
680.700,25.000,snap_through,14,Plate,24,277.214,8.465,277.214,8.465
680.700,25.000,snap_through,14,Plate,25,283.057,10.498,283.057,10.498
680.700,25.000,snap_through,14,Plate,26,289.034,15.476,289.034,15.476
680.700,25.000,snap_through,14,Plate,27,294.970,23.466,294.970,23.466
680.700,25.000,snap_through,14,Plate,28,300.938,30.089,300.938,30.089
680.700,25.000,snap_through,14,Plate,29,306.869,30.089,306.869,30.089
680.700,25.000,snap_through,14,Plate,30,312.800,30.089,312.800,30.089
680.700,25.000,snap_through,14,Inner,1,176.386,10.965,176.386,10.965
680.700,25.000,snap_through,14,Inner,2,182.317,10.965,182.317,10.965
680.700,25.000,snap_through,14,Inner,3,188.248,10.965,188.248,10.965
680.700,25.000,snap_through,14,Inner,4,194.181,18.395,194.181,18.395
680.700,25.000,snap_through,14,Inner,5,200.124,27.685,200.124,27.685
680.700,25.000,snap_through,14,Inner,6,206.023,36.503,206.023,36.503
680.700,25.000,snap_through,14,Inner,7,211.949,42.160,211.949,42.160
680.700,25.000,snap_through,14,Inner,8,217.889,44.371,217.889,44.371
680.700,25.000,snap_through,14,Inner,9,223.829,44.863,223.829,44.863
680.700,25.000,snap_through,14,Inner,10,229.771,44.863,229.771,44.863
680.700,25.000,snap_through,14,Inner,11,235.711,44.371,235.711,44.371
680.700,25.000,snap_through,14,Inner,12,241.651,42.160,241.651,42.160
680.700,25.000,snap_through,14,Inner,13,247.577,36.503,247.577,36.503
680.700,25.000,snap_through,14,Inner,14,253.476,27.685,253.476,27.685
680.700,25.000,snap_through,14,Inner,15,259.419,18.395,259.419,18.395
680.700,25.000,snap_through,14,Inner,16,265.352,10.965,265.352,10.965
680.700,25.000,snap_through,14,Inner,17,271.283,10.965,271.283,10.965
680.700,25.000,snap_through,14,Inner,18,277.214,10.965,277.214,10.965
680.700,25.000,snap_through,14,Patch1,1,194.527,11.749,194.527,11.749
680.700,25.000,snap_through,14,Patch1,2,199.503,13.847,199.503,13.847
680.700,25.000,snap_through,14,Patch1,3,205.768,15.349,205.768,15.349
680.700,25.000,snap_through,14,Patch1,4,212.061,15.578,212.061,15.578
680.700,25.000,snap_through,14,Patch1,5,218.064,15.255,218.064,15.255
680.700,25.000,snap_through,14,Patch1,6,223.902,15.011,223.902,15.011
680.700,25.000,snap_through,14,Patch1,7,229.698,15.011,229.698,15.011
680.700,25.000,snap_through,14,Patch1,8,235.536,15.255,235.536,15.255
680.700,25.000,snap_through,14,Patch1,9,241.539,15.578,241.539,15.578
680.700,25.000,snap_through,14,Patch1,10,247.832,15.349,247.832,15.349
680.700,25.000,snap_through,14,Patch1,11,254.097,13.847,254.097,13.847
680.700,25.000,snap_through,14,Patch1,12,258.589,11.661,258.589,11.661
680.700,25.000,snap_through,14,Patch2,1,265.352,5.966,265.352,5.966
680.700,25.000,snap_through,14,Patch2,2,271.283,5.966,271.283,5.966
680.700,25.000,snap_through,14,Patch2,3,277.214,5.966,277.214,5.966
680.700,25.000,snap_through,14,Patch3,1,176.386,5.966,176.386,5.966
680.700,25.000,snap_through,14,Patch3,2,182.317,5.966,182.317,5.966
680.700,25.000,snap_through,14,Patch3,3,188.248,5.966,188.248,5.966
680.700,25.000,snap_through,14,Patch4,1,188.832,53.294,188.832,53.294
680.700,25.000,snap_through,14,Patch4,2,194.723,60.974,194.723,60.974
680.700,25.000,snap_through,14,Patch4,3,200.879,67.299,200.879,67.299
680.700,25.000,snap_through,14,Patch4,4,206.495,69.984,206.495,69.984
680.700,25.000,snap_through,14,Patch4,5,211.963,70.299,211.963,70.299
680.700,25.000,snap_through,14,Patch4,6,217.781,70.094,217.781,70.094
680.700,25.000,snap_through,14,Patch4,7,223.780,69.891,223.780,69.891
680.700,25.000,snap_through,14,Patch4,8,229.820,69.891,229.820,69.891
680.700,25.000,snap_through,14,Patch4,9,235.819,70.094,235.819,70.094
680.700,25.000,snap_through,14,Patch4,10,241.637,70.299,241.637,70.299
680.700,25.000,snap_through,14,Patch4,11,247.105,69.984,247.105,69.984
680.700,25.000,snap_through,14,Patch4,12,252.721,67.299,252.721,67.299
680.700,25.000,snap_through,14,Patch4,13,258.877,60.974,258.877,60.974
680.700,25.000,snap_through,14,Patch4,14,264.768,53.294,264.768,53.294
753.300,30.000,snap_through,0,Outer,1,8.827,75.960,8.827,75.960
753.300,30.000,snap_through,0,Outer,2,31.167,75.960,31.167,75.960
753.300,30.000,snap_through,0,Outer,3,53.506,75.960,53.506,75.960
753.300,30.000,snap_through,0,Outer,4,75.846,76.069,75.846,76.069
753.300,30.000,snap_through,0,Outer,5,98.189,76.789,98.189,76.789
753.300,30.000,snap_through,0,Outer,6,120.570,82.461,120.570,82.461
753.300,30.000,snap_through,0,Outer,7,143.062,93.233,143.062,93.233
753.300,30.000,snap_through,0,Outer,8,165.671,108.691,165.671,108.691
753.300,30.000,snap_through,0,Outer,9,188.095,128.159,188.095,128.159
753.300,30.000,snap_through,0,Outer,10,209.549,149.354,209.549,149.354
753.300,30.000,snap_through,0,Outer,11,230.868,167.123,230.868,167.123
753.300,30.000,snap_through,0,Outer,12,252.888,181.257,252.888,181.257
753.300,30.000,snap_through,0,Outer,13,275.747,192.143,275.747,192.143
753.300,30.000,snap_through,0,Outer,14,298.383,199.342,298.383,199.342
753.300,30.000,snap_through,0,Outer,15,321.341,202.746,321.341,202.746
753.300,30.000,snap_through,0,Outer,16,344.159,202.746,344.159,202.746
753.300,30.000,snap_through,0,Outer,17,367.117,199.342,367.117,199.342
753.300,30.000,snap_through,0,Outer,18,389.753,192.143,389.753,192.143
753.300,30.000,snap_through,0,Outer,19,412.612,181.257,412.612,181.257
753.300,30.000,snap_through,0,Outer,20,434.632,167.123,434.632,167.123
753.300,30.000,snap_through,0,Outer,21,455.951,149.354,455.951,149.354
753.300,30.000,snap_through,0,Outer,22,477.405,128.159,477.405,128.159
753.300,30.000,snap_through,0,Outer,23,499.829,108.691,499.829,108.691
753.300,30.000,snap_through,0,Outer,24,522.438,93.233,522.438,93.233
753.300,30.000,snap_through,0,Outer,25,544.930,82.461,544.930,82.461
753.300,30.000,snap_through,0,Outer,26,567.311,76.789,567.311,76.789
753.300,30.000,snap_through,0,Outer,27,589.654,76.069,589.654,76.069
753.300,30.000,snap_through,0,Outer,28,611.994,75.960,611.994,75.960
753.300,30.000,snap_through,0,Outer,29,634.333,75.960,634.333,75.960
753.300,30.000,snap_through,0,Outer,30,656.673,75.960,656.673,75.960
753.300,30.000,snap_through,0,Plate,1,8.827,73.460,8.827,73.460
753.300,30.000,snap_through,0,Plate,2,31.167,73.460,31.167,73.460
753.300,30.000,snap_through,0,Plate,3,53.506,73.460,53.506,73.460
753.300,30.000,snap_through,0,Plate,4,75.958,59.377,75.958,59.377
753.300,30.000,snap_through,0,Plate,5,98.510,40.686,98.510,40.686
753.300,30.000,snap_through,0,Plate,6,120.699,22.912,120.699,22.912
753.300,30.000,snap_through,0,Plate,7,142.864,10.059,142.864,10.059
753.300,30.000,snap_through,0,Plate,8,165.204,10.059,165.204,10.059
753.300,30.000,snap_through,0,Plate,9,187.543,10.059,187.543,10.059
753.300,30.000,snap_through,0,Plate,10,209.883,10.059,209.883,10.059
753.300,30.000,snap_through,0,Plate,11,233.026,13.112,233.026,13.112
753.300,30.000,snap_through,0,Plate,12,255.082,15.438,255.082,15.438
753.300,30.000,snap_through,0,Plate,13,276.273,17.780,276.273,17.780
753.300,30.000,snap_through,0,Plate,14,298.961,20.431,298.961,20.431
753.300,30.000,snap_through,0,Plate,15,321.570,20.203,321.570,20.203
753.300,30.000,snap_through,0,Plate,16,343.930,20.203,343.930,20.203
753.300,30.000,snap_through,0,Plate,17,366.539,20.431,366.539,20.431
753.300,30.000,snap_through,0,Plate,18,389.227,17.780,389.227,17.780
753.300,30.000,snap_through,0,Plate,19,410.418,15.438,410.418,15.438
753.300,30.000,snap_through,0,Plate,20,432.474,13.112,432.474,13.112
753.300,30.000,snap_through,0,Plate,21,455.617,10.059,455.617,10.059
753.300,30.000,snap_through,0,Plate,22,477.957,10.059,477.957,10.059
753.300,30.000,snap_through,0,Plate,23,500.296,10.059,500.296,10.059
753.300,30.000,snap_through,0,Plate,24,522.636,10.059,522.636,10.059
753.300,30.000,snap_through,0,Plate,25,544.801,22.912,544.801,22.912
753.300,30.000,snap_through,0,Plate,26,566.990,40.686,566.990,40.686
753.300,30.000,snap_through,0,Plate,27,589.542,59.377,589.542,59.377
753.300,30.000,snap_through,0,Plate,28,611.994,73.460,611.994,73.460
753.300,30.000,snap_through,0,Plate,29,634.333,73.460,634.333,73.460
753.300,30.000,snap_through,0,Plate,30,656.673,73.460,656.673,73.460
753.300,30.000,snap_through,0,Inner,1,142.864,12.558,142.864,12.558
753.300,30.000,snap_through,0,Inner,2,165.204,12.558,165.204,12.558
753.300,30.000,snap_through,0,Inner,3,187.543,12.558,187.543,12.558
753.300,30.000,snap_through,0,Inner,4,209.883,24.896,209.883,24.896
753.300,30.000,snap_through,0,Inner,5,231.896,42.103,231.896,42.103
753.300,30.000,snap_through,0,Inner,6,253.865,62.568,253.865,62.568
753.300,30.000,snap_through,0,Inner,7,276.210,80.283,276.210,80.283
753.300,30.000,snap_through,0,Inner,8,298.758,93.138,298.758,93.138
753.300,30.000,snap_through,0,Inner,9,321.425,100.183,321.425,100.183
753.300,30.000,snap_through,0,Inner,10,344.075,100.183,344.075,100.183
753.300,30.000,snap_through,0,Inner,11,366.742,93.138,366.742,93.138
753.300,30.000,snap_through,0,Inner,12,389.290,80.283,389.290,80.283
753.300,30.000,snap_through,0,Inner,13,411.635,62.568,411.635,62.568
753.300,30.000,snap_through,0,Inner,14,433.604,42.103,433.604,42.103
753.300,30.000,snap_through,0,Inner,15,455.617,24.896,455.617,24.896
753.300,30.000,snap_through,0,Inner,16,477.957,12.558,477.957,12.558
753.300,30.000,snap_through,0,Inner,17,500.296,12.558,500.296,12.558
753.300,30.000,snap_through,0,Inner,18,522.636,12.558,522.636,12.558
753.300,30.000,snap_through,0,Patch4,1,188.413,125.084,188.413,125.084
753.300,30.000,snap_through,0,Patch4,2,210.092,146.277,210.092,146.277
753.300,30.000,snap_through,0,Patch4,3,231.889,164.475,231.889,164.475
753.300,30.000,snap_through,0,Patch4,4,254.042,179.042,254.042,179.042
753.300,30.000,snap_through,0,Patch4,5,276.598,189.795,276.598,189.795
753.300,30.000,snap_through,0,Patch4,6,298.888,196.896,298.888,196.896
753.300,30.000,snap_through,0,Patch4,7,321.509,200.254,321.509,200.254
753.300,30.000,snap_through,0,Patch4,8,343.991,200.254,343.991,200.254
753.300,30.000,snap_through,0,Patch4,9,366.612,196.896,366.612,196.896
753.300,30.000,snap_through,0,Patch4,10,388.902,189.795,388.902,189.795
753.300,30.000,snap_through,0,Patch4,11,411.458,179.042,411.458,179.042
753.300,30.000,snap_through,0,Patch4,12,433.611,164.475,433.611,164.475
753.300,30.000,snap_through,0,Patch4,13,455.408,146.277,455.408,146.277
753.300,30.000,snap_through,0,Patch4,14,477.087,125.084,477.087,125.084
753.300,30.000,snap_through,1,Outer,1,77.549,64.777,77.031,63.682
753.300,30.000,snap_through,1,Outer,2,93.532,64.777,93.009,63.522
753.300,30.000,snap_through,1,Outer,3,109.515,64.777,108.985,63.486
753.300,30.000,snap_through,1,Outer,4,125.498,64.521,124.800,64.090
753.300,30.000,snap_through,1,Outer,5,141.416,65.072,140.653,65.373
753.300,30.000,snap_through,1,Outer,6,156.991,69.414,155.840,70.875
753.300,30.000,snap_through,1,Outer,7,172.784,77.605,170.967,80.229
753.300,30.000,snap_through,1,Outer,8,188.752,89.060,186.447,92.363
753.300,30.000,snap_through,1,Outer,9,204.704,103.297,202.641,106.419
753.300,30.000,snap_through,1,Outer,10,220.401,118.098,219.245,120.581
753.300,30.000,snap_through,1,Outer,11,236.287,130.947,235.706,133.262
753.300,30.000,snap_through,1,Outer,12,252.472,141.811,252.396,144.108
753.300,30.000,snap_through,1,Outer,13,268.764,149.902,269.065,152.384
753.300,30.000,snap_through,1,Outer,14,284.933,154.466,285.424,157.503
753.300,30.000,snap_through,1,Outer,15,301.187,156.304,301.889,159.883
753.300,30.000,snap_through,1,Outer,16,317.418,156.304,318.376,159.944
753.300,30.000,snap_through,1,Outer,17,333.673,154.466,334.836,157.618
753.300,30.000,snap_through,1,Outer,18,349.841,149.902,351.089,152.463
753.300,30.000,snap_through,1,Outer,19,366.134,141.811,367.367,143.957
753.300,30.000,snap_through,1,Outer,20,382.318,130.947,383.483,132.770
753.300,30.000,snap_through,1,Outer,21,398.204,118.098,399.371,119.746
753.300,30.000,snap_through,1,Outer,22,413.901,103.297,415.302,105.081
753.300,30.000,snap_through,1,Outer,23,429.853,89.060,430.894,90.437
753.300,30.000,snap_through,1,Outer,24,445.821,77.605,446.653,78.685
753.300,30.000,snap_through,1,Outer,25,461.614,69.414,462.225,70.082
753.300,30.000,snap_through,1,Outer,26,477.189,65.072,477.630,65.193
753.300,30.000,snap_through,1,Outer,27,493.108,64.521,493.508,64.094
753.300,30.000,snap_through,1,Outer,28,509.091,64.777,509.419,63.966
753.300,30.000,snap_through,1,Outer,29,525.074,64.777,525.399,63.891
753.300,30.000,snap_through,1,Outer,30,541.057,64.777,541.380,63.875
753.300,30.000,snap_through,1,Plate,1,77.549,62.277,77.031,61.182
753.300,30.000,snap_through,1,Plate,2,93.532,62.277,93.009,61.023
753.300,30.000,snap_through,1,Plate,3,109.515,62.277,108.985,60.987
753.300,30.000,snap_through,1,Plate,4,125.331,52.702,124.854,51.512
753.300,30.000,snap_through,1,Plate,5,141.317,39.783,141.050,38.896
753.300,30.000,snap_through,1,Plate,6,157.419,27.076,157.342,26.524
753.300,30.000,snap_through,1,Plate,7,173.447,17.874,173.475,17.775
753.300,30.000,snap_through,1,Plate,8,189.430,17.874,189.416,18.418
753.300,30.000,snap_through,1,Plate,9,205.413,17.874,205.363,18.237
753.300,30.000,snap_through,1,Plate,10,221.396,17.874,221.312,19.019
753.300,30.000,snap_through,1,Plate,11,237.779,18.127,237.680,19.673
753.300,30.000,snap_through,1,Plate,12,253.530,19.551,253.431,21.116
753.300,30.000,snap_through,1,Plate,13,269.024,22.385,268.992,23.602
753.300,30.000,snap_through,1,Plate,14,285.180,24.741,285.210,25.568
753.300,30.000,snap_through,1,Plate,15,301.286,25.136,301.329,25.836
753.300,30.000,snap_through,1,Plate,16,317.320,25.136,317.374,25.777
753.300,30.000,snap_through,1,Plate,17,333.425,24.741,333.486,25.398
753.300,30.000,snap_through,1,Plate,18,349.582,22.385,349.675,23.289
753.300,30.000,snap_through,1,Plate,19,365.076,19.551,365.205,20.694
753.300,30.000,snap_through,1,Plate,20,380.826,18.127,380.950,19.239
753.300,30.000,snap_through,1,Plate,21,397.210,17.874,397.322,18.604
753.300,30.000,snap_through,1,Plate,22,413.193,17.874,413.257,17.520
753.300,30.000,snap_through,1,Plate,23,429.176,17.874,429.220,17.766
753.300,30.000,snap_through,1,Plate,24,445.159,17.874,445.189,17.590
753.300,30.000,snap_through,1,Plate,25,461.187,27.076,461.232,26.703
753.300,30.000,snap_through,1,Plate,26,477.289,39.783,477.378,39.328
753.300,30.000,snap_through,1,Plate,27,493.274,52.702,493.504,52.061
753.300,30.000,snap_through,1,Plate,28,509.091,62.277,509.419,61.467
753.300,30.000,snap_through,1,Plate,29,525.074,62.277,525.399,61.391
753.300,30.000,snap_through,1,Plate,30,541.057,62.277,541.380,61.376
753.300,30.000,snap_through,1,Inner,1,173.447,20.373,173.475,20.274
753.300,30.000,snap_through,1,Inner,2,189.430,20.373,189.416,20.917
753.300,30.000,snap_through,1,Inner,3,205.413,20.373,205.363,20.736
753.300,30.000,snap_through,1,Inner,4,221.282,28.542,221.772,27.810
753.300,30.000,snap_through,1,Inner,5,236.962,41.133,238.110,39.412
753.300,30.000,snap_through,1,Inner,6,252.622,56.667,253.571,55.142
753.300,30.000,snap_through,1,Inner,7,268.691,71.123,269.183,70.140
753.300,30.000,snap_through,1,Inner,8,284.944,82.136,285.229,81.506
753.300,30.000,snap_through,1,Inner,9,301.191,88.076,301.465,87.545
753.300,30.000,snap_through,1,Inner,10,317.415,88.076,317.714,87.593
753.300,30.000,snap_through,1,Inner,11,333.661,82.136,334.011,81.731
753.300,30.000,snap_through,1,Inner,12,349.915,71.123,350.170,70.556
753.300,30.000,snap_through,1,Inner,13,365.984,56.667,366.046,55.901
753.300,30.000,snap_through,1,Inner,14,381.644,41.133,381.426,40.149
753.300,30.000,snap_through,1,Inner,15,397.324,28.542,397.232,27.822
753.300,30.000,snap_through,1,Inner,16,413.193,20.373,413.257,20.020
753.300,30.000,snap_through,1,Inner,17,429.176,20.373,429.220,20.265
753.300,30.000,snap_through,1,Inner,18,445.159,20.373,445.189,20.089
753.300,30.000,snap_through,1,Patch4,1,205.152,100.067,203.088,103.189
753.300,30.000,snap_through,1,Patch4,2,220.928,114.850,219.154,117.370
753.300,30.000,snap_through,1,Patch4,3,237.461,128.255,236.586,129.604
753.300,30.000,snap_through,1,Patch4,4,253.915,139.776,253.706,140.212
753.300,30.000,snap_through,1,Patch4,5,269.900,147.683,269.999,147.679
753.300,30.000,snap_through,1,Patch4,6,285.568,152.057,285.758,151.930
753.300,30.000,snap_through,1,Patch4,7,301.355,153.819,301.603,153.620
753.300,30.000,snap_through,1,Patch4,8,317.250,153.819,317.544,153.587
753.300,30.000,snap_through,1,Patch4,9,333.037,152.057,333.374,151.887
753.300,30.000,snap_through,1,Patch4,10,348.706,147.683,349.130,147.760
753.300,30.000,snap_through,1,Patch4,11,364.690,139.776,365.307,140.253
753.300,30.000,snap_through,1,Patch4,12,381.145,128.255,382.077,129.222
753.300,30.000,snap_through,1,Patch4,13,397.677,114.850,398.947,116.292
753.300,30.000,snap_through,1,Patch4,14,413.454,100.067,414.855,101.851
753.300,30.000,snap_through,2,Outer,1,120.272,56.940,118.692,52.150
753.300,30.000,snap_through,2,Outer,2,131.971,56.940,130.390,52.000
753.300,30.000,snap_through,2,Outer,3,143.670,56.940,142.090,52.008
753.300,30.000,snap_through,2,Outer,4,155.370,57.063,153.584,52.888
753.300,30.000,snap_through,2,Outer,5,166.967,57.657,165.133,54.045
753.300,30.000,snap_through,2,Outer,6,178.019,62.341,175.728,59.664
753.300,30.000,snap_through,2,Outer,7,189.378,71.204,185.847,69.891
753.300,30.000,snap_through,2,Outer,8,200.927,83.479,197.307,82.100
753.300,30.000,snap_through,2,Outer,9,212.567,98.652,213.875,91.479
753.300,30.000,snap_through,2,Outer,10,224.332,113.744,229.874,101.834
753.300,30.000,snap_through,2,Outer,11,236.418,127.081,242.310,114.693
753.300,30.000,snap_through,2,Outer,12,248.559,138.464,253.666,126.739
753.300,30.000,snap_through,2,Outer,13,260.436,146.453,264.866,135.574
753.300,30.000,snap_through,2,Outer,14,272.249,150.109,276.365,140.079
753.300,30.000,snap_through,2,Outer,15,284.012,151.282,287.973,142.267
753.300,30.000,snap_through,2,Outer,16,295.810,151.282,299.689,143.585
753.300,30.000,snap_through,2,Outer,17,307.573,150.109,311.495,143.988
753.300,30.000,snap_through,2,Outer,18,319.386,146.453,323.693,142.073
753.300,30.000,snap_through,2,Outer,19,331.263,138.464,336.392,135.548
753.300,30.000,snap_through,2,Outer,20,343.404,127.081,348.558,124.213
753.300,30.000,snap_through,2,Outer,21,355.490,113.744,359.831,110.209
753.300,30.000,snap_through,2,Outer,22,367.255,98.652,371.754,95.272
753.300,30.000,snap_through,2,Outer,23,378.895,83.479,380.412,78.232
753.300,30.000,snap_through,2,Outer,24,390.444,71.204,391.970,65.992
753.300,30.000,snap_through,2,Outer,25,401.804,62.341,403.349,57.198
753.300,30.000,snap_through,2,Outer,26,412.855,57.657,414.382,52.535
753.300,30.000,snap_through,2,Outer,27,424.453,57.063,425.954,51.809
753.300,30.000,snap_through,2,Outer,28,436.152,56.940,437.545,51.337
753.300,30.000,snap_through,2,Outer,29,447.851,56.940,449.239,51.208
753.300,30.000,snap_through,2,Outer,30,459.550,56.940,460.936,51.154
753.300,30.000,snap_through,2,Plate,1,120.272,54.440,118.692,49.651
753.300,30.000,snap_through,2,Plate,2,131.971,54.440,130.390,49.501
753.300,30.000,snap_through,2,Plate,3,143.670,54.440,142.090,49.508
753.300,30.000,snap_through,2,Plate,4,155.098,45.050,153.922,40.622
753.300,30.000,snap_through,2,Plate,5,166.705,32.181,166.442,28.633
753.300,30.000,snap_through,2,Plate,6,178.617,19.295,178.926,16.291
753.300,30.000,snap_through,2,Plate,7,190.467,10.016,190.734,6.952
753.300,30.000,snap_through,2,Plate,8,202.167,10.016,202.431,6.694
753.300,30.000,snap_through,2,Plate,9,213.866,10.016,214.129,6.462
753.300,30.000,snap_through,2,Plate,10,225.565,10.016,225.821,6.179
753.300,30.000,snap_through,2,Plate,11,237.394,9.053,237.630,5.020
753.300,30.000,snap_through,2,Plate,12,248.935,10.451,249.171,6.388
753.300,30.000,snap_through,2,Plate,13,260.537,14.254,260.735,10.279
753.300,30.000,snap_through,2,Plate,14,272.295,17.016,272.462,13.122
753.300,30.000,snap_through,2,Plate,15,284.031,17.797,284.188,13.871
753.300,30.000,snap_through,2,Plate,16,295.791,17.797,295.935,13.741
753.300,30.000,snap_through,2,Plate,17,307.527,17.016,307.646,12.758
753.300,30.000,snap_through,2,Plate,18,319.286,14.254,319.334,9.750
753.300,30.000,snap_through,2,Plate,19,330.887,10.451,330.859,5.741
753.300,30.000,snap_through,2,Plate,20,342.428,9.053,342.381,4.213
753.300,30.000,snap_through,2,Plate,21,354.257,10.016,354.212,5.143
753.300,30.000,snap_through,2,Plate,22,365.956,10.016,365.912,5.261
753.300,30.000,snap_through,2,Plate,23,377.656,10.016,377.609,5.516
753.300,30.000,snap_through,2,Plate,24,389.355,10.016,389.306,5.836
753.300,30.000,snap_through,2,Plate,25,401.205,19.295,401.096,15.203
753.300,30.000,snap_through,2,Plate,26,413.117,32.181,413.464,27.659
753.300,30.000,snap_through,2,Plate,27,424.724,45.050,425.820,39.814
753.300,30.000,snap_through,2,Plate,28,436.152,54.440,437.545,48.837
753.300,30.000,snap_through,2,Plate,29,447.851,54.440,449.239,48.709
753.300,30.000,snap_through,2,Plate,30,459.550,54.440,460.936,48.655
753.300,30.000,snap_through,2,Inner,1,190.467,12.515,190.734,9.451
753.300,30.000,snap_through,2,Inner,2,202.167,12.515,202.431,9.193
753.300,30.000,snap_through,2,Inner,3,213.866,12.515,214.129,8.962
753.300,30.000,snap_through,2,Inner,4,225.377,21.289,225.880,17.493
753.300,30.000,snap_through,2,Inner,5,236.825,34.625,237.461,30.721
753.300,30.000,snap_through,2,Inner,6,248.279,51.343,248.957,47.412
753.300,30.000,snap_through,2,Inner,7,260.096,67.318,260.914,63.276
753.300,30.000,snap_through,2,Inner,8,272.065,79.682,273.095,75.426
753.300,30.000,snap_through,2,Inner,9,283.968,86.218,285.057,81.851
753.300,30.000,snap_through,2,Inner,10,295.854,86.218,296.942,81.964
753.300,30.000,snap_through,2,Inner,11,307.757,79.682,308.981,75.694
753.300,30.000,snap_through,2,Inner,12,319.727,67.318,321.089,63.480
753.300,30.000,snap_through,2,Inner,13,331.543,51.343,332.435,47.174
753.300,30.000,snap_through,2,Inner,14,342.998,34.625,343.072,29.934
753.300,30.000,snap_through,2,Inner,15,354.445,21.289,354.346,16.465
753.300,30.000,snap_through,2,Inner,16,365.956,12.515,365.912,7.760
753.300,30.000,snap_through,2,Inner,17,377.656,12.515,377.609,8.016
753.300,30.000,snap_through,2,Inner,18,389.355,12.515,389.306,8.336
753.300,30.000,snap_through,3,Outer,1,125.925,55.852,124.075,47.477
753.300,30.000,snap_through,3,Outer,2,136.184,55.852,134.333,47.432
753.300,30.000,snap_through,3,Outer,3,146.442,55.852,144.590,47.521
753.300,30.000,snap_through,3,Outer,4,156.701,55.862,154.689,48.092
753.300,30.000,snap_through,3,Outer,5,166.853,56.453,164.774,49.344
753.300,30.000,snap_through,3,Outer,6,176.458,61.129,174.212,54.333
753.300,30.000,snap_through,3,Outer,7,186.507,69.999,185.694,61.219
753.300,30.000,snap_through,3,Outer,8,196.724,82.245,201.127,65.114
753.300,30.000,snap_through,3,Outer,9,207.061,97.332,219.086,67.838
753.300,30.000,snap_through,3,Outer,10,217.422,112.082,233.534,78.431
753.300,30.000,snap_through,3,Outer,11,227.987,125.023,241.830,92.591
753.300,30.000,snap_through,3,Outer,12,238.529,134.949,249.773,104.431
753.300,30.000,snap_through,3,Outer,13,248.907,140.950,258.478,112.517
753.300,30.000,snap_through,3,Outer,14,259.221,142.689,268.190,116.346
753.300,30.000,snap_through,3,Outer,15,269.520,143.100,278.195,118.791
753.300,30.000,snap_through,3,Outer,16,279.830,143.100,288.292,120.847
753.300,30.000,snap_through,3,Outer,17,290.129,142.689,298.443,122.596
753.300,30.000,snap_through,3,Outer,18,300.443,140.950,308.880,123.220
753.300,30.000,snap_through,3,Outer,19,310.821,134.949,320.384,119.960
753.300,30.000,snap_through,3,Outer,20,321.363,125.023,332.681,112.438
753.300,30.000,snap_through,3,Outer,21,331.928,112.082,342.268,98.789
753.300,30.000,snap_through,3,Outer,22,342.289,97.332,353.729,84.955
753.300,30.000,snap_through,3,Outer,23,352.626,82.245,352.158,66.733
753.300,30.000,snap_through,3,Outer,24,362.843,69.999,363.831,55.893
753.300,30.000,snap_through,3,Outer,25,372.892,61.129,374.979,48.471
753.300,30.000,snap_through,3,Outer,26,382.497,56.453,385.021,44.842
753.300,30.000,snap_through,3,Outer,27,392.649,55.862,395.188,44.850
753.300,30.000,snap_through,3,Outer,28,402.908,55.852,405.478,45.005
753.300,30.000,snap_through,3,Outer,29,413.166,55.852,415.736,45.057
753.300,30.000,snap_through,3,Outer,30,423.425,55.852,425.993,45.129
753.300,30.000,snap_through,3,Plate,1,125.925,53.352,124.075,44.978
753.300,30.000,snap_through,3,Plate,2,136.184,53.352,134.333,44.932
753.300,30.000,snap_through,3,Plate,3,146.442,53.352,144.590,45.021
753.300,30.000,snap_through,3,Plate,4,156.649,44.647,155.081,36.648
753.300,30.000,snap_through,3,Plate,5,166.923,32.519,166.192,25.279
753.300,30.000,snap_through,3,Plate,6,177.166,20.365,177.229,13.850
753.300,30.000,snap_through,3,Plate,7,187.477,11.755,187.740,5.491
753.300,30.000,snap_through,3,Plate,8,197.735,11.755,197.997,5.301
753.300,30.000,snap_through,3,Plate,9,207.994,11.755,208.249,4.945
753.300,30.000,snap_through,3,Plate,10,218.253,11.755,218.499,4.613
753.300,30.000,snap_through,3,Plate,11,228.511,11.853,228.752,4.490
753.300,30.000,snap_through,3,Plate,12,238.806,13.611,239.062,6.129
753.300,30.000,snap_through,3,Plate,13,248.976,17.194,249.241,9.667
753.300,30.000,snap_through,3,Plate,14,259.220,19.630,259.492,12.062
753.300,30.000,snap_through,3,Plate,15,269.523,20.243,269.798,12.607
753.300,30.000,snap_through,3,Plate,16,279.827,20.243,280.102,12.502
753.300,30.000,snap_through,3,Plate,17,290.130,19.630,290.395,11.745
753.300,30.000,snap_through,3,Plate,18,300.374,17.194,300.594,9.133
753.300,30.000,snap_through,3,Plate,19,310.544,13.611,310.695,5.371
753.300,30.000,snap_through,3,Plate,20,320.839,11.853,320.963,3.477
753.300,30.000,snap_through,3,Plate,21,331.097,11.755,331.218,3.319
753.300,30.000,snap_through,3,Plate,22,341.356,11.755,341.476,3.331
753.300,30.000,snap_through,3,Plate,23,351.615,11.755,351.733,3.381
753.300,30.000,snap_through,3,Plate,24,361.873,11.755,361.992,3.351
753.300,30.000,snap_through,3,Plate,25,372.184,20.365,372.536,11.661
753.300,30.000,snap_through,3,Plate,26,382.427,32.519,383.584,23.069
753.300,30.000,snap_through,3,Plate,27,392.701,44.647,394.976,34.150
753.300,30.000,snap_through,3,Plate,28,402.908,53.352,405.478,42.505
753.300,30.000,snap_through,3,Plate,29,413.166,53.352,415.736,42.557
753.300,30.000,snap_through,3,Plate,30,423.425,53.352,425.993,42.629
753.300,30.000,snap_through,3,Inner,1,187.477,14.255,187.740,7.991
753.300,30.000,snap_through,3,Inner,2,197.735,14.255,197.997,7.800
753.300,30.000,snap_through,3,Inner,3,207.994,14.255,208.249,7.444
753.300,30.000,snap_through,3,Inner,4,217.998,23.409,218.830,16.055
753.300,30.000,snap_through,3,Inner,5,228.126,36.874,229.598,28.984
753.300,30.000,snap_through,3,Inner,6,238.304,53.082,240.182,44.894
753.300,30.000,snap_through,3,Inner,7,248.641,67.467,250.510,59.254
753.300,30.000,snap_through,3,Inner,8,259.066,78.176,260.760,70.107
753.300,30.000,snap_through,3,Inner,9,269.457,83.611,271.036,75.743
753.300,30.000,snap_through,3,Inner,10,279.893,83.611,281.468,75.928
753.300,30.000,snap_through,3,Inner,11,290.284,78.176,291.908,70.603
753.300,30.000,snap_through,3,Inner,12,300.709,67.467,302.293,59.880
753.300,30.000,snap_through,3,Inner,13,311.046,53.082,312.244,45.257
753.300,30.000,snap_through,3,Inner,14,321.224,36.874,321.609,28.599
753.300,30.000,snap_through,3,Inner,15,331.352,23.409,331.534,15.012
753.300,30.000,snap_through,3,Inner,16,341.356,14.255,341.476,5.830
753.300,30.000,snap_through,3,Inner,17,351.615,14.255,351.733,5.880
753.300,30.000,snap_through,3,Inner,18,361.873,14.255,361.992,5.851
753.300,30.000,snap_through,4,Outer,1,134.356,53.446,133.683,45.161
753.300,30.000,snap_through,4,Outer,2,143.244,53.446,142.438,43.663
753.300,30.000,snap_through,4,Outer,3,152.133,53.446,151.201,42.225
753.300,30.000,snap_through,4,Outer,4,161.022,53.479,160.358,40.898
753.300,30.000,snap_through,4,Outer,5,169.826,53.978,169.064,39.667
753.300,30.000,snap_through,4,Outer,6,178.200,58.020,178.255,40.865
753.300,30.000,snap_through,4,Outer,7,186.962,66.355,190.241,41.606
753.300,30.000,snap_through,4,Outer,8,195.825,78.598,205.212,40.956
753.300,30.000,snap_through,4,Outer,9,204.813,94.078,222.460,45.591
753.300,30.000,snap_through,4,Outer,10,213.770,108.981,232.338,59.713
753.300,30.000,snap_through,4,Outer,11,222.787,121.605,237.959,73.936
753.300,30.000,snap_through,4,Outer,12,231.829,130.801,244.526,84.829
753.300,30.000,snap_through,4,Outer,13,240.870,136.104,252.315,91.697
753.300,30.000,snap_through,4,Outer,14,249.861,137.318,260.985,94.302
753.300,30.000,snap_through,4,Outer,15,258.790,137.461,269.793,95.736
753.300,30.000,snap_through,4,Outer,16,267.699,137.461,278.595,97.081
753.300,30.000,snap_through,4,Outer,17,276.628,137.318,287.407,98.476
753.300,30.000,snap_through,4,Outer,18,285.619,136.104,296.448,99.170
753.300,30.000,snap_through,4,Outer,19,294.659,130.801,306.552,96.415
753.300,30.000,snap_through,4,Outer,20,303.702,121.605,317.900,90.357
753.300,30.000,snap_through,4,Outer,21,312.719,108.981,328.084,78.683
753.300,30.000,snap_through,4,Outer,22,321.676,94.078,339.678,65.773
753.300,30.000,snap_through,4,Outer,23,330.664,78.598,329.149,51.298
753.300,30.000,snap_through,4,Outer,24,339.527,66.355,340.722,41.602
753.300,30.000,snap_through,4,Outer,25,348.289,58.020,351.361,35.875
753.300,30.000,snap_through,4,Outer,26,356.663,53.978,360.470,34.053
753.300,30.000,snap_through,4,Outer,27,365.467,53.479,369.168,35.449
753.300,30.000,snap_through,4,Outer,28,374.356,53.446,378.312,36.706
753.300,30.000,snap_through,4,Outer,29,383.244,53.446,387.153,37.613
753.300,30.000,snap_through,4,Outer,30,392.133,53.446,395.996,38.500
753.300,30.000,snap_through,4,Plate,1,134.356,50.946,133.683,42.662
753.300,30.000,snap_through,4,Plate,2,143.244,50.946,142.438,41.163
753.300,30.000,snap_through,4,Plate,3,152.133,50.946,151.201,39.725
753.300,30.000,snap_through,4,Plate,4,160.935,41.987,159.313,30.122
753.300,30.000,snap_through,4,Plate,5,169.835,30.037,168.921,18.729
753.300,30.000,snap_through,4,Plate,6,178.708,18.820,178.701,8.297
753.300,30.000,snap_through,4,Plate,7,187.689,11.067,187.862,0.757
753.300,30.000,snap_through,4,Plate,8,196.578,11.067,196.749,0.541
753.300,30.000,snap_through,4,Plate,9,205.467,11.067,205.633,0.225
753.300,30.000,snap_through,4,Plate,10,214.356,11.067,214.519,-0.062
753.300,30.000,snap_through,4,Plate,11,223.227,11.407,223.398,0.060
753.300,30.000,snap_through,4,Plate,12,232.118,13.127,232.325,1.585
753.300,30.000,snap_through,4,Plate,13,240.955,16.523,241.227,4.800
753.300,30.000,snap_through,4,Plate,14,249.868,18.972,250.175,7.113
753.300,30.000,snap_through,4,Plate,15,258.787,19.280,259.097,7.352
753.300,30.000,snap_through,4,Plate,16,267.702,19.280,268.013,7.334
753.300,30.000,snap_through,4,Plate,17,276.621,18.972,276.933,7.043
753.300,30.000,snap_through,4,Plate,18,285.534,16.523,285.855,4.630
753.300,30.000,snap_through,4,Plate,19,294.371,13.127,294.694,1.246
753.300,30.000,snap_through,4,Plate,20,303.262,11.407,303.574,-0.535
753.300,30.000,snap_through,4,Plate,21,312.133,11.067,312.440,-1.031
753.300,30.000,snap_through,4,Plate,22,321.022,11.067,321.327,-1.289
753.300,30.000,snap_through,4,Plate,23,329.911,11.067,330.209,-1.645
753.300,30.000,snap_through,4,Plate,24,338.800,11.067,339.086,-2.117
753.300,30.000,snap_through,4,Plate,25,347.780,18.820,348.664,4.863
753.300,30.000,snap_through,4,Plate,26,356.654,30.037,358.754,14.961
753.300,30.000,snap_through,4,Plate,27,365.554,41.987,369.179,25.577
753.300,30.000,snap_through,4,Plate,28,374.356,50.946,378.312,34.206
753.300,30.000,snap_through,4,Plate,29,383.244,50.946,387.153,35.114
753.300,30.000,snap_through,4,Plate,30,392.133,50.946,395.996,36.001
753.300,30.000,snap_through,4,Inner,1,187.689,13.566,187.862,3.257
753.300,30.000,snap_through,4,Inner,2,196.578,13.566,196.749,3.041
753.300,30.000,snap_through,4,Inner,3,205.467,13.566,205.633,2.724
753.300,30.000,snap_through,4,Inner,4,214.157,22.510,214.863,11.213
753.300,30.000,snap_through,4,Inner,5,222.950,35.635,224.314,23.844
753.300,30.000,snap_through,4,Inner,6,231.816,51.345,233.715,39.208
753.300,30.000,snap_through,4,Inner,7,240.753,64.804,242.771,52.563
753.300,30.000,snap_through,4,Inner,8,249.750,74.422,251.647,62.275
753.300,30.000,snap_through,4,Inner,9,258.746,79.044,260.532,67.102
753.300,30.000,snap_through,4,Inner,10,267.743,79.044,269.525,67.330
753.300,30.000,snap_through,4,Inner,11,276.739,74.422,278.614,62.902
753.300,30.000,snap_through,4,Inner,12,285.736,64.804,287.700,53.384
753.300,30.000,snap_through,4,Inner,13,294.673,51.345,296.507,39.862
753.300,30.000,snap_through,4,Inner,14,303.539,35.635,304.735,23.835
753.300,30.000,snap_through,4,Inner,15,312.332,22.510,313.073,10.445
753.300,30.000,snap_through,4,Inner,16,321.022,13.566,321.327,1.210
753.300,30.000,snap_through,4,Inner,17,329.911,13.566,330.209,0.855
753.300,30.000,snap_through,4,Inner,18,338.800,13.566,339.086,0.382
753.300,30.000,snap_through,5,Outer,1,139.103,51.144,143.970,44.705
753.300,30.000,snap_through,5,Outer,2,147.130,51.144,150.829,40.624
753.300,30.000,snap_through,5,Outer,3,155.157,51.144,157.679,36.528
753.300,30.000,snap_through,5,Outer,4,163.185,51.147,165.757,31.882
753.300,30.000,snap_through,5,Outer,5,171.136,51.571,172.369,27.567
753.300,30.000,snap_through,5,Outer,6,178.705,55.038,180.056,24.536
753.300,30.000,snap_through,5,Outer,7,186.635,62.402,190.413,21.662
753.300,30.000,snap_through,5,Outer,8,194.627,73.805,204.236,20.483
753.300,30.000,snap_through,5,Outer,9,202.703,88.647,218.676,29.285
753.300,30.000,snap_through,5,Outer,10,210.782,102.845,225.596,43.965
753.300,30.000,snap_through,5,Outer,11,218.904,114.638,232.032,56.635
753.300,30.000,snap_through,5,Outer,12,227.055,123.073,239.194,65.816
753.300,30.000,snap_through,5,Outer,13,235.219,128.009,246.934,71.310
753.300,30.000,snap_through,5,Outer,14,243.357,129.052,254.970,72.921
753.300,30.000,snap_through,5,Outer,15,251.458,129.057,263.038,73.615
753.300,30.000,snap_through,5,Outer,16,259.536,129.057,271.063,74.496
753.300,30.000,snap_through,5,Outer,17,267.637,129.052,279.081,75.604
753.300,30.000,snap_through,5,Outer,18,275.775,128.009,287.275,75.950
753.300,30.000,snap_through,5,Outer,19,283.938,123.073,296.303,72.866
753.300,30.000,snap_through,5,Outer,20,292.089,114.638,306.308,66.759
753.300,30.000,snap_through,5,Outer,21,300.212,102.845,316.992,57.257
753.300,30.000,snap_through,5,Outer,22,308.291,88.647,327.853,45.093
753.300,30.000,snap_through,5,Outer,23,316.367,73.805,314.947,34.240
753.300,30.000,snap_through,5,Outer,24,324.359,62.402,326.234,26.120
753.300,30.000,snap_through,5,Outer,25,332.288,55.038,336.533,22.830
753.300,30.000,snap_through,5,Outer,26,339.858,51.571,344.851,22.929
753.300,30.000,snap_through,5,Outer,27,347.809,51.147,352.291,25.736
753.300,30.000,snap_through,5,Outer,28,355.836,51.144,360.685,28.487
753.300,30.000,snap_through,5,Outer,29,363.863,51.144,368.443,30.542
753.300,30.000,snap_through,5,Outer,30,371.890,51.144,376.209,32.568
753.300,30.000,snap_through,5,Plate,1,139.103,48.644,143.970,42.205
753.300,30.000,snap_through,5,Plate,2,147.130,48.644,150.829,38.124
753.300,30.000,snap_through,5,Plate,3,155.157,48.644,157.679,34.028
753.300,30.000,snap_through,5,Plate,4,163.038,39.501,161.604,22.625
753.300,30.000,snap_through,5,Plate,5,171.064,27.822,169.556,10.907
753.300,30.000,snap_through,5,Plate,6,179.098,17.945,178.781,2.143
753.300,30.000,snap_through,5,Plate,7,187.266,11.272,187.360,-3.990
753.300,30.000,snap_through,5,Plate,8,195.293,11.272,195.388,-3.916
753.300,30.000,snap_through,5,Plate,9,203.320,11.272,203.417,-3.975
753.300,30.000,snap_through,5,Plate,10,211.348,11.272,211.446,-4.104
753.300,30.000,snap_through,5,Plate,11,219.344,10.768,219.433,-4.776
753.300,30.000,snap_through,5,Plate,12,227.366,12.355,227.499,-3.427
753.300,30.000,snap_through,5,Plate,13,235.346,15.204,235.569,-0.843
753.300,30.000,snap_through,5,Plate,14,243.396,17.361,243.673,1.112
753.300,30.000,snap_through,5,Plate,15,251.464,17.410,251.743,1.080
753.300,30.000,snap_through,5,Plate,16,259.529,17.410,259.811,1.104
753.300,30.000,snap_through,5,Plate,17,267.597,17.361,267.881,1.163
753.300,30.000,snap_through,5,Plate,18,275.648,15.204,275.977,-0.829
753.300,30.000,snap_through,5,Plate,19,283.628,12.355,284.004,-3.547
753.300,30.000,snap_through,5,Plate,20,291.649,10.768,292.025,-5.147
753.300,30.000,snap_through,5,Plate,21,299.646,11.272,300.037,-4.871
753.300,30.000,snap_through,5,Plate,22,307.673,11.272,308.055,-5.320
753.300,30.000,snap_through,5,Plate,23,315.700,11.272,316.057,-5.972
753.300,30.000,snap_through,5,Plate,24,323.728,11.272,324.044,-6.782
753.300,30.000,snap_through,5,Plate,25,331.895,17.945,333.057,-1.325
753.300,30.000,snap_through,5,Plate,26,339.930,27.822,342.647,7.009
753.300,30.000,snap_through,5,Plate,27,347.956,39.501,352.696,16.955
753.300,30.000,snap_through,5,Plate,28,355.836,48.644,360.685,25.987
753.300,30.000,snap_through,5,Plate,29,363.863,48.644,368.443,28.042
753.300,30.000,snap_through,5,Plate,30,371.890,48.644,376.209,30.068
753.300,30.000,snap_through,5,Inner,1,187.266,13.771,187.360,-1.491
753.300,30.000,snap_through,5,Inner,2,195.293,13.771,195.388,-1.417
753.300,30.000,snap_through,5,Inner,3,203.320,13.771,203.417,-1.475
753.300,30.000,snap_through,5,Inner,4,211.201,21.536,211.579,6.045
753.300,30.000,snap_through,5,Inner,5,219.131,33.405,220.038,17.519
753.300,30.000,snap_through,5,Inner,6,227.124,48.070,228.704,31.768
753.300,30.000,snap_through,5,Inner,7,235.188,60.797,237.103,44.255
753.300,30.000,snap_through,5,Inner,8,243.304,69.915,245.203,53.371
753.300,30.000,snap_through,5,Inner,9,251.426,74.809,253.207,58.448
753.300,30.000,snap_through,5,Inner,10,259.567,74.809,261.344,58.732
753.300,30.000,snap_through,5,Inner,11,267.689,69.915,269.634,54.137
753.300,30.000,snap_through,5,Inner,12,275.806,60.797,277.967,45.232
753.300,30.000,snap_through,5,Inner,13,283.870,48.070,286.038,32.534
753.300,30.000,snap_through,5,Inner,14,291.863,33.405,293.563,17.653
753.300,30.000,snap_through,5,Inner,15,299.792,21.536,300.894,5.433
753.300,30.000,snap_through,5,Inner,16,307.673,13.771,308.055,-2.821
753.300,30.000,snap_through,5,Inner,17,315.700,13.771,316.057,-3.473
753.300,30.000,snap_through,5,Inner,18,323.728,13.771,324.044,-4.283
753.300,30.000,snap_through,5,Patch4,1,203.387,84.706,219.359,25.345
753.300,30.000,snap_through,5,Patch4,2,211.545,98.880,227.137,39.709
753.300,30.000,snap_through,5,Patch4,3,220.461,111.654,234.801,53.131
753.300,30.000,snap_through,5,Patch4,4,228.676,121.178,241.869,63.419
753.300,30.000,snap_through,5,Patch4,5,236.068,125.666,248.679,68.667
753.300,30.000,snap_through,5,Patch4,6,243.442,126.555,255.903,70.319
753.300,30.000,snap_through,5,Patch4,7,251.445,126.558,263.848,71.177
753.300,30.000,snap_through,5,Patch4,8,259.549,126.558,271.876,72.184
753.300,30.000,snap_through,5,Patch4,9,267.551,126.555,279.774,73.365
753.300,30.000,snap_through,5,Patch4,10,274.926,125.666,287.182,73.754
753.300,30.000,snap_through,5,Patch4,11,282.318,121.178,295.278,70.733
753.300,30.000,snap_through,5,Patch4,12,290.533,111.654,305.158,63.010
753.300,30.000,snap_through,5,Patch4,13,299.449,98.880,316.520,52.431
753.300,30.000,snap_through,5,Patch4,14,307.607,84.706,327.169,41.153
753.300,30.000,snap_through,6,Outer,1,140.814,48.861,155.179,42.948
753.300,30.000,snap_through,6,Outer,2,148.399,48.861,159.695,36.922
753.300,30.000,snap_through,6,Outer,3,155.983,48.861,164.189,30.879
753.300,30.000,snap_through,6,Outer,4,163.567,48.867,170.530,23.643
753.300,30.000,snap_through,6,Outer,5,171.090,49.304,174.702,17.449
753.300,30.000,snap_through,6,Outer,6,178.300,52.818,180.760,12.298
753.300,30.000,snap_through,6,Outer,7,185.796,59.987,189.866,7.491
753.300,30.000,snap_through,6,Outer,8,193.349,71.140,203.291,6.776
753.300,30.000,snap_through,6,Outer,9,200.953,85.537,214.955,18.166
753.300,30.000,snap_through,6,Outer,10,208.574,99.451,221.163,32.677
753.300,30.000,snap_through,6,Outer,11,216.239,110.673,227.547,44.590
753.300,30.000,snap_through,6,Outer,12,223.930,118.367,234.657,52.753
753.300,30.000,snap_through,6,Outer,13,231.633,122.556,242.247,57.081
753.300,30.000,snap_through,6,Outer,14,239.317,123.325,249.917,57.877
753.300,30.000,snap_through,6,Outer,15,246.973,123.248,257.563,57.928
753.300,30.000,snap_through,6,Outer,16,254.599,123.248,265.168,58.304
753.300,30.000,snap_through,6,Outer,17,262.254,123.325,272.768,59.093
753.300,30.000,snap_through,6,Outer,18,269.939,122.556,280.473,59.364
753.300,30.000,snap_through,6,Outer,19,277.641,118.367,288.754,56.511
753.300,30.000,snap_through,6,Outer,20,285.333,110.673,297.749,50.430
753.300,30.000,snap_through,6,Outer,21,292.997,99.451,307.572,41.095
753.300,30.000,snap_through,6,Outer,22,300.618,85.537,317.726,28.969
753.300,30.000,snap_through,6,Outer,23,308.222,71.140,306.363,17.418
753.300,30.000,snap_through,6,Outer,24,315.776,59.987,318.399,11.404
753.300,30.000,snap_through,6,Outer,25,323.271,52.818,328.712,10.362
753.300,30.000,snap_through,6,Outer,26,330.482,49.304,336.531,12.107
753.300,30.000,snap_through,6,Outer,27,338.004,48.867,342.779,16.294
753.300,30.000,snap_through,6,Outer,28,345.589,48.861,350.527,20.699
753.300,30.000,snap_through,6,Outer,29,353.173,48.861,357.343,24.010
753.300,30.000,snap_through,6,Outer,30,360.757,48.861,364.174,27.292
753.300,30.000,snap_through,6,Plate,1,140.814,46.362,155.179,40.449
753.300,30.000,snap_through,6,Plate,2,148.399,46.362,159.695,34.422
753.300,30.000,snap_through,6,Plate,3,155.983,46.362,164.189,28.379
753.300,30.000,snap_through,6,Plate,4,163.422,37.647,164.061,16.952
753.300,30.000,snap_through,6,Plate,5,171.018,26.427,169.707,4.655
753.300,30.000,snap_through,6,Plate,6,178.643,17.017,178.224,-3.942
753.300,30.000,snap_through,6,Plate,7,186.320,10.922,186.363,-9.401
753.300,30.000,snap_through,6,Plate,8,193.904,10.922,193.943,-9.111
753.300,30.000,snap_through,6,Plate,9,201.488,10.922,201.528,-8.981
753.300,30.000,snap_through,6,Plate,10,209.072,10.922,209.115,-8.959
753.300,30.000,snap_through,6,Plate,11,216.654,10.553,216.698,-9.370
753.300,30.000,snap_through,6,Plate,12,224.233,12.206,224.309,-7.861
753.300,30.000,snap_through,6,Plate,13,231.752,14.804,231.892,-5.450
753.300,30.000,snap_through,6,Plate,14,239.347,16.471,239.517,-3.914
753.300,30.000,snap_through,6,Plate,15,246.970,16.144,247.142,-4.264
753.300,30.000,snap_through,6,Plate,16,254.602,16.144,254.778,-4.206
753.300,30.000,snap_through,6,Plate,17,262.224,16.471,262.398,-3.761
753.300,30.000,snap_through,6,Plate,18,269.819,14.804,270.031,-5.261
753.300,30.000,snap_through,6,Plate,19,277.338,12.206,277.597,-7.731
753.300,30.000,snap_through,6,Plate,20,284.918,10.553,285.171,-9.425
753.300,30.000,snap_through,6,Plate,21,292.499,10.922,292.766,-9.375
753.300,30.000,snap_through,6,Plate,22,300.083,10.922,300.331,-9.986
753.300,30.000,snap_through,6,Plate,23,307.667,10.922,307.868,-10.843
753.300,30.000,snap_through,6,Plate,24,315.252,10.922,315.382,-11.880
753.300,30.000,snap_through,6,Plate,25,322.928,17.017,324.098,-7.404
753.300,30.000,snap_through,6,Plate,26,330.553,26.427,333.720,-0.082
753.300,30.000,snap_through,6,Plate,27,338.149,37.647,343.730,9.008
753.300,30.000,snap_through,6,Plate,28,345.589,46.362,350.527,18.199
753.300,30.000,snap_through,6,Plate,29,353.173,46.362,357.343,21.511
753.300,30.000,snap_through,6,Plate,30,360.757,46.362,364.174,24.793
753.300,30.000,snap_through,6,Inner,1,186.320,13.421,186.363,-6.902
753.300,30.000,snap_through,6,Inner,2,193.904,13.421,193.943,-6.611
753.300,30.000,snap_through,6,Inner,3,201.488,13.421,201.528,-6.482
753.300,30.000,snap_through,6,Inner,4,208.961,20.923,209.209,0.844
753.300,30.000,snap_through,6,Inner,5,216.476,32.251,217.374,11.693
753.300,30.000,snap_through,6,Inner,6,224.002,46.385,225.821,25.274
753.300,30.000,snap_through,6,Inner,7,231.603,58.594,233.848,37.189
753.300,30.000,snap_through,6,Inner,8,239.273,67.257,241.423,45.922
753.300,30.000,snap_through,6,Inner,9,246.945,71.981,248.865,50.995
753.300,30.000,snap_through,6,Inner,10,254.626,71.981,256.529,51.503
753.300,30.000,snap_through,6,Inner,11,262.299,67.257,264.494,47.305
753.300,30.000,snap_through,6,Inner,12,269.968,58.594,272.535,39.006
753.300,30.000,snap_through,6,Inner,13,277.570,46.385,280.157,26.837
753.300,30.000,snap_through,6,Inner,14,285.095,32.251,287.079,12.426
753.300,30.000,snap_through,6,Inner,15,292.611,20.923,293.802,0.635
753.300,30.000,snap_through,6,Inner,16,300.083,13.421,300.331,-7.487
753.300,30.000,snap_through,6,Inner,17,307.667,13.421,307.868,-8.344
753.300,30.000,snap_through,6,Inner,18,315.252,13.421,315.382,-9.381
753.300,30.000,snap_through,6,Patch4,1,201.724,81.613,215.726,14.242
753.300,30.000,snap_through,6,Patch4,2,209.407,95.502,222.494,28.770
753.300,30.000,snap_through,6,Patch4,3,217.741,107.665,229.727,41.524
753.300,30.000,snap_through,6,Patch4,4,225.445,116.390,236.781,50.696
753.300,30.000,snap_through,6,Patch4,5,232.364,120.175,243.490,54.775
753.300,30.000,snap_through,6,Patch4,6,239.343,120.828,250.436,55.594
753.300,30.000,snap_through,6,Patch4,7,246.943,120.748,258.028,55.687
753.300,30.000,snap_through,6,Patch4,8,254.628,120.748,265.696,56.061
753.300,30.000,snap_through,6,Patch4,9,262.228,120.828,273.248,56.814
753.300,30.000,snap_through,6,Patch4,10,269.208,120.175,280.249,57.008
753.300,30.000,snap_through,6,Patch4,11,276.126,116.390,287.644,54.283
753.300,30.000,snap_through,6,Patch4,12,283.830,107.665,296.745,47.067
753.300,30.000,snap_through,6,Patch4,13,292.164,95.502,307.311,36.836
753.300,30.000,snap_through,6,Patch4,14,299.848,81.613,316.955,25.045
753.300,30.000,snap_through,7,Outer,1,140.935,46.603,164.610,40.008
753.300,30.000,snap_through,7,Outer,2,148.295,46.603,166.823,33.015
753.300,30.000,snap_through,7,Outer,3,155.656,46.603,169.007,26.012
753.300,30.000,snap_through,7,Outer,4,163.017,46.650,173.339,17.082
753.300,30.000,snap_through,7,Outer,5,170.328,47.138,175.290,10.052
753.300,30.000,snap_through,7,Outer,6,177.390,50.978,180.143,3.691
753.300,30.000,snap_through,7,Outer,7,184.675,58.361,188.419,-2.495
753.300,30.000,snap_through,7,Outer,8,192.017,69.673,201.851,-1.870
753.300,30.000,snap_through,7,Outer,9,199.381,84.061,211.053,11.392
753.300,30.000,snap_through,7,Outer,10,206.763,97.886,216.951,25.894
753.300,30.000,snap_through,7,Outer,11,214.185,108.569,223.397,37.165
753.300,30.000,snap_through,7,Outer,12,221.643,115.531,230.486,44.461
753.300,30.000,snap_through,7,Outer,13,229.105,119.001,237.910,47.958
753.300,30.000,snap_through,7,Outer,14,236.547,119.495,245.348,48.296
753.300,30.000,snap_through,7,Outer,15,243.968,119.380,252.752,47.991
753.300,30.000,snap_through,7,Outer,16,251.363,119.380,260.136,47.912
753.300,30.000,snap_through,7,Outer,17,258.783,119.495,267.542,48.142
753.300,30.000,snap_through,7,Outer,18,266.226,119.001,274.989,47.975
753.300,30.000,snap_through,7,Outer,19,273.688,115.531,282.670,45.042
753.300,30.000,snap_through,7,Outer,20,281.146,108.569,290.784,38.872
753.300,30.000,snap_through,7,Outer,21,288.568,97.886,299.556,29.276
753.300,30.000,snap_through,7,Outer,22,295.950,84.061,308.923,16.719
753.300,30.000,snap_through,7,Outer,23,303.314,69.673,301.464,2.410
753.300,30.000,snap_through,7,Outer,24,310.656,58.361,314.360,-1.447
753.300,30.000,snap_through,7,Outer,25,317.941,50.978,324.632,-0.117
753.300,30.000,snap_through,7,Outer,26,325.003,47.138,331.971,3.132
753.300,30.000,snap_through,7,Outer,27,332.314,46.650,337.071,8.378
753.300,30.000,snap_through,7,Outer,28,339.675,46.603,344.173,14.056
753.300,30.000,snap_through,7,Outer,29,347.036,46.603,350.162,18.324
753.300,30.000,snap_through,7,Outer,30,354.396,46.603,356.168,22.567
753.300,30.000,snap_through,7,Plate,1,140.935,44.104,164.610,37.508
753.300,30.000,snap_through,7,Plate,2,148.295,44.104,166.823,30.515
753.300,30.000,snap_through,7,Plate,3,155.656,44.104,169.007,23.512
753.300,30.000,snap_through,7,Plate,4,162.940,36.235,166.585,13.125
753.300,30.000,snap_through,7,Plate,5,170.329,25.410,170.035,0.531
753.300,30.000,snap_through,7,Plate,6,177.722,15.979,177.649,-8.709
753.300,30.000,snap_through,7,Plate,7,185.099,10.047,185.187,-14.430
753.300,30.000,snap_through,7,Plate,8,192.460,10.047,192.548,-14.365
753.300,30.000,snap_through,7,Plate,9,199.821,10.047,199.909,-14.405
753.300,30.000,snap_through,7,Plate,10,207.181,10.047,207.269,-14.419
753.300,30.000,snap_through,7,Plate,11,214.575,10.232,214.662,-14.164
753.300,30.000,snap_through,7,Plate,12,221.938,12.044,222.004,-12.268
753.300,30.000,snap_through,7,Plate,13,229.213,14.357,229.249,-9.862
753.300,30.000,snap_through,7,Plate,14,236.567,15.703,236.579,-8.377
753.300,30.000,snap_through,7,Plate,15,243.962,15.164,243.990,-8.720
753.300,30.000,snap_through,7,Plate,16,251.369,15.164,251.398,-8.516
753.300,30.000,snap_through,7,Plate,17,258.764,15.703,258.781,-7.786
753.300,30.000,snap_through,7,Plate,18,266.118,14.357,266.171,-8.946
753.300,30.000,snap_through,7,Plate,19,273.392,12.044,273.482,-11.149
753.300,30.000,snap_through,7,Plate,20,280.756,10.232,280.829,-13.040
753.300,30.000,snap_through,7,Plate,21,288.150,10.047,288.205,-13.652
753.300,30.000,snap_through,7,Plate,22,295.510,10.047,295.516,-14.547
753.300,30.000,snap_through,7,Plate,23,302.871,10.047,302.779,-15.738
753.300,30.000,snap_through,7,Plate,24,310.232,10.047,310.019,-17.069
753.300,30.000,snap_through,7,Plate,25,317.609,15.979,318.532,-12.942
753.300,30.000,snap_through,7,Plate,26,325.002,25.410,328.079,-5.723
753.300,30.000,snap_through,7,Plate,27,332.391,36.235,337.876,2.953
753.300,30.000,snap_through,7,Plate,28,339.675,44.104,344.173,11.556
753.300,30.000,snap_through,7,Plate,29,347.036,44.104,350.162,15.824
753.300,30.000,snap_through,7,Plate,30,354.396,44.104,356.168,20.068
753.300,30.000,snap_through,7,Inner,1,185.099,12.546,185.187,-11.930
753.300,30.000,snap_through,7,Inner,2,192.460,12.546,192.548,-11.866
753.300,30.000,snap_through,7,Inner,3,199.821,12.546,199.909,-11.906
753.300,30.000,snap_through,7,Inner,4,207.092,20.251,207.643,-4.564
753.300,30.000,snap_through,7,Inner,5,214.424,31.339,215.713,5.975
753.300,30.000,snap_through,7,Inner,6,221.701,45.264,223.599,19.535
753.300,30.000,snap_through,7,Inner,7,229.055,57.365,231.205,31.444
753.300,30.000,snap_through,7,Inner,8,236.502,65.934,238.871,39.779
753.300,30.000,snap_through,7,Inner,9,243.946,70.696,246.381,44.413
753.300,30.000,snap_through,7,Inner,10,251.385,70.696,253.797,45.067
753.300,30.000,snap_through,7,Inner,11,258.829,65.934,262.071,41.974
753.300,30.000,snap_through,7,Inner,12,266.276,57.365,271.133,35.163
753.300,30.000,snap_through,7,Inner,13,273.630,45.264,279.025,23.456
753.300,30.000,snap_through,7,Inner,14,280.907,31.339,284.487,8.753
753.300,30.000,snap_through,7,Inner,15,288.239,20.251,289.957,-3.337
753.300,30.000,snap_through,7,Inner,16,295.510,12.546,295.516,-12.047
753.300,30.000,snap_through,7,Inner,17,302.871,12.546,302.779,-13.239
753.300,30.000,snap_through,7,Inner,18,310.232,12.546,310.019,-14.570
753.300,30.000,snap_through,8,Outer,1,140.800,44.486,165.410,36.377
753.300,30.000,snap_through,8,Outer,2,147.972,44.486,166.883,29.363
753.300,30.000,snap_through,8,Outer,3,155.145,44.486,168.343,22.346
753.300,30.000,snap_through,8,Outer,4,162.317,44.486,171.995,13.190
753.300,30.000,snap_through,8,Outer,5,169.451,44.938,173.331,6.172
753.300,30.000,snap_through,8,Outer,6,176.385,48.534,177.640,-0.338
753.300,30.000,snap_through,8,Outer,7,183.485,55.637,185.597,-6.453
753.300,30.000,snap_through,8,Outer,8,190.649,66.387,198.174,-4.201
753.300,30.000,snap_through,8,Outer,9,197.821,79.967,205.735,9.129
753.300,30.000,snap_through,8,Outer,10,204.997,92.819,212.400,22.220
753.300,30.000,snap_through,8,Outer,11,212.207,102.604,219.392,32.132
753.300,30.000,snap_through,8,Outer,12,219.461,109.072,226.582,38.652
753.300,30.000,snap_through,8,Outer,13,226.726,112.352,233.852,41.911
753.300,30.000,snap_through,8,Outer,14,233.970,112.755,241.091,42.385
753.300,30.000,snap_through,8,Outer,15,241.195,112.624,248.315,42.337
753.300,30.000,snap_through,8,Outer,16,248.405,112.624,255.523,42.288
753.300,30.000,snap_through,8,Outer,17,255.630,112.755,262.749,42.272
753.300,30.000,snap_through,8,Outer,18,262.874,112.352,269.986,41.786
753.300,30.000,snap_through,8,Outer,19,270.139,109.072,277.258,38.557
753.300,30.000,snap_through,8,Outer,20,277.393,102.604,284.556,32.192
753.300,30.000,snap_through,8,Outer,21,284.603,92.819,291.695,22.417
753.300,30.000,snap_through,8,Outer,22,291.779,79.967,298.427,9.391
753.300,30.000,snap_through,8,Outer,23,298.951,66.387,299.647,-5.841
753.300,30.000,snap_through,8,Outer,24,306.115,55.637,311.752,-10.210
753.300,30.000,snap_through,8,Outer,25,313.215,48.534,321.331,-7.240
753.300,30.000,snap_through,8,Outer,26,320.149,44.938,327.917,-3.052
753.300,30.000,snap_through,8,Outer,27,327.283,44.486,332.332,2.563
753.300,30.000,snap_through,8,Outer,28,334.455,44.486,338.948,8.794
753.300,30.000,snap_through,8,Outer,29,341.628,44.486,344.276,13.597
753.300,30.000,snap_through,8,Outer,30,348.800,44.486,349.620,18.380
753.300,30.000,snap_through,8,Plate,1,140.800,41.986,165.410,33.877
753.300,30.000,snap_through,8,Plate,2,147.972,41.986,166.883,26.863
753.300,30.000,snap_through,8,Plate,3,155.145,41.986,168.343,19.846
753.300,30.000,snap_through,8,Plate,4,162.259,34.978,166.272,10.140
753.300,30.000,snap_through,8,Plate,5,169.461,24.933,169.890,-1.584
753.300,30.000,snap_through,8,Plate,6,176.673,16.062,177.101,-10.457
753.300,30.000,snap_through,8,Plate,7,183.834,10.414,184.240,-16.136
753.300,30.000,snap_through,8,Plate,8,191.007,10.414,191.412,-16.215
753.300,30.000,snap_through,8,Plate,9,198.179,10.414,198.584,-16.270
753.300,30.000,snap_through,8,Plate,10,205.352,10.414,205.760,-16.180
753.300,30.000,snap_through,8,Plate,11,212.585,10.646,212.987,-15.741
753.300,30.000,snap_through,8,Plate,12,219.768,12.277,220.121,-13.891
753.300,30.000,snap_through,8,Plate,13,226.842,14.386,227.132,-11.572
753.300,30.000,snap_through,8,Plate,14,234.002,15.464,234.258,-10.262
753.300,30.000,snap_through,8,Plate,15,241.200,14.968,241.472,-10.501
753.300,30.000,snap_through,8,Plate,16,248.400,14.968,248.673,-10.265
753.300,30.000,snap_through,8,Plate,17,255.598,15.464,255.859,-9.570
753.300,30.000,snap_through,8,Plate,18,262.758,14.386,263.048,-10.477
753.300,30.000,snap_through,8,Plate,19,269.831,12.277,270.152,-12.500
753.300,30.000,snap_through,8,Plate,20,277.015,10.646,277.316,-14.243
753.300,30.000,snap_through,8,Plate,21,284.248,10.414,284.529,-14.980
753.300,30.000,snap_through,8,Plate,22,291.421,10.414,291.641,-16.054
753.300,30.000,snap_through,8,Plate,23,298.593,10.414,298.654,-17.567
753.300,30.000,snap_through,8,Plate,24,305.766,10.414,305.641,-19.197
753.300,30.000,snap_through,8,Plate,25,312.927,16.062,314.133,-15.851
753.300,30.000,snap_through,8,Plate,26,320.139,24.933,323.775,-9.705
753.300,30.000,snap_through,8,Plate,27,327.341,34.978,333.292,-1.797
753.300,30.000,snap_through,8,Plate,28,334.455,41.986,338.948,6.295
753.300,30.000,snap_through,8,Plate,29,341.628,41.986,344.276,11.097
753.300,30.000,snap_through,8,Plate,30,348.800,41.986,349.620,15.880
753.300,30.000,snap_through,8,Inner,1,183.834,12.913,184.240,-13.637
753.300,30.000,snap_through,8,Inner,2,191.007,12.913,191.412,-13.715
753.300,30.000,snap_through,8,Inner,3,198.179,12.913,198.584,-13.771
753.300,30.000,snap_through,8,Inner,4,205.286,19.747,205.744,-6.989
753.300,30.000,snap_through,8,Inner,5,212.446,30.039,212.969,3.241
753.300,30.000,snap_through,8,Inner,6,219.527,43.079,220.122,16.212
753.300,30.000,snap_through,8,Inner,7,226.665,54.638,227.746,27.419
753.300,30.000,snap_through,8,Inner,8,233.921,62.802,235.985,34.547
753.300,30.000,snap_through,8,Inner,9,241.177,67.177,243.852,37.644
753.300,30.000,snap_through,8,Inner,10,248.423,67.177,251.054,37.609
753.300,30.000,snap_through,8,Inner,11,255.679,62.802,259.293,35.828
753.300,30.000,snap_through,8,Inner,12,262.935,54.638,268.896,30.712
753.300,30.000,snap_through,8,Inner,13,270.073,43.079,277.638,20.388
753.300,30.000,snap_through,8,Inner,14,277.154,30.039,282.189,6.279
753.300,30.000,snap_through,8,Inner,15,284.314,19.747,286.782,-5.383
753.300,30.000,snap_through,8,Inner,16,291.421,12.913,291.641,-13.555
753.300,30.000,snap_through,8,Inner,17,298.593,12.913,298.654,-15.068
753.300,30.000,snap_through,8,Inner,18,305.766,12.913,305.641,-16.697
753.300,30.000,snap_through,8,Patch4,1,198.650,76.192,206.564,5.354
753.300,30.000,snap_through,8,Patch4,2,205.814,89.002,213.054,18.697
753.300,30.000,snap_through,8,Patch4,3,213.606,99.631,220.304,29.607
753.300,30.000,snap_through,8,Patch4,4,220.866,107.014,227.706,36.808
753.300,30.000,snap_through,8,Patch4,5,227.323,109.930,234.168,39.709
753.300,30.000,snap_through,8,Patch4,6,233.951,110.256,240.792,40.137
753.300,30.000,snap_through,8,Patch4,7,241.166,110.124,248.013,40.112
753.300,30.000,snap_through,8,Patch4,8,248.434,110.124,255.287,40.058
753.300,30.000,snap_through,8,Patch4,9,255.649,110.256,262.507,39.897
753.300,30.000,snap_through,8,Patch4,10,262.277,109.930,269.123,39.330
753.300,30.000,snap_through,8,Patch4,11,268.734,107.014,275.556,36.377
753.300,30.000,snap_through,8,Patch4,12,275.994,99.631,282.957,29.192
753.300,30.000,snap_through,8,Patch4,13,283.786,89.002,290.710,18.609
753.300,30.000,snap_through,8,Patch4,14,290.950,76.192,297.597,5.616
753.300,30.000,snap_through,9,Outer,1,140.800,42.310,159.626,33.803
753.300,30.000,snap_through,9,Outer,2,147.766,42.310,161.885,27.214
753.300,30.000,snap_through,9,Outer,3,154.731,42.310,164.134,20.622
753.300,30.000,snap_through,9,Outer,4,161.697,42.332,168.614,12.218
753.300,30.000,snap_through,9,Outer,5,168.631,42.750,170.904,5.655
753.300,30.000,snap_through,9,Outer,6,175.408,46.100,175.927,0.002
753.300,30.000,snap_through,9,Outer,7,182.311,52.853,184.420,-4.595
753.300,30.000,snap_through,9,Outer,8,189.271,63.008,196.217,-1.335
753.300,30.000,snap_through,9,Outer,9,196.244,75.938,203.633,11.251
753.300,30.000,snap_through,9,Outer,10,203.211,87.950,210.182,23.409
753.300,30.000,snap_through,9,Outer,11,210.200,97.141,216.740,32.851
753.300,30.000,snap_through,9,Outer,12,217.226,103.089,223.469,39.098
753.300,30.000,snap_through,9,Outer,13,224.259,106.416,230.373,42.665
753.300,30.000,snap_through,9,Outer,14,231.284,106.915,237.378,43.345
753.300,30.000,snap_through,9,Outer,15,238.297,106.818,244.386,43.365
753.300,30.000,snap_through,9,Outer,16,245.303,106.818,251.385,43.409
753.300,30.000,snap_through,9,Outer,17,252.316,106.915,258.393,43.474
753.300,30.000,snap_through,9,Outer,18,259.341,106.416,265.399,42.833
753.300,30.000,snap_through,9,Outer,19,266.374,103.089,272.253,39.192
753.300,30.000,snap_through,9,Outer,20,273.400,97.141,278.725,32.693
753.300,30.000,snap_through,9,Outer,21,280.389,87.950,284.640,22.839
753.300,30.000,snap_through,9,Outer,22,287.356,75.938,290.151,10.167
753.300,30.000,snap_through,9,Outer,23,294.329,63.008,296.097,-3.182
753.300,30.000,snap_through,9,Outer,24,301.289,52.853,306.742,-9.251
753.300,30.000,snap_through,9,Outer,25,308.192,46.100,316.252,-7.660
753.300,30.000,snap_through,9,Outer,26,314.969,42.750,322.910,-4.081
753.300,30.000,snap_through,9,Outer,27,321.903,42.332,327.466,1.157
753.300,30.000,snap_through,9,Outer,28,328.869,42.310,333.950,7.241
753.300,30.000,snap_through,9,Outer,29,335.834,42.310,338.863,12.173
753.300,30.000,snap_through,9,Outer,30,342.800,42.310,343.796,17.084
753.300,30.000,snap_through,9,Plate,1,140.800,39.810,159.626,31.303
753.300,30.000,snap_through,9,Plate,2,147.766,39.810,161.885,24.715
753.300,30.000,snap_through,9,Plate,3,154.731,39.810,164.134,18.122
753.300,30.000,snap_through,9,Plate,4,161.643,33.056,163.366,8.574
753.300,30.000,snap_through,9,Plate,5,168.635,23.219,168.561,-2.269
753.300,30.000,snap_through,9,Plate,6,175.651,14.980,175.973,-10.142
753.300,30.000,snap_through,9,Plate,7,182.593,9.786,183.179,-14.956
753.300,30.000,snap_through,9,Plate,8,189.559,9.786,190.138,-14.655
753.300,30.000,snap_through,9,Plate,9,196.524,9.786,197.100,-14.409
753.300,30.000,snap_through,9,Plate,10,203.490,9.786,204.064,-14.168
753.300,30.000,snap_through,9,Plate,11,210.535,10.425,211.086,-13.288
753.300,30.000,snap_through,9,Plate,12,217.503,12.107,218.004,-11.399
753.300,30.000,snap_through,9,Plate,13,224.380,13.884,224.833,-9.441
753.300,30.000,snap_through,9,Plate,14,231.330,14.414,231.770,-8.733
753.300,30.000,snap_through,9,Plate,15,238.311,13.829,238.765,-9.157
753.300,30.000,snap_through,9,Plate,16,245.289,13.829,245.745,-9.054
753.300,30.000,snap_through,9,Plate,17,252.270,14.414,252.726,-8.442
753.300,30.000,snap_through,9,Plate,18,259.220,13.884,259.674,-9.024
753.300,30.000,snap_through,9,Plate,19,266.097,12.107,266.510,-10.958
753.300,30.000,snap_through,9,Plate,20,273.065,10.425,273.392,-12.970
753.300,30.000,snap_through,9,Plate,21,280.110,9.786,280.360,-14.210
753.300,30.000,snap_through,9,Plate,22,287.076,9.786,287.263,-15.170
753.300,30.000,snap_through,9,Plate,23,294.041,9.786,294.109,-16.455
753.300,30.000,snap_through,9,Plate,24,301.007,9.786,300.909,-17.962
753.300,30.000,snap_through,9,Plate,25,307.949,14.980,309.143,-15.244
753.300,30.000,snap_through,9,Plate,26,314.965,23.219,318.685,-10.143
753.300,30.000,snap_through,9,Plate,27,321.957,33.056,328.444,-3.045
753.300,30.000,snap_through,9,Plate,28,328.869,39.810,333.950,4.742
753.300,30.000,snap_through,9,Plate,29,335.834,39.810,338.863,9.673
753.300,30.000,snap_through,9,Plate,30,342.800,39.810,343.796,14.585
753.300,30.000,snap_through,9,Inner,1,182.593,12.285,183.179,-12.456
753.300,30.000,snap_through,9,Inner,2,189.559,12.285,190.138,-12.156
753.300,30.000,snap_through,9,Inner,3,196.524,12.285,197.100,-11.910
753.300,30.000,snap_through,9,Inner,4,203.446,18.978,203.889,-5.133
753.300,30.000,snap_through,9,Inner,5,210.412,28.936,211.009,4.702
753.300,30.000,snap_through,9,Inner,6,217.304,41.339,218.324,16.844
753.300,30.000,snap_through,9,Inner,7,224.237,52.206,225.654,27.434
753.300,30.000,snap_through,9,Inner,8,231.262,59.618,232.844,34.677
753.300,30.000,snap_through,9,Inner,9,238.289,63.328,239.864,38.399
753.300,30.000,snap_through,9,Inner,10,245.311,63.328,246.882,38.636
753.300,30.000,snap_through,9,Inner,11,252.338,59.618,254.128,35.394
753.300,30.000,snap_through,9,Inner,12,259.363,52.206,261.644,28.506
753.300,30.000,snap_through,9,Inner,13,266.296,41.339,268.971,17.924
753.300,30.000,snap_through,9,Inner,14,273.188,28.936,275.585,5.388
753.300,30.000,snap_through,9,Inner,15,280.154,18.978,281.692,-5.110
753.300,30.000,snap_through,9,Inner,16,287.076,12.285,287.263,-12.671
753.300,30.000,snap_through,9,Inner,17,294.041,12.285,294.109,-13.956
753.300,30.000,snap_through,9,Inner,18,301.007,12.285,300.909,-15.463
753.300,30.000,snap_through,9,Patch4,1,197.074,72.230,204.464,7.543
753.300,30.000,snap_through,9,Patch4,2,204.039,84.202,211.067,19.787
753.300,30.000,snap_through,9,Patch4,3,211.581,94.201,218.046,30.118
753.300,30.000,snap_through,9,Patch4,4,218.618,101.019,224.723,37.245
753.300,30.000,snap_through,9,Patch4,5,224.872,103.996,230.834,40.488
753.300,30.000,snap_through,9,Patch4,6,231.259,104.416,237.199,41.101
753.300,30.000,snap_through,9,Patch4,7,238.263,104.318,244.198,41.125
753.300,30.000,snap_through,9,Patch4,8,245.337,104.318,251.267,41.166
753.300,30.000,snap_through,9,Patch4,9,252.341,104.416,258.266,41.228
753.300,30.000,snap_through,9,Patch4,10,258.728,103.996,264.632,40.656
753.300,30.000,snap_through,9,Patch4,11,264.982,101.019,270.692,37.344
753.300,30.000,snap_through,9,Patch4,12,272.019,94.201,277.102,29.996
753.300,30.000,snap_through,9,Patch4,13,279.561,84.202,283.418,19.256
753.300,30.000,snap_through,9,Patch4,14,286.526,72.230,289.320,6.460
753.300,30.000,snap_through,10,Outer,1,140.800,40.274,153.101,32.717
753.300,30.000,snap_through,10,Outer,2,147.559,40.274,156.462,26.859
753.300,30.000,snap_through,10,Outer,3,154.317,40.274,159.814,20.997
753.300,30.000,snap_through,10,Outer,4,161.076,40.289,165.257,13.770
753.300,30.000,snap_through,10,Outer,5,167.811,40.651,168.689,7.968
753.300,30.000,snap_through,10,Outer,6,174.425,43.625,174.368,3.461
753.300,30.000,snap_through,10,Outer,7,181.128,49.975,183.175,0.689
753.300,30.000,snap_through,10,Outer,8,187.881,59.411,193.930,4.731
753.300,30.000,snap_through,10,Outer,9,194.650,71.556,200.719,16.710
753.300,30.000,snap_through,10,Outer,10,201.409,82.847,206.840,28.216
753.300,30.000,snap_through,10,Outer,11,208.180,91.484,213.143,37.095
753.300,30.000,snap_through,10,Outer,12,214.974,97.075,219.734,42.863
753.300,30.000,snap_through,10,Outer,13,221.781,100.208,226.528,45.992
753.300,30.000,snap_through,10,Outer,14,228.590,100.759,233.344,46.404
753.300,30.000,snap_through,10,Outer,15,235.398,100.681,240.140,46.102
753.300,30.000,snap_through,10,Outer,16,242.202,100.681,246.935,45.854
753.300,30.000,snap_through,10,Outer,17,249.010,100.759,253.736,45.668
753.300,30.000,snap_through,10,Outer,18,255.819,100.208,260.504,44.788
753.300,30.000,snap_through,10,Outer,19,262.626,97.075,267.047,41.193
753.300,30.000,snap_through,10,Outer,20,269.420,91.484,273.184,34.955
753.300,30.000,snap_through,10,Outer,21,276.191,82.847,278.823,25.625
753.300,30.000,snap_through,10,Outer,22,282.950,71.556,284.244,13.735
753.300,30.000,snap_through,10,Outer,23,289.719,59.411,290.771,1.575
753.300,30.000,snap_through,10,Outer,24,296.472,49.975,301.004,-3.807
753.300,30.000,snap_through,10,Outer,25,303.175,43.625,310.213,-3.279
753.300,30.000,snap_through,10,Outer,26,309.789,40.651,316.889,-0.438
753.300,30.000,snap_through,10,Outer,27,316.524,40.289,321.831,4.137
753.300,30.000,snap_through,10,Outer,28,323.283,40.274,328.447,9.515
753.300,30.000,snap_through,10,Outer,29,330.041,40.274,333.474,14.017
753.300,30.000,snap_through,10,Outer,30,336.800,40.274,338.513,18.504
753.300,30.000,snap_through,10,Plate,1,140.800,37.775,153.101,30.217
753.300,30.000,snap_through,10,Plate,2,147.559,37.775,156.462,24.360
753.300,30.000,snap_through,10,Plate,3,154.317,37.775,159.814,18.497
753.300,30.000,snap_through,10,Plate,4,161.037,31.525,160.988,9.495
753.300,30.000,snap_through,10,Plate,5,167.826,22.083,167.125,-0.321
753.300,30.000,snap_through,10,Plate,6,174.633,14.420,174.635,-7.279
753.300,30.000,snap_through,10,Plate,7,181.352,9.613,181.786,-11.406
753.300,30.000,snap_through,10,Plate,8,188.110,9.613,188.524,-10.867
753.300,30.000,snap_through,10,Plate,9,194.869,9.613,195.269,-10.436
753.300,30.000,snap_through,10,Plate,10,201.628,9.613,202.021,-10.106
753.300,30.000,snap_through,10,Plate,11,208.484,10.258,208.850,-9.209
753.300,30.000,snap_through,10,Plate,12,215.249,11.916,215.570,-7.375
753.300,30.000,snap_through,10,Plate,13,221.923,13.572,222.213,-5.592
753.300,30.000,snap_through,10,Plate,14,228.656,13.603,228.947,-5.453
753.300,30.000,snap_through,10,Plate,15,235.419,12.938,235.719,-6.042
753.300,30.000,snap_through,10,Plate,16,242.181,12.938,242.482,-6.025
753.300,30.000,snap_through,10,Plate,17,248.944,13.603,249.252,-5.419
753.300,30.000,snap_through,10,Plate,18,255.677,13.572,255.984,-5.587
753.300,30.000,snap_through,10,Plate,19,262.351,11.916,262.597,-7.470
753.300,30.000,snap_through,10,Plate,20,269.116,10.258,269.263,-9.485
753.300,30.000,snap_through,10,Plate,21,275.972,9.613,276.048,-10.657
753.300,30.000,snap_through,10,Plate,22,282.731,9.613,282.766,-11.378
753.300,30.000,snap_through,10,Plate,23,289.490,9.613,289.455,-12.348
753.300,30.000,snap_through,10,Plate,24,296.248,9.613,296.108,-13.534
753.300,30.000,snap_through,10,Plate,25,302.967,14.420,303.949,-10.939
753.300,30.000,snap_through,10,Plate,26,309.774,22.083,313.171,-6.475
753.300,30.000,snap_through,10,Plate,27,316.563,31.525,322.900,-0.127
753.300,30.000,snap_through,10,Plate,28,323.283,37.775,328.447,7.016
753.300,30.000,snap_through,10,Plate,29,330.041,37.775,333.474,11.517
753.300,30.000,snap_through,10,Plate,30,336.800,37.775,338.513,16.004
753.300,30.000,snap_through,10,Inner,1,181.352,12.113,181.786,-8.906
753.300,30.000,snap_through,10,Inner,2,188.110,12.113,188.524,-8.368
753.300,30.000,snap_through,10,Inner,3,194.869,12.113,195.269,-7.937
753.300,30.000,snap_through,10,Inner,4,201.603,18.042,201.709,-1.798
753.300,30.000,snap_through,10,Inner,5,208.373,27.429,208.475,7.572
753.300,30.000,snap_through,10,Inner,6,215.069,39.081,215.431,19.046
753.300,30.000,snap_through,10,Inner,7,221.797,49.307,222.450,29.053
753.300,30.000,snap_through,10,Inner,8,228.590,56.148,229.397,35.725
753.300,30.000,snap_through,10,Inner,9,235.396,59.353,236.246,38.833
753.300,30.000,snap_through,10,Inner,10,242.204,59.353,243.054,38.804
753.300,30.000,snap_through,10,Inner,11,249.010,56.148,249.873,35.637
753.300,30.000,snap_through,10,Inner,12,255.803,49.307,256.752,28.902
753.300,30.000,snap_through,10,Inner,13,262.531,39.081,263.648,18.813
753.300,30.000,snap_through,10,Inner,14,269.227,27.429,270.379,7.206
753.300,30.000,snap_through,10,Inner,15,275.997,18.042,276.816,-2.393
753.300,30.000,snap_through,10,Inner,16,282.731,12.113,282.766,-8.879
753.300,30.000,snap_through,10,Inner,17,289.490,12.113,289.455,-9.848
753.300,30.000,snap_through,10,Inner,18,296.248,12.113,296.108,-11.035
753.300,30.000,snap_through,10,Patch4,1,195.453,67.909,201.521,13.063
753.300,30.000,snap_through,10,Patch4,2,202.192,79.155,207.753,24.685
753.300,30.000,snap_through,10,Patch4,3,209.459,88.535,214.388,34.394
753.300,30.000,snap_through,10,Patch4,4,216.218,94.907,220.910,40.926
753.300,30.000,snap_through,10,Patch4,5,222.351,97.774,227.018,43.806
753.300,30.000,snap_through,10,Patch4,6,228.626,98.259,233.292,44.162
753.300,30.000,snap_through,10,Patch4,7,235.384,98.183,240.036,43.857
753.300,30.000,snap_through,10,Patch4,8,242.216,98.183,246.856,43.611
753.300,30.000,snap_through,10,Patch4,9,248.974,98.259,253.605,43.422
753.300,30.000,snap_through,10,Patch4,10,255.249,97.774,259.833,42.603
753.300,30.000,snap_through,10,Patch4,11,261.382,94.907,265.686,39.260
753.300,30.000,snap_through,10,Patch4,12,268.141,88.535,271.684,32.249
753.300,30.000,snap_through,10,Patch4,13,275.408,79.155,277.669,22.103
753.300,30.000,snap_through,10,Patch4,14,282.147,67.909,283.442,10.088
753.300,30.000,snap_through,11,Outer,1,140.800,38.283,146.858,32.184
753.300,30.000,snap_through,11,Outer,2,147.352,38.283,151.394,27.471
753.300,30.000,snap_through,11,Outer,3,153.903,38.283,155.931,22.759
753.300,30.000,snap_through,11,Outer,4,160.455,38.302,162.231,17.182
753.300,30.000,snap_through,11,Outer,5,166.989,38.611,166.803,12.524
753.300,30.000,snap_through,11,Outer,6,173.428,41.212,173.010,9.423
753.300,30.000,snap_through,11,Outer,7,179.935,47.112,181.754,8.619
753.300,30.000,snap_through,11,Outer,8,186.484,55.979,191.482,13.584
753.300,30.000,snap_through,11,Outer,9,193.044,67.373,197.761,24.940
753.300,30.000,snap_through,11,Outer,10,199.599,77.923,203.656,35.686
753.300,30.000,snap_through,11,Outer,11,206.167,85.991,209.766,43.970
753.300,30.000,snap_through,11,Outer,12,212.744,91.104,216.161,49.232
753.300,30.000,snap_through,11,Outer,13,219.328,93.781,222.751,51.862
753.300,30.000,snap_through,11,Outer,14,225.917,94.220,229.350,52.096
753.300,30.000,snap_through,11,Outer,15,232.507,94.109,235.921,51.625
753.300,30.000,snap_through,11,Outer,16,239.093,94.109,242.487,51.145
753.300,30.000,snap_through,11,Outer,17,245.683,94.220,249.060,50.686
753.300,30.000,snap_through,11,Outer,18,252.272,93.781,255.572,49.609
753.300,30.000,snap_through,11,Outer,19,258.856,91.104,261.792,46.236
753.300,30.000,snap_through,11,Outer,20,265.433,85.991,267.571,40.335
753.300,30.000,snap_through,11,Outer,21,272.001,77.923,272.914,31.550
753.300,30.000,snap_through,11,Outer,22,278.556,67.373,278.162,20.465
753.300,30.000,snap_through,11,Outer,23,285.116,55.979,285.429,9.641
753.300,30.000,snap_through,11,Outer,24,291.665,47.112,295.555,5.333
753.300,30.000,snap_through,11,Outer,25,298.172,41.212,304.264,4.311
753.300,30.000,snap_through,11,Outer,26,304.611,38.611,311.025,5.891
753.300,30.000,snap_through,11,Outer,27,311.145,38.302,316.600,9.284
753.300,30.000,snap_through,11,Outer,28,317.697,38.283,323.482,13.159
753.300,30.000,snap_through,11,Outer,29,324.248,38.283,329.096,16.517
753.300,30.000,snap_through,11,Outer,30,330.800,38.283,334.710,19.877
753.300,30.000,snap_through,11,Plate,1,140.800,35.783,146.858,29.685
753.300,30.000,snap_through,11,Plate,2,147.352,35.783,151.394,24.972
753.300,30.000,snap_through,11,Plate,3,153.903,35.783,155.931,20.259
753.300,30.000,snap_through,11,Plate,4,160.426,29.888,159.276,12.210
753.300,30.000,snap_through,11,Plate,5,167.014,20.835,166.052,3.332
753.300,30.000,snap_through,11,Plate,6,173.617,13.574,173.467,-3.075
753.300,30.000,snap_through,11,Plate,7,180.110,9.280,180.371,-6.661
753.300,30.000,snap_through,11,Plate,8,186.662,9.280,186.902,-6.138
753.300,30.000,snap_through,11,Plate,9,193.214,9.280,193.441,-5.714
753.300,30.000,snap_through,11,Plate,10,199.766,9.280,199.988,-5.444
753.300,30.000,snap_through,11,Plate,11,206.416,9.966,206.618,-4.588
753.300,30.000,snap_through,11,Plate,12,212.979,11.610,213.143,-2.810
753.300,30.000,snap_through,11,Plate,13,219.450,12.933,219.594,-1.399
753.300,30.000,snap_through,11,Plate,14,225.971,12.612,226.115,-1.679
753.300,30.000,snap_through,11,Plate,15,232.522,11.946,232.664,-2.344
753.300,30.000,snap_through,11,Plate,16,239.078,11.946,239.219,-2.382
753.300,30.000,snap_through,11,Plate,17,245.629,12.612,245.775,-1.798
753.300,30.000,snap_through,11,Plate,18,252.150,12.933,252.300,-1.616
753.300,30.000,snap_through,11,Plate,19,258.621,11.610,258.724,-3.141
753.300,30.000,snap_through,11,Plate,20,265.184,9.966,265.210,-5.051
753.300,30.000,snap_through,11,Plate,21,271.834,9.280,271.819,-6.050
753.300,30.000,snap_through,11,Plate,22,278.386,9.280,278.354,-6.479
753.300,30.000,snap_through,11,Plate,23,284.938,9.280,284.877,-7.093
753.300,30.000,snap_through,11,Plate,24,291.490,9.280,291.387,-7.830
753.300,30.000,snap_through,11,Plate,25,297.983,13.574,298.776,-5.381
753.300,30.000,snap_through,11,Plate,26,304.586,20.835,307.685,-1.273
753.300,30.000,snap_through,11,Plate,27,311.174,29.888,317.340,4.388
753.300,30.000,snap_through,11,Plate,28,317.697,35.783,323.482,10.660
753.300,30.000,snap_through,11,Plate,29,324.248,35.783,329.096,14.018
753.300,30.000,snap_through,11,Plate,30,330.800,35.783,334.710,17.378
753.300,30.000,snap_through,11,Inner,1,180.110,11.779,180.371,-4.162
753.300,30.000,snap_through,11,Inner,2,186.662,11.779,186.902,-3.638
753.300,30.000,snap_through,11,Inner,3,193.214,11.779,193.441,-3.214
753.300,30.000,snap_through,11,Inner,4,199.761,17.358,199.684,2.579
753.300,30.000,snap_through,11,Inner,5,206.329,26.384,206.203,11.616
753.300,30.000,snap_through,11,Inner,6,212.835,37.312,212.886,22.405
753.300,30.000,snap_through,11,Inner,7,219.366,46.591,219.651,31.487
753.300,30.000,snap_through,11,Inner,8,225.930,52.519,226.359,37.236
753.300,30.000,snap_through,11,Inner,9,232.507,55.144,232.985,39.728
753.300,30.000,snap_through,11,Inner,10,239.093,55.144,239.570,39.647
753.300,30.000,snap_through,11,Inner,11,245.670,52.519,246.135,37.002
753.300,30.000,snap_through,11,Inner,12,252.234,46.591,252.723,31.120
753.300,30.000,snap_through,11,Inner,13,258.765,37.312,259.348,21.939
753.300,30.000,snap_through,11,Inner,14,265.271,26.384,265.897,11.071
753.300,30.000,snap_through,11,Inner,15,271.839,17.358,272.284,1.942
753.300,30.000,snap_through,11,Inner,16,278.386,11.779,278.354,-3.980
753.300,30.000,snap_through,11,Inner,17,284.938,11.779,284.877,-4.594
753.300,30.000,snap_through,11,Inner,18,291.490,11.779,291.387,-5.331
753.300,30.000,snap_through,11,Patch1,1,201.299,12.361,201.521,-2.362
753.300,30.000,snap_through,11,Patch1,2,206.425,12.646,206.590,-1.974
753.300,30.000,snap_through,11,Patch1,3,212.330,14.023,212.490,-0.566
753.300,30.000,snap_through,11,Patch1,4,219.142,15.412,219.301,0.841
753.300,30.000,snap_through,11,Patch1,5,226.183,15.103,226.347,0.560
753.300,30.000,snap_through,11,Patch1,6,232.680,14.439,232.847,-0.096
753.300,30.000,snap_through,11,Patch1,7,238.920,14.439,239.090,-0.134
753.300,30.000,snap_through,11,Patch1,8,245.417,15.103,245.598,0.442
753.300,30.000,snap_through,11,Patch1,9,252.458,15.412,252.646,0.623
753.300,30.000,snap_through,11,Patch1,10,259.270,14.023,259.430,-0.903
753.300,30.000,snap_through,11,Patch1,11,265.175,12.646,265.298,-2.434
753.300,30.000,snap_through,11,Patch1,12,270.176,12.296,270.161,-3.034
753.300,30.000,snap_through,11,Patch2,1,278.386,6.780,278.354,-8.979
753.300,30.000,snap_through,11,Patch2,2,284.938,6.780,284.877,-9.593
753.300,30.000,snap_through,11,Patch2,3,291.490,6.780,291.387,-10.330
753.300,30.000,snap_through,11,Patch3,1,180.110,6.780,180.371,-9.160
753.300,30.000,snap_through,11,Patch3,2,186.662,6.780,186.902,-8.637
753.300,30.000,snap_through,11,Patch3,3,193.214,6.780,193.441,-8.213
753.300,30.000,snap_through,11,Patch4,1,193.864,63.795,198.581,21.362
753.300,30.000,snap_through,11,Patch4,2,200.403,74.302,204.622,32.237
753.300,30.000,snap_through,11,Patch4,3,207.517,83.117,211.115,41.352
753.300,30.000,snap_through,11,Patch4,4,214.103,89.009,217.488,47.364
753.300,30.000,snap_through,11,Patch4,5,219.917,91.354,223.295,49.681
753.300,30.000,snap_through,11,Patch4,6,225.913,91.721,229.292,49.854
753.300,30.000,snap_through,11,Patch4,7,232.466,91.609,235.821,49.377
753.300,30.000,snap_through,11,Patch4,8,239.134,91.609,242.463,48.899
753.300,30.000,snap_through,11,Patch4,9,245.687,91.721,248.995,48.437
753.300,30.000,snap_through,11,Patch4,10,251.683,91.354,254.906,47.427
753.300,30.000,snap_through,11,Patch4,11,257.497,89.009,260.346,44.380
753.300,30.000,snap_through,11,Patch4,12,264.083,83.117,266.004,37.725
753.300,30.000,snap_through,11,Patch4,13,271.197,74.302,271.727,28.126
753.300,30.000,snap_through,11,Patch4,14,277.736,63.795,277.342,16.888
753.300,30.000,snap_through,12,Outer,1,140.800,36.338,142.064,31.864
753.300,30.000,snap_through,12,Outer,2,147.145,36.338,147.551,28.693
753.300,30.000,snap_through,12,Outer,3,153.490,36.338,153.042,25.527
753.300,30.000,snap_through,12,Outer,4,159.834,36.349,159.767,21.914
753.300,30.000,snap_through,12,Outer,5,166.165,36.622,165.236,18.739
753.300,30.000,snap_through,12,Outer,6,172.424,38.961,171.749,17.279
753.300,30.000,snap_through,12,Outer,7,178.736,44.512,180.044,18.587
753.300,30.000,snap_through,12,Outer,8,185.083,52.836,188.704,24.310
753.300,30.000,snap_through,12,Outer,9,191.434,63.259,194.544,34.856
753.300,30.000,snap_through,12,Outer,10,197.779,72.934,200.452,44.612
753.300,30.000,snap_through,12,Outer,11,204.137,80.341,206.511,52.124
753.300,30.000,snap_through,12,Outer,12,210.503,84.728,212.755,56.608
753.300,30.000,snap_through,12,Outer,13,216.871,86.665,219.110,58.567
753.300,30.000,snap_through,12,Outer,14,223.243,86.806,225.483,58.634
753.300,30.000,snap_through,12,Outer,15,229.615,86.600,231.843,58.216
753.300,30.000,snap_through,12,Outer,16,235.985,86.600,238.202,57.861
753.300,30.000,snap_through,12,Outer,17,242.357,86.806,244.571,57.582
753.300,30.000,snap_through,12,Outer,18,248.729,86.665,250.901,56.850
753.300,30.000,snap_through,12,Outer,19,255.097,84.728,257.007,54.260
753.300,30.000,snap_through,12,Outer,20,261.463,80.341,262.732,49.179
753.300,30.000,snap_through,12,Outer,21,267.821,72.934,268.038,41.171
753.300,30.000,snap_through,12,Outer,22,274.166,63.259,273.249,31.080
753.300,30.000,snap_through,12,Outer,23,280.517,52.836,281.235,21.943
753.300,30.000,snap_through,12,Outer,24,286.864,44.512,290.560,17.224
753.300,30.000,snap_through,12,Outer,25,293.176,38.961,298.409,14.294
753.300,30.000,snap_through,12,Outer,26,299.435,36.622,305.084,14.314
753.300,30.000,snap_through,12,Outer,27,305.766,36.349,311.123,16.205
753.300,30.000,snap_through,12,Outer,28,312.110,36.338,317.929,18.278
753.300,30.000,snap_through,12,Outer,29,318.455,36.338,324.003,20.103
753.300,30.000,snap_through,12,Outer,30,324.800,36.338,330.074,21.944
753.300,30.000,snap_through,12,Plate,1,140.800,33.838,142.064,29.364
753.300,30.000,snap_through,12,Plate,2,147.145,33.838,147.551,26.193
753.300,30.000,snap_through,12,Plate,3,153.490,33.838,153.042,23.028
753.300,30.000,snap_through,12,Plate,4,159.817,28.197,158.016,16.121
753.300,30.000,snap_through,12,Plate,5,166.191,19.711,165.361,8.468
753.300,30.000,snap_through,12,Plate,6,172.593,12.908,172.436,2.383
753.300,30.000,snap_through,12,Plate,7,178.869,9.083,178.973,-0.967
753.300,30.000,snap_through,12,Plate,8,185.214,9.083,185.309,-0.636
753.300,30.000,snap_through,12,Plate,9,191.559,9.083,191.649,-0.371
753.300,30.000,snap_through,12,Plate,10,197.903,9.083,197.992,-0.210
753.300,30.000,snap_through,12,Plate,11,204.337,9.898,204.414,0.693
753.300,30.000,snap_through,12,Plate,12,210.699,11.442,210.757,2.300
753.300,30.000,snap_through,12,Plate,13,216.976,12.406,217.028,3.300
753.300,30.000,snap_through,12,Plate,14,223.291,12.077,223.343,2.979
753.300,30.000,snap_through,12,Plate,15,229.628,11.591,229.678,2.470
753.300,30.000,snap_through,12,Plate,16,235.972,11.591,236.022,2.417
753.300,30.000,snap_through,12,Plate,17,242.309,12.077,242.364,2.821
753.300,30.000,snap_through,12,Plate,18,248.624,12.406,248.684,3.047
753.300,30.000,snap_through,12,Plate,19,254.901,11.442,254.940,1.962
753.300,30.000,snap_through,12,Plate,20,261.263,9.898,261.265,0.282
753.300,30.000,snap_through,12,Plate,21,267.697,9.083,267.677,-0.682
753.300,30.000,snap_through,12,Plate,22,274.041,9.083,274.020,-0.884
753.300,30.000,snap_through,12,Plate,23,280.386,9.083,280.359,-1.170
753.300,30.000,snap_through,12,Plate,24,286.731,9.083,286.694,-1.524
753.300,30.000,snap_through,12,Plate,25,293.007,12.908,293.587,1.074
753.300,30.000,snap_through,12,Plate,26,299.409,19.711,301.872,5.394
753.300,30.000,snap_through,12,Plate,27,305.782,28.197,311.087,10.669
753.300,30.000,snap_through,12,Plate,28,312.110,33.838,317.929,15.778
753.300,30.000,snap_through,12,Plate,29,318.455,33.838,324.003,17.604
753.300,30.000,snap_through,12,Plate,30,324.800,33.838,330.074,19.445
753.300,30.000,snap_through,12,Inner,1,178.869,11.583,178.973,1.532
753.300,30.000,snap_through,12,Inner,2,185.214,11.583,185.309,1.863
753.300,30.000,snap_through,12,Inner,3,191.559,11.583,191.649,2.129
753.300,30.000,snap_through,12,Inner,4,197.916,16.991,197.818,7.661
753.300,30.000,snap_through,12,Inner,5,204.271,25.836,204.156,16.491
753.300,30.000,snap_through,12,Inner,6,210.574,36.031,210.591,26.571
753.300,30.000,snap_through,12,Inner,7,216.899,44.171,217.066,34.567
753.300,30.000,snap_through,12,Inner,8,223.248,48.916,223.493,39.190
753.300,30.000,snap_through,12,Inner,9,229.613,50.905,229.883,41.091
753.300,30.000,snap_through,12,Inner,10,235.987,50.905,236.257,41.036
753.300,30.000,snap_through,12,Inner,11,242.352,48.916,242.612,39.026
753.300,30.000,snap_through,12,Inner,12,248.701,44.171,248.961,34.297
753.300,30.000,snap_through,12,Inner,13,255.026,36.031,255.313,26.207
753.300,30.000,snap_through,12,Inner,14,261.329,25.836,261.624,16.052
753.300,30.000,snap_through,12,Inner,15,267.684,16.991,267.887,7.173
753.300,30.000,snap_through,12,Inner,16,274.041,11.583,274.020,1.615
753.300,30.000,snap_through,12,Inner,17,280.386,11.583,280.359,1.329
753.300,30.000,snap_through,12,Inner,18,286.731,11.583,286.694,0.975
753.300,30.000,snap_through,12,Patch1,1,198.968,12.307,199.057,3.013
753.300,30.000,snap_through,12,Patch1,2,203.928,12.540,203.986,3.289
753.300,30.000,snap_through,12,Patch1,3,210.167,13.884,210.225,4.634
753.300,30.000,snap_through,12,Patch1,4,216.934,14.905,216.997,5.634
753.300,30.000,snap_through,12,Patch1,5,223.519,14.565,223.581,5.268
753.300,30.000,snap_through,12,Patch1,6,229.728,14.087,229.788,4.756
753.300,30.000,snap_through,12,Patch1,7,235.872,14.087,235.934,4.706
753.300,30.000,snap_through,12,Patch1,8,242.081,14.565,242.149,5.118
753.300,30.000,snap_through,12,Patch1,9,248.666,14.905,248.739,5.384
753.300,30.000,snap_through,12,Patch1,10,255.433,13.884,255.496,4.292
753.300,30.000,snap_through,12,Patch1,11,261.672,12.540,261.718,2.874
753.300,30.000,snap_through,12,Patch1,12,266.513,12.265,266.494,2.500
753.300,30.000,snap_through,12,Patch2,1,274.041,6.584,274.020,-3.384
753.300,30.000,snap_through,12,Patch2,2,280.386,6.584,280.359,-3.670
753.300,30.000,snap_through,12,Patch2,3,286.731,6.584,286.694,-4.024
753.300,30.000,snap_through,12,Patch3,1,178.869,6.584,178.973,-3.467
753.300,30.000,snap_through,12,Patch3,2,185.214,6.584,185.309,-3.136
753.300,30.000,snap_through,12,Patch3,3,191.559,6.584,191.649,-2.870
753.300,30.000,snap_through,12,Patch4,1,192.195,59.733,195.304,31.330
753.300,30.000,snap_through,12,Patch4,2,198.521,69.365,201.310,41.196
753.300,30.000,snap_through,12,Patch4,3,205.308,77.430,207.666,49.439
753.300,30.000,snap_through,12,Patch4,4,211.526,82.448,213.711,54.565
753.300,30.000,snap_through,12,Patch4,5,217.184,84.185,219.350,56.336
753.300,30.000,snap_through,12,Patch4,6,223.172,84.309,225.335,56.389
753.300,30.000,snap_through,12,Patch4,7,229.567,84.106,231.713,55.973
753.300,30.000,snap_through,12,Patch4,8,236.033,84.106,238.165,55.614
753.300,30.000,snap_through,12,Patch4,9,242.428,84.309,244.552,55.315
753.300,30.000,snap_through,12,Patch4,10,248.416,84.185,250.491,54.592
753.300,30.000,snap_through,12,Patch4,11,254.074,82.448,255.887,52.226
753.300,30.000,snap_through,12,Patch4,12,260.292,77.430,261.356,46.548
753.300,30.000,snap_through,12,Patch4,13,267.079,69.365,266.934,37.823
753.300,30.000,snap_through,12,Patch4,14,273.405,59.733,272.489,27.554
753.300,30.000,snap_through,13,Outer,1,140.800,34.444,139.989,31.878
753.300,30.000,snap_through,13,Outer,2,146.938,34.444,145.954,30.430
753.300,30.000,snap_through,13,Outer,3,153.076,34.444,151.921,28.995
753.300,30.000,snap_through,13,Outer,4,159.214,34.450,158.486,27.362
753.300,30.000,snap_through,13,Outer,5,165.341,34.680,164.391,25.753
753.300,30.000,snap_through,13,Outer,6,171.411,36.754,170.798,25.840
753.300,30.000,snap_through,13,Outer,7,177.529,42.143,178.131,29.347
753.300,30.000,snap_through,13,Outer,8,183.673,50.141,185.425,36.213
753.300,30.000,snap_through,13,Outer,9,189.815,59.656,191.346,45.724
753.300,30.000,snap_through,13,Outer,10,195.951,68.389,197.299,54.404
753.300,30.000,snap_through,13,Outer,11,202.099,75.036,203.326,61.029
753.300,30.000,snap_through,13,Outer,12,208.252,78.465,209.440,64.470
753.300,30.000,snap_through,13,Outer,13,214.404,79.672,215.587,65.696
753.300,30.000,snap_through,13,Outer,14,220.563,79.623,221.746,65.650
753.300,30.000,snap_through,13,Outer,15,226.721,79.394,227.903,65.366
753.300,30.000,snap_through,13,Outer,16,232.879,79.394,234.061,65.235
753.300,30.000,snap_through,13,Outer,17,239.037,79.623,240.224,65.253
753.300,30.000,snap_through,13,Outer,18,245.196,79.672,246.377,65.019
753.300,30.000,snap_through,13,Outer,19,251.348,78.465,252.442,63.479
753.300,30.000,snap_through,13,Outer,20,257.501,75.036,258.315,59.693
753.300,30.000,snap_through,13,Outer,21,263.649,68.389,263.858,52.721
753.300,30.000,snap_through,13,Outer,22,269.785,59.656,269.237,43.746
753.300,30.000,snap_through,13,Outer,23,275.927,50.141,276.904,35.467
753.300,30.000,snap_through,13,Outer,24,282.071,42.143,284.880,29.311
753.300,30.000,snap_through,13,Outer,25,288.189,36.754,291.645,24.823
753.300,30.000,snap_through,13,Outer,26,294.259,34.680,297.955,23.697
753.300,30.000,snap_through,13,Outer,27,300.386,34.450,304.026,24.491
753.300,30.000,snap_through,13,Outer,28,306.524,34.444,310.377,25.137
753.300,30.000,snap_through,13,Outer,29,312.662,34.444,316.495,25.579
753.300,30.000,snap_through,13,Outer,30,318.800,34.444,322.611,26.044
753.300,30.000,snap_through,13,Plate,1,140.800,31.944,139.989,29.378
753.300,30.000,snap_through,13,Plate,2,146.938,31.944,145.954,27.930
753.300,30.000,snap_through,13,Plate,3,153.076,31.944,151.921,26.495
753.300,30.000,snap_through,13,Plate,4,159.218,26.051,157.814,20.311
753.300,30.000,snap_through,13,Plate,5,165.375,17.911,164.930,12.991
753.300,30.000,snap_through,13,Plate,6,171.567,11.900,171.501,7.402
753.300,30.000,snap_through,13,Plate,7,177.628,8.844,177.665,4.562
753.300,30.000,snap_through,13,Plate,8,183.766,8.844,183.803,4.687
753.300,30.000,snap_through,13,Plate,9,189.903,8.844,189.940,4.787
753.300,30.000,snap_through,13,Plate,10,196.041,8.844,196.079,4.867
753.300,30.000,snap_through,13,Plate,11,202.269,10.356,202.290,6.443
753.300,30.000,snap_through,13,Plate,12,208.416,11.878,208.420,8.028
753.300,30.000,snap_through,13,Plate,13,214.501,12.485,214.499,8.684
753.300,30.000,snap_through,13,Plate,14,220.611,12.146,220.609,8.373
753.300,30.000,snap_through,13,Plate,15,226.734,11.785,226.733,8.012
753.300,30.000,snap_through,13,Plate,16,232.866,11.785,232.863,7.983
753.300,30.000,snap_through,13,Plate,17,238.989,12.146,238.990,8.286
753.300,30.000,snap_through,13,Plate,18,245.099,12.485,245.103,8.541
753.300,30.000,snap_through,13,Plate,19,251.184,11.878,251.176,7.832
753.300,30.000,snap_through,13,Plate,20,257.331,10.356,257.292,6.198
753.300,30.000,snap_through,13,Plate,21,263.559,8.844,263.489,4.575
753.300,30.000,snap_through,13,Plate,22,269.697,8.844,269.627,4.444
753.300,30.000,snap_through,13,Plate,23,275.834,8.844,275.763,4.280
753.300,30.000,snap_through,13,Plate,24,281.972,8.844,281.897,4.077
753.300,30.000,snap_through,13,Plate,25,288.033,11.900,288.212,6.575
753.300,30.000,snap_through,13,Plate,26,294.225,17.911,295.363,11.407
753.300,30.000,snap_through,13,Plate,27,300.382,26.051,303.403,17.698
753.300,30.000,snap_through,13,Plate,28,306.524,31.944,310.377,22.637
753.300,30.000,snap_through,13,Plate,29,312.662,31.944,316.495,23.079
753.300,30.000,snap_through,13,Plate,30,318.800,31.944,322.611,23.544
753.300,30.000,snap_through,13,Inner,1,177.628,11.343,177.665,7.061
753.300,30.000,snap_through,13,Inner,2,183.766,11.343,183.803,7.186
753.300,30.000,snap_through,13,Inner,3,189.903,11.343,189.940,7.286
753.300,30.000,snap_through,13,Inner,4,196.055,17.336,195.997,13.321
753.300,30.000,snap_through,13,Inner,5,202.202,26.230,202.135,22.194
753.300,30.000,snap_through,13,Inner,6,208.303,35.700,208.307,31.589
753.300,30.000,snap_through,13,Inner,7,214.427,42.651,214.521,38.440
753.300,30.000,snap_through,13,Inner,8,220.568,46.190,220.708,41.889
753.300,30.000,snap_through,13,Inner,9,226.720,47.487,226.871,43.126
753.300,30.000,snap_through,13,Inner,10,232.880,47.487,233.032,43.101
753.300,30.000,snap_through,13,Inner,11,239.032,46.190,239.186,41.813
753.300,30.000,snap_through,13,Inner,12,245.173,42.651,245.341,38.309
753.300,30.000,snap_through,13,Inner,13,251.297,35.700,251.490,31.402
753.300,30.000,snap_through,13,Inner,14,257.398,26.230,257.578,21.954
753.300,30.000,snap_through,13,Inner,15,263.545,17.336,263.638,13.027
753.300,30.000,snap_through,13,Inner,16,269.697,11.343,269.627,6.943
753.300,30.000,snap_through,13,Inner,17,275.834,11.343,275.763,6.779
753.300,30.000,snap_through,13,Inner,18,281.972,11.343,281.897,6.576
753.300,30.000,snap_through,13,Patch1,1,196.726,12.121,196.764,8.144
753.300,30.000,snap_through,13,Patch1,2,201.704,12.960,201.716,9.010
753.300,30.000,snap_through,13,Patch1,3,207.973,14.338,207.981,10.404
753.300,30.000,snap_through,13,Patch1,4,214.516,14.985,214.523,11.059
753.300,30.000,snap_through,13,Patch1,5,220.794,14.636,220.801,10.710
753.300,30.000,snap_through,13,Patch1,6,226.811,14.280,226.818,10.342
753.300,30.000,snap_through,13,Patch1,7,232.789,14.280,232.796,10.314
753.300,30.000,snap_through,13,Patch1,8,238.806,14.636,238.816,10.627
753.300,30.000,snap_through,13,Patch1,9,245.084,14.985,245.097,10.918
753.300,30.000,snap_through,13,Patch1,10,251.627,14.338,251.633,10.206
753.300,30.000,snap_through,13,Patch1,11,257.896,12.960,257.886,8.760
753.300,30.000,snap_through,13,Patch1,12,262.529,12.029,262.459,7.760
753.300,30.000,snap_through,13,Patch2,1,269.697,6.344,269.627,1.945
753.300,30.000,snap_through,13,Patch2,2,275.834,6.344,275.763,1.780
753.300,30.000,snap_through,13,Patch2,3,281.972,6.344,281.897,1.577
753.300,30.000,snap_through,13,Patch3,1,177.628,6.344,177.665,2.062
753.300,30.000,snap_through,13,Patch3,2,183.766,6.344,183.803,2.187
753.300,30.000,snap_through,13,Patch3,3,189.903,6.344,189.940,2.287
753.300,30.000,snap_through,13,Patch4,1,190.499,56.177,192.029,42.245
753.300,30.000,snap_through,13,Patch4,2,196.626,64.869,198.024,51.007
753.300,30.000,snap_through,13,Patch4,3,203.106,72.103,204.281,58.286
753.300,30.000,snap_through,13,Patch4,4,208.986,76.076,210.075,62.311
753.300,30.000,snap_through,13,Patch4,5,214.520,77.176,215.598,63.450
753.300,30.000,snap_through,13,Patch4,6,220.456,77.128,221.533,63.406
753.300,30.000,snap_through,13,Patch4,7,226.666,76.901,227.739,63.120
753.300,30.000,snap_through,13,Patch4,8,232.934,76.901,234.005,62.980
753.300,30.000,snap_through,13,Patch4,9,239.144,77.128,240.219,62.981
753.300,30.000,snap_through,13,Patch4,10,245.080,77.176,246.149,62.735
753.300,30.000,snap_through,13,Patch4,11,250.614,76.076,251.596,61.311
753.300,30.000,snap_through,13,Patch4,12,256.494,72.103,257.127,56.986
753.300,30.000,snap_through,13,Patch4,13,262.974,64.869,262.904,49.391
753.300,30.000,snap_through,13,Patch4,14,269.101,56.177,268.554,40.267
753.300,30.000,snap_through,14,Outer,1,140.800,32.589,140.800,32.589
753.300,30.000,snap_through,14,Outer,2,146.731,32.589,146.731,32.589
753.300,30.000,snap_through,14,Outer,3,152.662,32.589,152.662,32.589
753.300,30.000,snap_through,14,Outer,4,158.593,32.603,158.593,32.603
753.300,30.000,snap_through,14,Outer,5,164.515,32.806,164.515,32.806
753.300,30.000,snap_through,14,Outer,6,170.395,34.726,170.395,34.726
753.300,30.000,snap_through,14,Outer,7,176.322,40.166,176.322,40.166
753.300,30.000,snap_through,14,Outer,8,182.263,48.074,182.263,48.074
753.300,30.000,snap_through,14,Outer,9,188.197,56.720,188.197,56.720
753.300,30.000,snap_through,14,Outer,10,194.122,64.445,194.122,64.445
753.300,30.000,snap_through,14,Outer,11,200.059,70.252,200.059,70.252
753.300,30.000,snap_through,14,Outer,12,205.998,72.433,205.998,72.433
753.300,30.000,snap_through,14,Outer,13,211.933,72.798,211.933,72.798
753.300,30.000,snap_through,14,Outer,14,217.879,72.590,217.879,72.590
753.300,30.000,snap_through,14,Outer,15,223.827,72.385,223.827,72.385
753.300,30.000,snap_through,14,Outer,16,229.773,72.385,229.773,72.385
753.300,30.000,snap_through,14,Outer,17,235.721,72.590,235.721,72.590
753.300,30.000,snap_through,14,Outer,18,241.667,72.798,241.667,72.798
753.300,30.000,snap_through,14,Outer,19,247.602,72.433,247.602,72.433
753.300,30.000,snap_through,14,Outer,20,253.541,70.252,253.541,70.252
753.300,30.000,snap_through,14,Outer,21,259.478,64.445,259.478,64.445
753.300,30.000,snap_through,14,Outer,22,265.403,56.720,265.403,56.720
753.300,30.000,snap_through,14,Outer,23,271.337,48.074,271.337,48.074
753.300,30.000,snap_through,14,Outer,24,277.278,40.166,277.278,40.166
753.300,30.000,snap_through,14,Outer,25,283.205,34.726,283.205,34.726
753.300,30.000,snap_through,14,Outer,26,289.085,32.806,289.085,32.806
753.300,30.000,snap_through,14,Outer,27,295.007,32.603,295.007,32.603
753.300,30.000,snap_through,14,Outer,28,300.938,32.589,300.938,32.589
753.300,30.000,snap_through,14,Outer,29,306.869,32.589,306.869,32.589
753.300,30.000,snap_through,14,Outer,30,312.800,32.589,312.800,32.589
753.300,30.000,snap_through,14,Plate,1,140.800,30.089,140.800,30.089
753.300,30.000,snap_through,14,Plate,2,146.731,30.089,146.731,30.089
753.300,30.000,snap_through,14,Plate,3,152.662,30.089,152.662,30.089
753.300,30.000,snap_through,14,Plate,4,158.630,23.466,158.630,23.466
753.300,30.000,snap_through,14,Plate,5,164.566,15.476,164.566,15.476
753.300,30.000,snap_through,14,Plate,6,170.543,10.498,170.543,10.498
753.300,30.000,snap_through,14,Plate,7,176.386,8.465,176.386,8.465
753.300,30.000,snap_through,14,Plate,8,182.317,8.465,182.317,8.465
753.300,30.000,snap_through,14,Plate,9,188.248,8.465,188.248,8.465
753.300,30.000,snap_through,14,Plate,10,194.179,8.465,194.179,8.465
753.300,30.000,snap_through,14,Plate,11,200.208,11.287,200.208,11.287
753.300,30.000,snap_through,14,Plate,12,206.129,12.876,206.129,12.876
753.300,30.000,snap_through,14,Plate,13,212.026,13.079,212.026,13.079
753.300,30.000,snap_through,14,Plate,14,217.932,12.765,217.932,12.765
753.300,30.000,snap_through,14,Plate,15,223.842,12.517,223.842,12.517
753.300,30.000,snap_through,14,Plate,16,229.758,12.517,229.758,12.517
753.300,30.000,snap_through,14,Plate,17,235.668,12.765,235.668,12.765
753.300,30.000,snap_through,14,Plate,18,241.574,13.079,241.574,13.079
753.300,30.000,snap_through,14,Plate,19,247.471,12.876,247.471,12.876
753.300,30.000,snap_through,14,Plate,20,253.392,11.287,253.392,11.287
753.300,30.000,snap_through,14,Plate,21,259.421,8.465,259.421,8.465
753.300,30.000,snap_through,14,Plate,22,265.352,8.465,265.352,8.465
753.300,30.000,snap_through,14,Plate,23,271.283,8.465,271.283,8.465
753.300,30.000,snap_through,14,Plate,24,277.214,8.465,277.214,8.465
753.300,30.000,snap_through,14,Plate,25,283.057,10.498,283.057,10.498
753.300,30.000,snap_through,14,Plate,26,289.034,15.476,289.034,15.476
753.300,30.000,snap_through,14,Plate,27,294.970,23.466,294.970,23.466
753.300,30.000,snap_through,14,Plate,28,300.938,30.089,300.938,30.089
753.300,30.000,snap_through,14,Plate,29,306.869,30.089,306.869,30.089
753.300,30.000,snap_through,14,Plate,30,312.800,30.089,312.800,30.089
753.300,30.000,snap_through,14,Inner,1,176.386,10.965,176.386,10.965
753.300,30.000,snap_through,14,Inner,2,182.317,10.965,182.317,10.965
753.300,30.000,snap_through,14,Inner,3,188.248,10.965,188.248,10.965
753.300,30.000,snap_through,14,Inner,4,194.181,18.395,194.181,18.395
753.300,30.000,snap_through,14,Inner,5,200.124,27.685,200.124,27.685
753.300,30.000,snap_through,14,Inner,6,206.023,36.503,206.023,36.503
753.300,30.000,snap_through,14,Inner,7,211.949,42.160,211.949,42.160
753.300,30.000,snap_through,14,Inner,8,217.889,44.371,217.889,44.371
753.300,30.000,snap_through,14,Inner,9,223.829,44.863,223.829,44.863
753.300,30.000,snap_through,14,Inner,10,229.771,44.863,229.771,44.863
753.300,30.000,snap_through,14,Inner,11,235.711,44.371,235.711,44.371
753.300,30.000,snap_through,14,Inner,12,241.651,42.160,241.651,42.160
753.300,30.000,snap_through,14,Inner,13,247.577,36.503,247.577,36.503
753.300,30.000,snap_through,14,Inner,14,253.476,27.685,253.476,27.685
753.300,30.000,snap_through,14,Inner,15,259.419,18.395,259.419,18.395
753.300,30.000,snap_through,14,Inner,16,265.352,10.965,265.352,10.965
753.300,30.000,snap_through,14,Inner,17,271.283,10.965,271.283,10.965
753.300,30.000,snap_through,14,Inner,18,277.214,10.965,277.214,10.965
753.300,30.000,snap_through,14,Patch1,1,194.527,11.749,194.527,11.749
753.300,30.000,snap_through,14,Patch1,2,199.503,13.847,199.503,13.847
753.300,30.000,snap_through,14,Patch1,3,205.768,15.349,205.768,15.349
753.300,30.000,snap_through,14,Patch1,4,212.061,15.578,212.061,15.578
753.300,30.000,snap_through,14,Patch1,5,218.064,15.255,218.064,15.255
753.300,30.000,snap_through,14,Patch1,6,223.902,15.011,223.902,15.011
753.300,30.000,snap_through,14,Patch1,7,229.698,15.011,229.698,15.011
753.300,30.000,snap_through,14,Patch1,8,235.536,15.255,235.536,15.255
753.300,30.000,snap_through,14,Patch1,9,241.539,15.578,241.539,15.578
753.300,30.000,snap_through,14,Patch1,10,247.832,15.349,247.832,15.349
753.300,30.000,snap_through,14,Patch1,11,254.097,13.847,254.097,13.847
753.300,30.000,snap_through,14,Patch1,12,258.589,11.661,258.589,11.661
753.300,30.000,snap_through,14,Patch2,1,265.352,5.966,265.352,5.966
753.300,30.000,snap_through,14,Patch2,2,271.283,5.966,271.283,5.966
753.300,30.000,snap_through,14,Patch2,3,277.214,5.966,277.214,5.966
753.300,30.000,snap_through,14,Patch3,1,176.386,5.966,176.386,5.966
753.300,30.000,snap_through,14,Patch3,2,182.317,5.966,182.317,5.966
753.300,30.000,snap_through,14,Patch3,3,188.248,5.966,188.248,5.966
753.300,30.000,snap_through,14,Patch4,1,188.832,53.294,188.832,53.294
753.300,30.000,snap_through,14,Patch4,2,194.723,60.974,194.723,60.974
753.300,30.000,snap_through,14,Patch4,3,200.879,67.299,200.879,67.299
753.300,30.000,snap_through,14,Patch4,4,206.495,69.984,206.495,69.984
753.300,30.000,snap_through,14,Patch4,5,211.963,70.299,211.963,70.299
753.300,30.000,snap_through,14,Patch4,6,217.781,70.094,217.781,70.094
753.300,30.000,snap_through,14,Patch4,7,223.780,69.891,223.780,69.891
753.300,30.000,snap_through,14,Patch4,8,229.820,69.891,229.820,69.891
753.300,30.000,snap_through,14,Patch4,9,235.819,70.094,235.819,70.094
753.300,30.000,snap_through,14,Patch4,10,241.637,70.299,241.637,70.299
753.300,30.000,snap_through,14,Patch4,11,247.105,69.984,247.105,69.984
753.300,30.000,snap_through,14,Patch4,12,252.721,67.299,252.721,67.299
753.300,30.000,snap_through,14,Patch4,13,258.877,60.974,258.877,60.974
753.300,30.000,snap_through,14,Patch4,14,264.768,53.294,264.768,53.294
